umur,jenis_kelamin,tinggi_cm,berat_kg,bmi,label
11,P,140.7,34.5,17.41,Normal
10,L,135.9,29.5,15.98,Normal
11,P,138.9,36.2,18.8,Gemuk
10,P,131.9,28.5,16.37,Normal
6,L,117.0,17.3,12.66,Kurus
10,L,133.2,30.3,17.1,Normal
7,P,117.2,23.8,17.32,Normal
11,P,141.8,34.0,16.91,Normal
10,P,133.2,28.0,15.77,Normal
7,P,121.6,18.0,12.18,Kurus
12,P,143.8,38.7,18.7,Gemuk
6,L,115.2,21.4,16.13,Normal
7,L,116.2,22.2,16.45,Normal
10,P,139.8,31.7,16.24,Normal
11,L,138.7,35.0,18.22,Gemuk
11,P,141.1,31.2,15.66,Normal
8,P,128.0,26.0,15.84,Normal
10,P,134.3,34.5,19.14,Gemuk
7,L,113.4,24.1,18.75,Gemuk
9,P,125.2,28.8,18.4,Gemuk
7,P,116.5,18.0,13.25,Kurus
9,L,132.3,30.1,17.2,Normal
10,P,129.1,35.0,21.0,Gemuk
6,P,116.3,18.0,13.29,Kurus
7,L,119.5,21.2,14.85,Normal
11,L,143.3,34.3,16.69,Normal
7,P,119.1,18.0,12.68,Kurus
11,P,143.6,36.9,17.87,Normal
8,L,123.5,21.7,14.22,Normal
10,L,135.5,29.9,16.3,Normal
8,L,123.2,22.9,15.09,Normal
7,P,117.6,22.0,15.89,Normal
8,P,122.6,25.9,17.26,Normal
7,P,120.5,19.0,13.09,Kurus
11,L,144.1,38.1,18.33,Gemuk
7,L,116.2,19.0,14.07,Normal
12,P,148.1,40.8,18.62,Gemuk
7,L,117.2,25.0,18.22,Gemuk
8,P,126.9,27.9,17.36,Normal
12,P,144.1,38.4,18.52,Gemuk
12,L,148.6,40.5,18.34,Gemuk
8,P,123.7,21.4,14.02,Normal
10,L,132.0,31.5,18.06,Gemuk
9,L,133.0,30.3,17.13,Normal
6,P,111.6,17.1,13.75,Kurus
12,L,146.1,36.4,17.06,Normal
8,L,125.0,24.9,15.93,Normal
9,P,129.7,31.7,18.84,Gemuk
6,P,117.4,22.0,15.96,Normal
7,L,116.8,19.3,14.14,Normal
7,P,116.7,23.2,17.06,Normal
8,P,123.4,20.9,13.7,Kurus
11,P,143.7,33.5,16.24,Normal
8,L,123.8,22.8,14.85,Normal
12,P,144.2,39.8,19.12,Gemuk
7,L,119.7,19.7,13.75,Kurus
8,P,120.7,20.3,13.97,Kurus
6,P,110.0,22.0,18.18,Gemuk
12,L,149.0,39.9,17.96,Normal
11,L,140.9,34.9,17.56,Normal
8,L,125.1,25.3,16.15,Normal
9,P,128.0,23.6,14.43,Normal
10,P,128.0,30.2,18.43,Gemuk
12,L,142.5,41.4,20.39,Gemuk
9,P,131.7,32.4,18.67,Gemuk
8,L,126.3,27.6,17.29,Normal
9,P,129.9,33.5,19.87,Gemuk
12,L,146.9,38.1,17.65,Normal
11,L,136.4,37.8,20.29,Gemuk
7,P,116.4,24.2,17.86,Normal
10,L,131.8,29.7,17.1,Normal
7,P,116.5,18.0,13.25,Kurus
8,L,123.7,24.4,15.95,Normal
8,P,120.0,21.8,15.14,Normal
12,L,143.3,36.7,17.88,Normal
6,P,113.9,17.2,13.26,Kurus
6,L,111.3,17.6,14.2,Normal
10,P,130.4,33.0,19.44,Gemuk
11,L,146.6,37.1,17.23,Normal
12,P,143.9,38.2,18.43,Gemuk
12,L,143.3,40.2,19.59,Gemuk
12,L,146.2,42.0,19.65,Gemuk
7,P,120.9,21.2,14.51,Normal
12,L,147.8,39.3,18.0,Normal
12,P,143.4,37.5,18.22,Gemuk
7,L,114.8,21.6,16.42,Normal
7,P,118.4,23.4,16.69,Normal
12,L,145.7,43.6,20.52,Gemuk
8,L,120.4,23.6,16.3,Normal
10,L,133.9,28.9,16.1,Normal
12,P,141.8,36.3,18.07,Gemuk
11,P,139.0,31.9,16.51,Normal
11,P,142.4,35.2,17.36,Normal
7,L,119.3,22.2,15.62,Normal
12,L,146.9,38.2,17.72,Normal
12,L,145.4,34.9,16.51,Normal
12,P,147.5,39.2,17.99,Normal
8,L,121.7,22.7,15.34,Normal
12,P,144.7,40.0,19.09,Gemuk
11,P,140.1,35.0,17.82,Normal
6,L,111.3,17.0,13.71,Kurus
7,P,117.2,19.7,14.32,Normal
7,L,115.4,22.2,16.63,Normal
9,P,131.9,27.1,15.59,Normal
7,P,113.0,19.0,14.84,Normal
9,L,128.9,24.1,14.5,Normal
7,P,117.9,20.4,14.67,Normal
6,L,112.0,20.6,16.45,Normal
11,P,141.1,38.2,19.19,Gemuk
12,L,144.0,44.3,21.37,Gemuk
7,P,115.4,19.1,14.38,Normal
12,P,148.2,38.6,17.56,Normal
8,P,123.5,26.3,17.25,Normal
8,P,120.8,27.3,18.69,Gemuk
7,P,114.0,21.1,16.19,Normal
9,P,129.4,24.4,14.57,Normal
8,L,124.4,28.3,18.28,Gemuk
8,P,122.0,23.7,15.91,Normal
6,P,116.0,17.0,12.63,Kurus
6,L,116.0,18.4,13.7,Kurus
8,L,122.2,20.0,13.38,Kurus
6,L,116.7,19.0,13.92,Kurus
6,L,116.8,18.3,13.38,Kurus
8,L,122.8,23.2,15.41,Normal
10,P,138.4,31.8,16.6,Normal
10,P,133.0,27.7,15.63,Normal
6,L,117.1,22.0,16.05,Normal
11,P,137.8,35.5,18.67,Gemuk
8,L,121.7,24.9,16.8,Normal
6,P,111.4,18.6,14.97,Normal
8,L,122.2,29.0,19.42,Gemuk
8,L,118.3,25.4,18.16,Gemuk
7,P,122.6,19.4,12.87,Kurus
11,L,140.5,34.8,17.61,Normal
11,P,140.3,32.8,16.66,Normal
7,L,123.0,23.6,15.62,Normal
8,L,120.7,25.2,17.26,Normal
6,L,113.2,22.0,17.16,Normal
11,P,137.0,38.1,20.33,Gemuk
8,P,122.0,23.4,15.72,Normal
6,P,117.1,17.0,12.39,Kurus
9,L,132.5,29.3,16.68,Normal
11,L,135.5,30.5,16.61,Normal
8,P,125.5,22.3,14.16,Normal
10,P,134.8,31.8,17.53,Normal
11,P,138.5,38.5,20.08,Gemuk
10,L,139.6,30.1,15.45,Normal
6,L,117.1,20.9,15.22,Normal
12,L,144.9,44.2,21.05,Gemuk
8,L,125.8,22.5,14.21,Normal
8,P,124.7,27.1,17.4,Normal
12,L,141.7,40.0,19.94,Gemuk
7,P,119.8,18.0,12.54,Kurus
7,L,121.7,21.9,14.76,Normal
8,L,125.9,23.5,14.85,Normal
12,P,147.0,39.5,18.28,Gemuk
12,L,145.2,37.6,17.85,Normal
9,P,129.4,30.5,18.22,Gemuk
11,P,141.1,34.6,17.37,Normal
7,L,122.0,18.0,12.1,Kurus
6,P,113.3,17.0,13.24,Kurus
10,L,139.2,29.6,15.28,Normal
11,L,142.6,34.3,16.84,Normal
11,P,137.8,36.8,19.37,Gemuk
11,L,138.0,37.0,19.43,Gemuk
11,P,143.7,37.8,18.34,Gemuk
9,L,124.6,22.0,14.18,Normal
6,P,111.5,22.0,17.7,Normal
12,P,147.3,39.0,17.98,Normal
11,P,143.4,36.2,17.59,Normal
9,P,126.4,28.3,17.7,Normal
8,L,122.2,20.7,13.85,Kurus
10,P,131.7,28.5,16.42,Normal
12,P,149.0,36.1,16.29,Normal
10,L,128.8,26.4,15.93,Normal
8,L,118.0,20.0,14.36,Normal
11,L,141.4,35.9,17.97,Normal
7,P,118.9,18.6,13.13,Kurus
11,P,139.8,33.2,16.99,Normal
10,P,131.5,31.7,18.35,Gemuk
12,P,145.9,45.3,21.29,Gemuk
6,P,114.2,17.0,13.03,Kurus
7,P,118.2,25.0,17.88,Normal
8,L,127.0,21.5,13.33,Kurus
11,L,141.4,33.5,16.75,Normal
9,L,127.1,33.2,20.52,Gemuk
9,L,125.5,25.7,16.35,Normal
10,P,137.9,27.7,14.57,Normal
12,P,143.1,39.5,19.29,Gemuk
8,L,120.9,20.7,14.15,Normal
7,P,119.6,19.5,13.64,Kurus
11,P,137.0,37.1,19.8,Gemuk
6,L,113.4,17.0,13.21,Kurus
11,P,137.4,34.5,18.28,Gemuk
12,P,145.1,37.7,17.88,Normal
11,L,142.2,42.7,21.1,Gemuk
12,P,146.5,47.0,21.89,Gemuk
8,P,121.7,22.6,15.26,Normal
7,L,117.7,24.5,17.66,Normal
11,L,144.1,39.4,18.95,Gemuk
7,L,114.3,21.4,16.37,Normal
10,L,135.4,31.6,17.21,Normal
7,P,121.1,18.0,12.28,Kurus
6,L,111.6,21.7,17.42,Normal
7,L,117.8,18.5,13.3,Kurus
11,P,138.6,37.8,19.68,Gemuk
10,L,137.3,27.0,14.32,Normal
10,P,132.7,26.3,14.94,Normal
8,P,124.3,28.5,18.48,Gemuk
12,L,146.5,35.4,16.52,Normal
6,L,112.7,19.5,15.36,Normal
12,P,147.8,35.0,16.0,Normal
12,L,149.3,38.5,17.27,Normal
9,L,131.9,28.8,16.57,Normal
12,L,145.1,43.4,20.62,Gemuk
9,L,129.9,27.8,16.49,Normal
6,P,110.5,22.0,18.0,Gemuk
11,L,139.0,34.1,17.64,Normal
7,L,115.7,19.7,14.73,Normal
10,P,129.4,29.5,17.61,Normal
8,P,118.7,21.4,15.17,Normal
12,P,142.4,36.4,17.96,Normal
7,P,118.4,20.2,14.46,Normal
8,P,121.5,29.0,19.63,Gemuk
8,P,123.5,23.3,15.25,Normal
11,L,139.2,37.0,19.1,Gemuk
11,P,146.2,34.1,15.93,Normal
10,P,129.9,33.0,19.55,Gemuk
10,P,135.4,33.3,18.14,Gemuk
7,P,113.1,22.3,17.42,Normal
6,L,112.7,17.0,13.37,Kurus
7,P,114.2,20.6,15.77,Normal
9,P,132.4,24.8,14.15,Normal
10,P,133.9,31.2,17.4,Normal
7,P,120.3,24.4,16.87,Normal
8,P,123.6,23.9,15.65,Normal
7,L,118.6,18.0,12.8,Kurus
9,L,132.6,25.9,14.69,Normal
11,L,143.0,33.1,16.19,Normal
7,P,118.3,20.0,14.29,Normal
10,P,134.3,35.6,19.75,Gemuk
6,L,113.8,19.7,15.18,Normal
7,P,115.8,25.0,18.63,Gemuk
6,P,114.8,19.5,14.77,Normal
10,L,129.5,33.2,19.81,Gemuk
6,L,117.8,18.3,13.17,Kurus
12,P,148.1,36.9,16.82,Normal
9,P,126.9,33.0,20.49,Gemuk
6,L,115.4,17.0,12.77,Kurus
11,L,143.5,42.7,20.75,Gemuk
6,P,114.2,17.0,13.04,Kurus
6,P,111.9,17.0,13.57,Kurus
7,L,118.8,19.6,13.89,Kurus
9,P,126.9,22.9,14.24,Normal
7,L,115.9,22.4,16.66,Normal
11,L,138.0,32.4,17.0,Normal
9,P,131.3,29.3,17.01,Normal
8,P,122.0,24.2,16.25,Normal
8,L,120.3,23.6,16.33,Normal
7,P,118.8,20.4,14.48,Normal
9,L,131.2,22.0,12.78,Kurus
12,P,148.3,35.4,16.08,Normal
11,L,144.8,35.2,16.8,Normal
10,L,137.0,34.4,18.33,Gemuk
12,L,148.1,39.2,17.86,Normal
11,L,142.2,33.0,16.35,Normal
7,P,116.2,23.2,17.21,Normal
8,L,126.5,23.5,14.69,Normal
7,P,113.0,25.0,19.58,Gemuk
9,L,124.8,30.4,19.51,Gemuk
10,P,135.8,35.7,19.39,Gemuk
10,P,136.1,36.6,19.77,Gemuk
7,P,117.6,18.0,13.01,Kurus
9,L,128.9,31.3,18.84,Gemuk
6,L,114.2,22.0,16.86,Normal
8,L,122.3,22.8,15.27,Normal
6,L,113.2,22.0,17.18,Normal
7,L,114.8,24.8,18.85,Gemuk
8,P,120.3,22.5,15.52,Normal
8,L,124.4,21.6,13.95,Kurus
11,P,142.1,31.5,15.59,Normal
6,P,110.5,22.0,18.02,Gemuk
7,P,115.5,22.1,16.56,Normal
11,P,135.4,30.2,16.45,Normal
9,L,129.6,31.3,18.6,Gemuk
9,L,128.2,27.2,16.58,Normal
10,L,134.3,34.3,19.04,Gemuk
6,P,116.7,21.4,15.68,Normal
12,P,149.2,43.7,19.65,Gemuk
12,L,145.8,39.5,18.58,Gemuk
8,P,123.1,22.6,14.9,Normal
8,L,123.1,24.7,16.3,Normal
9,P,131.3,27.6,16.03,Normal
8,P,126.3,21.0,13.17,Kurus
10,P,136.9,35.3,18.84,Gemuk
11,P,141.8,36.9,18.34,Gemuk
7,L,113.5,22.0,17.07,Normal
8,P,126.2,29.0,18.2,Gemuk
6,L,111.8,20.9,16.73,Normal
9,P,123.5,31.5,20.66,Gemuk
11,P,138.2,34.1,17.84,Normal
7,L,116.4,23.4,17.28,Normal
12,L,147.2,38.1,17.58,Normal
9,L,128.2,31.0,18.88,Gemuk
6,L,116.2,17.0,12.58,Kurus
10,L,134.8,33.3,18.36,Gemuk
7,L,117.2,20.8,15.14,Normal
6,P,114.7,18.7,14.24,Normal
6,P,113.5,17.0,13.2,Kurus
6,P,112.9,20.9,16.42,Normal
12,P,145.8,38.8,18.25,Gemuk
11,L,140.9,36.9,18.6,Gemuk
9,L,124.3,27.3,17.71,Normal
6,L,115.5,20.1,15.09,Normal
9,L,129.2,25.1,15.02,Normal
8,L,119.2,23.5,16.53,Normal
7,P,120.0,18.0,12.51,Kurus
8,P,127.2,20.0,12.37,Kurus
10,L,135.8,32.3,17.53,Normal
6,L,111.9,21.0,16.74,Normal
12,P,145.8,35.6,16.74,Normal
12,L,143.3,40.2,19.57,Gemuk
10,L,134.6,27.9,15.37,Normal
9,L,126.0,29.9,18.81,Gemuk
12,P,148.1,35.8,16.31,Normal
11,P,138.1,37.2,19.49,Gemuk
11,L,136.9,38.9,20.76,Gemuk
6,P,118.0,22.0,15.8,Normal
7,P,117.0,22.5,16.48,Normal
10,L,133.6,31.5,17.64,Normal
6,P,116.9,17.0,12.44,Kurus
12,L,147.0,41.6,19.24,Gemuk
11,L,138.2,37.2,19.49,Gemuk
12,L,143.5,40.3,19.57,Gemuk
10,P,133.8,26.9,15.01,Normal
6,L,113.2,19.9,15.56,Normal
11,L,143.0,30.6,14.97,Normal
6,L,118.0,17.0,12.21,Kurus
6,P,115.1,20.1,15.2,Normal
9,P,129.7,34.0,20.22,Gemuk
6,P,114.2,17.0,13.04,Kurus
9,L,131.0,25.3,14.77,Normal
12,P,145.8,42.6,20.03,Gemuk
10,L,134.3,27.7,15.36,Normal
6,P,115.8,17.0,12.68,Kurus
10,L,130.0,36.7,21.73,Gemuk
6,P,113.5,18.0,13.97,Kurus
11,P,143.4,34.3,16.68,Normal
8,P,127.0,24.4,15.14,Normal
6,P,111.6,17.2,13.82,Kurus
6,L,110.0,19.7,16.29,Normal
12,P,145.1,37.8,17.95,Normal
9,P,127.2,27.7,17.12,Normal
8,L,125.1,28.0,17.88,Normal
12,L,148.9,39.9,18.03,Gemuk
12,P,146.7,37.8,17.57,Normal
11,P,140.8,39.2,19.74,Gemuk
11,P,142.4,35.4,17.43,Normal
10,L,132.1,30.1,17.25,Normal
10,P,132.5,35.6,20.3,Gemuk
10,P,135.6,30.4,16.54,Normal
7,P,118.4,18.0,12.83,Kurus
6,L,118.0,20.1,14.46,Normal
6,P,117.2,22.0,16.02,Normal
7,L,119.0,21.0,14.79,Normal
11,P,139.6,35.7,18.31,Gemuk
9,P,125.7,29.2,18.49,Gemuk
12,P,145.0,36.0,17.12,Normal
10,L,133.4,33.5,18.82,Gemuk
10,P,138.2,29.0,15.18,Normal
10,P,133.8,35.5,19.81,Gemuk
6,L,118.0,17.3,12.42,Kurus
10,P,130.0,30.1,17.81,Normal
7,L,115.6,19.3,14.47,Normal
9,L,128.8,32.5,19.57,Gemuk
8,P,123.1,25.5,16.82,Normal
8,L,127.0,25.6,15.89,Normal
12,L,147.6,42.1,19.33,Gemuk
8,P,124.1,27.1,17.58,Normal
6,P,114.7,22.0,16.71,Normal
6,L,116.1,21.7,16.1,Normal
9,L,125.9,24.8,15.64,Normal
7,L,113.2,19.6,15.28,Normal
10,L,131.5,35.8,20.7,Gemuk
8,L,120.4,24.7,17.08,Normal
11,P,139.1,32.0,16.55,Normal
7,L,117.5,18.6,13.46,Kurus
8,L,121.2,22.5,15.32,Normal
6,P,114.2,17.9,13.68,Kurus
10,L,135.2,35.2,19.26,Gemuk
11,P,138.4,32.7,17.07,Normal
10,L,133.0,30.6,17.31,Normal
7,L,119.8,24.2,16.89,Normal
11,L,140.9,36.5,18.39,Gemuk
12,P,151.3,40.7,17.78,Normal
10,P,136.4,37.5,20.12,Gemuk
7,P,118.6,25.0,17.76,Normal
12,L,148.7,38.7,17.5,Normal
7,P,119.4,25.0,17.54,Normal
12,L,144.9,39.6,18.86,Gemuk
7,L,120.1,18.0,12.48,Kurus
9,L,130.3,29.8,17.58,Normal
9,P,133.0,28.9,16.32,Normal
8,P,123.4,28.7,18.82,Gemuk
8,L,122.6,21.6,14.4,Normal
11,L,140.5,36.1,18.29,Gemuk
8,P,122.0,21.4,14.38,Normal
9,L,125.7,29.0,18.37,Gemuk
10,L,137.5,33.2,17.54,Normal
8,P,121.5,24.4,16.51,Normal
9,L,126.2,29.6,18.56,Gemuk
9,L,126.0,22.7,14.28,Normal
11,P,137.8,33.9,17.84,Normal
6,P,116.2,20.7,15.33,Normal
6,L,112.5,17.0,13.44,Kurus
12,P,145.4,41.6,19.66,Gemuk
7,P,114.7,18.0,13.68,Kurus
7,L,117.6,18.0,13.01,Kurus
6,L,114.7,22.0,16.72,Normal
7,P,119.2,23.8,16.72,Normal
12,L,150.6,42.2,18.58,Gemuk
11,L,144.8,34.1,16.27,Normal
9,P,126.4,27.4,17.18,Normal
6,L,113.8,17.0,13.12,Kurus
7,P,115.1,24.1,18.22,Gemuk
12,L,145.1,38.3,18.17,Gemuk
9,L,130.2,31.8,18.74,Gemuk
9,L,128.0,25.2,15.4,Normal
6,P,111.2,21.8,17.63,Normal
9,L,126.6,29.6,18.45,Gemuk
11,L,142.3,36.8,18.16,Gemuk
7,L,117.6,19.0,13.73,Kurus
12,P,149.7,37.0,16.5,Normal
11,P,142.4,37.8,18.65,Gemuk
9,P,123.6,25.6,16.78,Normal
6,L,112.6,17.0,13.4,Kurus
9,L,125.5,27.3,17.35,Normal
10,L,131.3,33.3,19.32,Gemuk
12,P,145.1,39.2,18.64,Gemuk
10,L,132.9,30.4,17.24,Normal
10,L,133.4,28.9,16.24,Normal
11,P,138.9,40.3,20.89,Gemuk
7,P,115.7,18.0,13.44,Kurus
7,L,115.5,23.8,17.8,Normal
6,P,115.1,18.3,13.84,Kurus
8,P,122.7,24.5,16.27,Normal
10,P,137.5,29.4,15.53,Normal
11,L,139.3,33.6,17.33,Normal
10,P,133.1,38.0,21.46,Gemuk
11,L,140.7,31.2,15.74,Normal
8,L,123.6,22.2,14.54,Normal
10,P,134.4,32.1,17.74,Normal
7,L,118.2,25.0,17.9,Normal
8,L,120.0,24.7,17.15,Normal
7,L,117.5,23.8,17.26,Normal
7,L,117.8,25.0,18.03,Gemuk
11,P,139.8,38.8,19.83,Gemuk
9,L,127.1,28.0,17.33,Normal
8,L,122.7,25.4,16.87,Normal
8,P,126.8,22.7,14.12,Normal
6,L,116.4,22.0,16.23,Normal
9,P,128.6,24.0,14.53,Normal
11,L,137.6,34.8,18.38,Gemuk
11,L,143.4,40.9,19.9,Gemuk
12,P,147.0,37.0,17.13,Normal
12,L,145.8,38.2,17.98,Normal
6,L,110.3,17.0,13.98,Kurus
11,P,143.0,34.3,16.79,Normal
9,L,124.9,30.0,19.26,Gemuk
12,L,145.4,40.1,18.96,Gemuk
10,P,134.9,31.0,17.02,Normal
10,P,137.2,35.4,18.78,Gemuk
8,P,119.8,24.3,16.92,Normal
8,L,118.0,24.9,17.91,Normal
7,P,117.8,23.2,16.7,Normal
12,P,147.6,42.8,19.65,Gemuk
8,L,126.2,27.7,17.4,Normal
12,P,148.9,37.3,16.81,Normal
12,P,141.4,39.2,19.6,Gemuk
7,L,118.5,25.0,17.8,Normal
9,L,125.8,28.4,17.94,Normal
11,L,141.5,33.7,16.85,Normal
8,P,122.7,25.4,16.84,Normal
10,P,139.6,30.8,15.79,Normal
7,L,113.3,21.9,17.04,Normal
7,P,117.9,25.0,17.98,Normal
11,P,146.0,33.2,15.6,Normal
9,P,129.6,32.4,19.31,Gemuk
9,P,127.8,32.1,19.63,Gemuk
7,L,118.6,23.1,16.43,Normal
8,L,122.7,28.8,19.13,Gemuk
8,P,121.0,21.3,14.57,Normal
8,L,124.1,28.7,18.65,Gemuk
10,P,133.5,29.8,16.71,Normal
11,L,143.2,35.5,17.3,Normal
6,P,110.0,17.0,14.05,Normal
7,L,116.7,22.8,16.77,Normal
12,P,145.2,35.9,17.05,Normal
11,P,140.7,36.2,18.28,Gemuk
11,P,147.0,36.9,17.06,Normal
11,L,140.3,35.9,18.25,Gemuk
6,L,112.6,21.6,17.02,Normal
7,L,122.7,18.2,12.08,Kurus
10,P,134.6,33.3,18.37,Gemuk
12,L,145.5,44.4,20.98,Gemuk
10,L,132.1,34.6,19.81,Gemuk
12,P,142.7,32.2,15.82,Normal
7,P,115.2,21.4,16.09,Normal
9,L,126.8,34.0,21.14,Gemuk
12,L,147.2,39.9,18.41,Gemuk
10,P,135.2,32.4,17.7,Normal
8,P,124.4,25.8,16.69,Normal
7,L,117.8,22.5,16.24,Normal
11,L,139.8,31.9,16.3,Normal
8,P,121.8,20.0,13.51,Kurus
8,L,122.2,22.1,14.84,Normal
8,L,122.1,26.6,17.84,Normal
12,P,142.7,34.4,16.87,Normal
6,P,111.0,20.1,16.29,Normal
11,P,145.1,37.7,17.93,Normal
12,P,147.4,42.4,19.52,Gemuk
8,L,123.6,24.9,16.29,Normal
12,P,145.8,36.8,17.3,Normal
9,P,129.4,23.7,14.15,Normal
6,L,118.0,22.0,15.8,Normal
8,L,124.1,21.7,14.07,Normal
10,L,132.3,30.6,17.46,Normal
11,P,145.6,33.6,15.84,Normal
11,P,142.2,36.7,18.17,Gemuk
10,P,132.7,29.8,16.93,Normal
8,P,128.0,21.6,13.19,Kurus
11,P,138.1,34.1,17.9,Normal
8,L,121.7,20.0,13.51,Kurus
6,P,118.0,22.0,15.8,Normal
10,P,134.3,34.9,19.33,Gemuk
9,P,131.6,30.7,17.74,Normal
8,P,118.6,26.0,18.5,Gemuk
6,P,118.0,19.2,13.77,Kurus
8,L,121.7,23.9,16.17,Normal
7,P,115.7,20.9,15.61,Normal
7,L,122.2,20.0,13.41,Kurus
11,L,141.2,30.5,15.27,Normal
11,L,140.9,33.3,16.75,Normal
6,L,111.8,21.0,16.8,Normal
10,P,132.7,34.5,19.61,Gemuk
11,L,143.4,38.8,18.9,Gemuk
11,L,142.8,32.1,15.72,Normal
10,P,133.5,31.6,17.72,Normal
11,P,137.8,35.4,18.66,Gemuk
7,P,117.3,23.5,17.1,Normal
10,L,131.5,32.1,18.59,Gemuk
7,P,118.7,20.1,14.24,Normal
10,L,135.1,31.2,17.1,Normal
7,P,113.0,20.9,16.34,Normal
9,P,126.9,24.6,15.28,Normal
8,L,121.7,29.0,19.57,Gemuk
6,P,111.9,18.0,14.42,Normal
10,P,130.0,33.7,19.96,Gemuk
12,L,145.1,35.7,16.95,Normal
6,L,114.8,19.5,14.81,Normal
6,P,116.4,22.0,16.25,Normal
8,P,125.8,25.6,16.2,Normal
7,P,118.6,22.9,16.25,Normal
11,P,142.0,37.2,18.45,Gemuk
7,P,120.1,20.3,14.06,Normal
9,P,128.9,23.7,14.25,Normal
10,L,133.9,34.8,19.37,Gemuk
10,P,132.3,31.8,18.14,Gemuk
8,P,122.2,22.1,14.76,Normal
12,P,147.9,37.3,17.06,Normal
7,L,119.0,18.0,12.71,Kurus
11,L,141.9,35.4,17.58,Normal
11,L,141.0,37.1,18.68,Gemuk
10,P,128.0,29.3,17.89,Normal
6,L,116.3,19.2,14.16,Normal
12,L,149.5,38.9,17.39,Normal
9,P,123.0,26.8,17.71,Normal
12,L,143.1,42.9,20.93,Gemuk
12,P,146.3,36.2,16.88,Normal
6,L,116.5,21.6,15.91,Normal
7,L,114.9,18.1,13.72,Kurus
12,L,147.5,38.1,17.53,Normal
7,L,114.8,21.8,16.52,Normal
7,P,117.5,20.3,14.69,Normal
11,P,137.0,40.3,21.45,Gemuk
8,L,122.8,21.6,14.31,Normal
7,P,119.0,19.2,13.55,Kurus
11,L,138.7,33.6,17.46,Normal
11,L,142.7,37.0,18.16,Gemuk
7,L,119.9,25.0,17.39,Normal
7,P,115.4,24.2,18.2,Gemuk
11,L,141.9,38.4,19.07,Gemuk
12,P,151.2,36.0,15.76,Normal
7,L,117.8,20.9,15.09,Normal
7,P,118.7,22.0,15.58,Normal
6,L,116.1,20.3,15.03,Normal
10,L,132.9,32.7,18.54,Gemuk
8,P,122.2,20.0,13.4,Kurus
9,L,126.8,26.4,16.43,Normal
12,L,146.2,41.1,19.22,Gemuk
11,P,137.3,38.3,20.29,Gemuk
11,P,142.1,37.5,18.56,Gemuk
10,L,139.3,29.0,14.94,Normal
10,P,128.5,30.5,18.49,Gemuk
7,P,116.1,19.6,14.56,Normal
7,L,116.9,23.3,17.08,Normal
8,L,123.0,23.5,15.54,Normal
12,P,147.9,39.8,18.22,Gemuk
6,L,116.9,19.7,14.42,Normal
7,L,120.1,23.6,16.39,Normal
12,L,145.8,40.7,19.13,Gemuk
10,L,135.1,30.7,16.8,Normal
9,P,129.0,30.3,18.19,Gemuk
6,P,117.0,17.0,12.41,Kurus
12,P,149.8,42.9,19.11,Gemuk
8,P,123.0,26.3,17.36,Normal
6,P,118.0,18.3,13.11,Kurus
11,L,144.1,33.3,16.02,Normal
9,P,131.8,34.0,19.58,Gemuk
6,L,111.5,21.9,17.59,Normal
10,P,135.3,31.4,17.12,Normal
6,L,118.0,17.9,12.82,Kurus
7,P,115.4,18.0,13.53,Kurus
11,L,146.6,36.4,16.91,Normal
7,P,121.8,25.0,16.82,Normal
11,L,141.5,41.4,20.67,Gemuk
8,L,122.2,23.6,15.78,Normal
7,L,113.0,21.3,16.65,Normal
8,P,120.9,21.8,14.9,Normal
9,L,128.2,29.7,18.09,Gemuk
8,L,124.1,22.7,14.75,Normal
12,P,145.5,40.3,19.02,Gemuk
8,L,120.8,24.5,16.79,Normal
7,L,122.8,18.4,12.2,Kurus
10,P,133.6,34.0,19.05,Gemuk
10,P,135.8,33.3,18.06,Gemuk
11,L,141.6,30.9,15.42,Normal
11,P,135.0,29.8,16.35,Normal
11,L,140.6,33.9,17.14,Normal
7,P,114.6,18.9,14.36,Normal
11,P,136.4,40.5,21.76,Gemuk
11,P,142.2,36.5,18.06,Gemuk
7,L,116.0,21.7,16.17,Normal
10,L,135.4,38.0,20.73,Gemuk
6,P,115.3,17.0,12.79,Kurus
10,P,133.7,30.8,17.24,Normal
6,L,111.7,21.6,17.31,Normal
11,L,140.6,34.0,17.23,Normal
10,L,134.4,30.4,16.82,Normal
7,L,116.4,19.9,14.68,Normal
11,L,141.8,34.8,17.28,Normal
9,L,133.0,23.7,13.38,Kurus
8,L,125.3,26.5,16.85,Normal
12,P,144.4,38.1,18.25,Gemuk
8,P,123.9,24.6,16.05,Normal
12,P,140.6,39.4,19.93,Gemuk
12,P,149.6,36.8,16.44,Normal
8,L,119.8,25.2,17.54,Normal
12,L,145.2,41.7,19.77,Gemuk
7,P,121.6,21.8,14.75,Normal
9,L,130.2,32.8,19.35,Gemuk
11,L,145.0,29.4,13.98,Kurus
11,L,140.1,29.0,14.79,Normal
11,P,145.0,37.7,17.91,Normal
8,P,118.0,24.6,17.64,Normal
9,P,129.4,28.2,16.82,Normal
9,L,127.2,25.3,15.64,Normal
9,L,131.2,25.2,14.62,Normal
12,L,150.6,34.4,15.18,Normal
11,L,138.3,34.8,18.21,Gemuk
7,P,115.9,18.0,13.39,Kurus
7,L,115.2,22.9,17.22,Normal
10,P,133.8,25.0,13.96,Kurus
9,L,131.3,32.0,18.56,Gemuk
12,P,144.8,41.3,19.73,Gemuk
12,P,146.0,38.5,18.04,Gemuk
9,L,129.2,28.1,16.83,Normal
6,P,116.7,17.0,12.48,Kurus
6,L,118.0,17.0,12.21,Kurus
7,P,118.7,23.7,16.82,Normal
11,L,140.1,35.2,17.94,Normal
9,P,129.6,25.4,15.12,Normal
7,P,118.9,18.0,12.73,Kurus
8,P,120.5,26.3,18.15,Gemuk
6,L,112.8,18.3,14.42,Normal
6,L,117.3,20.2,14.7,Normal
9,P,124.6,29.8,19.18,Gemuk
7,L,117.9,25.0,17.99,Normal
12,P,142.1,37.8,18.72,Gemuk
7,P,121.2,23.4,15.94,Normal
10,L,133.0,32.7,18.49,Gemuk
8,L,125.3,22.3,14.23,Normal
6,P,112.7,17.0,13.38,Kurus
11,L,141.4,37.2,18.6,Gemuk
9,L,123.0,28.5,18.8,Gemuk
9,L,130.5,33.2,19.47,Gemuk
8,L,119.8,23.3,16.26,Normal
8,L,126.5,26.6,16.64,Normal
12,L,147.5,42.1,19.36,Gemuk
6,L,114.6,19.2,14.63,Normal
9,P,133.0,27.2,15.36,Normal
9,P,127.7,27.6,16.93,Normal
11,L,141.0,38.4,19.34,Gemuk
10,P,132.3,27.4,15.66,Normal
12,L,142.2,40.4,19.96,Gemuk
11,P,140.8,36.7,18.48,Gemuk
11,L,142.6,37.8,18.61,Gemuk
7,L,118.9,23.3,16.47,Normal
12,L,144.8,39.1,18.66,Gemuk
7,P,120.0,19.5,13.56,Kurus
9,P,126.1,27.6,17.37,Normal
7,L,113.2,23.7,18.46,Gemuk
10,P,134.4,26.9,14.89,Normal
6,P,112.5,17.5,13.83,Kurus
6,L,115.6,22.0,16.47,Normal
6,L,113.8,22.0,16.98,Normal
8,L,118.2,24.8,17.77,Normal
7,L,119.9,19.1,13.26,Kurus
9,P,126.1,29.9,18.79,Gemuk
12,L,142.7,34.9,17.15,Normal
9,P,127.7,25.9,15.88,Normal
6,L,115.1,22.0,16.59,Normal
9,L,131.1,28.7,16.73,Normal
8,L,125.1,25.9,16.53,Normal
8,L,121.6,24.7,16.68,Normal
11,P,140.6,34.4,17.38,Normal
10,L,138.5,32.8,17.08,Normal
9,L,133.0,28.4,16.05,Normal
11,L,144.4,35.2,16.86,Normal
12,P,148.6,35.6,16.11,Normal
6,L,117.4,20.8,15.07,Normal
6,P,110.0,21.7,17.92,Normal
9,L,131.6,24.4,14.08,Normal
11,P,146.8,35.0,16.27,Normal
10,L,135.7,30.4,16.51,Normal
11,L,147.0,34.4,15.93,Normal
7,P,115.7,22.7,16.94,Normal
10,L,138.6,32.0,16.67,Normal
9,P,133.0,26.8,15.14,Normal
6,L,114.7,17.6,13.42,Kurus
6,P,115.2,22.0,16.58,Normal
11,L,141.1,38.5,19.33,Gemuk
6,P,117.8,22.0,15.84,Normal
11,P,138.3,39.1,20.43,Gemuk
8,L,123.2,26.2,17.25,Normal
9,L,128.2,30.7,18.69,Gemuk
10,P,137.7,32.1,16.93,Normal
8,P,120.7,21.3,14.65,Normal
11,L,142.7,36.6,17.99,Normal
11,P,143.3,36.6,17.8,Normal
8,L,120.6,26.4,18.15,Gemuk
11,P,136.8,34.2,18.28,Gemuk
12,P,142.4,37.3,18.37,Gemuk
8,P,119.6,27.4,19.13,Gemuk
6,L,111.9,21.2,16.93,Normal
8,L,123.7,23.1,15.1,Normal
8,P,124.9,23.0,14.76,Normal
6,P,118.0,19.3,13.84,Kurus
11,L,136.2,33.9,18.27,Gemuk
11,P,140.9,35.9,18.1,Gemuk
9,P,127.2,29.6,18.31,Gemuk
11,L,143.9,35.6,17.21,Normal
9,P,126.2,32.5,20.38,Gemuk
7,L,116.1,20.9,15.54,Normal
10,P,132.6,31.6,17.97,Normal
9,L,127.1,27.2,16.86,Normal
12,P,146.2,37.5,17.57,Normal
8,L,122.8,29.0,19.23,Gemuk
6,P,110.0,19.3,15.94,Normal
11,P,142.7,34.2,16.78,Normal
12,L,147.0,34.8,16.09,Normal
9,L,126.3,28.5,17.84,Normal
11,P,141.1,35.2,17.67,Normal
10,L,133.5,31.7,17.78,Normal
9,P,131.2,26.9,15.66,Normal
11,P,139.9,33.9,17.3,Normal
7,P,117.3,19.2,13.92,Kurus
6,L,110.9,22.0,17.88,Normal
9,P,131.3,27.2,15.77,Normal
9,P,125.6,27.2,17.2,Normal
6,P,114.6,20.7,15.73,Normal
11,L,143.0,33.2,16.23,Normal
8,L,121.5,24.2,16.4,Normal
8,L,121.7,23.7,15.99,Normal
10,P,132.6,28.7,16.32,Normal
10,L,133.2,28.0,15.82,Normal
8,P,124.1,24.5,15.91,Normal
9,L,128.0,31.3,19.13,Gemuk
11,L,138.6,33.4,17.41,Normal
10,L,131.2,28.1,16.29,Normal
9,P,125.8,32.8,20.7,Gemuk
8,L,121.0,26.3,17.96,Normal
12,L,148.2,34.5,15.71,Normal
9,L,125.6,26.5,16.77,Normal
12,P,149.3,37.0,16.61,Normal
12,P,144.6,42.8,20.46,Gemuk
8,L,125.0,22.4,14.33,Normal
7,P,120.2,22.2,15.37,Normal
11,P,138.4,36.3,18.97,Gemuk
11,L,142.6,30.4,14.92,Normal
9,P,129.9,25.9,15.32,Normal
8,L,122.9,25.2,16.66,Normal
8,L,128.0,24.1,14.7,Normal
11,L,145.8,31.9,15.01,Normal
10,L,131.1,30.1,17.53,Normal
10,L,134.1,36.0,20.0,Gemuk
10,L,133.1,29.1,16.4,Normal
8,P,118.4,23.4,16.69,Normal
10,P,135.2,29.7,16.25,Normal
8,P,121.2,25.4,17.26,Normal
12,P,141.7,38.5,19.15,Gemuk
10,P,133.9,30.4,16.92,Normal
9,P,128.9,28.5,17.16,Normal
8,L,123.7,23.4,15.32,Normal
8,P,122.7,23.2,15.4,Normal
6,L,116.3,18.1,13.41,Kurus
12,L,143.7,39.4,19.05,Gemuk
7,P,121.4,20.8,14.16,Normal
9,P,127.2,26.7,16.49,Normal
9,L,124.5,24.1,15.53,Normal
8,L,123.0,21.1,13.94,Kurus
12,P,148.2,38.9,17.69,Normal
6,P,113.7,21.2,16.43,Normal
11,P,137.4,35.7,18.93,Gemuk
10,P,131.2,32.6,18.94,Gemuk
10,L,139.0,30.9,16.01,Normal
12,P,151.4,42.7,18.63,Gemuk
10,P,132.0,30.7,17.62,Normal
12,P,151.6,38.6,16.8,Normal
6,P,110.0,17.6,14.56,Normal
11,P,142.1,38.2,18.91,Gemuk
10,L,133.1,32.9,18.57,Gemuk
7,P,117.3,19.8,14.41,Normal
9,L,125.3,22.0,14.01,Normal
12,L,146.5,40.1,18.7,Gemuk
6,L,111.8,20.6,16.45,Normal
12,P,145.9,38.1,17.93,Normal
11,L,137.4,33.8,17.89,Normal
7,P,116.1,21.6,16.05,Normal
6,P,113.6,21.9,16.95,Normal
11,L,141.1,42.7,21.44,Gemuk
9,P,125.4,29.3,18.64,Gemuk
11,L,141.1,37.0,18.58,Gemuk
10,L,135.8,33.5,18.15,Gemuk
6,P,115.9,20.4,15.22,Normal
6,L,114.2,19.9,15.27,Normal
10,L,132.2,33.8,19.32,Gemuk
9,L,125.4,28.0,17.79,Normal
9,P,124.1,30.9,20.1,Gemuk
6,L,110.4,17.0,13.96,Kurus
7,P,118.1,18.8,13.51,Kurus
10,L,136.4,31.4,16.85,Normal
10,P,132.9,31.6,17.91,Normal
9,L,130.7,26.0,15.23,Normal
6,L,116.6,18.8,13.83,Kurus
11,L,135.7,35.3,19.13,Gemuk
10,L,134.6,26.9,14.85,Normal
10,L,134.7,28.2,15.57,Normal
9,P,128.3,30.3,18.42,Gemuk
6,L,116.7,21.5,15.78,Normal
11,P,139.1,30.3,15.65,Normal
7,L,114.9,21.5,16.28,Normal
8,P,122.7,27.3,18.12,Gemuk
8,L,123.5,27.2,17.84,Normal
11,P,139.7,36.7,18.79,Gemuk
10,P,137.9,32.7,17.19,Normal
7,P,122.9,25.0,16.56,Normal
6,L,118.0,21.8,15.67,Normal
8,P,126.7,29.0,18.07,Gemuk
6,L,113.2,22.0,17.16,Normal
8,L,120.6,25.4,17.46,Normal
12,L,142.2,37.9,18.74,Gemuk
7,L,116.1,21.1,15.64,Normal
11,P,138.5,36.1,18.82,Gemuk
12,P,147.6,47.9,21.96,Gemuk
9,P,129.9,32.7,19.37,Gemuk
6,L,116.6,18.1,13.28,Kurus
6,L,115.8,22.0,16.41,Normal
12,P,142.5,40.4,19.92,Gemuk
10,P,129.0,35.1,21.11,Gemuk
9,P,127.7,28.3,17.35,Normal
6,P,115.1,17.0,12.84,Kurus
10,L,131.8,31.2,17.99,Normal
8,P,120.9,21.9,15.01,Normal
6,P,117.1,18.1,13.18,Kurus
11,L,140.3,33.8,17.19,Normal
8,P,124.0,25.3,16.47,Normal
10,P,130.3,32.2,18.94,Gemuk
11,L,142.6,32.8,16.13,Normal
10,L,131.9,33.7,19.35,Gemuk
9,P,130.7,33.5,19.61,Gemuk
12,L,140.0,39.2,20.02,Gemuk
6,L,113.2,17.0,13.28,Kurus
6,P,114.3,17.0,13.02,Kurus
6,L,117.1,22.0,16.05,Normal
8,P,123.3,24.6,16.18,Normal
7,L,116.5,23.4,17.24,Normal
10,L,135.3,28.7,15.7,Normal
7,L,118.0,21.0,15.1,Normal
6,P,112.6,17.0,13.42,Kurus
6,P,116.1,20.3,15.08,Normal
7,L,123.0,23.2,15.36,Normal
6,P,116.9,20.7,15.13,Normal
12,P,150.1,40.8,18.13,Gemuk
8,P,119.0,23.9,16.88,Normal
12,P,140.9,37.3,18.78,Gemuk
12,P,148.5,35.7,16.21,Normal
11,P,140.2,40.8,20.75,Gemuk
12,L,146.3,40.6,18.96,Gemuk
11,L,143.0,40.0,19.57,Gemuk
11,P,142.2,39.0,19.27,Gemuk
9,L,129.8,24.3,14.4,Normal
11,P,143.1,36.0,17.57,Normal
12,P,149.4,36.0,16.13,Normal
11,L,139.1,30.4,15.72,Normal
7,P,113.3,25.0,19.48,Gemuk
11,P,139.0,36.0,18.62,Gemuk
10,P,131.1,25.1,14.61,Normal
8,P,122.3,20.1,13.46,Kurus
12,L,144.7,41.3,19.73,Gemuk
9,P,126.5,25.3,15.8,Normal
7,P,121.1,24.1,16.46,Normal
10,P,129.9,37.2,22.01,Obesitas
7,L,118.1,22.1,15.85,Normal
7,P,113.0,25.0,19.58,Gemuk
11,L,141.3,36.2,18.11,Gemuk
7,L,117.4,18.0,13.06,Kurus
9,L,124.5,28.8,18.59,Gemuk
8,L,122.0,20.6,13.82,Kurus
12,P,144.9,39.2,18.65,Gemuk
7,L,113.0,21.8,17.08,Normal
6,L,114.9,22.0,16.66,Normal
7,L,123.0,25.0,16.52,Normal
9,P,130.3,31.6,18.6,Gemuk
6,P,118.0,17.3,12.43,Kurus
9,P,125.3,29.2,18.57,Gemuk
7,P,121.1,20.3,13.87,Kurus
11,P,140.6,42.8,21.64,Gemuk
6,L,116.8,20.9,15.3,Normal
8,P,124.0,21.5,14.0,Kurus
7,L,117.7,21.5,15.51,Normal
12,L,147.2,36.9,17.04,Normal
7,P,119.0,18.0,12.71,Kurus
7,P,119.0,22.6,15.96,Normal
8,P,124.8,23.8,15.31,Normal
8,P,120.5,20.0,13.78,Kurus
7,L,119.4,18.0,12.62,Kurus
6,L,114.7,21.6,16.38,Normal
9,P,124.8,23.6,15.14,Normal
10,P,134.9,32.9,18.11,Gemuk
6,L,113.1,21.9,17.14,Normal
10,P,135.5,25.6,13.94,Kurus
10,P,137.1,31.0,16.46,Normal
6,L,110.0,17.0,14.05,Normal
12,P,145.2,41.5,19.71,Gemuk
11,L,141.3,31.0,15.53,Normal
11,L,143.0,38.6,18.87,Gemuk
12,L,147.6,41.2,18.92,Gemuk
7,L,117.3,25.0,18.17,Gemuk
6,L,110.8,17.5,14.28,Normal
8,P,125.2,24.5,15.65,Normal
7,P,122.4,19.1,12.74,Kurus
11,P,140.5,39.7,20.14,Gemuk
12,L,140.0,38.6,19.69,Gemuk
11,P,141.6,34.4,17.12,Normal
10,P,134.1,27.7,15.4,Normal
8,P,125.6,24.9,15.77,Normal
7,L,116.3,25.0,18.49,Gemuk
10,P,136.5,37.3,20.04,Gemuk
12,P,146.8,39.7,18.44,Gemuk
11,P,136.5,38.4,20.6,Gemuk
10,L,130.7,34.9,20.4,Gemuk
6,P,113.4,17.9,13.9,Kurus
11,L,141.1,43.0,21.59,Gemuk
6,L,114.5,22.0,16.78,Normal
9,P,131.3,23.1,13.43,Kurus
11,P,144.0,33.3,16.06,Normal
8,L,123.7,28.5,18.64,Gemuk
8,L,122.2,24.5,16.44,Normal
8,P,124.7,22.7,14.58,Normal
7,P,121.6,25.0,16.91,Normal
11,P,139.4,37.1,19.08,Gemuk
11,P,135.3,40.2,21.97,Gemuk
11,L,141.8,36.9,18.37,Gemuk
12,P,143.0,34.5,16.86,Normal
10,L,138.5,38.0,19.81,Gemuk
10,L,136.8,29.5,15.78,Normal
6,P,113.9,17.0,13.11,Kurus
12,L,147.6,37.7,17.3,Normal
12,L,148.8,42.0,18.94,Gemuk
6,P,112.3,22.0,17.45,Normal
8,L,121.8,28.6,19.26,Gemuk
6,P,114.4,21.3,16.29,Normal
6,L,113.5,21.8,16.9,Normal
7,P,118.5,25.0,17.8,Normal
9,P,129.0,29.1,17.46,Normal
10,P,133.5,29.4,16.52,Normal
9,L,125.8,27.1,17.13,Normal
9,L,123.0,26.4,17.46,Normal
6,L,114.2,20.3,15.6,Normal
6,L,115.5,21.2,15.9,Normal
10,P,133.0,31.0,17.54,Normal
12,P,149.0,41.7,18.78,Gemuk
9,P,131.4,25.8,14.92,Normal
9,L,128.5,28.1,17.05,Normal
6,P,116.9,17.1,12.49,Kurus
12,P,146.6,38.1,17.73,Normal
10,P,135.0,25.0,13.71,Kurus
12,L,150.4,33.7,14.89,Normal
12,L,147.0,39.1,18.12,Gemuk
8,P,124.2,24.3,15.78,Normal
11,L,140.6,37.8,19.13,Gemuk
8,P,120.6,27.6,18.98,Gemuk
12,L,145.3,37.0,17.53,Normal
6,L,110.9,22.0,17.9,Normal
12,L,146.8,34.9,16.18,Normal
11,L,143.1,38.4,18.76,Gemuk
6,P,114.3,20.9,16.02,Normal
9,P,124.6,28.9,18.64,Gemuk
10,L,134.3,32.3,17.92,Normal
7,L,119.6,20.9,14.6,Normal
11,P,143.2,35.0,17.05,Normal
12,P,151.1,38.7,16.95,Normal
12,P,149.0,35.0,15.75,Normal
6,L,115.1,22.0,16.6,Normal
6,L,117.6,17.0,12.29,Kurus
12,P,146.9,37.5,17.35,Normal
7,L,114.7,22.8,17.33,Normal
10,L,131.2,30.2,17.55,Normal
8,P,122.5,23.2,15.42,Normal
10,P,131.7,30.2,17.44,Normal
12,P,148.5,40.7,18.47,Gemuk
6,L,115.0,17.7,13.37,Kurus
10,P,132.8,32.6,18.48,Gemuk
9,L,127.2,22.9,14.18,Normal
12,L,143.6,40.6,19.71,Gemuk
10,P,136.7,32.5,17.39,Normal
9,P,127.1,28.6,17.66,Normal
8,L,121.3,25.4,17.26,Normal
7,L,119.7,18.0,12.57,Kurus
7,L,118.2,20.6,14.75,Normal
7,P,117.9,22.3,15.99,Normal
12,L,143.1,39.3,19.21,Gemuk
8,L,122.5,22.8,15.17,Normal
10,L,131.2,28.4,16.5,Normal
6,L,115.8,17.0,12.68,Kurus
8,L,125.4,24.7,15.72,Normal
10,L,133.9,30.6,17.09,Normal
10,L,132.9,34.4,19.51,Gemuk
6,L,117.0,18.3,13.35,Kurus
11,L,146.2,35.2,16.47,Normal
7,P,123.0,19.5,12.91,Kurus
9,L,130.3,29.5,17.36,Normal
9,L,123.0,32.3,21.38,Gemuk
7,P,119.9,24.7,17.21,Normal
11,L,138.1,36.7,19.23,Gemuk
12,L,147.3,40.7,18.73,Gemuk
9,L,125.2,28.4,18.1,Gemuk
7,P,119.3,20.0,14.06,Normal
12,L,145.2,41.1,19.5,Gemuk
7,P,120.2,23.5,16.28,Normal
7,P,114.0,21.9,16.86,Normal
9,L,130.9,25.9,15.11,Normal
12,P,148.1,36.6,16.71,Normal
7,L,116.3,24.4,18.06,Gemuk
8,L,122.9,28.1,18.58,Gemuk
12,P,150.9,34.7,15.24,Normal
12,L,143.9,40.2,19.39,Gemuk
6,P,116.4,22.0,16.25,Normal
11,L,139.5,36.9,18.96,Gemuk
10,P,134.6,33.1,18.28,Gemuk
10,P,135.4,30.1,16.4,Normal
11,L,136.8,36.8,19.67,Gemuk
9,L,123.0,23.8,15.75,Normal
9,L,128.6,26.5,16.05,Normal
11,P,141.4,38.7,19.33,Gemuk
8,P,124.2,24.9,16.14,Normal
8,P,122.4,20.0,13.36,Kurus
8,L,118.7,21.4,15.2,Normal
7,P,116.3,25.0,18.48,Gemuk
8,P,125.7,20.0,12.66,Kurus
8,L,126.1,23.0,14.46,Normal
11,P,141.6,34.4,17.19,Normal
12,L,143.3,44.1,21.48,Gemuk
9,L,130.1,29.9,17.65,Normal
10,P,132.1,35.7,20.45,Gemuk
9,P,128.4,22.0,13.34,Kurus
9,L,125.7,28.2,17.85,Normal
6,L,114.1,22.0,16.89,Normal
7,P,117.9,24.2,17.43,Normal
9,P,132.5,29.1,16.6,Normal
11,P,142.3,33.3,16.46,Normal
12,L,142.9,40.5,19.84,Gemuk
7,L,118.3,24.8,17.71,Normal
12,L,146.1,40.6,19.0,Gemuk
12,P,147.6,42.0,19.27,Gemuk
7,P,123.0,24.5,16.17,Normal
11,P,140.6,41.9,21.18,Gemuk
9,L,129.8,25.9,15.34,Normal
10,L,134.9,28.3,15.55,Normal
12,P,146.2,40.0,18.7,Gemuk
7,L,118.5,18.8,13.41,Kurus
7,L,117.5,25.0,18.09,Gemuk
12,P,150.7,37.9,16.69,Normal
9,L,125.1,26.5,16.93,Normal
9,L,128.3,26.7,16.22,Normal
7,P,119.9,20.8,14.44,Normal
9,L,129.7,28.6,17.03,Normal
7,L,117.6,19.9,14.41,Normal
9,L,130.8,25.4,14.84,Normal
8,P,124.4,26.8,17.35,Normal
12,L,144.6,39.8,19.03,Gemuk
6,L,112.6,21.2,16.71,Normal
6,P,113.6,22.0,17.05,Normal
9,L,126.1,26.9,16.93,Normal
11,P,142.0,41.1,20.37,Gemuk
8,P,119.8,23.8,16.63,Normal
12,P,144.8,41.5,19.79,Gemuk
6,L,115.6,17.1,12.83,Kurus
12,L,145.3,42.3,20.03,Gemuk
7,L,114.5,19.4,14.84,Normal
7,L,117.9,20.1,14.45,Normal
7,L,113.0,18.0,14.1,Normal
6,L,115.0,18.9,14.31,Normal
10,P,136.2,27.0,14.56,Normal
6,P,113.7,18.7,14.5,Normal
11,L,145.4,43.0,20.34,Gemuk
8,P,126.0,25.0,15.75,Normal
12,L,144.0,38.8,18.72,Gemuk
12,L,144.1,39.3,18.89,Gemuk
11,L,138.7,35.9,18.67,Gemuk
9,P,130.1,28.4,16.76,Normal
10,L,137.0,29.4,15.68,Normal
9,P,125.2,30.0,19.15,Gemuk
12,L,146.4,41.3,19.3,Gemuk
12,P,144.5,37.0,17.69,Normal
7,L,116.1,19.2,14.24,Normal
9,P,129.1,23.4,14.0,Normal
7,L,117.2,20.9,15.22,Normal
9,P,126.7,26.1,16.29,Normal
10,P,136.6,30.3,16.21,Normal
11,P,139.8,34.3,17.57,Normal
8,P,125.6,20.7,13.09,Kurus
12,P,143.2,37.1,18.09,Gemuk
6,P,116.8,18.7,13.7,Kurus
10,P,132.7,34.1,19.36,Gemuk
9,L,129.1,26.6,15.94,Normal
6,P,116.8,18.4,13.45,Kurus
12,L,149.0,37.7,16.99,Normal
7,L,117.0,24.9,18.17,Gemuk
8,L,125.0,20.0,12.8,Kurus
7,P,116.1,23.6,17.52,Normal
8,L,124.1,23.0,14.94,Normal
7,P,120.0,25.0,17.37,Normal
7,P,116.4,22.2,16.41,Normal
12,L,144.4,41.2,19.76,Gemuk
7,L,119.8,25.0,17.41,Normal
6,P,112.9,17.6,13.78,Kurus
10,P,138.2,34.5,18.05,Gemuk
11,L,137.4,34.5,18.28,Gemuk
10,P,132.5,34.5,19.63,Gemuk
9,L,131.4,31.0,17.92,Normal
6,P,111.4,17.0,13.7,Kurus
11,L,142.7,36.2,17.76,Normal
8,L,122.2,21.3,14.27,Normal
12,L,148.2,39.9,18.17,Gemuk
6,P,114.9,17.0,12.88,Kurus
8,P,122.0,23.8,15.97,Normal
9,P,123.0,24.4,16.14,Normal
10,P,135.2,27.3,14.95,Normal
10,L,134.1,31.6,17.57,Normal
6,P,111.7,18.2,14.6,Normal
9,L,131.4,33.0,19.1,Gemuk
10,P,136.4,33.1,17.8,Normal
11,L,139.6,39.0,19.98,Gemuk
6,P,114.8,22.0,16.69,Normal
6,L,115.4,17.0,12.76,Kurus
9,P,128.5,23.1,14.01,Normal
12,L,145.1,41.5,19.69,Gemuk
6,P,114.0,22.0,16.92,Normal
8,L,124.1,29.0,18.83,Gemuk
7,L,123.0,19.8,13.12,Kurus
12,P,148.2,37.1,16.88,Normal
9,P,125.4,24.7,15.74,Normal
6,P,118.0,17.7,12.71,Kurus
12,P,143.0,43.6,21.33,Gemuk
9,L,124.7,27.2,17.49,Normal
7,L,119.0,22.0,15.53,Normal
10,P,136.5,34.0,18.24,Gemuk
7,P,115.3,24.0,18.04,Gemuk
12,P,146.6,40.6,18.9,Gemuk
11,L,141.4,32.9,16.47,Normal
7,L,119.1,18.0,12.69,Kurus
7,L,117.1,18.0,13.13,Kurus
7,L,120.4,19.2,13.28,Kurus
12,P,144.7,41.6,19.9,Gemuk
10,P,130.8,34.0,19.89,Gemuk
9,L,128.8,26.1,15.72,Normal
8,L,123.9,26.0,16.96,Normal
9,P,126.8,23.8,14.8,Normal
7,L,121.1,18.0,12.28,Kurus
10,L,137.2,29.5,15.69,Normal
9,P,125.9,28.4,17.91,Normal
11,P,143.8,33.8,16.34,Normal
12,P,145.3,34.0,16.12,Normal
6,P,112.9,22.0,17.27,Normal
6,L,112.8,17.0,13.36,Kurus
11,P,143.5,34.5,16.76,Normal
6,P,111.5,22.0,17.7,Normal
6,L,113.4,17.8,13.86,Kurus
6,P,110.9,21.9,17.81,Normal
10,P,132.8,30.8,17.48,Normal
10,L,133.5,30.5,17.11,Normal
10,L,136.3,31.7,17.05,Normal
7,P,117.1,20.5,14.92,Normal
8,P,125.0,29.0,18.55,Gemuk
10,P,133.4,33.5,18.82,Gemuk
10,P,136.8,26.6,14.24,Normal
6,L,111.6,22.0,17.67,Normal
12,L,144.6,35.5,16.99,Normal
6,P,113.9,22.0,16.96,Normal
9,L,131.3,28.0,16.24,Normal
10,P,132.3,33.3,19.02,Gemuk
9,L,126.7,22.4,13.97,Kurus
7,L,119.0,21.2,14.93,Normal
9,P,126.1,33.4,20.97,Gemuk
7,L,117.1,21.9,15.96,Normal
11,L,142.0,35.7,17.73,Normal
10,L,134.9,34.3,18.85,Gemuk
8,P,119.7,24.6,17.15,Normal
11,P,135.7,35.4,19.2,Gemuk
12,L,148.6,38.1,17.26,Normal
9,P,129.5,28.7,17.1,Normal
6,L,113.8,21.7,16.78,Normal
11,P,142.1,30.8,15.27,Normal
12,L,145.5,39.2,18.52,Gemuk
7,L,120.3,20.1,13.91,Kurus
12,P,148.3,38.1,17.34,Normal
11,P,145.9,35.3,16.56,Normal
7,L,121.4,20.6,13.97,Kurus
9,P,127.9,24.7,15.09,Normal
12,L,145.5,43.5,20.53,Gemuk
11,L,139.9,35.7,18.26,Gemuk
10,P,128.9,32.9,19.77,Gemuk
8,L,125.1,27.1,17.29,Normal
11,L,138.1,37.1,19.48,Gemuk
12,P,148.1,39.6,18.04,Gemuk
10,P,134.8,28.3,15.56,Normal
6,L,112.0,17.7,14.11,Normal
12,L,143.8,38.6,18.69,Gemuk
6,P,118.0,20.0,14.35,Normal
10,L,137.9,32.2,16.93,Normal
11,P,139.1,35.0,18.08,Gemuk
10,L,131.4,31.1,18.03,Gemuk
6,L,114.3,18.8,14.39,Normal
6,L,116.5,17.0,12.52,Kurus
7,P,116.6,22.1,16.3,Normal
11,L,143.4,39.9,19.42,Gemuk
10,L,131.4,25.5,14.78,Normal
12,P,143.1,41.5,20.29,Gemuk
9,L,126.6,25.5,15.88,Normal
11,L,138.7,39.1,20.31,Gemuk
12,L,148.3,37.8,17.2,Normal
8,L,123.2,24.7,16.31,Normal
11,L,145.6,33.3,15.71,Normal
8,L,121.6,20.0,13.52,Kurus
9,L,130.7,30.9,18.12,Gemuk
10,P,134.4,32.6,18.07,Gemuk
12,P,147.9,35.4,16.18,Normal
10,L,137.1,28.6,15.24,Normal
7,P,118.9,24.2,17.1,Normal
8,L,119.8,24.9,17.37,Normal
9,P,125.3,23.3,14.83,Normal
7,P,119.4,25.0,17.52,Normal
9,L,128.1,25.0,15.2,Normal
7,P,119.1,22.6,15.92,Normal
11,L,141.5,35.3,17.64,Normal
8,L,123.4,24.7,16.24,Normal
6,L,118.0,20.2,14.54,Normal
12,P,146.8,38.4,17.79,Normal
10,L,134.1,31.7,17.61,Normal
10,L,131.3,37.1,21.54,Gemuk
6,P,110.0,18.1,14.93,Normal
8,P,122.9,22.9,15.14,Normal
12,P,148.8,42.9,19.4,Gemuk
9,P,128.6,30.1,18.19,Gemuk
7,P,119.7,19.8,13.82,Kurus
6,L,112.1,17.0,13.54,Kurus
10,P,134.8,30.1,16.59,Normal
8,L,119.7,29.0,20.23,Gemuk
8,P,125.9,29.0,18.29,Gemuk
11,P,140.9,37.7,18.97,Gemuk
6,P,113.5,17.6,13.67,Kurus
10,L,132.1,32.7,18.71,Gemuk
6,L,117.2,22.0,16.03,Normal
6,L,115.7,20.0,14.93,Normal
10,L,130.9,29.1,16.97,Normal
6,L,114.9,21.6,16.35,Normal
12,L,144.8,43.7,20.84,Gemuk
11,L,143.1,34.8,17.02,Normal
7,L,118.7,22.8,16.17,Normal
9,L,129.1,28.6,17.13,Normal
9,P,126.3,30.8,19.31,Gemuk
12,P,148.2,43.2,19.67,Gemuk
9,L,128.9,27.2,16.39,Normal
6,P,113.7,17.0,13.19,Kurus
12,P,143.5,42.9,20.81,Gemuk
8,L,120.4,23.3,16.07,Normal
12,P,147.2,40.1,18.49,Gemuk
10,L,134.1,31.8,17.7,Normal
10,P,139.0,34.0,17.62,Normal
12,L,147.0,35.6,16.46,Normal
6,L,116.6,20.2,14.82,Normal
7,P,117.3,20.0,14.51,Normal
9,P,127.5,29.4,18.12,Gemuk
6,L,117.2,19.4,14.09,Normal
6,L,115.8,17.0,12.69,Kurus
12,P,146.2,41.9,19.59,Gemuk
8,P,122.2,21.0,14.08,Normal
7,L,120.5,19.0,13.12,Kurus
9,P,131.6,23.5,13.59,Kurus
10,P,132.0,33.2,19.06,Gemuk
8,P,122.5,26.0,17.3,Normal
9,L,129.5,29.0,17.28,Normal
12,P,144.5,36.8,17.65,Normal
10,L,135.4,25.6,13.99,Kurus
7,P,119.9,25.0,17.38,Normal
11,P,143.1,30.7,15.01,Normal
11,P,141.5,35.4,17.67,Normal
8,P,120.8,23.4,16.06,Normal
11,P,142.5,37.1,18.29,Gemuk
7,P,116.3,25.0,18.49,Gemuk
8,L,128.0,21.1,12.88,Kurus
10,L,129.6,30.2,18.0,Normal
12,L,145.3,40.0,18.95,Gemuk
9,L,128.1,24.3,14.83,Normal
8,P,123.3,24.0,15.8,Normal
7,L,118.7,25.0,17.75,Normal
12,P,143.9,38.1,18.41,Gemuk
12,P,148.8,38.3,17.29,Normal
10,L,135.9,33.8,18.29,Gemuk
8,P,122.9,25.9,17.16,Normal
12,L,144.9,40.3,19.19,Gemuk
6,L,113.1,22.0,17.2,Normal
6,P,115.1,22.0,16.61,Normal
10,L,132.8,27.7,15.72,Normal
9,L,124.3,28.2,18.26,Gemuk
10,L,133.1,28.8,16.24,Normal
10,P,134.8,36.3,20.0,Gemuk
11,P,144.1,33.0,15.87,Normal
7,L,121.7,21.6,14.58,Normal
10,L,135.0,30.1,16.48,Normal
9,L,124.9,23.6,15.12,Normal
8,P,120.7,23.4,16.07,Normal
9,P,129.3,30.7,18.37,Gemuk
10,P,133.9,35.3,19.68,Gemuk
8,L,125.4,26.4,16.78,Normal
6,L,113.8,22.0,17.0,Normal
12,L,147.2,33.3,15.36,Normal
7,P,119.0,24.1,17.05,Normal
6,L,116.1,20.1,14.89,Normal
6,P,114.5,17.0,12.97,Kurus
6,L,115.9,19.2,14.27,Normal
9,P,125.4,27.8,17.66,Normal
6,L,114.5,18.1,13.85,Kurus
7,L,114.3,20.4,15.64,Normal
9,L,130.5,32.9,19.3,Gemuk
7,L,122.4,18.0,12.02,Kurus
9,L,124.1,26.5,17.25,Normal
10,P,133.5,38.0,21.31,Gemuk
9,P,124.7,24.4,15.7,Normal
11,P,138.4,37.6,19.63,Gemuk
9,P,126.3,24.9,15.63,Normal
7,L,119.5,21.2,14.86,Normal
9,L,124.8,22.8,14.64,Normal
10,P,137.6,29.7,15.71,Normal
6,L,114.7,20.2,15.36,Normal
8,L,124.8,26.3,16.86,Normal
6,P,115.6,17.0,12.72,Kurus
10,L,134.4,28.2,15.6,Normal
11,P,140.6,39.5,19.97,Gemuk
12,P,142.0,38.6,19.15,Gemuk
9,P,132.2,29.1,16.66,Normal
11,L,142.0,37.7,18.7,Gemuk
11,P,142.7,36.6,17.96,Normal
10,P,140.0,30.3,15.45,Normal
7,L,115.5,21.2,15.88,Normal
10,P,135.9,35.3,19.11,Gemuk
7,L,116.7,25.0,18.35,Gemuk
10,L,137.1,29.4,15.65,Normal
11,L,144.5,34.2,16.4,Normal
11,P,144.0,31.0,14.96,Normal
7,P,119.3,23.5,16.5,Normal
8,P,123.1,28.5,18.85,Gemuk
8,L,123.5,23.8,15.61,Normal
8,P,121.7,29.0,19.59,Gemuk
8,P,123.8,27.3,17.82,Normal
6,P,117.0,18.9,13.79,Kurus
11,P,139.9,39.5,20.17,Gemuk
6,P,110.6,18.0,14.67,Normal
10,P,132.5,28.7,16.35,Normal
7,P,114.0,20.0,15.43,Normal
11,P,139.2,32.1,16.56,Normal
8,P,126.1,26.5,16.65,Normal
6,P,112.3,18.6,14.79,Normal
9,P,126.6,32.0,19.95,Gemuk
10,P,134.2,30.5,16.94,Normal
6,P,110.8,21.7,17.69,Normal
11,L,142.4,38.6,19.04,Gemuk
11,L,141.8,30.5,15.18,Normal
8,P,123.4,21.3,13.99,Kurus
9,P,130.0,25.1,14.83,Normal
9,L,127.9,31.5,19.26,Gemuk
11,L,141.1,37.2,18.7,Gemuk
8,L,121.2,21.7,14.76,Normal
8,L,121.2,24.6,16.75,Normal
7,P,116.0,25.0,18.58,Gemuk
6,P,113.2,22.0,17.16,Normal
6,L,114.0,22.0,16.93,Normal
12,L,145.8,41.0,19.28,Gemuk
10,P,134.5,30.9,17.1,Normal
6,L,115.6,18.9,14.17,Normal
10,L,130.3,28.1,16.54,Normal
10,L,129.6,28.2,16.77,Normal
9,P,126.3,25.7,16.1,Normal
12,L,145.0,38.8,18.47,Gemuk
12,P,145.0,41.1,19.53,Gemuk
6,L,112.5,22.0,17.39,Normal
8,L,123.0,25.2,16.64,Normal
7,L,116.6,23.7,17.39,Normal
8,P,125.6,29.0,18.4,Gemuk
6,L,112.9,17.8,14.0,Normal
12,L,146.9,34.2,15.86,Normal
10,P,133.1,34.5,19.44,Gemuk
7,L,114.5,25.0,19.08,Gemuk
7,P,117.8,22.4,16.16,Normal
12,L,147.0,40.2,18.61,Gemuk
9,P,131.3,31.5,18.28,Gemuk
8,P,124.9,28.4,18.23,Gemuk
9,P,126.0,31.4,19.75,Gemuk
7,L,115.0,19.0,14.34,Normal
11,P,143.5,37.8,18.35,Gemuk
8,P,125.0,27.4,17.52,Normal
6,L,115.5,19.6,14.71,Normal
10,L,133.6,34.1,19.12,Gemuk
11,L,141.0,34.9,17.53,Normal
8,P,122.5,26.8,17.86,Normal
10,P,132.2,29.8,17.03,Normal
7,L,119.6,25.0,17.48,Normal
7,L,120.7,23.3,16.01,Normal
12,P,147.1,44.2,20.44,Gemuk
11,L,139.0,33.3,17.22,Normal
10,L,134.1,36.7,20.42,Gemuk
9,L,130.4,27.4,16.12,Normal
6,P,115.9,22.0,16.37,Normal
12,P,143.2,38.0,18.5,Gemuk
11,P,143.1,33.4,16.32,Normal
12,L,140.1,41.8,21.3,Gemuk
9,P,126.7,29.0,18.03,Gemuk
11,L,141.3,36.6,18.34,Gemuk
8,P,122.9,26.4,17.45,Normal
10,P,132.2,26.5,15.16,Normal
9,P,129.7,31.5,18.75,Gemuk
10,L,140.0,32.4,16.53,Normal
8,L,123.4,21.9,14.4,Normal
12,P,148.4,37.8,17.18,Normal
9,P,131.3,28.8,16.71,Normal
10,L,131.8,29.1,16.75,Normal
12,L,144.1,38.7,18.61,Gemuk
9,P,130.0,31.1,18.4,Gemuk
7,P,120.6,24.4,16.76,Normal
6,L,110.0,17.7,14.65,Normal
9,L,127.1,28.6,17.69,Normal
7,L,118.9,20.1,14.21,Normal
9,L,132.4,26.3,15.01,Normal
9,L,127.1,26.0,16.1,Normal
10,P,135.3,31.7,17.32,Normal
6,L,110.1,19.8,16.34,Normal
6,L,110.4,20.2,16.55,Normal
6,P,112.0,17.0,13.55,Kurus
7,P,121.2,23.2,15.76,Normal
10,P,131.8,27.9,16.08,Normal
11,L,143.0,40.0,19.55,Gemuk
6,P,111.9,18.1,14.48,Normal
8,L,120.0,22.5,15.64,Normal
9,P,126.5,29.3,18.32,Gemuk
11,P,138.1,32.9,17.24,Normal
9,L,130.3,24.3,14.29,Normal
7,P,120.5,25.0,17.22,Normal
7,P,116.7,18.6,13.64,Kurus
10,L,134.3,34.7,19.24,Gemuk
10,P,135.0,30.8,16.89,Normal
8,P,121.4,27.3,18.52,Gemuk
9,L,125.4,22.6,14.37,Normal
10,P,134.3,25.6,14.17,Normal
10,L,136.0,30.4,16.42,Normal
9,L,126.9,27.0,16.79,Normal
12,P,143.5,38.1,18.51,Gemuk
8,P,124.5,24.6,15.84,Normal
7,P,122.9,20.9,13.84,Kurus
11,P,138.7,28.8,15.0,Normal
6,L,114.2,18.0,13.82,Kurus
8,P,122.2,22.1,14.78,Normal
9,L,129.7,26.5,15.73,Normal
6,L,111.3,22.0,17.75,Normal
7,P,122.2,23.0,15.42,Normal
9,P,129.9,32.0,18.95,Gemuk
6,P,113.5,22.0,17.08,Normal
8,P,123.8,29.0,18.91,Gemuk
12,P,151.0,40.5,17.76,Normal
12,P,146.3,34.7,16.23,Normal
7,L,123.0,21.6,14.3,Normal
12,P,140.8,40.2,20.29,Gemuk
12,L,144.0,37.2,17.95,Normal
10,L,130.6,32.0,18.76,Gemuk
12,L,143.1,38.0,18.54,Gemuk
10,P,140.0,29.0,14.81,Normal
11,P,137.5,31.3,16.57,Normal
8,P,120.3,22.4,15.46,Normal
8,L,128.0,21.3,12.97,Kurus
8,L,119.9,26.2,18.19,Gemuk
7,L,122.4,25.0,16.7,Normal
6,L,115.5,17.0,12.75,Kurus
10,L,131.8,35.5,20.41,Gemuk
12,P,143.3,39.0,18.99,Gemuk
9,L,125.7,29.6,18.73,Gemuk
11,L,140.9,37.4,18.84,Gemuk
9,P,127.5,30.8,18.96,Gemuk
8,P,121.0,23.9,16.32,Normal
6,L,112.1,21.1,16.84,Normal
9,P,129.3,33.7,20.16,Gemuk
6,P,111.2,20.5,16.54,Normal
8,P,125.8,29.0,18.32,Gemuk
6,P,112.2,17.3,13.73,Kurus
8,P,118.1,26.4,18.91,Gemuk
8,L,125.7,23.1,14.65,Normal
10,L,134.4,30.7,17.02,Normal
8,L,122.1,20.2,13.55,Kurus
10,L,135.0,29.9,16.42,Normal
9,P,126.5,26.0,16.24,Normal
11,L,144.4,41.7,20.03,Gemuk
8,L,119.5,21.0,14.72,Normal
10,L,136.7,33.5,17.92,Normal
10,L,130.6,35.7,20.93,Gemuk
10,P,133.0,27.1,15.33,Normal
7,P,118.7,25.0,17.76,Normal
12,L,144.7,38.2,18.26,Gemuk
12,P,143.6,41.2,19.98,Gemuk
10,P,137.5,27.2,14.38,Normal
12,P,145.4,38.5,18.22,Gemuk
12,L,147.3,36.8,16.95,Normal
8,L,121.4,24.3,16.52,Normal
9,L,129.8,29.9,17.77,Normal
7,P,120.3,18.0,12.44,Kurus
6,L,113.9,22.0,16.96,Normal
12,L,146.6,35.4,16.44,Normal
8,P,124.5,21.8,14.11,Normal
7,P,121.3,18.3,12.41,Kurus
7,L,120.5,25.0,17.23,Normal
11,L,139.9,36.5,18.67,Gemuk
6,P,116.9,20.0,14.63,Normal
6,P,114.1,17.0,13.06,Kurus
8,L,123.8,29.0,18.92,Gemuk
8,L,121.1,22.8,15.53,Normal
9,P,129.9,25.1,14.87,Normal
7,P,118.0,20.0,14.39,Normal
6,P,114.1,22.0,16.9,Normal
11,L,142.7,34.0,16.71,Normal
7,P,121.2,20.0,13.59,Kurus
7,L,121.2,24.1,16.43,Normal
6,P,111.6,19.6,15.72,Normal
8,L,128.0,25.5,15.55,Normal
9,P,127.0,27.6,17.1,Normal
8,P,121.9,29.0,19.51,Gemuk
6,P,112.4,21.5,17.0,Normal
6,L,113.5,21.4,16.61,Normal
6,L,111.8,18.8,15.07,Normal
8,L,123.5,22.9,14.99,Normal
6,P,115.9,20.2,15.05,Normal
8,P,119.8,27.1,18.88,Gemuk
10,L,135.9,28.9,15.65,Normal
6,P,110.7,17.4,14.21,Normal
9,P,127.7,26.9,16.45,Normal
12,P,144.5,42.1,20.15,Gemuk
10,L,132.7,32.9,18.69,Gemuk
10,L,135.4,32.7,17.81,Normal
9,P,128.7,30.9,18.65,Gemuk
6,L,111.1,19.7,15.97,Normal
10,P,134.5,30.3,16.74,Normal
7,L,114.2,22.7,17.38,Normal
11,L,139.6,33.7,17.28,Normal
6,L,113.7,22.0,17.01,Normal
12,P,149.7,39.8,17.74,Normal
12,L,150.4,37.4,16.51,Normal
9,L,129.3,31.8,19.01,Gemuk
7,L,115.5,23.3,17.44,Normal
9,L,129.6,24.5,14.56,Normal
10,L,133.1,30.6,17.29,Normal
6,P,110.0,19.5,16.13,Normal
12,P,144.5,37.5,17.98,Normal
8,L,121.9,25.5,17.16,Normal
8,L,124.3,21.3,13.78,Kurus
10,L,132.9,31.5,17.84,Normal
8,L,120.7,24.8,17.0,Normal
9,L,129.2,28.7,17.22,Normal
6,L,116.5,17.1,12.6,Kurus
11,P,140.6,34.8,17.58,Normal
12,P,148.4,41.3,18.77,Gemuk
8,P,121.0,26.6,18.19,Gemuk
6,L,115.6,17.0,12.73,Kurus
7,L,116.4,18.6,13.74,Kurus
12,P,150.0,37.7,16.76,Normal
8,P,127.7,25.1,15.4,Normal
8,P,126.1,26.0,16.36,Normal
9,P,126.4,22.8,14.24,Normal
10,L,137.3,30.5,16.18,Normal
10,L,132.5,26.1,14.87,Normal
7,P,117.2,25.0,18.19,Gemuk
12,P,143.9,40.8,19.69,Gemuk
11,L,144.9,31.8,15.14,Normal
10,L,133.0,30.7,17.34,Normal
8,P,122.5,23.6,15.75,Normal
12,P,146.9,44.3,20.54,Gemuk
7,P,115.7,22.0,16.42,Normal
8,P,126.0,21.1,13.27,Kurus
11,L,140.8,34.7,17.51,Normal
10,L,132.7,31.6,17.93,Normal
9,L,129.2,24.4,14.65,Normal
7,L,121.0,18.6,12.68,Kurus
11,L,143.2,41.6,20.31,Gemuk
10,P,135.3,35.8,19.57,Gemuk
10,L,135.3,30.1,16.42,Normal
11,P,141.6,35.8,17.84,Normal
6,L,112.9,20.9,16.39,Normal
9,P,130.6,25.6,15.03,Normal
7,P,114.8,18.1,13.7,Kurus
7,L,118.3,24.7,17.67,Normal
8,L,123.2,25.9,17.1,Normal
6,P,110.8,22.0,17.92,Normal
10,P,133.7,38.0,21.27,Gemuk
11,P,138.8,34.0,17.67,Normal
12,L,144.6,35.8,17.15,Normal
6,P,115.4,22.0,16.53,Normal
10,L,132.7,36.8,20.92,Gemuk
11,P,144.6,39.7,18.99,Gemuk
8,L,122.4,27.1,18.1,Gemuk
10,P,132.9,32.3,18.31,Gemuk
11,P,137.2,38.4,20.37,Gemuk
8,L,121.1,25.4,17.28,Normal
7,L,117.8,19.5,14.09,Normal
10,P,132.9,26.6,15.06,Normal
8,P,124.7,27.3,17.55,Normal
11,P,140.1,40.7,20.72,Gemuk
11,L,135.0,35.6,19.53,Gemuk
12,P,144.0,36.2,17.46,Normal
12,L,150.4,38.6,17.08,Normal
7,P,117.5,20.7,14.99,Normal
11,L,141.4,36.9,18.47,Gemuk
7,L,120.1,19.6,13.56,Kurus
12,P,140.3,40.3,20.47,Gemuk
8,P,122.7,21.3,14.13,Normal
9,L,130.5,28.5,16.75,Normal
6,P,110.2,21.0,17.31,Normal
6,P,114.6,22.0,16.76,Normal
7,L,118.9,25.0,17.69,Normal
10,L,136.5,32.4,17.38,Normal
10,L,128.9,30.9,18.58,Gemuk
7,L,114.9,18.4,13.92,Kurus
7,P,119.8,25.0,17.43,Normal
10,P,136.3,30.9,16.64,Normal
11,L,137.4,36.5,19.32,Gemuk
10,L,130.9,29.6,17.29,Normal
9,P,126.2,27.1,17.0,Normal
7,L,122.7,23.6,15.66,Normal
7,P,119.1,20.8,14.7,Normal
11,P,141.7,39.5,19.66,Gemuk
12,P,142.4,34.8,17.16,Normal
9,L,124.8,29.7,19.09,Gemuk
12,P,147.5,43.5,20.01,Gemuk
6,L,114.7,17.0,12.93,Kurus
8,P,126.1,27.2,17.09,Normal
6,L,113.4,19.4,15.06,Normal
11,L,138.1,41.8,21.91,Gemuk
7,P,113.8,24.4,18.83,Gemuk
6,P,110.0,18.1,14.99,Normal
8,P,121.5,24.2,16.43,Normal
6,L,117.0,18.0,13.15,Kurus
8,L,123.1,20.8,13.73,Kurus
7,P,117.2,24.2,17.63,Normal
9,L,125.6,33.0,20.95,Gemuk
10,P,136.8,34.5,18.43,Gemuk
8,P,121.5,26.1,17.71,Normal
8,P,128.0,26.1,15.94,Normal
9,P,127.1,30.8,19.07,Gemuk
10,P,134.3,30.4,16.87,Normal
10,L,133.9,30.1,16.82,Normal
6,L,114.4,17.9,13.64,Kurus
6,P,110.0,17.4,14.37,Normal
12,P,144.5,38.3,18.36,Gemuk
9,L,127.8,28.1,17.19,Normal
11,P,143.2,37.4,18.25,Gemuk
10,P,131.3,26.8,15.56,Normal
9,P,126.9,28.8,17.89,Normal
8,P,118.0,20.0,14.36,Normal
8,L,125.2,29.0,18.49,Gemuk
7,L,116.5,23.3,17.19,Normal
9,L,124.2,25.8,16.69,Normal
8,P,122.9,21.4,14.18,Normal
9,L,125.4,31.2,19.84,Gemuk
10,P,136.4,35.1,18.86,Gemuk
8,L,122.7,23.6,15.69,Normal
8,P,118.5,24.1,17.14,Normal
6,P,114.3,17.1,13.07,Kurus
7,P,117.6,24.3,17.58,Normal
7,P,114.3,23.1,17.66,Normal
7,L,114.9,20.9,15.79,Normal
7,L,118.3,18.0,12.86,Kurus
8,P,121.9,23.7,15.94,Normal
8,P,120.7,23.0,15.76,Normal
10,L,135.1,26.9,14.76,Normal
10,P,135.4,30.8,16.78,Normal
9,L,127.9,24.0,14.67,Normal
8,P,122.1,20.0,13.41,Kurus
9,L,125.9,25.1,15.85,Normal
9,L,129.2,32.4,19.41,Gemuk
11,L,141.4,36.7,18.34,Gemuk
12,L,140.0,34.4,17.56,Normal
7,P,115.5,20.1,15.05,Normal
6,P,111.8,19.6,15.67,Normal
9,P,128.9,31.3,18.84,Gemuk
7,L,117.9,18.0,12.95,Kurus
7,P,117.9,25.0,18.0,Normal
6,P,115.2,20.0,15.09,Normal
8,P,124.9,21.7,13.91,Kurus
10,P,131.9,33.3,19.13,Gemuk
10,P,136.4,30.8,16.54,Normal
8,P,119.6,25.9,18.09,Gemuk
11,P,141.0,28.0,14.08,Normal
11,L,136.5,35.4,18.97,Gemuk
11,L,137.2,28.2,14.98,Normal
10,L,134.1,32.3,17.96,Normal
7,L,117.5,25.0,18.12,Gemuk
11,P,136.5,32.7,17.55,Normal
10,L,130.4,32.1,18.85,Gemuk
6,P,118.0,20.1,14.42,Normal
11,P,143.7,35.3,17.09,Normal
12,P,144.6,34.9,16.68,Normal
8,P,121.4,26.4,17.9,Normal
12,P,144.5,39.6,18.98,Gemuk
9,P,126.8,26.6,16.59,Normal
7,P,116.4,21.2,15.66,Normal
8,L,123.1,26.1,17.25,Normal
9,L,132.8,24.0,13.6,Kurus
11,P,144.3,38.5,18.47,Gemuk
8,L,122.7,21.7,14.4,Normal
7,L,115.6,23.9,17.86,Normal
6,L,112.4,20.4,16.13,Normal
8,L,121.0,21.1,14.4,Normal
9,P,129.1,29.8,17.9,Normal
6,P,118.0,17.0,12.21,Kurus
9,L,133.0,28.3,15.99,Normal
11,P,140.3,32.7,16.58,Normal
12,P,141.2,42.6,21.4,Gemuk
8,P,119.7,21.4,14.96,Normal
9,P,130.6,23.8,13.94,Kurus
8,L,120.7,23.4,16.08,Normal
9,L,127.6,31.0,19.01,Gemuk
6,L,115.6,17.4,13.0,Kurus
10,L,135.5,34.7,18.91,Gemuk
10,P,135.3,31.1,16.99,Normal
7,P,114.6,21.3,16.22,Normal
12,L,145.0,41.3,19.66,Gemuk
6,L,112.8,17.0,13.36,Kurus
12,L,150.6,38.5,16.96,Normal
8,L,120.1,25.4,17.58,Normal
9,L,127.0,28.4,17.62,Normal
9,P,126.3,30.1,18.86,Gemuk
12,L,147.0,41.3,19.12,Gemuk
8,P,127.2,22.7,14.03,Normal
8,P,124.0,20.0,13.02,Kurus
9,L,129.2,28.2,16.91,Normal
9,L,127.2,27.7,17.09,Normal
10,L,136.2,32.3,17.41,Normal
6,P,113.1,18.2,14.2,Normal
6,L,112.7,20.3,16.02,Normal
10,L,133.7,35.9,20.07,Gemuk
10,L,134.5,26.1,14.43,Normal
11,P,140.4,33.9,17.17,Normal
8,L,122.6,26.7,17.77,Normal
12,L,147.5,35.2,16.19,Normal
6,P,114.9,17.0,12.87,Kurus
12,L,146.8,38.1,17.66,Normal
10,L,135.3,31.3,17.11,Normal
8,P,121.9,20.0,13.46,Kurus
12,P,144.5,33.1,15.83,Normal
6,P,114.2,22.0,16.87,Normal
8,L,121.0,28.6,19.52,Gemuk
8,P,125.6,21.5,13.63,Kurus
12,L,144.9,42.0,19.98,Gemuk
7,P,118.2,19.6,14.02,Normal
9,L,127.7,29.2,17.9,Normal
9,P,127.2,28.1,17.39,Normal
11,L,139.0,38.2,19.76,Gemuk
11,L,145.9,36.7,17.22,Normal
12,P,140.3,33.8,17.2,Normal
8,P,126.3,24.7,15.51,Normal
11,P,144.1,33.1,15.94,Normal
10,L,131.7,31.7,18.31,Gemuk
11,P,138.2,36.9,19.31,Gemuk
7,L,114.0,18.0,13.85,Kurus
11,P,138.9,36.7,19.02,Gemuk
8,L,120.1,25.1,17.36,Normal
11,P,141.2,34.1,17.14,Normal
7,L,114.0,25.0,19.23,Gemuk
12,P,147.0,37.2,17.21,Normal
11,P,140.5,35.1,17.8,Normal
9,P,125.0,29.0,18.53,Gemuk
11,P,143.9,32.3,15.62,Normal
8,L,123.7,23.1,15.08,Normal
6,P,114.2,17.2,13.17,Kurus
9,P,128.8,24.1,14.54,Normal
6,P,113.2,21.8,17.03,Normal
6,L,114.2,17.7,13.55,Kurus
6,L,110.5,17.6,14.43,Normal
6,P,114.7,17.0,12.92,Kurus
8,L,121.6,25.5,17.26,Normal
8,P,118.6,21.8,15.53,Normal
7,L,120.6,21.4,14.72,Normal
6,P,110.4,19.0,15.57,Normal
10,P,132.6,34.0,19.33,Gemuk
9,P,132.4,28.9,16.51,Normal
7,P,118.3,18.2,13.01,Kurus
6,P,118.0,17.8,12.81,Kurus
8,L,123.1,22.7,14.96,Normal
9,L,123.7,27.9,18.23,Gemuk
12,L,145.3,42.1,19.94,Gemuk
7,L,115.3,25.0,18.8,Gemuk
9,P,128.3,31.1,18.86,Gemuk
7,P,119.7,18.0,12.57,Kurus
10,L,135.3,35.3,19.3,Gemuk
11,L,140.3,37.8,19.23,Gemuk
12,P,144.9,37.7,17.97,Normal
7,P,120.3,21.2,14.64,Normal
9,P,128.4,30.4,18.42,Gemuk
12,L,147.2,36.1,16.64,Normal
12,L,146.8,41.9,19.47,Gemuk
10,L,132.5,31.2,17.75,Normal
11,L,143.6,34.8,16.86,Normal
9,P,123.7,29.8,19.44,Gemuk
12,P,147.5,36.6,16.83,Normal
10,L,132.1,33.3,19.07,Gemuk
11,L,139.5,35.4,18.19,Gemuk
11,L,140.2,34.5,17.55,Normal
12,P,147.6,40.4,18.55,Gemuk
12,P,141.9,36.3,18.04,Gemuk
10,L,133.0,32.6,18.44,Gemuk
6,L,110.7,18.6,15.18,Normal
10,L,134.2,33.3,18.47,Gemuk
8,P,124.8,28.7,18.43,Gemuk
10,L,133.6,32.0,17.91,Normal
7,P,122.8,25.0,16.58,Normal
7,P,120.3,18.0,12.44,Kurus
11,P,137.4,36.7,19.46,Gemuk
9,L,129.9,30.1,17.82,Normal
6,P,111.8,22.0,17.62,Normal
11,L,141.9,37.2,18.48,Gemuk
11,L,142.4,38.7,19.08,Gemuk
12,P,143.9,40.9,19.75,Gemuk
9,P,131.3,23.7,13.78,Kurus
9,P,132.2,27.7,15.85,Normal
7,P,116.9,19.0,13.93,Kurus
9,L,128.5,29.2,17.68,Normal
11,L,139.9,38.9,19.86,Gemuk
6,P,116.8,22.0,16.14,Normal
9,L,127.3,24.4,15.02,Normal
9,P,131.4,32.7,18.94,Gemuk
10,P,134.4,31.0,17.14,Normal
11,P,136.7,36.6,19.57,Gemuk
9,P,128.7,27.8,16.78,Normal
6,L,116.7,20.4,15.01,Normal
6,P,114.9,17.0,12.87,Kurus
12,L,146.5,37.7,17.59,Normal
9,P,129.2,25.4,15.24,Normal
11,L,145.0,36.8,17.5,Normal
10,P,135.4,31.8,17.36,Normal
8,P,121.6,25.7,17.37,Normal
10,P,133.5,34.1,19.15,Gemuk
10,L,134.9,34.2,18.8,Gemuk
9,P,129.0,28.3,17.03,Normal
9,P,128.0,27.8,17.0,Normal
10,P,135.0,33.9,18.59,Gemuk
9,P,129.9,28.3,16.79,Normal
9,P,133.0,26.8,15.17,Normal
11,P,143.4,35.7,17.37,Normal
6,P,110.5,22.0,18.01,Gemuk
9,L,127.4,27.6,16.98,Normal
9,P,131.1,27.2,15.81,Normal
7,P,118.3,19.5,13.96,Kurus
12,L,144.3,41.7,20.0,Gemuk
11,P,143.3,36.4,17.71,Normal
10,P,133.0,34.7,19.63,Gemuk
6,L,110.0,21.8,18.04,Gemuk
12,L,144.9,36.3,17.27,Normal
9,L,130.5,29.1,17.06,Normal
11,L,139.1,33.3,17.23,Normal
6,P,113.1,20.2,15.81,Normal
10,L,134.7,28.8,15.9,Normal
9,P,127.5,26.5,16.28,Normal
12,P,149.1,40.2,18.07,Gemuk
7,L,123.0,23.6,15.57,Normal
10,P,133.5,26.9,15.07,Normal
11,P,142.4,33.6,16.59,Normal
6,P,114.0,17.0,13.07,Kurus
6,L,115.1,19.2,14.5,Normal
9,P,130.2,33.4,19.67,Gemuk
6,P,115.9,22.0,16.37,Normal
10,L,136.6,28.6,15.32,Normal
10,P,137.2,25.0,13.28,Kurus
10,L,134.8,32.6,17.93,Normal
11,P,141.7,37.2,18.54,Gemuk
7,L,117.3,23.9,17.35,Normal
12,P,147.5,43.4,19.92,Gemuk
11,L,142.6,36.5,17.95,Normal
12,P,141.3,40.0,20.04,Gemuk
11,L,142.7,33.9,16.67,Normal
11,P,137.8,37.1,19.55,Gemuk
12,L,142.3,33.8,16.66,Normal
9,P,127.9,24.8,15.15,Normal
8,L,127.2,27.4,16.9,Normal
11,L,141.5,28.0,13.99,Kurus
12,P,149.4,41.3,18.53,Gemuk
11,P,135.5,37.8,20.56,Gemuk
12,L,140.9,45.2,22.74,Obesitas
10,P,133.2,33.6,18.95,Gemuk
9,L,130.5,26.2,15.36,Normal
7,L,116.0,18.6,13.86,Kurus
8,L,128.0,20.0,12.21,Kurus
7,P,120.0,25.0,17.37,Normal
7,P,114.8,20.9,15.86,Normal
11,P,141.9,33.4,16.56,Normal
7,L,119.3,21.0,14.77,Normal
11,L,142.5,34.0,16.71,Normal
9,L,126.3,33.8,21.19,Gemuk
8,L,123.4,26.0,17.09,Normal
10,P,133.3,29.2,16.42,Normal
11,L,141.9,38.7,19.24,Gemuk
9,L,128.3,31.2,18.98,Gemuk
9,L,127.2,29.1,18.0,Gemuk
9,P,128.2,28.6,17.44,Normal
12,P,149.8,41.3,18.39,Gemuk
8,L,123.6,24.5,16.03,Normal
7,P,122.1,18.0,12.08,Kurus
7,P,116.6,21.0,15.47,Normal
11,L,147.0,36.2,16.76,Normal
9,P,128.5,25.4,15.36,Normal
8,L,118.6,25.2,17.89,Normal
12,P,148.3,35.5,16.15,Normal
12,L,148.8,41.6,18.75,Gemuk
11,L,144.4,35.3,16.94,Normal
7,P,122.6,23.5,15.64,Normal
10,L,129.6,36.2,21.55,Gemuk
8,P,122.0,26.8,18.02,Gemuk
6,L,111.7,17.0,13.62,Kurus
9,P,128.2,26.6,16.16,Normal
10,L,139.2,31.0,16.01,Normal
6,P,115.2,18.6,14.0,Normal
12,P,144.0,42.2,20.33,Gemuk
12,L,147.6,43.0,19.73,Gemuk
6,P,113.3,19.1,14.89,Normal
6,L,110.0,18.0,14.91,Normal
11,L,139.2,40.7,21.01,Gemuk
12,P,146.3,39.8,18.59,Gemuk
8,L,118.0,21.7,15.6,Normal
7,P,116.8,18.7,13.67,Kurus
6,P,112.8,22.0,17.3,Normal
8,L,121.0,28.4,19.4,Gemuk
6,P,114.1,22.0,16.9,Normal
7,P,118.6,18.0,12.79,Kurus
12,L,142.3,40.2,19.85,Gemuk
9,P,123.3,29.9,19.64,Gemuk
6,L,115.3,18.8,14.12,Normal
10,L,128.6,26.5,16.0,Normal
10,P,132.5,27.6,15.7,Normal
9,L,129.8,23.8,14.12,Normal
9,L,124.4,26.1,16.86,Normal
6,P,114.2,18.9,14.44,Normal
12,L,143.4,37.3,18.15,Gemuk
11,L,141.7,34.1,16.97,Normal
10,L,132.5,27.9,15.89,Normal
10,L,135.2,33.3,18.23,Gemuk
9,L,124.8,24.6,15.77,Normal
8,L,125.2,29.0,18.5,Gemuk
11,L,145.3,31.7,14.99,Normal
11,P,143.9,31.7,15.31,Normal
7,P,117.5,18.1,13.08,Kurus
10,L,133.0,30.3,17.16,Normal
9,P,126.2,27.9,17.51,Normal
10,L,134.4,28.6,15.84,Normal
12,P,146.2,38.6,18.08,Gemuk
7,L,115.2,22.3,16.77,Normal
9,L,127.2,26.3,16.24,Normal
11,L,142.3,33.0,16.33,Normal
10,L,132.5,32.2,18.34,Gemuk
11,P,136.7,33.4,17.89,Normal
7,L,115.3,19.0,14.31,Normal
11,L,140.3,34.5,17.51,Normal
8,P,126.0,24.6,15.5,Normal
7,P,116.8,18.0,13.19,Kurus
11,L,138.1,34.1,17.89,Normal
10,L,135.6,38.0,20.67,Gemuk
8,P,124.8,24.1,15.51,Normal
11,P,137.4,34.8,18.42,Gemuk
12,P,145.6,41.7,19.66,Gemuk
11,P,141.8,38.3,19.04,Gemuk
10,L,133.8,32.9,18.37,Gemuk
9,L,128.2,30.4,18.47,Gemuk
10,P,131.4,25.0,14.47,Normal
8,L,122.0,22.1,14.82,Normal
12,P,147.5,36.6,16.8,Normal
9,P,126.1,24.5,15.41,Normal
7,P,118.6,22.2,15.76,Normal
12,P,151.7,39.5,17.16,Normal
11,P,140.1,38.0,19.37,Gemuk
12,L,147.1,35.4,16.34,Normal
11,P,141.4,34.3,17.17,Normal
8,L,123.1,29.0,19.13,Gemuk
8,P,127.9,20.0,12.22,Kurus
8,L,118.5,20.0,14.24,Normal
12,P,145.1,42.3,20.09,Gemuk
12,P,143.5,39.8,19.32,Gemuk
8,P,122.5,25.0,16.67,Normal
11,L,143.9,34.1,16.47,Normal
11,L,139.0,39.1,20.24,Gemuk
6,P,110.7,18.9,15.45,Normal
9,P,131.9,29.3,16.84,Normal
11,L,142.6,37.0,18.18,Gemuk
6,P,115.3,17.0,12.8,Kurus
11,L,143.7,36.1,17.5,Normal
9,L,124.3,26.2,16.93,Normal
8,L,120.9,22.5,15.37,Normal
9,P,126.6,27.7,17.31,Normal
9,P,124.1,25.3,16.42,Normal
11,L,145.0,39.8,18.92,Gemuk
6,L,116.0,17.0,12.62,Kurus
12,P,144.8,41.5,19.77,Gemuk
6,L,115.4,17.0,12.77,Kurus
8,L,126.4,25.8,16.14,Normal
9,L,128.7,33.0,19.95,Gemuk
6,P,110.0,19.1,15.83,Normal
11,L,135.0,42.2,23.14,Obesitas
7,L,117.5,18.2,13.21,Kurus
8,P,121.8,24.2,16.32,Normal
6,P,113.3,17.2,13.36,Kurus
7,P,120.2,19.9,13.74,Kurus
8,L,126.4,23.5,14.73,Normal
8,L,120.4,23.8,16.45,Normal
11,P,144.7,32.0,15.28,Normal
10,L,135.1,31.0,17.0,Normal
12,L,140.2,39.9,20.3,Gemuk
11,P,138.2,35.5,18.57,Gemuk
12,P,145.9,42.7,20.06,Gemuk
10,P,131.0,32.4,18.88,Gemuk
6,L,118.0,17.0,12.21,Kurus
12,P,145.8,35.5,16.68,Normal
6,L,112.8,19.8,15.51,Normal
10,P,134.8,28.9,15.89,Normal
6,L,113.4,17.0,13.22,Kurus
8,L,123.9,21.5,14.02,Normal
12,P,152.0,37.6,16.28,Normal
7,P,119.1,19.3,13.59,Kurus
9,P,130.4,30.4,17.86,Normal
11,L,140.7,34.1,17.2,Normal
11,P,138.1,35.8,18.74,Gemuk
8,P,121.2,23.6,16.04,Normal
7,P,120.9,19.7,13.44,Kurus
9,P,125.7,27.6,17.49,Normal
11,L,141.8,33.5,16.65,Normal
9,L,124.5,26.8,17.29,Normal
7,L,117.1,22.8,16.61,Normal
12,L,148.6,39.6,17.93,Normal
8,L,120.3,22.9,15.83,Normal
6,L,114.9,17.0,12.88,Kurus
12,L,146.0,41.6,19.54,Gemuk
10,P,131.7,36.5,21.03,Gemuk
12,L,146.6,36.1,16.78,Normal
8,L,121.2,25.1,17.1,Normal
9,P,127.7,22.6,13.84,Kurus
12,L,149.0,35.5,16.02,Normal
6,P,110.0,17.0,14.05,Normal
9,L,131.1,31.4,18.25,Gemuk
11,P,143.9,33.3,16.07,Normal
6,L,117.4,17.0,12.33,Kurus
6,P,111.6,17.0,13.66,Kurus
7,P,121.8,22.0,14.86,Normal
8,L,123.4,22.5,14.79,Normal
12,L,146.3,40.8,19.07,Gemuk
7,L,119.2,24.2,17.01,Normal
7,L,119.5,22.0,15.43,Normal
11,P,146.5,36.2,16.89,Normal
12,P,148.2,37.5,17.06,Normal
7,L,118.8,21.9,15.51,Normal
7,P,119.7,22.2,15.48,Normal
10,P,136.7,29.2,15.64,Normal
10,L,129.5,31.4,18.73,Gemuk
7,P,118.0,21.1,15.11,Normal
8,L,119.7,26.8,18.71,Gemuk
7,P,116.9,20.3,14.85,Normal
8,P,123.7,27.9,18.24,Gemuk
12,P,148.4,41.8,18.98,Gemuk
7,L,117.6,18.7,13.48,Kurus
11,L,139.9,34.9,17.85,Normal
9,P,129.7,32.5,19.35,Gemuk
9,L,126.1,26.9,16.94,Normal
10,L,135.7,31.0,16.86,Normal
6,P,112.7,18.1,14.28,Normal
10,P,131.1,31.9,18.56,Gemuk
6,L,110.3,17.6,14.48,Normal
9,P,124.0,27.4,17.81,Normal
6,P,113.5,19.5,15.18,Normal
6,P,111.8,20.3,16.25,Normal
12,P,146.5,45.3,21.09,Gemuk
9,L,127.4,28.6,17.6,Normal
9,L,125.7,25.7,16.25,Normal
10,L,136.4,30.9,16.6,Normal
6,P,115.0,20.4,15.4,Normal
6,L,110.0,20.7,17.13,Normal
7,P,119.5,18.0,12.61,Kurus
9,L,128.8,30.8,18.58,Gemuk
8,L,123.2,28.8,18.98,Gemuk
7,L,120.5,18.2,12.55,Kurus
12,L,146.3,37.3,17.44,Normal
6,P,112.3,22.0,17.45,Normal
6,P,113.4,17.6,13.67,Kurus
11,P,138.1,36.1,18.9,Gemuk
9,P,127.7,22.6,13.87,Kurus
11,P,140.3,36.3,18.42,Gemuk
6,L,114.2,17.0,13.04,Kurus
7,P,118.7,22.9,16.29,Normal
11,L,136.4,33.4,17.95,Normal
12,L,144.4,39.4,18.89,Gemuk
9,P,123.6,27.1,17.71,Normal
9,P,128.8,25.7,15.49,Normal
9,L,127.1,22.0,13.62,Kurus
8,P,120.3,20.0,13.82,Kurus
10,P,133.5,30.6,17.17,Normal
10,P,135.6,31.0,16.86,Normal
9,P,126.4,27.5,17.24,Normal
7,P,116.8,19.1,13.98,Kurus
8,L,122.0,22.3,15.0,Normal
6,L,118.0,20.9,14.99,Normal
6,P,117.1,22.0,16.04,Normal
10,L,133.5,29.8,16.71,Normal
8,P,119.7,28.1,19.57,Gemuk
8,P,120.2,26.8,18.55,Gemuk
9,P,127.3,30.0,18.49,Gemuk
10,P,135.9,26.9,14.57,Normal
6,L,113.1,18.7,14.6,Normal
9,L,127.6,27.3,16.76,Normal
12,L,145.9,43.6,20.5,Gemuk
8,P,125.6,26.1,16.53,Normal
6,P,116.3,17.0,12.56,Kurus
7,L,113.4,21.6,16.81,Normal
12,P,148.7,35.2,15.93,Normal
9,L,130.3,30.1,17.7,Normal
8,P,123.1,22.0,14.55,Normal
7,L,117.5,21.3,15.39,Normal
11,L,141.1,35.1,17.62,Normal
8,L,125.6,21.9,13.89,Kurus
10,P,134.6,27.8,15.36,Normal
8,P,122.0,20.9,14.04,Normal
6,P,112.6,22.0,17.35,Normal
10,P,136.2,26.2,14.1,Normal
10,L,134.5,31.8,17.55,Normal
12,L,144.2,38.4,18.47,Gemuk
10,P,133.2,36.3,20.47,Gemuk
7,L,117.6,22.9,16.6,Normal
9,L,128.8,24.3,14.67,Normal
12,L,144.4,36.3,17.41,Normal
9,P,133.0,30.0,16.95,Normal
9,L,127.5,23.3,14.32,Normal
7,L,114.2,18.2,13.99,Kurus
7,P,115.6,22.3,16.72,Normal
10,L,135.9,32.1,17.36,Normal
7,P,117.1,18.0,13.12,Kurus
7,P,117.6,22.7,16.43,Normal
10,L,131.3,38.0,22.05,Obesitas
11,L,138.5,37.3,19.44,Gemuk
8,P,125.4,21.6,13.7,Kurus
6,L,110.0,20.9,17.25,Normal
8,L,124.8,24.7,15.86,Normal
9,P,129.0,26.6,16.0,Normal
8,L,120.4,22.1,15.26,Normal
9,L,124.1,25.3,16.43,Normal
11,P,139.3,34.3,17.7,Normal
8,P,125.4,24.7,15.73,Normal
6,L,118.0,20.8,14.91,Normal
8,P,125.8,26.9,17.02,Normal
9,L,124.3,29.6,19.16,Gemuk
11,L,141.8,32.2,16.0,Normal
12,P,145.9,39.9,18.73,Gemuk
9,L,127.0,25.1,15.53,Normal
6,L,113.6,20.5,15.91,Normal
7,P,121.4,23.3,15.83,Normal
12,P,147.3,46.8,21.57,Gemuk
9,L,125.0,27.9,17.82,Normal
8,P,125.4,21.9,13.93,Kurus
10,L,134.8,33.3,18.32,Gemuk
6,L,114.1,17.7,13.61,Kurus
9,P,128.3,34.0,20.64,Gemuk
8,L,128.0,21.0,12.8,Kurus
8,L,124.4,20.5,13.23,Kurus
11,L,139.3,33.3,17.15,Normal
10,P,134.4,33.5,18.55,Gemuk
8,L,121.8,21.7,14.65,Normal
8,P,126.8,23.4,14.55,Normal
9,L,125.8,25.3,16.02,Normal
12,L,145.1,40.1,19.03,Gemuk
10,L,134.5,31.4,17.36,Normal
7,L,121.9,24.6,16.6,Normal
6,P,113.9,22.0,16.95,Normal
11,L,144.5,39.0,18.68,Gemuk
9,P,127.9,30.0,18.36,Gemuk
8,P,126.3,20.1,12.59,Kurus
6,L,112.8,22.0,17.3,Normal
6,P,114.0,20.5,15.78,Normal
11,P,143.5,37.1,18.02,Gemuk
11,L,141.0,37.0,18.6,Gemuk
11,L,142.0,34.1,16.92,Normal
10,L,130.8,35.4,20.7,Gemuk
10,P,131.1,29.3,17.03,Normal
10,P,130.9,33.7,19.65,Gemuk
11,L,140.8,36.3,18.31,Gemuk
11,P,138.9,42.7,22.12,Obesitas
10,L,136.2,32.7,17.62,Normal
11,P,142.7,33.0,16.21,Normal
9,L,124.0,26.3,17.15,Normal
12,P,145.2,34.1,16.16,Normal
11,P,142.2,35.8,17.71,Normal
6,L,113.5,19.0,14.74,Normal
10,L,129.4,28.9,17.28,Normal
11,L,136.4,34.7,18.66,Gemuk
12,P,145.0,40.3,19.18,Gemuk
8,L,123.1,27.3,18.02,Gemuk
8,P,123.7,23.5,15.34,Normal
9,L,124.8,28.1,18.01,Gemuk
6,P,110.4,20.8,17.1,Normal
7,P,113.3,18.0,14.01,Normal
11,P,138.6,34.6,17.98,Normal
8,L,121.3,23.8,16.19,Normal
11,P,139.0,37.6,19.47,Gemuk
12,P,142.8,36.3,17.82,Normal
6,L,111.1,20.8,16.87,Normal
12,L,147.9,41.5,18.97,Gemuk
7,P,118.2,20.1,14.37,Normal
6,P,115.2,17.0,12.81,Kurus
7,L,121.0,21.8,14.89,Normal
10,L,131.0,30.8,17.98,Normal
11,L,147.0,35.6,16.48,Normal
9,P,131.9,28.3,16.29,Normal
8,P,122.1,25.5,17.12,Normal
6,P,113.9,19.2,14.82,Normal
11,P,135.5,34.2,18.59,Gemuk
9,L,125.3,29.7,18.96,Gemuk
11,P,142.2,35.5,17.55,Normal
11,P,142.8,36.4,17.83,Normal
8,P,120.1,23.8,16.52,Normal
7,L,120.2,23.8,16.45,Normal
8,P,122.4,24.8,16.53,Normal
12,L,147.5,42.1,19.34,Gemuk
12,L,150.1,37.0,16.42,Normal
7,P,116.4,20.9,15.44,Normal
11,L,140.3,30.8,15.65,Normal
7,P,115.4,22.5,16.93,Normal
6,L,113.9,17.0,13.1,Kurus
9,P,126.4,25.0,15.65,Normal
7,L,120.4,21.0,14.48,Normal
9,P,130.8,28.2,16.46,Normal
12,P,146.6,36.6,17.02,Normal
11,L,144.0,37.0,17.87,Normal
9,P,126.5,22.0,13.75,Kurus
11,P,142.6,34.5,16.98,Normal
6,L,112.2,19.0,15.09,Normal
7,L,118.3,20.0,14.25,Normal
11,L,142.5,36.5,17.97,Normal
7,P,117.3,21.7,15.79,Normal
9,L,127.6,31.4,19.27,Gemuk
11,P,139.7,35.5,18.17,Gemuk
9,L,123.0,28.4,18.76,Gemuk
7,P,121.3,22.9,15.54,Normal
7,L,120.3,21.3,14.71,Normal
12,P,146.4,39.3,18.32,Gemuk
12,P,145.3,38.0,17.97,Normal
11,L,138.0,32.5,17.07,Normal
10,L,135.0,36.6,20.06,Gemuk
10,L,131.6,30.1,17.39,Normal
6,P,116.4,18.5,13.67,Kurus
12,L,145.5,40.8,19.26,Gemuk
7,L,117.2,20.4,14.83,Normal
7,L,117.3,20.7,15.03,Normal
9,P,123.7,27.0,17.63,Normal
9,P,126.2,25.0,15.7,Normal
10,P,133.5,36.1,20.24,Gemuk
12,P,146.8,41.5,19.26,Gemuk
8,P,118.0,26.5,19.03,Gemuk
10,L,132.5,30.9,17.6,Normal
8,P,120.0,21.1,14.66,Normal
10,L,131.8,34.9,20.09,Gemuk
8,P,125.3,23.8,15.14,Normal
8,L,121.2,22.3,15.2,Normal
9,L,127.7,30.9,18.94,Gemuk
9,L,125.7,24.7,15.66,Normal
11,P,141.3,36.5,18.27,Gemuk
8,P,122.5,24.6,16.4,Normal
7,L,118.1,18.2,13.05,Kurus
10,L,134.5,31.2,17.27,Normal
9,L,124.8,27.8,17.84,Normal
9,P,127.3,25.9,15.99,Normal
9,L,123.1,30.0,19.81,Gemuk
11,P,140.3,37.7,19.18,Gemuk
12,P,146.2,37.8,17.68,Normal
6,P,115.9,21.3,15.9,Normal
6,L,112.0,17.7,14.15,Normal
11,P,139.2,34.1,17.62,Normal
10,L,132.8,30.3,17.21,Normal
7,P,121.7,19.5,13.18,Kurus
11,L,143.1,39.4,19.25,Gemuk
12,L,144.7,38.4,18.34,Gemuk
7,L,117.1,18.0,13.12,Kurus
11,P,141.5,33.0,16.46,Normal
12,L,141.9,33.1,16.45,Normal
10,P,132.5,33.0,18.81,Gemuk
7,L,119.1,21.6,15.22,Normal
6,L,113.4,18.3,14.22,Normal
7,L,119.2,18.7,13.17,Kurus
8,L,122.9,28.2,18.7,Gemuk
11,P,137.5,33.0,17.44,Normal
9,L,127.0,28.1,17.44,Normal
12,P,146.2,41.4,19.35,Gemuk
8,L,121.9,28.8,19.38,Gemuk
8,P,123.7,23.3,15.25,Normal
9,L,130.0,32.0,18.96,Gemuk
7,P,119.3,24.8,17.42,Normal
9,P,127.5,24.4,15.02,Normal
6,L,114.6,21.2,16.16,Normal
11,P,143.6,36.4,17.65,Normal
9,P,126.6,24.6,15.33,Normal
7,L,117.6,19.3,13.98,Kurus
9,L,131.2,27.2,15.77,Normal
7,P,116.5,22.6,16.63,Normal
8,L,125.2,24.1,15.39,Normal
7,L,118.5,20.3,14.47,Normal
6,L,113.8,17.0,13.12,Kurus
6,L,115.4,21.8,16.37,Normal
7,L,115.5,22.5,16.85,Normal
6,P,110.0,20.0,16.51,Normal
11,L,144.8,31.7,15.13,Normal
9,P,126.9,29.8,18.52,Gemuk
11,P,138.7,36.3,18.86,Gemuk
6,L,110.8,17.0,13.86,Kurus
7,L,116.2,21.1,15.62,Normal
8,L,122.7,24.3,16.17,Normal
7,P,119.8,25.0,17.42,Normal
8,P,126.4,23.1,14.48,Normal
11,P,141.5,37.3,18.63,Gemuk
9,L,132.8,31.9,18.07,Gemuk
8,L,121.4,27.1,18.43,Gemuk
10,L,137.7,36.0,18.97,Gemuk
7,L,116.5,19.3,14.21,Normal
6,L,118.0,18.5,13.29,Kurus
9,P,125.0,29.4,18.82,Gemuk
11,L,141.6,38.3,19.09,Gemuk
9,L,127.7,31.5,19.31,Gemuk
7,L,113.1,19.4,15.17,Normal
10,L,129.2,29.7,17.8,Normal
9,L,127.3,23.3,14.38,Normal
7,P,117.3,23.2,16.87,Normal
9,P,126.7,30.0,18.73,Gemuk
6,L,111.4,17.0,13.69,Kurus
11,L,141.4,35.9,17.98,Normal
9,P,124.6,25.5,16.43,Normal
10,L,134.4,34.4,19.04,Gemuk
6,L,111.8,18.6,14.84,Normal
9,P,132.3,26.1,14.9,Normal
8,L,120.5,23.1,15.88,Normal
7,L,116.8,20.4,14.99,Normal
7,L,115.1,19.2,14.49,Normal
7,L,114.6,23.1,17.55,Normal
12,L,146.9,46.1,21.34,Gemuk
8,P,126.1,22.7,14.28,Normal
9,P,129.9,29.8,17.67,Normal
8,P,126.6,20.0,12.48,Kurus
12,P,147.2,30.0,13.84,Kurus
6,L,115.8,21.4,15.95,Normal
10,P,133.7,38.0,21.27,Gemuk
9,L,126.4,27.9,17.48,Normal
12,L,143.3,44.6,21.72,Gemuk
6,L,113.2,19.7,15.39,Normal
8,L,121.8,26.2,17.64,Normal
7,L,120.7,22.1,15.16,Normal
6,L,110.0,21.9,18.08,Gemuk
10,L,134.6,30.8,16.99,Normal
7,L,121.6,22.6,15.29,Normal
11,L,139.2,35.8,18.45,Gemuk
9,P,128.4,29.7,18.01,Gemuk
10,L,129.9,32.9,19.48,Gemuk
11,L,143.5,34.7,16.83,Normal
6,L,115.3,17.0,12.79,Kurus
12,L,147.9,38.1,17.41,Normal
8,P,126.4,27.3,17.1,Normal
6,P,113.6,21.6,16.76,Normal
10,P,130.0,35.0,20.73,Gemuk
9,L,123.0,25.3,16.72,Normal
11,P,143.9,32.4,15.63,Normal
7,P,113.0,20.6,16.15,Normal
8,L,120.0,22.9,15.94,Normal
11,P,140.0,35.5,18.12,Gemuk
9,L,132.1,30.0,17.2,Normal
10,P,130.6,29.3,17.2,Normal
9,L,127.0,27.1,16.79,Normal
7,P,119.7,20.7,14.45,Normal
11,L,139.9,32.1,16.39,Normal
11,P,139.1,36.3,18.77,Gemuk
7,L,113.0,24.8,19.42,Gemuk
12,L,145.6,36.1,17.0,Normal
7,L,118.8,20.0,14.17,Normal
7,P,116.8,18.1,13.23,Kurus
10,P,139.9,32.3,16.53,Normal
10,P,134.4,30.7,16.98,Normal
12,P,144.5,36.4,17.44,Normal
9,L,125.8,25.1,15.84,Normal
6,L,116.3,19.2,14.23,Normal
12,L,147.4,31.2,14.35,Normal
6,L,113.9,17.0,13.1,Kurus
9,P,130.9,27.7,16.14,Normal
11,P,142.3,37.8,18.66,Gemuk
6,P,115.5,19.5,14.61,Normal
6,P,110.0,17.2,14.2,Normal
10,P,137.7,26.4,13.93,Kurus
12,L,143.8,41.4,20.0,Gemuk
7,L,118.5,22.8,16.22,Normal
9,P,125.3,25.2,16.05,Normal
11,L,137.8,29.7,15.66,Normal
6,P,116.6,21.1,15.54,Normal
8,L,124.4,25.6,16.52,Normal
6,P,117.8,22.0,15.87,Normal
7,L,119.7,18.0,12.56,Kurus
10,P,132.7,32.2,18.29,Gemuk
9,P,125.0,29.3,18.77,Gemuk
6,P,113.9,20.2,15.59,Normal
10,P,134.9,30.6,16.81,Normal
11,L,139.6,34.5,17.74,Normal
7,L,117.0,25.0,18.27,Gemuk
7,L,115.1,20.3,15.33,Normal
10,P,136.1,35.4,19.1,Gemuk
8,L,122.9,21.3,14.1,Normal
10,L,133.3,26.9,15.13,Normal
10,L,133.3,34.1,19.19,Gemuk
10,L,139.2,34.8,17.96,Normal
9,P,127.0,34.0,21.08,Gemuk
6,L,112.0,21.9,17.47,Normal
6,L,114.4,22.0,16.81,Normal
7,L,118.2,24.8,17.75,Normal
10,L,131.0,29.5,17.2,Normal
9,P,124.3,23.4,15.17,Normal
9,P,127.0,28.2,17.48,Normal
11,L,143.8,36.2,17.5,Normal
12,P,144.5,35.1,16.82,Normal
12,P,142.4,39.7,19.6,Gemuk
12,L,147.4,34.0,15.63,Normal
12,P,147.6,39.3,18.04,Gemuk
11,P,142.2,33.4,16.49,Normal
12,P,147.3,42.5,19.56,Gemuk
8,P,121.6,25.0,16.88,Normal
7,L,114.3,18.8,14.39,Normal
11,P,139.1,37.5,19.38,Gemuk
10,P,133.6,31.9,17.86,Normal
10,L,135.0,29.2,16.0,Normal
9,P,125.6,28.4,18.03,Gemuk
12,P,150.9,46.8,20.54,Gemuk
12,L,145.5,38.7,18.26,Gemuk
10,P,135.1,30.8,16.88,Normal
10,L,135.8,29.8,16.16,Normal
6,L,118.0,22.0,15.8,Normal
7,P,114.8,21.0,15.94,Normal
11,P,143.7,35.4,17.13,Normal
12,L,141.6,40.5,20.17,Gemuk
12,P,141.5,38.5,19.25,Gemuk
6,P,112.5,20.1,15.84,Normal
12,P,152.0,33.1,14.31,Normal
12,L,144.3,46.1,22.16,Obesitas
9,P,131.9,26.9,15.46,Normal
10,P,136.2,31.0,16.71,Normal
11,L,141.7,35.4,17.64,Normal
11,P,139.9,34.9,17.81,Normal
11,L,141.4,33.9,16.96,Normal
8,P,124.6,25.0,16.15,Normal
10,P,130.2,33.7,19.91,Gemuk
6,L,116.4,20.3,14.97,Normal
11,L,142.7,34.2,16.78,Normal
10,L,135.2,32.9,18.01,Gemuk
6,L,114.0,21.0,16.16,Normal
7,L,117.0,22.1,16.11,Normal
9,P,127.0,28.7,17.83,Normal
8,P,124.3,23.9,15.47,Normal
12,P,144.5,37.4,17.91,Normal
12,P,145.8,42.5,19.99,Gemuk
12,P,148.6,38.1,17.26,Normal
11,L,141.5,35.1,17.53,Normal
9,L,123.0,22.9,15.17,Normal
11,L,143.0,36.3,17.75,Normal
6,L,110.8,17.0,13.85,Kurus
8,L,124.1,23.6,15.32,Normal
7,L,114.2,19.4,14.89,Normal
11,L,142.0,32.7,16.23,Normal
8,P,120.6,22.9,15.74,Normal
10,L,135.3,28.0,15.28,Normal
7,L,119.1,20.7,14.63,Normal
11,P,139.9,34.4,17.57,Normal
6,L,115.4,22.0,16.51,Normal
10,P,130.7,28.7,16.79,Normal
10,L,134.0,31.2,17.38,Normal
9,P,126.3,28.0,17.58,Normal
9,L,128.6,27.7,16.74,Normal
7,L,120.6,19.6,13.49,Kurus
12,P,143.8,40.1,19.39,Gemuk
12,P,148.5,35.3,16.02,Normal
10,L,134.1,35.1,19.56,Gemuk
8,L,123.8,21.0,13.71,Kurus
11,P,138.9,31.5,16.31,Normal
10,P,131.5,31.6,18.25,Gemuk
12,P,144.3,40.2,19.32,Gemuk
9,P,127.1,29.1,18.0,Gemuk
9,P,126.6,24.2,15.09,Normal
7,L,118.6,23.5,16.73,Normal
11,L,142.8,32.5,15.95,Normal
10,P,133.1,36.6,20.65,Gemuk
11,L,141.2,29.1,14.57,Normal
9,L,129.5,26.4,15.71,Normal
8,L,119.3,27.2,19.1,Gemuk
7,L,118.0,20.8,14.94,Normal
7,P,121.0,18.0,12.29,Kurus
10,P,133.1,30.2,17.07,Normal
11,P,142.8,39.6,19.43,Gemuk
9,L,125.0,31.0,19.87,Gemuk
8,L,123.5,24.7,16.22,Normal
6,P,117.1,21.9,16.0,Normal
6,L,116.9,18.8,13.74,Kurus
9,L,126.4,26.5,16.59,Normal
10,L,131.3,32.6,18.9,Gemuk
11,P,140.7,34.9,17.61,Normal
11,P,141.3,33.6,16.84,Normal
10,P,131.9,31.6,18.17,Gemuk
8,P,121.2,23.4,15.95,Normal
12,L,147.0,37.8,17.5,Normal
11,P,136.4,37.1,19.93,Gemuk
12,L,144.0,41.2,19.89,Gemuk
6,L,113.5,17.0,13.2,Kurus
6,P,112.4,19.3,15.3,Normal
6,L,116.2,17.0,12.59,Kurus
12,P,144.8,39.6,18.88,Gemuk
6,L,110.0,20.2,16.72,Normal
7,L,115.6,22.7,17.02,Normal
12,P,143.4,38.8,18.88,Gemuk
11,L,142.2,34.1,16.85,Normal
8,L,122.0,24.0,16.08,Normal
6,P,111.4,17.0,13.69,Kurus
11,L,142.9,32.9,16.11,Normal
12,P,147.0,42.6,19.72,Gemuk
12,L,146.6,38.4,17.89,Normal
6,L,114.3,17.0,13.01,Kurus
9,L,123.0,28.6,18.94,Gemuk
8,L,123.8,20.6,13.46,Kurus
10,P,135.5,33.3,18.16,Gemuk
7,P,122.5,18.0,12.0,Kurus
9,P,128.5,30.3,18.35,Gemuk
7,L,117.8,23.0,16.58,Normal
9,P,127.6,24.8,15.23,Normal
9,L,127.0,28.3,17.54,Normal
11,P,145.3,31.2,14.79,Normal
6,P,112.9,17.0,13.33,Kurus
12,L,148.1,40.8,18.61,Gemuk
10,L,133.8,34.0,18.98,Gemuk
11,P,140.6,34.1,17.26,Normal
12,P,145.6,36.1,17.01,Normal
7,L,115.1,20.4,15.41,Normal
9,L,128.0,26.5,16.15,Normal
8,L,123.3,29.0,19.07,Gemuk
7,L,115.7,21.8,16.28,Normal
12,L,148.4,42.0,19.08,Gemuk
12,P,146.2,35.1,16.41,Normal
9,P,128.4,29.2,17.68,Normal
12,L,151.2,36.1,15.79,Normal
12,P,145.1,37.4,17.74,Normal
6,P,118.0,21.3,15.28,Normal
11,L,143.6,38.0,18.43,Gemuk
9,P,126.3,24.8,15.56,Normal
11,L,142.9,37.1,18.16,Gemuk
7,L,118.9,23.2,16.4,Normal
11,P,143.3,30.5,14.85,Normal
11,P,136.9,30.2,16.12,Normal
8,L,123.2,26.9,17.69,Normal
8,P,122.0,20.6,13.85,Kurus
6,L,116.9,22.0,16.09,Normal
10,L,131.8,28.6,16.46,Normal
12,P,144.3,40.6,19.46,Gemuk
11,P,138.5,37.3,19.43,Gemuk
7,L,117.3,20.8,15.1,Normal
8,P,126.5,25.4,15.91,Normal
10,L,134.7,27.9,15.37,Normal
12,L,143.3,38.6,18.81,Gemuk
11,P,144.1,40.6,19.58,Gemuk
9,L,130.8,24.7,14.45,Normal
6,L,117.3,18.1,13.17,Kurus
12,L,146.6,37.9,17.61,Normal
12,L,144.1,39.5,19.01,Gemuk
7,L,120.6,25.0,17.18,Normal
9,P,125.5,22.2,14.07,Normal
12,P,147.6,40.6,18.64,Gemuk
10,P,131.9,34.2,19.66,Gemuk
9,P,123.9,28.1,18.32,Gemuk
9,L,126.3,29.3,18.38,Gemuk
9,P,123.4,25.4,16.7,Normal
12,P,146.1,38.0,17.83,Normal
12,L,147.4,47.1,21.67,Gemuk
11,L,142.0,31.2,15.49,Normal
11,P,138.0,38.7,20.31,Gemuk
10,P,139.8,33.0,16.88,Normal
7,P,115.3,24.2,18.23,Gemuk
8,L,122.5,27.0,17.96,Normal
10,L,132.9,34.2,19.38,Gemuk
7,L,122.8,18.0,11.94,Kurus
10,P,130.5,37.4,21.95,Gemuk
12,P,147.5,39.6,18.21,Gemuk
10,L,137.6,35.2,18.59,Gemuk
10,L,132.0,31.5,18.05,Gemuk
10,P,135.4,33.4,18.24,Gemuk
8,L,124.2,23.0,14.93,Normal
10,L,136.2,27.7,14.9,Normal
6,L,113.1,22.0,17.19,Normal
8,P,124.8,28.1,18.07,Gemuk
7,P,119.4,23.1,16.18,Normal
9,L,125.9,28.2,17.8,Normal
11,P,141.7,34.2,17.02,Normal
12,L,143.9,42.2,20.41,Gemuk
6,L,112.8,22.0,17.28,Normal
6,P,112.6,20.5,16.14,Normal
6,P,116.9,20.5,15.03,Normal
11,L,137.5,35.8,18.92,Gemuk
11,P,140.5,40.4,20.48,Gemuk
8,P,122.5,27.0,18.03,Gemuk
11,L,139.2,40.0,20.65,Gemuk
10,L,138.8,30.1,15.62,Normal
8,L,126.2,27.3,17.13,Normal
9,L,132.3,29.3,16.74,Normal
11,P,143.5,32.8,15.93,Normal
10,L,129.5,28.7,17.13,Normal
10,P,139.3,30.7,15.81,Normal
8,P,119.6,25.2,17.6,Normal
11,P,137.6,36.0,19.0,Gemuk
11,L,140.7,38.4,19.4,Gemuk
10,L,134.2,28.4,15.78,Normal
8,L,123.6,25.0,16.36,Normal
11,P,140.6,33.4,16.88,Normal
6,P,112.9,17.5,13.7,Kurus
10,P,134.6,26.4,14.54,Normal
11,P,142.4,38.3,18.89,Gemuk
7,L,119.6,25.0,17.47,Normal
8,L,125.4,28.6,18.2,Gemuk
10,P,134.7,38.0,20.92,Gemuk
12,P,143.6,33.7,16.32,Normal
8,P,127.0,28.4,17.61,Normal
10,P,129.6,28.3,16.88,Normal
9,L,124.6,29.1,18.75,Gemuk
12,P,147.5,38.5,17.66,Normal
8,L,121.7,26.1,17.63,Normal
12,P,146.5,42.5,19.8,Gemuk
12,P,145.0,36.5,17.38,Normal
10,L,135.6,27.5,14.95,Normal
9,L,129.3,31.7,18.93,Gemuk
6,P,117.3,22.0,15.98,Normal
9,P,126.7,28.7,17.86,Normal
12,L,142.8,36.2,17.72,Normal
6,L,115.0,19.5,14.77,Normal
12,L,145.3,39.6,18.77,Gemuk
8,P,123.4,21.0,13.77,Kurus
9,P,128.0,26.9,16.41,Normal
10,P,132.2,30.4,17.4,Normal
10,P,135.6,36.4,19.81,Gemuk
9,P,126.1,26.4,16.59,Normal
10,P,131.8,28.6,16.49,Normal
6,L,117.5,20.6,14.91,Normal
8,L,127.5,29.0,17.84,Normal
8,P,125.5,25.3,16.08,Normal
11,L,141.8,34.3,17.07,Normal
6,L,116.1,21.2,15.74,Normal
7,P,117.4,23.6,17.13,Normal
11,P,137.8,34.0,17.9,Normal
12,P,145.7,42.4,19.99,Gemuk
7,L,116.4,21.3,15.71,Normal
6,L,115.2,21.7,16.36,Normal
6,L,114.0,18.4,14.13,Normal
9,P,123.0,27.7,18.34,Gemuk
8,P,118.0,26.4,18.99,Gemuk
7,P,118.4,22.1,15.75,Normal
12,P,145.9,38.7,18.21,Gemuk
11,L,142.7,30.2,14.84,Normal
7,P,118.4,20.3,14.51,Normal
10,L,133.2,29.7,16.75,Normal
9,L,127.3,25.7,15.84,Normal
9,L,129.5,24.5,14.62,Normal
6,L,112.8,18.0,14.19,Normal
9,L,127.4,30.6,18.83,Gemuk
9,L,127.8,27.8,17.01,Normal
12,P,147.7,36.7,16.8,Normal
10,P,131.3,29.7,17.21,Normal
11,P,139.4,35.9,18.46,Gemuk
11,L,142.0,38.8,19.23,Gemuk
7,P,122.3,19.9,13.3,Kurus
9,L,129.3,27.8,16.63,Normal
12,P,147.8,39.3,17.98,Normal
8,P,121.5,29.0,19.66,Gemuk
11,L,139.7,33.3,17.08,Normal
12,P,148.0,41.9,19.12,Gemuk
9,L,123.8,27.0,17.59,Normal
8,P,125.9,26.9,16.97,Normal
7,P,121.0,20.4,13.95,Kurus
7,L,122.2,20.4,13.66,Kurus
8,P,119.9,25.4,17.69,Normal
6,L,114.9,21.6,16.36,Normal
11,L,142.5,34.3,16.88,Normal
7,P,119.5,18.6,13.04,Kurus
11,L,139.9,41.0,20.98,Gemuk
7,P,115.5,23.2,17.38,Normal
8,P,120.4,24.8,17.1,Normal
6,L,111.5,19.8,15.94,Normal
6,L,112.6,17.0,13.42,Kurus
12,L,146.2,39.4,18.42,Gemuk
8,L,124.4,21.2,13.67,Kurus
10,P,128.0,27.8,16.97,Normal
8,L,126.6,25.7,16.05,Normal
6,L,114.6,18.6,14.14,Normal
7,L,120.8,18.0,12.33,Kurus
8,P,123.3,25.8,16.97,Normal
7,P,116.0,25.0,18.56,Gemuk
9,P,130.7,23.7,13.85,Kurus
10,P,132.8,25.0,14.17,Normal
9,P,130.4,23.8,14.0,Normal
8,L,122.4,24.3,16.21,Normal
12,L,145.7,37.1,17.48,Normal
10,P,136.8,32.8,17.52,Normal
10,L,133.6,32.5,18.23,Gemuk
11,L,142.1,34.6,17.16,Normal
8,P,124.8,23.3,14.98,Normal
12,L,143.3,42.0,20.42,Gemuk
10,P,136.1,27.2,14.7,Normal
11,P,138.8,36.6,19.02,Gemuk
7,L,118.5,19.1,13.58,Kurus
6,L,112.7,20.5,16.12,Normal
7,L,118.3,21.0,15.04,Normal
10,P,131.5,31.4,18.15,Gemuk
10,P,131.2,27.2,15.83,Normal
12,L,143.6,37.5,18.16,Gemuk
7,P,113.0,21.9,17.13,Normal
11,P,141.4,36.1,18.03,Gemuk
11,P,139.5,31.4,16.13,Normal
10,L,134.1,33.8,18.81,Gemuk
11,L,139.6,36.7,18.82,Gemuk
8,P,127.9,21.3,13.03,Kurus
9,P,124.5,27.3,17.61,Normal
10,L,128.1,32.2,19.66,Gemuk
12,P,149.7,44.6,19.92,Gemuk
8,P,124.2,24.3,15.76,Normal
10,L,135.7,31.4,17.05,Normal
6,L,111.0,19.3,15.69,Normal
7,L,115.9,24.6,18.31,Gemuk
6,L,115.9,21.9,16.34,Normal
7,P,118.3,18.8,13.48,Kurus
9,L,125.3,25.8,16.41,Normal
12,P,143.7,35.7,17.28,Normal
9,P,132.2,27.4,15.7,Normal
9,P,128.5,29.0,17.59,Normal
12,P,145.8,38.6,18.16,Gemuk
9,L,127.8,29.1,17.83,Normal
7,L,118.6,21.0,14.92,Normal
7,L,117.3,18.2,13.25,Kurus
10,P,132.1,30.2,17.28,Normal
12,P,140.0,41.2,21.03,Gemuk
9,L,130.5,29.9,17.54,Normal
6,L,111.1,17.0,13.78,Kurus
11,P,139.8,36.6,18.72,Gemuk
9,L,125.0,28.7,18.38,Gemuk
8,L,122.6,25.0,16.66,Normal
10,L,135.2,29.0,15.89,Normal
10,L,133.1,34.2,19.29,Gemuk
7,P,120.3,20.8,14.4,Normal
9,P,132.8,32.6,18.47,Gemuk
12,L,146.5,31.5,14.68,Normal
10,P,133.4,35.3,19.86,Gemuk
10,P,135.6,38.0,20.66,Gemuk
7,P,118.9,18.0,12.73,Kurus
7,L,119.6,20.2,14.12,Normal
7,L,120.2,18.0,12.45,Kurus
12,L,149.3,35.0,15.68,Normal
7,L,113.3,19.6,15.27,Normal
12,L,141.9,41.9,20.81,Gemuk
7,P,118.4,21.1,15.08,Normal
12,L,148.2,37.0,16.86,Normal
11,P,142.5,34.7,17.11,Normal
11,P,137.4,30.8,16.31,Normal
8,L,123.0,24.6,16.26,Normal
6,L,110.0,17.2,14.2,Normal
12,P,145.8,35.0,16.47,Normal
9,P,127.9,27.6,16.83,Normal
10,P,134.5,31.0,17.17,Normal
12,L,147.2,36.8,17.0,Normal
7,P,118.9,18.0,12.73,Kurus
11,L,139.6,37.4,19.2,Gemuk
7,L,121.0,19.2,13.13,Kurus
9,P,130.1,34.0,20.08,Gemuk
12,L,146.0,36.3,17.04,Normal
12,L,149.0,35.1,15.82,Normal
8,P,118.7,24.9,17.66,Normal
7,P,115.3,21.6,16.25,Normal
7,P,119.0,18.0,12.72,Kurus
11,L,143.5,31.0,15.07,Normal
11,L,139.1,34.7,17.95,Normal
12,L,146.1,41.0,19.23,Gemuk
9,P,123.0,22.0,14.54,Normal
6,L,114.5,19.4,14.78,Normal
8,P,119.9,29.0,20.17,Gemuk
11,L,138.7,31.5,16.34,Normal
10,P,134.6,30.9,17.08,Normal
9,P,123.0,34.0,22.47,Obesitas
7,P,121.1,18.0,12.28,Kurus
9,P,123.0,29.1,19.22,Gemuk
11,P,146.1,33.8,15.86,Normal
9,P,132.7,27.2,15.46,Normal
11,L,138.2,34.1,17.86,Normal
9,P,127.1,29.9,18.5,Gemuk
10,P,138.6,36.2,18.87,Gemuk
7,L,119.4,20.6,14.45,Normal
6,P,113.0,22.0,17.23,Normal
9,L,132.5,24.4,13.89,Kurus
10,P,133.2,27.9,15.74,Normal
8,P,119.4,21.3,14.96,Normal
10,L,133.2,30.3,17.09,Normal
9,L,133.0,26.2,14.79,Normal
8,L,124.2,29.0,18.81,Gemuk
10,L,135.2,32.9,18.0,Gemuk
10,L,133.8,30.6,17.11,Normal
9,L,130.6,27.4,16.08,Normal
6,L,115.2,18.2,13.74,Kurus
10,P,135.3,30.3,16.53,Normal
10,L,133.7,31.7,17.74,Normal
9,P,131.7,31.2,18.02,Gemuk
12,L,141.7,41.2,20.5,Gemuk
10,P,131.4,32.2,18.65,Gemuk
7,L,120.6,23.8,16.36,Normal
11,P,143.1,37.9,18.49,Gemuk
11,L,138.5,34.9,18.2,Gemuk
8,L,123.2,25.7,16.93,Normal
6,P,112.4,17.2,13.58,Kurus
12,L,150.2,47.8,21.18,Gemuk
9,P,128.6,25.8,15.64,Normal
9,P,127.2,29.0,17.95,Normal
7,P,122.2,18.0,12.06,Kurus
12,L,143.4,39.3,19.1,Gemuk
11,P,139.4,35.8,18.43,Gemuk
7,L,120.8,25.0,17.12,Normal
10,L,133.8,27.2,15.21,Normal
6,P,116.9,17.0,12.44,Kurus
6,L,115.8,22.0,16.41,Normal
7,P,122.0,23.5,15.8,Normal
11,P,145.6,36.9,17.43,Normal
8,L,123.4,24.3,15.97,Normal
7,L,117.8,24.2,17.45,Normal
11,P,142.3,34.7,17.13,Normal
10,L,135.8,33.2,17.97,Normal
10,P,134.8,31.3,17.23,Normal
10,P,129.0,32.0,19.26,Gemuk
8,P,123.2,20.0,13.17,Kurus
12,P,145.1,38.1,18.09,Gemuk
7,L,122.7,18.0,11.96,Kurus
8,L,126.1,25.7,16.16,Normal
7,L,116.5,19.7,14.5,Normal
11,L,140.9,41.3,20.81,Gemuk
8,P,122.8,23.3,15.45,Normal
8,L,126.2,26.6,16.72,Normal
10,L,134.3,31.9,17.71,Normal
9,L,128.8,30.2,18.19,Gemuk
8,P,124.5,27.5,17.77,Normal
7,L,118.3,18.0,12.85,Kurus
12,P,143.9,38.1,18.42,Gemuk
10,P,136.7,30.5,16.29,Normal
9,L,128.2,29.0,17.63,Normal
12,P,151.4,36.0,15.7,Normal
12,L,147.2,39.1,18.06,Gemuk
12,P,145.6,36.8,17.33,Normal
6,P,115.7,17.0,12.69,Kurus
9,L,127.1,26.8,16.6,Normal
6,L,110.0,22.0,18.18,Gemuk
8,P,125.5,21.5,13.64,Kurus
10,L,137.0,29.0,15.44,Normal
6,L,110.9,22.0,17.87,Normal
8,L,125.4,20.0,12.71,Kurus
10,L,135.3,34.8,19.03,Gemuk
12,L,145.6,38.0,17.94,Normal
11,P,140.5,39.4,19.95,Gemuk
10,P,134.5,35.5,19.59,Gemuk
8,P,122.8,26.3,17.45,Normal
6,L,112.3,17.0,13.47,Kurus
6,L,116.7,21.5,15.81,Normal
11,L,145.5,35.7,16.88,Normal
7,P,117.1,18.6,13.58,Kurus
7,P,117.1,25.0,18.24,Gemuk
10,L,132.0,32.9,18.87,Gemuk
7,P,119.6,18.2,12.71,Kurus
11,L,142.2,38.6,19.06,Gemuk
10,P,136.7,31.6,16.9,Normal
7,L,119.0,22.7,16.05,Normal
6,L,115.4,18.4,13.81,Kurus
12,L,146.0,35.8,16.78,Normal
12,L,147.1,40.9,18.93,Gemuk
8,L,123.3,27.3,17.97,Normal
11,L,142.0,34.7,17.21,Normal
6,L,114.9,20.5,15.54,Normal
8,L,126.3,26.3,16.5,Normal
8,L,121.6,23.5,15.9,Normal
11,P,140.3,36.4,18.47,Gemuk
7,L,120.8,22.7,15.58,Normal
7,L,115.5,20.6,15.48,Normal
12,P,143.8,41.4,20.05,Gemuk
8,L,119.0,22.4,15.79,Normal
10,L,134.6,27.8,15.36,Normal
6,P,116.6,22.0,16.19,Normal
8,P,120.6,22.9,15.73,Normal
7,L,119.4,19.1,13.38,Kurus
11,P,143.0,34.5,16.86,Normal
10,P,138.9,26.4,13.69,Kurus
10,L,137.4,34.9,18.48,Gemuk
9,P,127.0,30.3,18.77,Gemuk
12,L,145.3,37.1,17.59,Normal
7,P,119.2,25.0,17.59,Normal
8,P,125.3,24.4,15.52,Normal
8,P,123.7,22.5,14.68,Normal
10,P,131.9,28.2,16.21,Normal
6,P,116.3,19.3,14.3,Normal
8,L,123.2,29.0,19.11,Gemuk
10,L,130.5,36.0,21.1,Gemuk
12,L,147.6,38.6,17.7,Normal
9,P,133.0,33.1,18.7,Gemuk
6,P,115.3,21.8,16.44,Normal
9,L,127.3,27.6,17.04,Normal
11,P,144.5,35.5,17.0,Normal
7,L,118.4,19.9,14.19,Normal
8,P,123.6,21.2,13.91,Kurus
6,P,110.8,18.2,14.83,Normal
11,P,137.5,28.0,14.82,Normal
6,L,112.0,17.7,14.15,Normal
9,P,128.3,27.9,16.97,Normal
10,L,135.7,36.5,19.83,Gemuk
7,L,120.2,18.0,12.45,Kurus
7,P,113.7,21.4,16.57,Normal
10,L,136.7,26.5,14.19,Normal
11,L,143.2,37.8,18.42,Gemuk
10,P,133.1,33.5,18.89,Gemuk
8,L,120.5,23.1,15.92,Normal
7,L,118.4,19.8,14.14,Normal
6,L,114.5,21.2,16.18,Normal
9,L,129.6,32.9,19.62,Gemuk
12,P,146.8,45.6,21.14,Gemuk
10,P,135.4,33.3,18.15,Gemuk
12,P,150.0,41.4,18.4,Gemuk
6,P,115.4,21.2,15.91,Normal
12,P,145.5,40.3,19.04,Gemuk
8,P,125.3,27.9,17.76,Normal
8,P,124.1,27.3,17.71,Normal
7,L,119.5,25.0,17.5,Normal
8,L,124.5,23.5,15.16,Normal
12,L,146.9,35.4,16.42,Normal
8,P,124.0,29.0,18.85,Gemuk
12,L,142.6,37.0,18.18,Gemuk
10,P,137.9,36.1,19.0,Gemuk
9,P,127.0,29.4,18.25,Gemuk
7,P,113.1,18.0,14.08,Normal
11,P,140.4,38.6,19.59,Gemuk
9,L,124.5,25.4,16.37,Normal
6,P,110.3,19.7,16.17,Normal
9,P,126.9,27.1,16.81,Normal
11,P,138.5,41.8,21.83,Gemuk
8,P,126.7,23.8,14.81,Normal
10,P,132.9,30.3,17.14,Normal
7,L,117.7,25.0,18.05,Gemuk
9,L,128.3,29.0,17.61,Normal
8,P,122.3,24.7,16.49,Normal
8,P,121.8,24.2,16.29,Normal
9,L,129.5,28.0,16.66,Normal
9,P,129.3,27.3,16.33,Normal
12,L,147.7,43.3,19.85,Gemuk
12,L,147.5,40.0,18.38,Gemuk
6,P,115.1,21.3,16.07,Normal
6,L,114.1,17.9,13.77,Kurus
7,P,118.4,21.8,15.57,Normal
8,P,123.2,25.7,16.93,Normal
6,L,114.6,17.9,13.59,Kurus
6,P,113.0,21.6,16.93,Normal
11,L,139.1,33.4,17.26,Normal
8,L,119.1,26.2,18.48,Gemuk
8,L,122.4,25.2,16.85,Normal
10,L,133.4,31.1,17.49,Normal
10,P,136.4,31.5,16.94,Normal
10,P,137.7,35.3,18.62,Gemuk
11,L,146.1,34.8,16.34,Normal
9,L,123.2,28.3,18.66,Gemuk
9,L,131.8,27.1,15.57,Normal
10,P,133.4,33.1,18.61,Gemuk
9,P,130.5,29.1,17.06,Normal
10,P,132.3,35.6,20.37,Gemuk
7,L,116.8,20.1,14.76,Normal
11,L,145.3,33.9,16.06,Normal
12,P,149.2,32.5,14.58,Normal
7,L,114.5,25.0,19.08,Gemuk
9,P,128.3,30.7,18.66,Gemuk
11,L,143.8,35.3,17.08,Normal
12,L,150.1,36.9,16.38,Normal
11,L,138.8,36.5,18.93,Gemuk
6,L,111.5,18.4,14.8,Normal
8,P,126.1,24.5,15.42,Normal
8,L,122.9,22.0,14.54,Normal
12,L,146.9,35.8,16.62,Normal
6,P,116.7,22.0,16.15,Normal
8,P,120.8,24.5,16.78,Normal
8,L,122.5,29.0,19.31,Gemuk
12,L,147.1,37.5,17.32,Normal
10,L,133.1,33.8,19.07,Gemuk
10,P,132.5,32.5,18.49,Gemuk
8,P,127.3,26.6,16.44,Normal
9,L,131.2,25.4,14.75,Normal
7,L,116.6,18.0,13.23,Kurus
6,L,114.3,17.0,13.01,Kurus
7,P,118.9,18.0,12.74,Kurus
12,L,146.2,37.1,17.36,Normal
10,P,131.8,32.4,18.68,Gemuk
8,P,122.0,21.2,14.22,Normal
8,P,125.3,27.1,17.24,Normal
11,L,143.0,36.9,18.03,Gemuk
12,P,147.4,41.1,18.9,Gemuk
6,P,112.3,19.2,15.24,Normal
6,L,118.0,22.0,15.8,Normal
12,P,148.3,41.1,18.7,Gemuk
11,P,141.9,39.9,19.82,Gemuk
11,P,141.0,37.1,18.63,Gemuk
10,L,134.4,31.6,17.52,Normal
6,P,114.0,21.5,16.55,Normal
8,L,124.9,21.0,13.48,Kurus
7,P,115.0,25.0,18.9,Gemuk
7,P,118.4,24.7,17.6,Normal
8,P,121.5,20.0,13.55,Kurus
8,L,122.1,23.2,15.58,Normal
9,P,127.4,30.5,18.75,Gemuk
12,P,147.7,39.6,18.12,Gemuk
10,L,133.7,34.4,19.27,Gemuk
12,P,147.1,42.3,19.55,Gemuk
8,P,123.1,20.7,13.67,Kurus
10,P,133.3,28.6,16.09,Normal
6,P,116.9,22.0,16.1,Normal
6,L,115.8,21.6,16.1,Normal
7,L,114.7,19.0,14.46,Normal
11,P,144.5,33.7,16.16,Normal
10,L,138.8,34.1,17.7,Normal
8,L,125.2,24.7,15.76,Normal
8,L,123.6,22.4,14.68,Normal
11,L,140.9,37.1,18.7,Gemuk
12,P,147.8,37.2,17.06,Normal
7,L,113.0,18.0,14.1,Normal
8,P,121.7,27.3,18.44,Gemuk
9,P,128.2,30.9,18.81,Gemuk
10,P,134.7,31.7,17.49,Normal
11,L,140.8,37.8,19.08,Gemuk
6,L,113.3,19.8,15.38,Normal
12,L,144.7,41.1,19.62,Gemuk
11,P,139.8,31.1,15.91,Normal
8,P,122.5,24.9,16.61,Normal
8,L,123.3,22.6,14.86,Normal
10,L,135.9,29.6,16.02,Normal
9,P,124.6,27.8,17.95,Normal
7,P,116.5,18.0,13.26,Kurus
7,L,118.1,22.2,15.89,Normal
8,L,121.9,21.5,14.46,Normal
11,P,139.4,34.5,17.76,Normal
6,L,110.1,19.5,16.09,Normal
6,P,115.8,18.8,14.04,Normal
7,L,114.7,25.0,19.01,Gemuk
10,L,135.5,31.1,16.91,Normal
9,P,127.9,30.1,18.42,Gemuk
9,P,124.4,22.6,14.59,Normal
11,P,140.8,35.1,17.69,Normal
9,L,127.7,28.1,17.22,Normal
8,P,123.8,25.6,16.7,Normal
12,P,145.6,36.8,17.37,Normal
7,P,123.0,25.0,16.52,Normal
7,L,119.2,25.0,17.58,Normal
12,P,147.9,44.0,20.11,Gemuk
10,P,132.1,32.2,18.47,Gemuk
6,L,114.3,17.0,13.01,Kurus
10,P,136.1,30.8,16.62,Normal
7,L,117.7,23.5,17.0,Normal
7,L,117.9,25.0,17.98,Normal
6,L,114.3,21.4,16.36,Normal
10,P,133.6,28.9,16.22,Normal
9,L,130.9,31.8,18.57,Gemuk
12,L,145.9,39.7,18.63,Gemuk
8,P,123.9,25.9,16.88,Normal
7,P,118.7,19.9,14.14,Normal
9,P,129.6,27.4,16.29,Normal
6,L,113.9,17.0,13.1,Kurus
8,L,123.6,26.9,17.6,Normal
8,L,120.8,23.0,15.74,Normal
11,L,141.2,36.3,18.21,Gemuk
12,P,151.8,43.1,18.72,Gemuk
8,L,118.8,26.4,18.67,Gemuk
7,P,120.9,18.6,12.73,Kurus
10,P,129.8,31.5,18.69,Gemuk
8,P,126.5,24.1,15.04,Normal
8,L,125.0,24.0,15.37,Normal
11,L,140.4,34.5,17.53,Normal
6,P,115.8,17.0,12.68,Kurus
12,P,149.8,34.5,15.37,Normal
7,L,120.2,25.0,17.31,Normal
9,P,123.4,22.0,14.45,Normal
6,P,114.7,17.3,13.14,Kurus
9,L,126.2,29.9,18.79,Gemuk
10,L,136.0,27.7,14.99,Normal
12,P,145.8,38.9,18.27,Gemuk
9,L,124.5,30.6,19.77,Gemuk
12,L,144.5,42.0,20.14,Gemuk
12,L,146.4,39.7,18.53,Gemuk
10,P,139.1,30.1,15.56,Normal
12,L,144.9,35.0,16.67,Normal
9,P,127.6,27.0,16.62,Normal
9,P,123.0,23.8,15.72,Normal
8,L,125.1,29.0,18.53,Gemuk
10,L,135.2,30.3,16.59,Normal
11,L,143.3,40.4,19.66,Gemuk
8,L,128.0,25.0,15.27,Normal
10,P,135.5,30.7,16.69,Normal
12,P,144.8,35.8,17.07,Normal
7,P,117.0,25.0,18.27,Gemuk
7,P,116.4,22.1,16.34,Normal
11,L,141.2,37.5,18.8,Gemuk
12,L,145.4,35.1,16.62,Normal
6,L,115.1,22.0,16.61,Normal
7,P,120.3,22.2,15.35,Normal
8,P,123.9,25.5,16.58,Normal
12,P,143.3,43.7,21.27,Gemuk
8,P,121.8,24.7,16.63,Normal
10,P,132.9,28.2,15.98,Normal
9,L,128.3,28.9,17.53,Normal
8,L,121.8,22.7,15.28,Normal
7,L,117.8,23.1,16.64,Normal
6,L,116.9,22.0,16.1,Normal
9,P,128.4,34.0,20.62,Gemuk
10,L,131.7,31.1,17.93,Normal
7,L,118.6,18.0,12.8,Kurus
11,P,138.4,39.2,20.48,Gemuk
9,P,126.8,29.6,18.38,Gemuk
8,P,118.6,29.0,20.63,Gemuk
9,P,130.5,34.0,19.96,Gemuk
7,P,123.0,21.6,14.29,Normal
10,L,131.5,25.0,14.46,Normal
7,P,116.1,21.1,15.66,Normal
9,P,125.4,23.4,14.88,Normal
9,P,124.2,23.8,15.44,Normal
9,L,129.7,30.5,18.15,Gemuk
9,P,129.3,26.9,16.09,Normal
12,P,148.1,35.0,15.95,Normal
12,L,151.1,37.3,16.36,Normal
11,L,141.1,39.9,20.05,Gemuk
11,P,142.2,33.9,16.77,Normal
8,L,121.6,24.0,16.23,Normal
9,P,126.2,22.5,14.13,Normal
10,P,134.8,32.8,18.05,Gemuk
7,P,115.6,25.0,18.7,Gemuk
7,P,114.7,18.3,13.92,Kurus
8,P,127.4,28.2,17.4,Normal
8,P,122.4,26.9,17.93,Normal
12,P,147.1,36.6,16.91,Normal
9,P,131.0,26.5,15.47,Normal
10,P,133.8,28.2,15.77,Normal
7,P,113.7,21.1,16.3,Normal
6,P,112.9,17.0,13.34,Kurus
8,L,121.9,21.8,14.67,Normal
11,P,143.3,33.0,16.08,Normal
11,P,140.7,37.2,18.8,Gemuk
11,L,140.1,39.2,19.94,Gemuk
6,L,115.3,17.0,12.79,Kurus
9,L,130.2,25.0,14.74,Normal
8,L,127.0,24.8,15.36,Normal
12,L,141.2,42.7,21.41,Gemuk
7,L,118.6,23.8,16.94,Normal
6,L,114.5,17.0,12.97,Kurus
6,L,115.5,20.4,15.27,Normal
11,P,141.6,38.9,19.41,Gemuk
7,L,117.3,21.9,15.91,Normal
8,P,123.7,26.7,17.45,Normal
8,P,123.3,21.6,14.19,Normal
6,P,110.0,17.0,14.05,Normal
8,L,125.3,28.2,17.98,Normal
8,P,120.9,20.4,13.98,Kurus
8,L,125.2,24.7,15.8,Normal
10,L,132.6,30.0,17.06,Normal
9,P,128.3,29.6,18.0,Normal
8,L,121.2,22.8,15.56,Normal
7,P,121.8,19.7,13.3,Kurus
10,P,140.0,30.8,15.72,Normal
7,P,117.5,21.3,15.46,Normal
10,P,134.7,28.7,15.8,Normal
10,L,130.0,29.0,17.16,Normal
9,P,125.6,26.9,17.04,Normal
6,P,112.3,17.1,13.56,Kurus
6,L,114.2,18.0,13.81,Kurus
10,P,130.6,25.0,14.66,Normal
12,L,149.8,36.3,16.19,Normal
8,L,120.0,20.0,13.89,Kurus
7,L,119.4,20.0,14.02,Normal
8,P,121.1,22.4,15.27,Normal
10,L,133.2,30.2,17.03,Normal
9,P,124.3,24.2,15.65,Normal
6,P,117.1,21.5,15.69,Normal
11,L,138.6,37.0,19.25,Gemuk
8,P,121.0,28.4,19.43,Gemuk
6,P,114.2,19.1,14.68,Normal
7,L,120.4,19.2,13.24,Kurus
6,L,111.9,17.4,13.85,Kurus
11,P,138.0,33.4,17.55,Normal
7,L,116.8,24.5,17.95,Normal
12,P,145.7,36.6,17.24,Normal
6,P,115.6,18.5,13.81,Kurus
6,P,116.4,22.0,16.23,Normal
11,L,143.2,41.4,20.18,Gemuk
6,P,118.0,18.1,13.02,Kurus
11,P,135.0,33.6,18.46,Gemuk
12,L,146.6,37.3,17.34,Normal
12,P,144.6,39.8,19.02,Gemuk
7,P,118.0,21.1,15.18,Normal
9,L,128.3,34.0,20.64,Gemuk
7,P,113.4,20.4,15.89,Normal
9,P,126.8,30.5,18.97,Gemuk
9,L,129.1,24.9,14.92,Normal
11,L,139.2,40.5,20.91,Gemuk
6,P,114.8,18.4,13.99,Kurus
6,P,110.7,19.8,16.16,Normal
7,P,118.7,23.4,16.59,Normal
11,L,142.3,37.9,18.73,Gemuk
11,P,138.0,37.0,19.44,Gemuk
9,L,128.0,27.6,16.85,Normal
6,P,112.0,22.0,17.55,Normal
9,P,130.4,30.4,17.89,Normal
7,P,120.5,24.2,16.63,Normal
6,L,114.4,22.0,16.79,Normal
9,L,123.8,31.6,20.61,Gemuk
6,P,110.0,21.7,17.93,Normal
6,L,116.2,22.0,16.28,Normal
10,P,132.7,33.6,19.1,Gemuk
9,L,133.0,27.3,15.43,Normal
12,P,143.8,43.7,21.15,Gemuk
7,P,119.2,25.0,17.58,Normal
10,L,128.6,37.3,22.55,Obesitas
12,L,145.8,37.4,17.6,Normal
8,P,122.4,25.1,16.73,Normal
7,P,118.1,18.5,13.25,Kurus
7,L,116.6,19.2,14.08,Normal
11,L,141.4,40.5,20.27,Gemuk
11,P,138.0,35.4,18.59,Gemuk
12,P,147.5,34.9,16.02,Normal
7,L,118.8,18.2,12.93,Kurus
11,L,140.1,31.3,15.94,Normal
11,L,142.5,40.7,20.05,Gemuk
8,P,122.1,27.8,18.68,Gemuk
11,P,145.8,37.5,17.64,Normal
7,L,118.7,19.9,14.15,Normal
8,L,125.7,25.0,15.8,Normal
8,L,121.4,20.2,13.74,Kurus
10,L,134.5,31.3,17.33,Normal
7,L,115.5,22.4,16.81,Normal
12,L,150.4,44.4,19.62,Gemuk
8,P,127.1,23.8,14.73,Normal
6,L,114.2,22.0,16.87,Normal
7,P,113.6,18.4,14.3,Normal
12,L,148.7,36.3,16.42,Normal
8,L,122.8,24.1,15.99,Normal
7,P,117.3,23.5,17.08,Normal
12,L,152.0,40.3,17.46,Normal
6,P,115.3,20.8,15.68,Normal
12,P,148.6,33.6,15.23,Normal
7,P,115.7,18.0,13.47,Kurus
6,L,118.0,17.0,12.21,Kurus
11,P,140.3,38.0,19.28,Gemuk
11,P,137.0,36.2,19.28,Gemuk
9,L,123.0,29.0,19.15,Gemuk
7,P,115.1,18.4,13.89,Kurus
8,L,119.5,29.0,20.31,Gemuk
11,L,140.0,37.3,19.02,Gemuk
9,P,129.7,26.3,15.62,Normal
11,L,140.8,35.2,17.75,Normal
8,P,121.5,27.2,18.39,Gemuk
11,L,142.3,34.7,17.17,Normal
10,P,135.9,31.2,16.9,Normal
6,L,115.7,19.2,14.34,Normal
6,P,115.6,17.0,12.72,Kurus
7,P,117.1,23.6,17.21,Normal
10,L,132.9,37.7,21.33,Gemuk
10,L,137.7,26.6,14.01,Normal
11,P,141.9,34.6,17.19,Normal
7,L,118.0,24.6,17.66,Normal
6,L,111.9,19.0,15.2,Normal
7,L,117.4,19.6,14.22,Normal
10,L,135.9,33.9,18.36,Gemuk
12,L,147.8,41.0,18.76,Gemuk
12,L,142.8,38.8,19.04,Gemuk
9,P,133.0,29.2,16.48,Normal
11,L,141.1,39.2,19.7,Gemuk
6,L,116.4,19.0,14.0,Kurus
9,P,123.6,34.0,22.25,Obesitas
10,L,133.9,33.7,18.83,Gemuk
11,L,143.6,32.3,15.67,Normal
7,P,116.5,24.0,17.68,Normal
8,P,119.6,20.4,14.28,Normal
8,P,121.2,27.4,18.67,Gemuk
11,P,145.3,32.5,15.41,Normal
8,P,124.4,26.2,16.94,Normal
7,P,121.7,18.0,12.16,Kurus
11,L,145.4,30.7,14.55,Normal
12,P,144.7,42.9,20.48,Gemuk
7,P,120.2,22.0,15.19,Normal
7,P,114.1,25.0,19.21,Gemuk
9,L,132.3,26.7,15.24,Normal
11,L,137.5,31.1,16.49,Normal
7,L,120.4,18.0,12.42,Kurus
8,L,122.7,23.5,15.6,Normal
9,P,130.1,29.2,17.23,Normal
7,L,117.6,23.5,17.02,Normal
11,P,141.6,34.6,17.26,Normal
7,L,118.1,22.8,16.35,Normal
11,L,137.7,35.0,18.49,Gemuk
6,P,112.8,17.0,13.37,Kurus
6,L,118.0,17.0,12.21,Kurus
8,P,123.2,24.3,16.0,Normal
8,P,126.1,24.0,15.08,Normal
12,P,148.7,37.7,17.05,Normal
12,P,141.6,40.8,20.35,Gemuk
9,L,130.5,22.0,12.92,Kurus
6,L,112.6,17.0,13.4,Kurus
8,L,123.3,20.9,13.78,Kurus
11,P,139.7,36.7,18.8,Gemuk
6,P,115.0,21.1,15.99,Normal
6,P,115.8,17.0,12.67,Kurus
8,L,120.1,23.8,16.5,Normal
11,L,140.0,32.2,16.43,Normal
12,L,146.2,42.4,19.85,Gemuk
11,L,139.9,37.8,19.35,Gemuk
6,P,115.3,22.0,16.54,Normal
12,P,147.4,40.3,18.56,Gemuk
10,P,133.5,29.1,16.36,Normal
9,P,128.3,23.6,14.34,Normal
6,P,115.2,17.0,12.81,Kurus
6,L,118.0,18.1,13.03,Kurus
10,P,135.1,38.0,20.83,Gemuk
7,P,123.0,22.6,14.96,Normal
6,P,112.9,22.0,17.27,Normal
10,L,130.7,34.0,19.91,Gemuk
6,P,114.1,22.0,16.9,Normal
12,L,146.7,44.5,20.65,Gemuk
9,P,130.4,28.1,16.51,Normal
10,P,136.5,34.5,18.48,Gemuk
7,L,121.0,21.7,14.84,Normal
9,P,127.7,28.6,17.55,Normal
11,L,140.1,35.5,18.07,Gemuk
11,P,141.3,34.4,17.26,Normal
6,P,110.0,17.0,14.05,Normal
10,L,133.5,33.9,19.04,Gemuk
11,L,144.9,37.9,18.05,Gemuk
11,L,139.8,37.8,19.35,Gemuk
8,L,123.1,24.3,16.02,Normal
12,L,151.6,35.3,15.34,Normal
12,L,144.6,35.1,16.77,Normal
8,P,121.1,22.9,15.63,Normal
8,P,124.8,23.9,15.35,Normal
11,P,141.8,34.9,17.35,Normal
10,L,134.7,35.5,19.53,Gemuk
10,P,134.4,37.1,20.5,Gemuk
12,L,143.0,38.1,18.64,Gemuk
12,P,144.8,40.3,19.23,Gemuk
9,L,126.4,22.0,13.77,Kurus
9,L,125.3,31.7,20.15,Gemuk
8,L,119.7,20.0,13.97,Kurus
9,P,127.8,22.3,13.62,Kurus
8,P,121.8,23.7,15.95,Normal
7,P,114.7,18.0,13.68,Kurus
12,L,144.7,35.0,16.73,Normal
6,L,112.8,17.3,13.6,Kurus
8,P,121.9,27.8,18.68,Gemuk
6,L,112.9,17.0,13.34,Kurus
10,L,134.8,31.1,17.1,Normal
9,L,125.5,27.0,17.11,Normal
7,L,117.3,18.0,13.07,Kurus
10,L,133.9,31.8,17.75,Normal
7,P,121.3,23.3,15.84,Normal
12,L,147.8,43.6,19.93,Gemuk
12,P,147.1,41.4,19.13,Gemuk
9,P,129.3,28.8,17.24,Normal
9,L,127.6,34.0,20.89,Gemuk
8,L,118.8,28.1,19.94,Gemuk
12,P,143.6,38.8,18.79,Gemuk
9,P,127.0,30.7,19.02,Gemuk
12,L,144.3,33.3,15.97,Normal
11,L,141.5,39.6,19.79,Gemuk
10,L,128.0,29.4,17.95,Normal
7,L,115.7,18.5,13.86,Kurus
7,P,116.0,20.7,15.37,Normal
7,L,113.6,18.0,13.95,Kurus
10,P,132.9,31.1,17.59,Normal
10,L,132.3,29.2,16.67,Normal
10,L,134.0,36.5,20.34,Gemuk
9,L,126.6,25.9,16.17,Normal
12,P,147.9,40.8,18.67,Gemuk
12,P,148.9,37.9,17.07,Normal
6,L,110.1,21.7,17.87,Normal
11,L,140.1,37.7,19.24,Gemuk
6,P,116.8,21.1,15.43,Normal
12,L,144.5,40.2,19.25,Gemuk
7,P,119.1,18.3,12.92,Kurus
12,L,147.6,41.8,19.18,Gemuk
12,L,146.4,40.8,19.03,Gemuk
7,L,121.6,25.0,16.91,Normal
6,P,112.1,20.3,16.15,Normal
9,P,124.5,32.7,21.09,Gemuk
6,P,111.0,19.4,15.73,Normal
11,L,140.8,29.1,14.69,Normal
7,L,114.2,25.0,19.18,Gemuk
12,P,145.7,33.0,15.54,Normal
9,P,130.1,34.0,20.09,Gemuk
10,L,135.2,29.3,16.01,Normal
10,L,133.9,36.3,20.22,Gemuk
12,L,147.0,41.2,19.06,Gemuk
9,P,130.5,28.3,16.6,Normal
11,P,141.7,40.3,20.04,Gemuk
12,L,146.0,38.7,18.16,Gemuk
6,L,115.1,19.2,14.48,Normal
6,P,113.7,22.0,17.01,Normal
8,L,123.6,26.2,17.15,Normal
12,P,149.1,37.2,16.73,Normal
12,L,143.5,33.8,16.43,Normal
11,P,138.4,35.1,18.3,Gemuk
10,L,129.4,33.5,20.0,Gemuk
10,P,137.3,29.9,15.85,Normal
8,P,128.0,25.5,15.53,Normal
12,P,143.8,39.6,19.17,Gemuk
6,P,116.5,19.6,14.44,Normal
7,L,116.2,20.1,14.91,Normal
12,L,144.2,39.6,19.07,Gemuk
12,L,149.5,38.7,17.3,Normal
12,P,145.8,43.2,20.31,Gemuk
7,P,118.3,23.7,16.94,Normal
7,L,119.4,25.0,17.53,Normal
8,L,125.6,27.9,17.7,Normal
11,L,144.9,39.6,18.86,Gemuk
12,L,149.1,39.1,17.59,Normal
6,L,117.1,18.5,13.51,Kurus
10,P,129.6,31.5,18.76,Gemuk
10,P,129.7,32.4,19.29,Gemuk
9,P,129.6,31.5,18.74,Gemuk
11,P,137.3,31.8,16.86,Normal
11,P,137.0,33.8,17.98,Normal
10,P,135.3,29.2,15.95,Normal
12,L,146.9,34.5,15.97,Normal
8,L,125.0,20.0,12.8,Kurus
10,P,134.8,33.7,18.55,Gemuk
10,L,131.5,34.2,19.75,Gemuk
9,L,129.0,29.6,17.82,Normal
8,L,125.7,25.0,15.84,Normal
12,P,147.5,46.8,21.51,Gemuk
12,L,146.3,38.2,17.84,Normal
8,L,121.3,25.7,17.46,Normal
9,P,128.8,27.2,16.39,Normal
8,P,122.5,29.0,19.31,Gemuk
10,L,135.1,35.2,19.26,Gemuk
11,P,143.7,37.0,17.95,Normal
9,L,127.1,28.1,17.42,Normal
10,P,130.3,33.6,19.78,Gemuk
8,L,119.8,23.3,16.25,Normal
10,L,137.7,33.3,17.58,Normal
9,P,131.4,24.1,13.93,Kurus
6,P,117.3,17.7,12.88,Kurus
12,P,148.9,42.1,18.98,Gemuk
11,L,140.7,37.8,19.1,Gemuk
7,L,120.1,18.4,12.8,Kurus
6,P,116.4,21.9,16.18,Normal
7,P,116.2,22.8,16.88,Normal
6,L,113.3,22.0,17.14,Normal
6,L,115.8,21.6,16.08,Normal
10,L,136.3,32.1,17.29,Normal
6,L,114.5,19.2,14.68,Normal
9,L,123.0,28.7,18.95,Gemuk
6,P,116.6,19.9,14.62,Normal
9,P,127.7,31.2,19.17,Gemuk
12,L,148.2,39.2,17.87,Normal
11,L,139.7,39.9,20.43,Gemuk
6,P,117.0,17.0,12.44,Kurus
9,P,126.7,22.0,13.71,Kurus
7,P,114.8,25.0,18.97,Gemuk
7,L,118.7,25.0,17.75,Normal
8,P,120.0,26.4,18.3,Gemuk
7,P,123.0,21.5,14.24,Normal
11,P,141.4,31.9,15.98,Normal
12,P,148.6,36.4,16.46,Normal
12,L,149.9,36.4,16.19,Normal
7,L,115.5,21.2,15.89,Normal
9,P,127.2,30.4,18.79,Gemuk
10,L,134.2,34.2,18.97,Gemuk
12,L,146.5,44.4,20.66,Gemuk
10,L,136.7,35.0,18.74,Gemuk
9,P,133.0,26.4,14.94,Normal
10,L,135.5,30.8,16.79,Normal
12,P,143.3,39.2,19.06,Gemuk
7,L,117.5,25.0,18.11,Gemuk
7,L,118.0,23.3,16.74,Normal
9,L,125.3,23.3,14.85,Normal
12,P,145.1,41.3,19.61,Gemuk
10,L,134.9,33.5,18.39,Gemuk
12,L,141.3,36.3,18.17,Gemuk
8,L,127.3,25.0,15.45,Normal
10,P,134.2,33.1,18.37,Gemuk
10,P,128.1,28.4,17.3,Normal
6,P,113.0,21.5,16.89,Normal
8,L,119.7,21.3,14.89,Normal
7,P,119.2,22.7,15.97,Normal
9,L,127.9,24.8,15.18,Normal
11,L,144.1,36.2,17.43,Normal
6,P,114.8,17.0,12.89,Kurus
10,P,132.0,32.4,18.61,Gemuk
9,P,130.5,26.2,15.36,Normal
7,L,121.9,20.1,13.54,Kurus
10,P,139.5,32.2,16.56,Normal
9,P,130.7,31.3,18.32,Gemuk
6,P,112.1,18.9,15.05,Normal
9,L,129.5,30.7,18.32,Gemuk
9,P,130.2,30.5,18.02,Gemuk
7,L,117.6,24.3,17.59,Normal
7,P,117.6,18.0,13.02,Kurus
7,P,114.8,23.4,17.75,Normal
7,L,118.8,21.7,15.39,Normal
10,P,134.5,28.1,15.54,Normal
7,L,117.4,21.1,15.29,Normal
6,P,113.7,22.0,17.03,Normal
6,P,110.1,22.0,18.16,Gemuk
9,P,125.9,34.0,21.46,Gemuk
12,P,144.9,38.9,18.53,Gemuk
10,P,130.4,32.6,19.14,Gemuk
12,L,144.6,40.3,19.25,Gemuk
6,L,117.0,19.3,14.11,Normal
7,P,114.9,25.0,18.94,Gemuk
12,P,148.4,40.3,18.27,Gemuk
12,L,144.6,41.5,19.82,Gemuk
6,L,114.5,17.7,13.54,Kurus
10,L,128.0,28.4,17.34,Normal
11,L,142.5,34.3,16.9,Normal
6,P,113.5,19.1,14.85,Normal
8,L,118.2,23.3,16.66,Normal
6,L,113.9,17.9,13.79,Kurus
10,P,133.6,33.4,18.72,Gemuk
8,P,125.8,27.7,17.5,Normal
10,P,132.4,33.0,18.8,Gemuk
12,L,145.5,41.2,19.47,Gemuk
11,L,141.3,35.0,17.52,Normal
8,P,120.8,22.3,15.26,Normal
8,P,121.8,24.2,16.28,Normal
12,L,146.2,38.3,17.91,Normal
11,L,141.7,34.8,17.33,Normal
6,L,112.9,21.8,17.15,Normal
9,L,132.1,28.3,16.22,Normal
11,L,141.2,35.5,17.83,Normal
11,L,139.4,35.7,18.37,Gemuk
6,L,110.6,18.6,15.18,Normal
9,P,126.5,29.2,18.26,Gemuk
12,P,146.2,40.5,18.92,Gemuk
8,L,124.8,26.2,16.82,Normal
10,L,129.6,27.1,16.1,Normal
10,L,132.5,33.8,19.25,Gemuk
9,P,125.9,31.4,19.81,Gemuk
7,L,116.6,22.1,16.25,Normal
8,P,120.3,21.7,15.0,Normal
12,P,145.2,33.0,15.66,Normal
10,P,133.8,34.1,19.07,Gemuk
12,L,147.7,42.6,19.52,Gemuk
11,P,141.4,31.0,15.51,Normal
12,P,146.2,37.9,17.72,Normal
11,P,147.0,32.4,14.98,Normal
11,L,143.8,30.7,14.85,Normal
6,L,114.3,20.5,15.66,Normal
10,L,134.3,33.0,18.29,Gemuk
8,P,122.5,24.9,16.61,Normal
9,P,124.8,28.8,18.52,Gemuk
11,L,142.0,33.9,16.84,Normal
6,L,111.8,18.3,14.68,Normal
8,L,124.0,28.5,18.56,Gemuk
11,L,142.7,36.0,17.71,Normal
11,P,140.9,34.5,17.38,Normal
6,L,114.6,17.0,12.95,Kurus
10,L,136.3,31.2,16.81,Normal
12,L,146.5,41.4,19.26,Gemuk
11,P,141.7,40.1,19.96,Gemuk
12,P,145.1,43.2,20.5,Gemuk
10,L,132.7,31.3,17.78,Normal
9,P,132.1,29.7,17.03,Normal
12,L,145.1,39.3,18.67,Gemuk
8,L,127.9,20.0,12.22,Kurus
7,P,118.8,23.1,16.32,Normal
9,L,127.6,27.8,17.04,Normal
8,L,123.9,28.6,18.63,Gemuk
11,P,137.6,33.9,17.93,Normal
10,P,132.2,32.7,18.7,Gemuk
10,L,132.1,31.8,18.18,Gemuk
10,L,140.0,33.1,16.87,Normal
7,L,116.2,18.0,13.32,Kurus
6,P,114.1,17.7,13.59,Kurus
8,P,126.4,25.2,15.73,Normal
7,L,116.9,19.4,14.21,Normal
9,P,131.0,26.2,15.28,Normal
6,P,112.5,17.0,13.43,Kurus
6,L,115.3,22.0,16.55,Normal
7,L,118.2,18.3,13.08,Kurus
7,P,116.0,21.1,15.72,Normal
7,P,118.7,19.0,13.52,Kurus
11,P,143.7,40.3,19.51,Gemuk
8,P,123.9,24.0,15.66,Normal
9,L,128.4,28.4,17.22,Normal
9,P,133.0,23.2,13.13,Kurus
8,L,121.0,23.6,16.1,Normal
12,P,142.4,38.6,19.02,Gemuk
10,P,130.3,38.0,22.39,Obesitas
7,L,119.4,23.0,16.11,Normal
9,L,124.8,27.6,17.77,Normal
12,P,142.5,41.1,20.24,Gemuk
11,P,144.0,34.9,16.81,Normal
7,L,118.7,25.0,17.75,Normal
6,P,116.3,19.6,14.51,Normal
11,L,143.2,34.1,16.63,Normal
8,P,119.3,22.4,15.72,Normal
6,L,115.9,18.8,14.01,Normal
10,P,133.9,34.1,19.01,Gemuk
10,P,132.4,31.0,17.71,Normal
9,P,125.5,31.8,20.21,Gemuk
9,P,126.5,26.1,16.34,Normal
6,P,118.0,17.0,12.21,Kurus
6,P,112.7,17.0,13.39,Kurus
6,P,118.0,18.4,13.23,Kurus
10,P,131.8,32.4,18.63,Gemuk
7,L,115.5,19.8,14.86,Normal
9,P,126.9,30.5,18.98,Gemuk
6,P,113.1,22.0,17.18,Normal
7,P,117.3,24.2,17.62,Normal
8,L,120.9,25.5,17.46,Normal
11,P,135.8,28.0,15.17,Normal
8,L,120.3,23.7,16.38,Normal
12,L,147.6,45.5,20.91,Gemuk
10,P,134.9,36.1,19.8,Gemuk
7,P,114.4,23.1,17.67,Normal
8,P,118.8,26.5,18.78,Gemuk
8,P,124.1,20.0,12.99,Kurus
10,P,137.5,34.1,18.02,Gemuk
7,P,120.3,22.2,15.37,Normal
8,L,119.3,24.6,17.27,Normal
6,L,113.5,22.0,17.07,Normal
8,L,120.5,28.5,19.61,Gemuk
6,L,117.3,17.3,12.58,Kurus
11,L,140.3,33.3,16.92,Normal
7,L,116.6,18.0,13.23,Kurus
10,P,129.2,31.5,18.88,Gemuk
10,P,132.5,30.2,17.18,Normal
8,P,125.0,26.0,16.65,Normal
7,P,122.9,22.5,14.89,Normal
9,L,128.0,22.0,13.43,Kurus
11,L,143.4,33.4,16.25,Normal
11,P,139.9,43.0,21.96,Gemuk
8,L,123.8,28.7,18.71,Gemuk
7,P,117.6,19.5,14.12,Normal
12,P,144.6,37.7,18.02,Gemuk
6,P,118.0,20.5,14.72,Normal
6,P,114.9,22.0,16.68,Normal
8,P,126.9,27.0,16.77,Normal
9,L,129.1,28.9,17.34,Normal
6,P,112.9,17.0,13.33,Kurus
7,P,119.1,21.7,15.28,Normal
12,P,145.9,42.5,19.97,Gemuk
12,P,143.3,36.3,17.68,Normal
10,L,135.5,32.2,17.56,Normal
7,P,116.0,20.9,15.5,Normal
12,L,149.5,39.2,17.54,Normal
9,L,129.1,28.7,17.23,Normal
12,P,147.4,38.9,17.89,Normal
10,P,133.6,31.0,17.38,Normal
9,L,123.4,27.6,18.15,Gemuk
7,P,123.0,21.2,14.02,Normal
11,P,141.0,40.2,20.21,Gemuk
7,L,114.7,21.9,16.61,Normal
11,P,143.1,36.6,17.89,Normal
8,L,123.3,20.0,13.15,Kurus
9,P,125.9,26.6,16.8,Normal
6,L,114.8,20.1,15.25,Normal
11,P,140.3,36.5,18.53,Gemuk
11,P,142.1,37.8,18.74,Gemuk
6,L,112.4,20.4,16.19,Normal
9,L,132.3,28.4,16.24,Normal
10,P,134.8,29.2,16.08,Normal
7,P,119.7,24.3,16.98,Normal
7,P,118.7,19.4,13.73,Kurus
6,P,114.0,22.0,16.93,Normal
11,L,143.8,33.9,16.38,Normal
7,L,118.2,18.0,12.88,Kurus
10,P,131.7,32.4,18.67,Gemuk
12,L,144.0,41.9,20.21,Gemuk
12,L,146.3,32.9,15.36,Normal
7,L,119.0,21.4,15.08,Normal
7,P,119.7,18.9,13.19,Kurus
12,P,143.6,40.4,19.61,Gemuk
11,P,138.1,37.1,19.45,Gemuk
12,L,144.9,37.9,18.06,Gemuk
8,L,126.6,26.2,16.37,Normal
7,L,119.4,20.5,14.37,Normal
10,P,138.4,33.8,17.65,Normal
9,L,131.5,24.6,14.21,Normal
6,L,117.9,18.2,13.08,Kurus
7,P,120.6,21.1,14.55,Normal
6,P,110.0,18.1,15.0,Normal
12,P,152.0,38.2,16.54,Normal
11,L,138.4,34.4,17.96,Normal
11,P,145.7,38.6,18.18,Gemuk
12,P,146.3,39.4,18.42,Gemuk
12,L,145.0,35.8,17.04,Normal
10,P,131.0,31.8,18.52,Gemuk
6,P,112.7,17.0,13.38,Kurus
8,L,128.0,20.0,12.21,Kurus
6,P,115.0,21.3,16.13,Normal
7,P,120.7,22.2,15.22,Normal
12,L,147.5,38.7,17.81,Normal
8,P,121.2,27.0,18.36,Gemuk
11,P,139.7,36.1,18.5,Gemuk
11,P,137.6,37.8,20.0,Gemuk
12,P,145.2,40.0,18.96,Gemuk
9,P,128.4,29.8,18.1,Gemuk
10,L,135.6,32.7,17.77,Normal
12,L,149.4,37.7,16.87,Normal
7,L,116.9,21.2,15.48,Normal
12,L,150.3,37.4,16.58,Normal
9,P,125.6,26.7,16.9,Normal
12,P,144.4,40.1,19.24,Gemuk
10,P,135.4,31.9,17.39,Normal
11,L,141.0,29.9,15.03,Normal
9,P,127.2,23.6,14.59,Normal
12,P,145.1,41.3,19.64,Gemuk
8,L,121.6,25.7,17.38,Normal
9,L,127.8,28.0,17.16,Normal
10,L,130.7,32.4,18.94,Gemuk
9,L,125.9,27.9,17.6,Normal
11,P,144.3,40.1,19.27,Gemuk
8,L,122.5,23.6,15.7,Normal
11,P,140.1,36.4,18.54,Gemuk
8,L,120.9,27.6,18.86,Gemuk
7,L,118.1,20.5,14.69,Normal
8,P,121.7,21.6,14.62,Normal
7,L,120.8,18.0,12.33,Kurus
9,L,133.0,24.3,13.73,Kurus
11,L,143.5,33.3,16.16,Normal
9,L,132.3,31.2,17.8,Normal
8,P,124.3,24.0,15.52,Normal
9,P,129.0,28.6,17.15,Normal
6,L,113.1,17.1,13.34,Kurus
11,P,139.6,33.8,17.32,Normal
6,L,117.9,22.0,15.84,Normal
6,L,112.6,22.0,17.35,Normal
7,P,116.5,25.0,18.41,Gemuk
6,P,111.6,22.0,17.68,Normal
9,P,129.9,26.7,15.86,Normal
6,L,113.4,17.0,13.23,Kurus
11,P,140.2,33.3,16.93,Normal
11,P,145.2,39.6,18.77,Gemuk
8,P,120.7,21.8,14.94,Normal
12,L,141.9,35.3,17.54,Normal
12,L,148.7,39.1,17.7,Normal
11,P,138.5,35.8,18.64,Gemuk
11,L,139.9,41.1,21.01,Gemuk
11,L,142.5,33.4,16.47,Normal
6,L,116.9,17.0,12.45,Kurus
12,P,144.3,35.4,17.01,Normal
11,P,143.0,29.6,14.49,Normal
11,L,142.9,33.9,16.58,Normal
9,L,125.9,29.1,18.39,Gemuk
10,P,134.5,35.0,19.37,Gemuk
8,P,124.3,25.8,16.71,Normal
10,L,132.9,25.9,14.67,Normal
12,P,147.6,39.2,18.01,Gemuk
11,L,140.8,34.6,17.46,Normal
11,L,140.1,37.7,19.18,Gemuk
10,L,132.7,28.9,16.43,Normal
11,L,142.9,36.4,17.82,Normal
10,L,131.2,35.9,20.87,Gemuk
12,P,149.7,35.8,15.97,Normal
7,P,114.2,19.0,14.58,Normal
11,P,141.1,35.8,17.99,Normal
8,L,123.6,20.3,13.26,Kurus
6,P,110.0,17.0,14.05,Normal
7,P,120.8,21.1,14.42,Normal
11,L,139.1,34.3,17.72,Normal
10,P,133.8,30.0,16.76,Normal
10,P,137.0,30.3,16.13,Normal
9,L,124.7,27.8,17.86,Normal
6,P,113.9,17.0,13.11,Kurus
12,P,144.6,38.4,18.37,Gemuk
12,L,144.4,37.0,17.77,Normal
11,L,140.4,32.2,16.35,Normal
10,L,131.3,33.7,19.56,Gemuk
12,P,150.2,38.4,17.05,Normal
11,P,142.7,37.0,18.2,Gemuk
12,P,142.1,35.9,17.8,Normal
9,L,123.2,23.7,15.64,Normal
6,P,115.5,17.0,12.75,Kurus
7,P,120.0,23.7,16.49,Normal
12,P,143.6,40.0,19.38,Gemuk
10,P,137.9,27.0,14.18,Normal
6,P,118.0,22.0,15.8,Normal
12,P,144.4,37.1,17.81,Normal
7,P,118.6,22.7,16.11,Normal
11,L,143.8,36.5,17.68,Normal
8,P,124.3,25.9,16.72,Normal
12,L,147.3,37.3,17.21,Normal
10,L,133.7,30.2,16.92,Normal
12,P,144.7,40.7,19.42,Gemuk
7,L,118.9,19.0,13.42,Kurus
12,P,145.1,36.0,17.1,Normal
7,L,116.8,25.0,18.33,Gemuk
12,L,143.8,37.5,18.14,Gemuk
10,L,132.0,30.5,17.5,Normal
9,L,128.5,32.3,19.55,Gemuk
7,P,117.2,22.9,16.66,Normal
12,L,147.2,42.9,19.81,Gemuk
12,L,144.9,45.0,21.44,Gemuk
10,L,132.3,30.4,17.38,Normal
10,P,140.0,25.0,12.76,Kurus
12,L,145.6,41.3,19.48,Gemuk
6,L,115.6,20.1,15.06,Normal
9,P,123.0,29.0,19.17,Gemuk
10,L,132.3,30.6,17.48,Normal
6,L,113.5,19.3,14.98,Normal
9,P,129.6,26.5,15.8,Normal
8,L,122.6,29.0,19.29,Gemuk
11,L,143.3,30.5,14.86,Normal
7,L,121.7,18.0,12.16,Kurus
10,P,132.4,33.2,18.92,Gemuk
12,L,149.1,39.8,17.88,Normal
11,L,139.5,32.2,16.56,Normal
12,L,145.3,35.4,16.74,Normal
7,P,123.0,20.9,13.79,Kurus
10,L,137.5,31.9,16.85,Normal
11,P,135.3,35.7,19.51,Gemuk
7,P,113.0,21.6,16.9,Normal
10,L,133.9,28.5,15.88,Normal
7,P,116.4,19.7,14.57,Normal
9,L,125.9,23.6,14.85,Normal
12,L,142.9,44.5,21.77,Gemuk
9,P,127.7,26.4,16.2,Normal
8,P,121.1,27.3,18.61,Gemuk
8,L,124.8,29.0,18.62,Gemuk
10,P,131.5,37.2,21.49,Gemuk
11,L,146.2,35.4,16.56,Normal
11,L,138.8,41.5,21.54,Gemuk
9,L,124.9,26.5,17.0,Normal
8,L,121.6,22.8,15.45,Normal
11,L,143.1,40.0,19.53,Gemuk
11,P,144.2,34.7,16.71,Normal
10,L,133.8,32.3,18.03,Gemuk
11,P,144.6,37.8,18.09,Gemuk
6,P,112.8,17.0,13.36,Kurus
10,L,131.4,34.8,20.12,Gemuk
9,P,126.5,27.8,17.36,Normal
9,P,129.2,29.4,17.59,Normal
10,P,133.6,31.6,17.69,Normal
6,P,113.7,20.0,15.47,Normal
6,L,113.5,22.0,17.07,Normal
10,L,131.2,34.7,20.14,Gemuk
12,L,149.3,39.9,17.89,Normal
7,L,117.2,24.7,17.97,Normal
7,P,116.6,23.5,17.31,Normal
8,P,123.6,26.5,17.31,Normal
8,P,121.2,22.9,15.6,Normal
7,L,119.0,24.3,17.14,Normal
7,P,119.9,20.7,14.36,Normal
6,L,114.8,17.0,12.9,Kurus
12,L,143.7,46.1,22.31,Obesitas
12,L,150.1,36.6,16.22,Normal
12,L,149.0,38.2,17.21,Normal
9,L,131.1,28.8,16.78,Normal
11,P,144.1,37.3,17.95,Normal
12,L,144.0,38.2,18.44,Gemuk
12,L,144.0,39.9,19.23,Gemuk
6,P,115.0,17.0,12.85,Kurus
7,L,120.5,21.3,14.67,Normal
7,P,120.0,21.4,14.83,Normal
7,L,117.0,25.0,18.26,Gemuk
12,L,141.0,40.2,20.22,Gemuk
6,P,115.7,20.0,14.9,Normal
8,L,122.6,21.8,14.51,Normal
11,L,135.7,34.4,18.65,Gemuk
6,L,115.1,22.0,16.61,Normal
6,L,115.8,22.0,16.39,Normal
12,P,145.4,40.3,19.06,Gemuk
12,P,140.5,36.9,18.69,Gemuk
8,P,123.6,24.2,15.84,Normal
12,P,145.7,31.6,14.88,Normal
11,P,142.2,36.5,18.02,Gemuk
8,P,121.9,26.5,17.85,Normal
8,P,123.7,26.1,17.06,Normal
10,L,131.9,33.2,19.08,Gemuk
8,P,123.6,24.7,16.19,Normal
6,P,114.2,18.6,14.28,Normal
11,L,144.6,37.2,17.79,Normal
11,P,145.2,30.7,14.54,Normal
8,L,123.7,23.3,15.2,Normal
6,P,117.1,17.0,12.4,Kurus
7,L,113.0,22.5,17.6,Normal
6,P,113.5,20.2,15.68,Normal
6,P,113.5,17.0,13.21,Kurus
12,L,141.0,39.1,19.64,Gemuk
7,P,118.5,21.2,15.07,Normal
11,P,139.5,35.6,18.32,Gemuk
12,L,143.1,36.5,17.86,Normal
8,L,123.1,20.0,13.2,Kurus
9,P,127.3,24.3,15.0,Normal
11,L,141.6,35.5,17.68,Normal
9,P,128.4,31.6,19.18,Gemuk
12,P,145.2,40.6,19.27,Gemuk
10,P,132.9,27.6,15.6,Normal
10,P,138.8,33.5,17.42,Normal
9,P,125.5,25.4,16.14,Normal
6,P,115.0,21.7,16.41,Normal
12,P,146.4,42.0,19.59,Gemuk
9,P,132.6,26.2,14.9,Normal
9,P,131.2,25.4,14.73,Normal
10,P,135.8,27.8,15.07,Normal
8,P,125.1,20.5,13.07,Kurus
9,P,124.4,25.9,16.74,Normal
9,P,128.2,33.3,20.28,Gemuk
7,P,121.2,22.1,15.04,Normal
10,P,131.7,30.5,17.6,Normal
11,P,140.4,35.0,17.78,Normal
8,L,121.3,22.1,15.05,Normal
8,L,123.3,26.5,17.44,Normal
12,L,142.2,41.5,20.5,Gemuk
6,L,112.4,19.5,15.44,Normal
6,L,113.7,20.6,15.98,Normal
10,L,133.8,26.0,14.53,Normal
8,L,120.3,26.3,18.15,Gemuk
9,P,130.2,26.8,15.81,Normal
10,L,135.2,31.3,17.13,Normal
8,L,121.3,24.3,16.52,Normal
6,P,113.2,18.8,14.65,Normal
7,L,117.6,25.0,18.09,Gemuk
12,P,145.4,42.9,20.3,Gemuk
12,L,147.4,38.7,17.82,Normal
12,L,142.7,37.1,18.23,Gemuk
8,P,124.7,29.0,18.66,Gemuk
10,L,133.6,29.5,16.54,Normal
6,P,115.9,21.4,15.95,Normal
11,P,142.5,31.4,15.46,Normal
10,P,140.0,32.2,16.42,Normal
9,P,128.0,22.0,13.43,Kurus
8,P,124.6,23.2,14.95,Normal
10,L,138.0,36.9,19.37,Gemuk
11,L,144.3,42.5,20.42,Gemuk
10,P,133.1,31.7,17.91,Normal
8,P,119.5,20.0,14.01,Normal
7,L,116.2,25.0,18.53,Gemuk
12,P,147.0,35.6,16.49,Normal
12,L,144.3,37.9,18.22,Gemuk
7,P,117.0,18.0,13.15,Kurus
10,L,131.8,30.9,17.77,Normal
12,L,146.0,40.2,18.84,Gemuk
9,L,125.7,26.8,16.94,Normal
9,L,124.3,31.9,20.68,Gemuk
10,L,134.9,31.0,17.05,Normal
10,P,128.4,37.7,22.88,Obesitas
8,P,122.9,24.5,16.21,Normal
8,L,118.4,20.0,14.26,Normal
9,P,125.6,24.2,15.33,Normal
11,P,145.2,37.6,17.83,Normal
7,L,120.7,23.4,16.05,Normal
7,P,118.0,21.4,15.36,Normal
9,P,126.3,24.5,15.38,Normal
11,P,138.3,35.1,18.34,Gemuk
8,P,121.5,24.1,16.36,Normal
7,L,119.9,20.2,14.01,Normal
6,L,114.1,22.0,16.89,Normal
10,P,136.5,26.5,14.23,Normal
11,P,141.2,40.0,20.06,Gemuk
12,P,147.4,36.7,16.91,Normal
8,P,123.0,24.9,16.45,Normal
9,L,128.3,33.2,20.13,Gemuk
11,P,142.0,33.1,16.42,Normal
12,L,142.5,39.2,19.3,Gemuk
12,L,145.9,40.9,19.2,Gemuk
6,P,112.3,17.0,13.49,Kurus
8,L,123.0,28.5,18.81,Gemuk
6,P,115.7,17.0,12.69,Kurus
6,P,115.4,20.7,15.53,Normal
12,P,149.3,39.4,17.67,Normal
9,P,129.7,25.3,15.05,Normal
8,P,119.6,24.8,17.32,Normal
9,L,125.7,25.9,16.42,Normal
8,L,120.4,24.1,16.65,Normal
11,L,139.5,35.6,18.29,Gemuk
11,L,139.4,36.8,18.92,Gemuk
8,P,126.1,24.7,15.52,Normal
6,L,115.0,17.2,13.04,Kurus
7,P,118.7,20.0,14.17,Normal
11,P,142.3,34.9,17.24,Normal
7,L,117.2,22.8,16.61,Normal
9,P,124.9,33.6,21.55,Gemuk
9,P,125.2,30.0,19.13,Gemuk
8,L,122.8,28.7,19.05,Gemuk
10,P,132.5,32.3,18.41,Gemuk
12,L,147.8,41.1,18.81,Gemuk
9,L,125.9,26.4,16.63,Normal
11,L,139.6,33.0,16.93,Normal
12,P,143.5,41.6,20.17,Gemuk
12,P,143.2,34.9,17.01,Normal
12,P,141.5,39.6,19.75,Gemuk
10,L,135.6,30.4,16.53,Normal
9,L,129.5,27.8,16.58,Normal
9,P,129.2,29.4,17.6,Normal
9,P,131.2,34.0,19.76,Gemuk
12,L,145.4,41.8,19.77,Gemuk
11,L,143.1,37.8,18.48,Gemuk
8,P,123.3,24.8,16.32,Normal
10,L,132.8,30.3,17.17,Normal
11,L,143.3,33.4,16.27,Normal
9,L,127.9,25.5,15.57,Normal
11,L,142.9,35.2,17.24,Normal
8,P,119.1,23.7,16.71,Normal
9,P,129.2,22.5,13.46,Kurus
9,L,129.0,26.4,15.85,Normal
8,P,118.1,26.0,18.65,Gemuk
11,L,137.5,38.8,20.53,Gemuk
7,L,116.9,18.0,13.17,Kurus
10,L,134.3,28.7,15.92,Normal
10,P,130.2,32.1,18.97,Gemuk
10,L,138.6,32.3,16.78,Normal
10,P,137.0,30.5,16.26,Normal
6,P,116.7,22.0,16.15,Normal
12,P,146.3,43.4,20.3,Gemuk
8,P,121.5,20.7,14.01,Normal
6,L,112.2,17.0,13.51,Kurus
9,P,127.2,30.6,18.93,Gemuk
9,L,130.5,24.7,14.5,Normal
10,P,132.6,35.1,19.96,Gemuk
11,P,141.3,35.4,17.73,Normal
10,L,135.8,25.6,13.87,Kurus
6,P,117.4,20.7,15.05,Normal
9,P,125.2,23.3,14.85,Normal
10,P,137.2,33.0,17.51,Normal
7,P,120.8,20.2,13.83,Kurus
7,P,114.3,24.6,18.8,Gemuk
7,L,121.7,19.3,13.04,Kurus
12,L,141.8,42.6,21.2,Gemuk
11,P,141.6,37.1,18.51,Gemuk
10,P,132.3,33.0,18.87,Gemuk
11,L,144.3,38.6,18.52,Gemuk
9,L,127.9,25.2,15.37,Normal
11,L,143.9,34.9,16.86,Normal
10,P,133.8,32.3,18.05,Gemuk
9,P,128.6,27.9,16.89,Normal
9,L,125.2,27.1,17.28,Normal
6,L,117.6,20.9,15.08,Normal
10,L,134.9,25.0,13.73,Kurus
12,P,145.3,39.6,18.74,Gemuk
8,P,122.6,23.3,15.49,Normal
8,P,119.2,22.8,16.07,Normal
10,L,131.7,37.6,21.71,Gemuk
7,L,119.5,23.9,16.75,Normal
11,P,143.1,41.2,20.1,Gemuk
10,L,137.5,29.8,15.76,Normal
10,L,132.2,33.8,19.36,Gemuk
8,L,126.3,29.0,18.18,Gemuk
10,L,136.0,33.0,17.84,Normal
6,L,114.5,21.2,16.21,Normal
12,L,143.0,43.0,21.0,Gemuk
11,L,142.5,36.6,18.05,Gemuk
10,L,133.9,35.6,19.85,Gemuk
12,L,143.7,40.3,19.53,Gemuk
9,L,125.5,31.4,19.95,Gemuk
6,P,111.6,19.5,15.65,Normal
12,P,148.4,42.1,19.14,Gemuk
12,L,143.9,38.6,18.66,Gemuk
11,P,141.1,43.0,21.61,Gemuk
12,L,148.9,39.8,17.94,Normal
10,P,136.7,33.1,17.73,Normal
8,L,123.9,26.2,17.07,Normal
7,P,122.5,24.3,16.19,Normal
12,P,145.1,40.5,19.25,Gemuk
12,L,145.0,42.1,20.01,Gemuk
7,L,118.5,24.8,17.64,Normal
8,P,125.9,29.0,18.3,Gemuk
8,P,122.7,25.7,17.08,Normal
10,P,134.6,28.4,15.66,Normal
9,L,126.4,26.7,16.71,Normal
8,L,125.1,24.8,15.85,Normal
11,P,142.6,35.6,17.51,Normal
6,P,112.9,17.3,13.55,Kurus
12,L,147.0,40.9,18.93,Gemuk
6,P,115.5,20.5,15.33,Normal
7,L,115.1,22.3,16.84,Normal
6,L,116.6,18.4,13.52,Kurus
9,L,127.9,27.0,16.49,Normal
8,L,123.3,24.5,16.14,Normal
7,P,113.0,21.2,16.61,Normal
12,P,147.0,41.2,19.07,Gemuk
7,L,119.3,18.4,12.9,Kurus
6,L,115.3,19.7,14.81,Normal
7,P,119.6,21.5,15.02,Normal
6,P,117.2,17.4,12.64,Kurus
6,P,114.7,20.3,15.42,Normal
12,L,147.2,43.5,20.1,Gemuk
6,L,118.0,17.0,12.21,Kurus
9,P,128.4,29.3,17.8,Normal
6,L,112.1,20.7,16.5,Normal
6,L,115.0,22.0,16.65,Normal
12,L,145.9,43.0,20.2,Gemuk
6,P,112.5,22.0,17.37,Normal
7,P,121.5,22.6,15.32,Normal
8,L,123.1,28.0,18.47,Gemuk
11,P,146.6,31.8,14.8,Normal
10,P,136.9,34.9,18.65,Gemuk
9,L,125.4,30.3,19.26,Gemuk
6,L,116.1,17.0,12.61,Kurus
6,P,116.7,17.0,12.48,Kurus
7,P,119.1,25.0,17.62,Normal
6,P,116.1,20.8,15.42,Normal
12,P,145.4,41.0,19.4,Gemuk
10,L,134.9,29.0,15.95,Normal
9,P,130.1,30.3,17.91,Normal
11,L,141.0,38.5,19.36,Gemuk
10,P,131.1,35.8,20.87,Gemuk
10,P,130.1,36.4,21.47,Gemuk
9,P,127.9,25.3,15.47,Normal
8,L,124.2,22.3,14.46,Normal
10,P,131.6,30.0,17.33,Normal
7,L,118.9,23.9,16.87,Normal
7,P,115.7,25.0,18.69,Gemuk
7,L,119.3,25.0,17.56,Normal
8,L,123.8,26.1,17.02,Normal
11,P,136.3,38.0,20.47,Gemuk
12,P,148.0,37.9,17.28,Normal
10,P,135.1,36.2,19.84,Gemuk
10,L,128.2,28.6,17.44,Normal
11,P,139.8,35.9,18.35,Gemuk
9,P,129.9,27.4,16.27,Normal
11,L,143.6,40.3,19.55,Gemuk
6,L,116.4,21.5,15.87,Normal
7,P,121.3,21.8,14.78,Normal
12,L,144.9,45.7,21.77,Gemuk
10,L,131.8,32.4,18.64,Gemuk
12,P,145.7,39.6,18.64,Gemuk
6,L,113.4,19.1,14.81,Normal
10,L,133.6,32.8,18.37,Gemuk
6,L,114.8,22.0,16.7,Normal
9,L,127.8,30.2,18.48,Gemuk
12,L,147.2,41.7,19.27,Gemuk
9,L,126.9,28.2,17.52,Normal
6,P,111.3,17.6,14.22,Normal
12,P,144.8,38.0,18.15,Gemuk
12,L,146.6,43.5,20.21,Gemuk
6,P,116.4,18.3,13.52,Kurus
9,P,128.5,23.5,14.24,Normal
12,P,145.0,43.4,20.64,Gemuk
9,L,125.6,25.1,15.93,Normal
8,P,122.6,27.9,18.54,Gemuk
12,P,140.0,34.6,17.68,Normal
6,L,116.9,19.8,14.45,Normal
12,P,145.3,36.9,17.47,Normal
7,L,117.9,23.5,16.88,Normal
8,L,122.9,26.7,17.65,Normal
7,L,119.8,22.6,15.74,Normal
8,P,122.4,24.0,16.0,Normal
12,L,146.5,40.1,18.7,Gemuk
9,P,124.1,22.0,14.28,Normal
12,P,148.8,37.2,16.81,Normal
8,L,126.2,22.8,14.35,Normal
9,L,124.7,32.2,20.72,Gemuk
10,P,133.7,32.6,18.24,Gemuk
12,P,142.5,37.5,18.47,Gemuk
9,P,128.2,33.6,20.46,Gemuk
6,L,110.1,17.0,14.03,Normal
6,L,114.1,21.0,16.14,Normal
11,P,143.7,33.4,16.15,Normal
6,L,114.3,17.0,13.01,Kurus
6,L,117.9,20.1,14.47,Normal
10,L,135.8,33.5,18.17,Gemuk
11,L,143.8,35.6,17.19,Normal
6,L,113.2,17.0,13.27,Kurus
10,P,131.2,35.3,20.49,Gemuk
12,L,147.2,41.0,18.9,Gemuk
11,P,140.1,38.2,19.46,Gemuk
6,L,115.9,22.0,16.39,Normal
7,P,117.2,24.2,17.64,Normal
11,P,142.5,33.1,16.28,Normal
6,P,112.3,17.1,13.56,Kurus
9,P,124.1,31.6,20.48,Gemuk
6,P,114.1,20.7,15.91,Normal
11,L,140.9,34.4,17.34,Normal
6,L,112.3,18.8,14.91,Normal
7,L,121.5,23.6,15.96,Normal
12,P,144.7,43.6,20.8,Gemuk
9,L,124.0,26.6,17.3,Normal
10,L,133.9,32.7,18.25,Gemuk
8,L,125.7,27.6,17.45,Normal
6,P,116.4,19.1,14.06,Normal
11,L,144.8,37.1,17.71,Normal
11,L,137.4,39.2,20.76,Gemuk
8,P,122.9,20.0,13.24,Kurus
10,L,138.1,31.5,16.51,Normal
11,L,138.7,32.3,16.76,Normal
12,L,148.3,40.3,18.31,Gemuk
6,P,111.7,19.9,15.94,Normal
8,L,124.8,26.0,16.71,Normal
7,L,120.3,23.4,16.19,Normal
6,P,113.7,20.3,15.72,Normal
12,P,145.9,39.4,18.52,Gemuk
12,L,144.5,35.3,16.88,Normal
6,L,110.6,20.9,17.12,Normal
9,P,129.5,23.6,14.07,Normal
10,P,132.0,26.9,15.47,Normal
9,L,129.1,27.9,16.73,Normal
7,P,115.8,18.0,13.43,Kurus
11,P,143.3,28.6,13.91,Kurus
8,L,118.0,24.1,17.28,Normal
6,P,111.3,21.1,17.01,Normal
12,L,149.7,39.1,17.45,Normal
9,P,127.7,28.3,17.37,Normal
10,P,132.6,33.6,19.11,Gemuk
10,P,133.7,35.5,19.87,Gemuk
7,P,117.9,18.7,13.45,Kurus
9,L,133.0,31.2,17.61,Normal
8,L,121.4,25.1,17.04,Normal
10,L,129.7,28.5,16.93,Normal
8,L,125.5,24.8,15.72,Normal
6,L,110.9,19.3,15.69,Normal
9,L,123.5,30.3,19.88,Gemuk
11,L,136.5,33.1,17.74,Normal
12,P,147.9,42.5,19.43,Gemuk
9,P,130.3,32.0,18.82,Gemuk
9,P,126.0,30.4,19.11,Gemuk
9,L,123.0,24.4,16.14,Normal
6,P,110.0,22.0,18.18,Gemuk
10,L,134.1,28.7,15.95,Normal
7,L,118.5,23.3,16.62,Normal
7,P,117.4,21.2,15.37,Normal
10,P,130.8,37.4,21.89,Gemuk
10,L,137.2,33.5,17.77,Normal
7,L,119.2,21.5,15.17,Normal
12,P,144.7,35.7,17.07,Normal
9,L,132.6,24.8,14.09,Normal
8,L,124.0,20.4,13.27,Kurus
9,L,126.6,23.2,14.45,Normal
7,L,119.9,24.0,16.71,Normal
9,P,123.5,26.3,17.22,Normal
7,P,117.7,24.8,17.86,Normal
9,L,130.7,26.5,15.53,Normal
10,L,134.6,35.3,19.49,Gemuk
7,P,121.2,25.0,17.01,Normal
11,L,137.6,37.2,19.67,Gemuk
10,P,135.2,31.7,17.33,Normal
8,L,121.9,24.7,16.59,Normal
9,P,128.3,24.5,14.86,Normal
6,L,111.7,17.0,13.62,Kurus
12,P,148.2,39.6,18.03,Gemuk
8,P,122.7,21.1,14.04,Normal
11,P,141.3,28.0,14.03,Normal
7,L,121.5,24.3,16.43,Normal
10,P,129.1,37.6,22.56,Obesitas
12,L,149.5,36.1,16.16,Normal
10,L,132.6,38.0,21.61,Gemuk
12,L,147.2,40.9,18.88,Gemuk
6,P,114.5,22.0,16.77,Normal
6,P,114.5,22.0,16.78,Normal
10,L,129.4,36.1,21.55,Gemuk
11,L,136.5,30.9,16.56,Normal
10,L,135.0,29.8,16.37,Normal
6,P,110.0,22.0,18.18,Gemuk
9,P,132.0,26.7,15.33,Normal
11,L,139.7,29.9,15.33,Normal
9,L,127.9,26.9,16.42,Normal
9,L,124.7,31.7,20.38,Gemuk
12,L,143.9,40.2,19.39,Gemuk
10,L,130.2,28.1,16.6,Normal
10,P,133.3,33.8,19.05,Gemuk
8,P,123.4,23.5,15.43,Normal
8,P,122.5,29.0,19.32,Gemuk
11,L,146.1,36.2,16.94,Normal
9,L,129.2,29.2,17.53,Normal
11,L,137.8,34.7,18.28,Gemuk
7,P,120.1,20.6,14.31,Normal
9,L,127.8,28.4,17.42,Normal
7,P,117.2,20.8,15.14,Normal
9,P,130.7,27.3,15.98,Normal
7,L,116.7,19.8,14.53,Normal
10,L,130.7,32.2,18.87,Gemuk
9,P,133.0,28.7,16.24,Normal
7,P,116.5,23.7,17.45,Normal
7,L,119.3,23.2,16.28,Normal
9,P,129.7,25.9,15.4,Normal
12,P,144.0,35.8,17.28,Normal
7,P,118.1,18.8,13.49,Kurus
12,P,144.8,38.3,18.27,Gemuk
9,P,126.6,26.2,16.31,Normal
8,L,125.7,24.3,15.39,Normal
10,P,136.4,31.3,16.83,Normal
9,P,128.4,24.3,14.7,Normal
11,L,139.1,32.2,16.62,Normal
7,L,121.9,21.0,14.13,Normal
12,P,144.5,38.7,18.55,Gemuk
8,L,118.0,24.5,17.56,Normal
6,L,115.6,19.5,14.6,Normal
6,L,113.3,20.4,15.86,Normal
7,L,118.3,19.7,14.05,Normal
6,P,114.0,20.0,15.38,Normal
11,L,141.8,28.0,13.92,Kurus
7,P,118.0,18.0,12.93,Kurus
12,L,144.5,33.2,15.9,Normal
7,P,115.6,25.0,18.7,Gemuk
6,P,114.7,22.0,16.71,Normal
7,L,115.2,22.0,16.58,Normal
12,L,146.2,36.7,17.19,Normal
8,P,122.7,20.0,13.29,Kurus
9,P,126.6,32.3,20.13,Gemuk
11,L,139.5,36.4,18.74,Gemuk
6,L,118.0,17.0,12.21,Kurus
11,P,139.3,32.3,16.61,Normal
7,L,117.5,18.2,13.17,Kurus
6,L,114.3,17.0,13.01,Kurus
10,P,134.0,33.3,18.52,Gemuk
11,L,139.1,38.8,20.05,Gemuk
10,L,131.9,33.0,18.98,Gemuk
11,L,139.7,38.0,19.49,Gemuk
9,P,130.8,28.0,16.38,Normal
12,P,144.0,41.2,19.86,Gemuk
7,P,118.6,18.3,13.01,Kurus
12,P,146.4,37.7,17.59,Normal
8,L,123.1,25.1,16.54,Normal
7,P,113.5,22.5,17.48,Normal
12,L,140.9,37.1,18.68,Gemuk
12,P,148.8,36.0,16.25,Normal
11,L,141.0,36.6,18.4,Gemuk
6,P,115.3,17.0,12.8,Kurus
9,P,125.5,32.2,20.43,Gemuk
11,L,140.1,33.7,17.17,Normal
7,L,116.3,22.6,16.71,Normal
10,L,136.8,34.6,18.5,Gemuk
7,L,117.3,20.4,14.8,Normal
12,L,149.4,37.2,16.68,Normal
9,P,127.7,27.7,16.98,Normal
12,P,146.0,36.8,17.25,Normal
6,P,113.1,22.0,17.2,Normal
12,L,145.8,34.6,16.26,Normal
11,P,136.2,35.3,19.04,Gemuk
6,L,113.7,19.5,15.1,Normal
7,P,116.6,21.4,15.73,Normal
8,L,126.8,22.8,14.17,Normal
8,L,124.6,28.4,18.27,Gemuk
10,L,136.6,34.1,18.27,Gemuk
9,L,126.3,24.2,15.14,Normal
12,P,145.2,34.5,16.39,Normal
10,L,134.6,33.6,18.55,Gemuk
8,L,125.9,24.5,15.44,Normal
10,P,134.4,28.9,16.0,Normal
10,L,130.3,36.2,21.31,Gemuk
7,L,116.6,23.3,17.11,Normal
8,L,120.0,22.8,15.83,Normal
11,L,144.5,31.9,15.27,Normal
11,L,141.7,31.5,15.67,Normal
12,P,147.3,39.4,18.18,Gemuk
12,L,144.7,36.1,17.24,Normal
8,L,124.3,20.0,12.94,Kurus
9,P,133.0,25.3,14.31,Normal
6,P,110.7,18.1,14.75,Normal
9,P,127.2,29.0,17.89,Normal
8,L,121.0,22.6,15.45,Normal
6,P,118.0,20.2,14.48,Normal
10,L,139.9,31.4,16.06,Normal
8,L,123.1,22.9,15.08,Normal
10,L,132.2,34.4,19.67,Gemuk
10,L,138.3,32.0,16.72,Normal
7,L,120.5,21.1,14.53,Normal
6,P,114.1,19.3,14.78,Normal
7,P,120.0,22.6,15.66,Normal
6,L,112.9,17.0,13.33,Kurus
9,L,123.0,31.1,20.54,Gemuk
10,L,130.4,31.5,18.52,Gemuk
10,L,135.3,31.9,17.43,Normal
12,P,146.7,39.9,18.52,Gemuk
9,L,129.1,34.0,20.39,Gemuk
10,L,137.7,32.3,17.05,Normal
6,L,111.7,22.0,17.62,Normal
6,P,118.0,17.0,12.21,Kurus
11,L,143.7,31.3,15.17,Normal
6,P,110.0,22.0,18.18,Gemuk
9,L,126.6,31.6,19.73,Gemuk
12,L,146.4,40.5,18.91,Gemuk
8,L,124.0,23.3,15.13,Normal
10,P,133.5,28.5,15.98,Normal
10,L,137.1,32.8,17.44,Normal
12,L,148.1,37.1,16.92,Normal
8,L,126.3,26.0,16.28,Normal
7,P,116.1,23.8,17.69,Normal
12,P,148.3,36.1,16.41,Normal
6,L,115.3,17.7,13.29,Kurus
10,L,132.8,33.2,18.86,Gemuk
11,L,142.5,39.6,19.52,Gemuk
6,P,114.9,22.0,16.66,Normal
6,L,112.5,17.0,13.44,Kurus
11,L,139.5,34.9,17.94,Normal
10,L,132.4,38.0,21.67,Gemuk
6,P,110.0,21.5,17.76,Normal
9,L,128.7,26.7,16.11,Normal
7,L,117.6,21.4,15.46,Normal
6,P,114.2,22.0,16.85,Normal
10,L,137.3,27.3,14.51,Normal
6,P,114.5,17.0,12.98,Kurus
8,L,123.3,29.0,19.06,Gemuk
11,P,138.4,32.8,17.15,Normal
8,P,124.2,22.7,14.73,Normal
6,P,116.7,17.6,12.91,Kurus
9,L,129.7,29.4,17.49,Normal
8,L,121.4,23.3,15.77,Normal
12,L,145.1,42.7,20.3,Gemuk
12,P,144.6,36.1,17.24,Normal
8,L,122.5,20.9,13.95,Kurus
12,L,145.8,38.8,18.26,Gemuk
10,L,134.9,34.0,18.7,Gemuk
6,P,114.8,20.2,15.34,Normal
7,L,120.7,24.3,16.71,Normal
9,L,133.0,25.1,14.17,Normal
6,L,115.3,22.0,16.54,Normal
9,L,127.8,29.7,18.19,Gemuk
10,L,137.2,34.8,18.49,Gemuk
8,L,122.3,25.9,17.28,Normal
6,L,118.0,17.0,12.21,Kurus
12,P,150.1,38.7,17.15,Normal
9,P,123.2,30.9,20.35,Gemuk
9,L,127.2,27.7,17.11,Normal
11,P,137.5,38.0,20.06,Gemuk
12,L,147.8,40.6,18.57,Gemuk
11,L,143.9,35.3,17.06,Normal
12,L,144.3,39.8,19.11,Gemuk
11,P,140.3,35.4,17.99,Normal
11,L,143.4,34.0,16.55,Normal
8,P,125.4,22.8,14.5,Normal
11,P,143.7,42.4,20.52,Gemuk
8,P,120.3,26.0,17.97,Normal
8,L,121.6,23.3,15.76,Normal
10,P,136.1,32.5,17.56,Normal
7,P,120.0,18.0,12.5,Kurus
8,P,126.4,20.0,12.53,Kurus
11,L,145.4,39.5,18.67,Gemuk
9,L,124.0,27.7,18.02,Gemuk
9,P,131.4,31.2,18.09,Gemuk
12,P,148.2,44.9,20.43,Gemuk
10,L,131.3,25.5,14.8,Normal
10,P,134.3,29.0,16.09,Normal
11,P,142.3,33.9,16.73,Normal
10,L,135.6,33.7,18.34,Gemuk
9,P,131.3,22.0,12.76,Kurus
6,L,115.4,22.0,16.52,Normal
11,P,140.7,43.0,21.71,Gemuk
7,P,117.7,23.5,16.99,Normal
7,P,120.6,22.4,15.4,Normal
8,P,124.3,21.1,13.66,Kurus
9,L,130.7,32.6,19.07,Gemuk
11,L,140.1,39.3,20.02,Gemuk
11,P,139.7,38.9,19.94,Gemuk
6,L,118.0,21.4,15.38,Normal
9,L,131.6,22.0,12.7,Kurus
7,P,114.1,24.8,19.01,Gemuk
6,P,113.9,18.3,14.11,Normal
10,P,134.8,32.4,17.82,Normal
8,P,127.4,24.1,14.87,Normal
6,L,118.0,17.0,12.21,Kurus
7,L,121.0,25.0,17.07,Normal
9,L,131.5,30.7,17.79,Normal
6,P,115.5,17.0,12.74,Kurus
9,L,129.3,30.3,18.15,Gemuk
12,L,144.7,37.8,18.04,Gemuk
9,L,129.5,27.3,16.29,Normal
6,L,115.4,18.0,13.5,Kurus
6,P,114.6,20.2,15.38,Normal
11,P,142.8,34.0,16.66,Normal
7,P,115.7,18.0,13.45,Kurus
8,P,124.9,26.9,17.23,Normal
9,L,129.4,26.6,15.91,Normal
9,L,129.4,22.4,13.4,Kurus
9,P,129.6,29.9,17.81,Normal
7,P,121.4,25.0,16.96,Normal
10,L,130.9,33.1,19.31,Gemuk
8,P,123.3,25.6,16.85,Normal
7,P,118.1,18.6,13.35,Kurus
11,L,140.0,33.5,17.1,Normal
8,L,121.9,22.8,15.34,Normal
11,L,141.8,40.8,20.32,Gemuk
7,P,121.4,24.6,16.69,Normal
10,L,133.6,32.1,17.99,Normal
11,P,140.4,30.6,15.51,Normal
11,L,139.4,34.7,17.83,Normal
10,L,133.5,33.5,18.79,Gemuk
7,P,121.9,18.5,12.44,Kurus
10,L,130.8,30.4,17.78,Normal
10,L,130.6,33.0,19.36,Gemuk
10,L,131.0,29.0,16.91,Normal
8,P,119.8,25.4,17.69,Normal
7,P,120.0,22.5,15.6,Normal
12,P,143.2,39.9,19.45,Gemuk
10,P,133.7,33.0,18.48,Gemuk
8,P,118.0,22.0,15.79,Normal
9,P,126.2,28.4,17.82,Normal
9,L,132.4,26.7,15.25,Normal
7,P,123.0,20.0,13.22,Kurus
9,P,129.8,26.5,15.7,Normal
12,L,149.0,38.0,17.1,Normal
9,P,126.2,26.4,16.6,Normal
9,L,126.1,28.4,17.89,Normal
9,L,128.3,28.5,17.34,Normal
9,L,131.6,26.3,15.17,Normal
12,L,148.4,41.1,18.66,Gemuk
7,L,120.3,21.3,14.74,Normal
11,L,138.9,36.4,18.84,Gemuk
11,L,139.7,39.1,20.02,Gemuk
11,P,142.4,36.6,18.05,Gemuk
7,P,119.8,18.0,12.53,Kurus
8,L,122.7,26.4,17.5,Normal
6,L,114.1,19.9,15.28,Normal
11,L,143.3,37.2,18.13,Gemuk
10,L,134.4,33.7,18.65,Gemuk
7,P,115.2,20.0,15.11,Normal
9,P,128.3,29.6,17.96,Normal
9,P,126.9,29.9,18.57,Gemuk
7,L,118.7,25.0,17.75,Normal
10,L,135.1,27.0,14.77,Normal
6,P,113.5,21.9,16.98,Normal
6,P,110.4,20.2,16.57,Normal
6,P,113.2,17.0,13.26,Kurus
12,P,147.9,37.7,17.22,Normal
11,P,139.1,37.1,19.16,Gemuk
8,L,121.5,20.0,13.55,Kurus
12,P,144.8,35.7,17.03,Normal
8,L,125.6,22.8,14.44,Normal
11,P,139.8,35.3,18.07,Gemuk
12,L,145.6,37.1,17.51,Normal
11,L,144.4,33.4,16.04,Normal
9,P,126.5,24.4,15.26,Normal
12,P,147.0,40.8,18.88,Gemuk
12,L,142.2,39.3,19.46,Gemuk
12,P,142.7,38.1,18.69,Gemuk
7,L,115.5,18.6,13.95,Kurus
10,P,133.4,29.0,16.32,Normal
7,P,117.0,25.0,18.28,Gemuk
7,L,119.5,18.6,13.0,Kurus
6,L,116.7,22.0,16.15,Normal
10,P,133.0,33.0,18.65,Gemuk
7,L,119.0,18.6,13.16,Kurus
12,L,149.2,36.6,16.44,Normal
9,P,127.9,31.3,19.1,Gemuk
11,P,139.9,38.4,19.6,Gemuk
11,P,142.9,30.0,14.7,Normal
10,L,135.4,29.1,15.85,Normal
8,P,120.0,24.5,17.01,Normal
10,P,130.0,31.9,18.91,Gemuk
10,L,136.9,29.2,15.56,Normal
9,P,127.4,23.6,14.53,Normal
7,P,113.9,24.6,19.0,Gemuk
6,P,116.4,21.9,16.18,Normal
10,L,132.7,34.3,19.48,Gemuk
10,P,129.4,31.2,18.65,Gemuk
8,P,122.2,24.5,16.43,Normal
8,P,123.5,28.9,18.93,Gemuk
6,P,110.6,17.0,13.89,Kurus
7,L,118.3,25.0,17.85,Normal
8,L,125.4,27.1,17.25,Normal
11,P,135.3,39.7,21.71,Gemuk
9,P,128.8,24.5,14.76,Normal
8,P,121.9,22.8,15.36,Normal
8,P,125.4,26.4,16.8,Normal
6,L,115.4,17.0,12.77,Kurus
12,P,141.1,43.3,21.71,Gemuk
9,L,129.4,26.1,15.61,Normal
11,L,143.2,33.1,16.14,Normal
7,P,115.5,23.1,17.34,Normal
12,P,146.5,35.3,16.43,Normal
7,L,120.8,20.4,14.02,Normal
9,P,128.1,26.7,16.29,Normal
8,P,119.0,20.4,14.43,Normal
12,L,146.7,39.1,18.17,Gemuk
10,P,132.1,30.9,17.72,Normal
12,P,145.7,41.3,19.46,Gemuk
6,L,114.7,17.0,12.93,Kurus
11,P,141.3,32.3,16.17,Normal
11,P,143.4,37.4,18.17,Gemuk
12,L,145.9,44.4,20.86,Gemuk
8,P,127.3,28.5,17.58,Normal
11,L,139.7,34.5,17.66,Normal
12,P,145.3,40.9,19.37,Gemuk
9,P,129.0,31.3,18.83,Gemuk
12,L,145.7,31.9,15.05,Normal
8,L,120.6,23.6,16.24,Normal
7,L,119.3,20.5,14.42,Normal
10,P,135.3,34.6,18.91,Gemuk
11,P,139.1,34.0,17.59,Normal
6,P,117.0,20.8,15.18,Normal
12,P,149.9,39.2,17.45,Normal
7,L,119.9,23.2,16.12,Normal
9,P,123.0,22.2,14.68,Normal
12,L,148.5,43.7,19.81,Gemuk
6,L,112.2,17.4,13.85,Kurus
6,P,117.8,17.0,12.25,Kurus
8,P,120.5,29.0,19.97,Gemuk
9,L,125.9,26.8,16.89,Normal
8,L,122.8,24.7,16.34,Normal
7,P,121.2,18.0,12.25,Kurus
10,P,131.4,36.4,21.1,Gemuk
8,P,122.6,25.7,17.11,Normal
8,P,123.4,26.0,17.08,Normal
6,P,114.5,21.3,16.28,Normal
9,P,130.0,26.2,15.5,Normal
10,L,130.3,32.9,19.37,Gemuk
12,P,144.6,37.4,17.89,Normal
8,L,124.2,20.7,13.43,Kurus
7,L,118.4,21.1,15.03,Normal
10,P,134.2,35.0,19.41,Gemuk
9,P,132.4,28.0,15.96,Normal
6,P,115.6,18.6,13.87,Kurus
10,L,138.8,33.8,17.54,Normal
7,P,118.4,22.8,16.26,Normal
10,L,136.6,29.3,15.68,Normal
7,P,115.6,21.1,15.76,Normal
9,P,128.4,27.2,16.5,Normal
8,P,121.7,23.7,15.98,Normal
10,L,135.0,26.3,14.41,Normal
6,L,115.6,22.0,16.47,Normal
7,L,117.5,23.1,16.7,Normal
11,L,138.2,40.6,21.25,Gemuk
10,L,136.8,31.9,17.02,Normal
8,P,125.3,22.8,14.48,Normal
7,L,115.9,22.2,16.54,Normal
7,L,119.1,18.8,13.23,Kurus
12,P,148.6,40.0,18.11,Gemuk
12,L,147.4,35.1,16.14,Normal
6,P,113.7,19.2,14.88,Normal
8,L,121.5,25.9,17.54,Normal
12,P,144.1,43.4,20.9,Gemuk
12,L,144.9,39.2,18.69,Gemuk
12,L,150.8,37.5,16.51,Normal
7,L,120.6,24.0,16.48,Normal
9,L,127.7,31.9,19.59,Gemuk
10,P,135.3,27.7,15.13,Normal
6,L,113.8,22.0,16.98,Normal
12,L,148.3,36.4,16.54,Normal
6,L,116.2,22.0,16.3,Normal
7,P,118.3,19.9,14.2,Normal
9,P,130.9,22.0,12.84,Kurus
10,P,133.8,26.6,14.85,Normal
9,L,126.8,29.0,18.03,Gemuk
11,L,138.8,38.7,20.12,Gemuk
10,P,140.0,37.3,19.01,Gemuk
7,L,118.2,19.7,14.12,Normal
8,L,128.0,29.0,17.7,Normal
7,L,117.6,25.0,18.07,Gemuk
11,P,141.7,35.8,17.84,Normal
12,P,145.0,35.5,16.88,Normal
8,L,122.1,29.0,19.45,Gemuk
10,P,135.1,30.5,16.69,Normal
8,P,124.1,28.0,18.18,Gemuk
12,P,144.3,34.7,16.65,Normal
12,P,151.5,37.9,16.49,Normal
10,L,132.3,33.0,18.86,Gemuk
6,L,111.5,21.2,17.1,Normal
10,P,132.6,30.5,17.31,Normal
12,L,142.2,39.3,19.44,Gemuk
6,L,113.5,17.1,13.3,Kurus
7,P,123.0,22.1,14.62,Normal
10,L,133.6,32.7,18.33,Gemuk
7,P,116.7,21.5,15.74,Normal
7,P,119.6,22.0,15.4,Normal
8,P,118.0,27.3,19.63,Gemuk
8,L,128.0,28.3,17.26,Normal
9,L,130.2,27.2,16.07,Normal
6,P,113.9,18.2,13.99,Kurus
12,L,147.8,38.9,17.82,Normal
8,P,121.3,24.0,16.32,Normal
6,L,112.2,22.0,17.48,Normal
10,L,133.9,28.7,16.01,Normal
11,L,142.5,36.8,18.15,Gemuk
11,P,142.3,37.0,18.28,Gemuk
9,L,124.9,34.0,21.79,Gemuk
6,L,110.2,17.0,14.0,Kurus
11,L,141.3,35.7,17.86,Normal
10,L,137.5,34.2,18.11,Gemuk
10,L,132.7,28.3,16.08,Normal
10,P,132.3,27.3,15.6,Normal
12,L,149.7,38.4,17.13,Normal
7,L,121.8,18.9,12.76,Kurus
7,P,118.3,25.0,17.88,Normal
9,P,128.7,29.7,17.91,Normal
6,L,113.9,21.3,16.42,Normal
9,L,124.4,25.1,16.25,Normal
11,P,140.1,37.1,18.9,Gemuk
7,P,116.6,24.0,17.64,Normal
9,L,129.7,29.6,17.61,Normal
9,L,133.0,34.0,19.22,Gemuk
11,L,143.3,32.0,15.59,Normal
7,L,118.6,21.1,14.99,Normal
11,L,144.3,36.8,17.67,Normal
9,L,128.0,27.5,16.82,Normal
10,P,129.7,30.5,18.09,Gemuk
7,L,119.4,23.0,16.15,Normal
12,P,149.6,38.9,17.37,Normal
6,P,110.0,19.0,15.67,Normal
8,P,122.2,23.4,15.67,Normal
12,P,144.5,38.6,18.5,Gemuk
12,P,141.4,34.6,17.29,Normal
12,P,151.9,41.3,17.91,Normal
10,L,135.9,30.8,16.66,Normal
11,P,144.1,37.3,17.98,Normal
12,P,146.0,33.9,15.91,Normal
12,P,147.0,40.3,18.66,Gemuk
12,P,142.0,37.7,18.71,Gemuk
6,P,115.0,20.1,15.19,Normal
9,L,127.0,22.0,13.63,Kurus
12,P,146.8,38.6,17.91,Normal
7,L,118.5,21.1,15.06,Normal
11,L,140.5,33.6,17.03,Normal
11,L,141.1,31.3,15.72,Normal
6,L,114.3,20.7,15.89,Normal
6,P,117.4,21.3,15.46,Normal
8,L,125.3,28.6,18.22,Gemuk
6,P,117.5,18.3,13.28,Kurus
9,L,130.7,26.8,15.7,Normal
6,L,111.9,20.2,16.12,Normal
9,L,128.8,29.0,17.5,Normal
8,P,121.5,24.8,16.76,Normal
7,L,119.3,22.2,15.57,Normal
11,P,138.9,35.4,18.33,Gemuk
11,L,138.5,41.0,21.35,Gemuk
6,L,110.0,17.6,14.56,Normal
11,L,144.0,33.8,16.32,Normal
11,L,140.8,34.6,17.44,Normal
12,L,149.5,37.3,16.69,Normal
7,L,115.6,20.5,15.3,Normal
8,P,124.5,22.4,14.44,Normal
11,L,140.1,35.2,17.92,Normal
10,P,134.0,29.8,16.62,Normal
9,L,123.9,33.8,22.0,Gemuk
12,P,150.7,45.1,19.85,Gemuk
8,P,120.2,22.9,15.88,Normal
7,L,117.8,18.0,12.97,Kurus
9,L,127.3,26.3,16.21,Normal
9,P,124.6,26.0,16.75,Normal
7,L,117.6,19.6,14.16,Normal
11,P,140.0,34.6,17.67,Normal
11,L,142.5,41.4,20.38,Gemuk
11,P,140.4,32.1,16.3,Normal
11,L,140.3,35.7,18.12,Gemuk
6,L,115.5,18.3,13.72,Kurus
12,P,150.7,42.3,18.61,Gemuk
9,L,128.0,30.0,18.33,Gemuk
8,P,124.6,23.0,14.83,Normal
9,P,128.1,29.6,18.05,Gemuk
8,L,120.6,25.8,17.73,Normal
11,P,143.4,33.9,16.48,Normal
9,P,124.5,30.1,19.42,Gemuk
12,L,140.0,38.1,19.44,Gemuk
8,L,125.5,23.4,14.88,Normal
11,L,135.7,33.9,18.43,Gemuk
11,P,145.2,36.5,17.3,Normal
8,L,126.6,24.8,15.43,Normal
7,P,118.8,18.1,12.82,Kurus
7,P,120.7,21.4,14.69,Normal
11,L,139.2,34.9,18.03,Gemuk
6,L,113.3,17.0,13.24,Kurus
7,L,113.4,25.0,19.43,Gemuk
8,P,124.7,26.5,17.03,Normal
11,P,144.0,33.8,16.29,Normal
7,L,115.2,18.0,13.57,Kurus
8,P,127.0,23.9,14.82,Normal
6,P,115.7,22.0,16.45,Normal
6,L,115.7,17.0,12.69,Kurus
9,P,130.7,30.8,18.03,Gemuk
8,P,125.2,22.8,14.55,Normal
11,P,144.3,37.4,17.95,Normal
6,L,116.8,17.0,12.47,Kurus
12,P,147.0,40.5,18.72,Gemuk
10,P,131.7,34.3,19.78,Gemuk
9,P,131.4,28.6,16.55,Normal
12,L,146.8,37.0,17.18,Normal
9,P,130.0,28.5,16.87,Normal
7,P,119.1,21.6,15.23,Normal
7,L,121.0,18.2,12.47,Kurus
12,L,143.7,39.0,18.88,Gemuk
10,L,133.3,31.2,17.56,Normal
10,L,136.7,31.0,16.58,Normal
9,L,130.1,31.4,18.55,Gemuk
8,P,125.5,22.8,14.48,Normal
8,L,122.9,20.8,13.76,Kurus
11,L,141.6,29.3,14.63,Normal
9,P,126.9,27.3,16.95,Normal
9,L,126.5,27.3,17.02,Normal
6,P,114.1,20.1,15.41,Normal
10,P,133.2,32.3,18.18,Gemuk
12,L,143.1,40.6,19.83,Gemuk
10,L,135.3,32.7,17.89,Normal
8,L,126.2,26.9,16.85,Normal
7,P,120.3,22.4,15.5,Normal
12,L,149.8,42.8,19.06,Gemuk
10,L,134.8,32.1,17.68,Normal
7,P,120.8,19.2,13.13,Kurus
12,P,143.7,33.4,16.18,Normal
6,L,110.0,21.8,18.0,Gemuk
7,L,117.9,23.4,16.83,Normal
7,L,117.3,23.1,16.8,Normal
7,L,118.4,20.2,14.4,Normal
7,L,117.8,19.0,13.67,Kurus
6,L,118.0,21.6,15.48,Normal
12,L,148.7,35.4,16.01,Normal
6,L,115.6,22.0,16.46,Normal
12,L,146.4,35.3,16.49,Normal
11,L,142.7,31.4,15.41,Normal
7,L,121.2,18.0,12.26,Kurus
8,L,126.3,21.1,13.2,Kurus
11,P,139.0,36.1,18.67,Gemuk
6,L,112.8,17.0,13.36,Kurus
12,L,146.7,46.6,21.64,Gemuk
11,P,141.6,33.6,16.73,Normal
8,P,118.6,25.0,17.78,Normal
9,P,127.5,29.2,17.98,Normal
7,L,118.1,20.6,14.75,Normal
12,L,146.6,38.7,17.99,Normal
9,P,129.1,33.2,19.93,Gemuk
6,L,115.3,17.4,13.1,Kurus
9,L,126.0,30.2,19.01,Gemuk
6,P,112.5,17.9,14.17,Normal
10,L,137.9,26.3,13.82,Kurus
9,P,131.3,31.0,17.99,Normal
7,P,116.4,20.7,15.29,Normal
7,P,122.6,21.6,14.37,Normal
6,L,112.5,20.3,16.04,Normal
10,L,133.9,28.7,16.04,Normal
12,L,149.5,37.2,16.67,Normal
12,P,145.4,38.7,18.32,Gemuk
8,P,123.6,26.1,17.07,Normal
10,L,134.5,30.0,16.59,Normal
9,P,128.4,22.4,13.59,Kurus
8,L,120.5,20.0,13.78,Kurus
12,L,145.9,39.9,18.75,Gemuk
11,L,141.4,32.6,16.33,Normal
10,L,129.8,33.2,19.67,Gemuk
10,L,129.2,31.9,19.1,Gemuk
10,P,134.7,25.5,14.06,Normal
6,L,115.1,17.0,12.84,Kurus
7,L,116.5,18.6,13.7,Kurus
12,L,149.8,38.2,17.02,Normal
7,P,120.5,23.2,15.94,Normal
7,L,116.1,25.0,18.56,Gemuk
7,P,117.7,19.6,14.13,Normal
6,P,114.1,22.0,16.9,Normal
11,P,138.8,35.7,18.56,Gemuk
9,L,130.7,28.9,16.91,Normal
8,P,121.5,24.7,16.77,Normal
9,P,127.5,25.7,15.78,Normal
7,L,117.4,22.5,16.34,Normal
12,L,143.6,39.3,19.04,Gemuk
8,P,124.7,23.0,14.76,Normal
6,P,118.0,17.0,12.21,Kurus
11,L,145.4,35.7,16.89,Normal
12,L,143.7,37.2,18.05,Gemuk
8,L,125.8,24.5,15.45,Normal
11,L,140.8,35.6,17.94,Normal
6,L,110.0,19.2,15.88,Normal
10,L,135.8,28.8,15.59,Normal
10,P,133.6,29.8,16.72,Normal
9,P,123.0,27.6,18.26,Gemuk
10,L,135.4,31.7,17.31,Normal
9,P,126.9,27.1,16.84,Normal
8,L,126.1,26.8,16.84,Normal
6,L,114.9,17.0,12.89,Kurus
10,P,131.6,30.5,17.64,Normal
10,L,140.0,33.2,16.93,Normal
9,P,128.7,30.9,18.65,Gemuk
11,P,144.4,35.5,17.02,Normal
9,P,127.5,27.5,16.91,Normal
7,L,114.4,25.0,19.11,Gemuk
11,L,141.3,34.6,17.33,Normal
8,P,122.7,20.6,13.69,Kurus
7,L,114.4,21.0,16.05,Normal
12,P,141.6,36.6,18.26,Gemuk
12,P,146.1,40.5,18.96,Gemuk
8,P,120.6,24.5,16.88,Normal
12,P,140.1,39.3,20.03,Gemuk
6,L,114.4,19.1,14.6,Normal
8,P,119.5,24.4,17.1,Normal
7,L,113.7,19.1,14.8,Normal
9,L,129.4,28.5,17.05,Normal
6,L,114.2,20.9,16.01,Normal
6,P,113.1,21.1,16.49,Normal
7,L,116.1,24.0,17.83,Normal
12,P,146.5,36.3,16.94,Normal
9,L,127.3,24.3,14.96,Normal
12,P,149.3,39.3,17.62,Normal
8,L,127.8,24.9,15.21,Normal
9,P,127.8,23.5,14.41,Normal
11,L,144.1,36.8,17.73,Normal
11,L,145.9,37.4,17.58,Normal
7,L,119.3,20.5,14.42,Normal
10,L,135.0,34.2,18.78,Gemuk
6,P,116.7,19.7,14.5,Normal
7,P,121.1,20.7,14.13,Normal
7,P,117.4,21.6,15.67,Normal
10,P,135.8,28.0,15.18,Normal
8,L,118.0,28.0,20.08,Gemuk
12,P,143.6,36.9,17.86,Normal
11,P,139.8,38.9,19.91,Gemuk
8,L,123.5,29.0,19.03,Gemuk
6,L,110.2,17.0,14.0,Kurus
7,P,117.5,20.1,14.56,Normal
11,P,138.7,37.6,19.53,Gemuk
11,L,145.5,38.8,18.35,Gemuk
10,P,132.4,28.4,16.18,Normal
6,L,114.5,22.0,16.78,Normal
10,P,132.1,29.7,17.04,Normal
9,P,127.9,25.7,15.71,Normal
12,P,146.0,41.3,19.38,Gemuk
8,L,123.7,21.9,14.31,Normal
9,P,127.6,22.0,13.52,Kurus
6,L,115.2,19.1,14.4,Normal
10,L,132.8,32.7,18.51,Gemuk
9,L,128.5,27.8,16.83,Normal
7,P,114.8,21.6,16.35,Normal
9,P,125.4,28.5,18.12,Gemuk
11,P,137.4,37.4,19.79,Gemuk
10,P,138.1,28.4,14.91,Normal
8,P,127.2,26.2,16.21,Normal
8,P,122.0,22.6,15.2,Normal
7,L,119.7,21.1,14.69,Normal
9,P,133.0,33.4,18.87,Gemuk
6,P,115.4,20.4,15.32,Normal
10,L,135.3,31.3,17.09,Normal
8,P,120.4,21.7,14.97,Normal
10,L,133.2,25.0,14.09,Normal
6,L,110.7,19.6,15.95,Normal
11,P,136.5,38.7,20.78,Gemuk
6,L,113.0,21.4,16.74,Normal
11,P,142.6,36.9,18.16,Gemuk
10,L,132.6,32.6,18.57,Gemuk
9,P,123.1,32.9,21.71,Gemuk
6,L,111.9,21.6,17.22,Normal
10,L,136.3,27.0,14.52,Normal
7,P,117.3,18.0,13.08,Kurus
11,P,138.2,34.1,17.83,Normal
7,L,113.7,18.0,13.93,Kurus
9,L,125.0,27.1,17.37,Normal
7,P,116.9,18.0,13.18,Kurus
10,L,131.0,28.0,16.34,Normal
10,L,136.9,28.1,14.99,Normal
8,P,121.1,24.1,16.46,Normal
9,L,126.8,26.5,16.47,Normal
11,P,139.9,34.3,17.52,Normal
10,P,138.3,34.6,18.1,Gemuk
8,L,120.7,22.1,15.19,Normal
7,L,116.5,19.8,14.57,Normal
7,P,117.1,23.5,17.18,Normal
8,P,124.0,25.2,16.39,Normal
8,P,122.2,23.9,16.01,Normal
10,L,135.4,37.2,20.27,Gemuk
10,L,136.0,33.8,18.25,Gemuk
10,P,135.1,28.9,15.82,Normal
10,L,136.5,35.1,18.83,Gemuk
8,P,124.4,22.1,14.27,Normal
10,L,133.0,32.6,18.45,Gemuk
10,P,137.3,29.1,15.43,Normal
10,L,137.1,31.7,16.85,Normal
10,P,133.3,38.0,21.37,Gemuk
6,L,113.6,18.6,14.45,Normal
12,L,144.4,42.7,20.49,Gemuk
8,P,123.8,28.0,18.27,Gemuk
8,P,121.8,26.2,17.67,Normal
11,P,138.6,36.6,19.06,Gemuk
11,P,141.1,33.3,16.72,Normal
10,P,132.9,33.0,18.71,Gemuk
11,L,146.0,36.8,17.28,Normal
11,L,141.6,36.6,18.26,Gemuk
12,L,149.0,37.9,17.07,Normal
11,P,144.7,37.5,17.9,Normal
8,L,123.5,20.8,13.62,Kurus
9,L,128.4,29.6,17.97,Normal
6,P,113.5,20.3,15.77,Normal
8,P,122.8,25.7,17.08,Normal
12,P,147.3,44.7,20.63,Gemuk
9,P,126.0,32.6,20.53,Gemuk
9,P,125.0,26.7,17.07,Normal
8,P,123.2,20.7,13.62,Kurus
10,L,136.3,34.2,18.4,Gemuk
10,P,135.6,35.2,19.14,Gemuk
11,P,138.1,36.6,19.2,Gemuk
7,L,119.2,25.0,17.6,Normal
7,L,117.9,24.4,17.58,Normal
12,P,143.8,36.1,17.46,Normal
12,P,146.1,36.8,17.25,Normal
10,L,129.4,29.1,17.35,Normal
12,P,147.2,35.4,16.31,Normal
12,P,145.8,44.6,20.98,Gemuk
12,L,147.7,34.5,15.81,Normal
8,L,120.4,24.1,16.63,Normal
11,L,144.5,38.2,18.3,Gemuk
7,L,113.0,24.8,19.39,Gemuk
6,P,115.0,21.5,16.28,Normal
12,L,145.1,36.8,17.51,Normal
9,P,129.9,25.8,15.32,Normal
9,L,128.0,22.0,13.44,Kurus
9,L,125.0,25.2,16.09,Normal
9,L,128.2,30.2,18.4,Gemuk
11,P,139.7,31.1,15.95,Normal
10,P,130.2,28.2,16.62,Normal
10,P,137.5,32.4,17.15,Normal
9,P,125.0,32.5,20.8,Gemuk
10,L,132.8,31.2,17.7,Normal
7,P,117.4,21.3,15.47,Normal
12,L,148.0,41.2,18.82,Gemuk
6,P,117.5,17.0,12.32,Kurus
10,P,133.4,28.9,16.23,Normal
9,L,128.9,32.3,19.45,Gemuk
8,P,126.2,28.3,17.75,Normal
9,L,129.1,28.0,16.79,Normal
9,L,127.6,22.9,14.07,Normal
7,L,116.8,21.8,15.95,Normal
8,L,119.8,27.4,19.07,Gemuk
12,P,147.3,45.6,21.0,Gemuk
8,P,123.2,23.9,15.76,Normal
8,L,124.0,28.6,18.62,Gemuk
9,P,126.3,23.8,14.91,Normal
12,P,144.9,38.1,18.13,Gemuk
11,P,137.2,34.0,18.07,Gemuk
8,L,122.5,24.2,16.09,Normal
10,P,138.9,28.5,14.77,Normal
7,L,121.1,19.6,13.35,Kurus
9,L,130.8,26.5,15.51,Normal
9,L,129.3,28.4,16.99,Normal
6,L,115.2,17.0,12.81,Kurus
12,L,145.1,33.3,15.81,Normal
11,P,140.8,31.9,16.08,Normal
12,L,144.6,36.6,17.51,Normal
8,P,123.0,28.7,19.0,Gemuk
6,L,112.6,17.0,13.4,Kurus
10,P,136.1,34.9,18.85,Gemuk
8,L,125.4,25.1,15.97,Normal
7,P,114.2,24.2,18.58,Gemuk
10,P,132.6,26.9,15.29,Normal
12,P,149.0,45.2,20.36,Gemuk
8,L,127.6,23.5,14.41,Normal
12,P,146.3,39.6,18.49,Gemuk
10,L,136.3,29.9,16.1,Normal
8,P,121.8,20.0,13.49,Kurus
9,L,131.5,29.5,17.07,Normal
10,L,135.3,33.1,18.08,Gemuk
10,L,133.3,28.6,16.11,Normal
12,L,147.1,38.4,17.74,Normal
9,P,131.8,28.3,16.31,Normal
8,P,126.1,24.8,15.6,Normal
10,P,131.5,36.5,21.11,Gemuk
8,P,120.3,21.3,14.71,Normal
10,P,133.1,25.7,14.52,Normal
6,L,115.3,18.3,13.79,Kurus
11,L,136.6,36.1,19.35,Gemuk
7,L,113.3,19.7,15.38,Normal
12,P,148.5,48.0,21.74,Gemuk
7,P,117.7,21.6,15.62,Normal
7,P,118.4,22.8,16.27,Normal
11,P,144.2,30.1,14.46,Normal
10,P,139.7,34.4,17.65,Normal
10,P,134.9,28.7,15.76,Normal
6,P,111.4,19.5,15.68,Normal
12,P,147.3,33.1,15.24,Normal
7,P,121.2,20.1,13.69,Kurus
8,P,126.7,25.0,15.57,Normal
11,P,140.1,32.9,16.75,Normal
7,P,120.9,23.1,15.79,Normal
7,P,117.4,18.0,13.05,Kurus
7,L,117.5,20.3,14.68,Normal
6,L,111.5,21.2,17.04,Normal
7,P,119.3,24.3,17.07,Normal
7,L,113.6,21.7,16.84,Normal
8,L,121.6,27.3,18.43,Gemuk
6,P,113.1,17.0,13.3,Kurus
12,L,145.8,36.9,17.35,Normal
12,P,147.0,38.4,17.74,Normal
8,L,121.7,22.6,15.24,Normal
12,P,147.8,38.6,17.68,Normal
9,P,123.1,32.7,21.58,Gemuk
11,L,139.8,36.8,18.82,Gemuk
7,L,117.5,24.2,17.55,Normal
11,P,141.0,39.0,19.58,Gemuk
8,P,121.6,25.5,17.25,Normal
10,L,133.3,33.5,18.86,Gemuk
10,P,132.5,33.1,18.85,Gemuk
11,P,143.5,39.5,19.18,Gemuk
11,P,142.6,30.5,15.02,Normal
6,L,112.7,21.9,17.23,Normal
9,P,123.0,22.9,15.14,Normal
7,P,116.0,21.5,15.95,Normal
7,P,116.6,21.5,15.79,Normal
7,P,116.9,20.5,14.97,Normal
11,L,143.2,40.2,19.6,Gemuk
7,P,117.0,23.7,17.29,Normal
10,L,140.0,31.2,15.91,Normal
6,L,116.0,22.0,16.36,Normal
10,L,133.2,31.1,17.52,Normal
12,L,145.8,41.1,19.35,Gemuk
8,L,119.7,20.0,13.96,Kurus
8,L,121.6,24.0,16.26,Normal
8,P,118.9,29.0,20.5,Gemuk
11,P,146.3,33.1,15.45,Normal
12,P,145.1,39.9,18.95,Gemuk
9,L,125.8,27.1,17.14,Normal
10,L,135.8,25.6,13.89,Kurus
6,P,115.0,17.0,12.86,Kurus
11,P,142.5,39.9,19.66,Gemuk
11,P,143.1,33.1,16.18,Normal
6,L,116.6,19.0,13.95,Kurus
12,L,147.2,40.1,18.52,Gemuk
9,P,126.5,26.5,16.58,Normal
11,P,144.6,34.8,16.63,Normal
9,L,128.0,25.8,15.72,Normal
6,P,114.5,18.3,13.99,Kurus
11,L,137.9,33.9,17.86,Normal
11,L,142.2,39.2,19.38,Gemuk
9,P,129.9,25.7,15.21,Normal
7,P,120.0,19.4,13.5,Kurus
6,L,116.1,22.0,16.33,Normal
12,L,144.6,39.1,18.7,Gemuk
10,P,132.7,32.9,18.66,Gemuk
10,P,130.1,32.4,19.14,Gemuk
9,P,128.3,26.1,15.87,Normal
10,L,136.2,27.6,14.89,Normal
7,P,115.8,21.5,16.02,Normal
9,L,130.7,31.9,18.67,Gemuk
12,P,147.6,37.4,17.18,Normal
8,P,122.0,20.0,13.43,Kurus
6,P,112.5,20.6,16.29,Normal
7,L,116.5,23.4,17.26,Normal
12,L,145.8,39.2,18.46,Gemuk
10,P,134.0,34.2,19.06,Gemuk
8,L,122.3,27.3,18.24,Gemuk
8,P,119.3,20.9,14.67,Normal
7,P,117.0,23.5,17.15,Normal
12,P,146.6,36.6,17.04,Normal
8,L,123.0,27.4,18.1,Gemuk
8,L,124.9,22.9,14.68,Normal
6,P,113.4,21.9,16.99,Normal
9,P,125.6,27.4,17.39,Normal
10,L,132.0,26.1,14.98,Normal
6,L,112.1,20.2,16.06,Normal
12,L,143.4,37.6,18.26,Gemuk
9,L,128.1,29.5,18.0,Gemuk
10,P,137.2,34.0,18.04,Gemuk
12,L,151.3,42.9,18.76,Gemuk
10,P,132.5,26.6,15.17,Normal
6,P,110.0,22.0,18.18,Gemuk
8,P,125.2,26.3,16.76,Normal
6,P,110.9,17.1,13.89,Kurus
11,P,139.8,30.6,15.69,Normal
9,P,128.8,32.0,19.29,Gemuk
6,P,114.2,17.0,13.04,Kurus
10,P,135.0,32.0,17.59,Normal
11,P,142.4,39.5,19.48,Gemuk
6,P,118.0,21.2,15.23,Normal
9,L,124.3,27.5,17.83,Normal
10,L,130.9,29.5,17.2,Normal
8,L,121.9,24.0,16.11,Normal
12,P,146.0,41.0,19.26,Gemuk
11,P,141.9,31.7,15.74,Normal
9,L,127.4,32.8,20.19,Gemuk
12,P,145.8,44.2,20.8,Gemuk
9,P,126.0,27.4,17.28,Normal
8,L,121.3,20.7,14.06,Normal
10,P,134.7,30.3,16.7,Normal
6,L,113.3,17.0,13.25,Kurus
11,P,139.8,35.6,18.24,Gemuk
12,P,150.5,34.0,14.99,Normal
6,P,111.2,17.0,13.75,Kurus
12,L,149.3,38.1,17.07,Normal
8,L,121.1,25.3,17.22,Normal
11,L,139.9,35.9,18.35,Gemuk
7,L,114.9,21.6,16.32,Normal
10,P,133.5,35.1,19.71,Gemuk
12,P,151.0,42.1,18.46,Gemuk
9,P,128.6,25.7,15.53,Normal
12,P,140.6,39.0,19.75,Gemuk
10,P,136.6,32.2,17.25,Normal
8,P,122.2,27.5,18.41,Gemuk
9,P,128.3,26.2,15.9,Normal
6,L,113.9,22.0,16.95,Normal
7,L,116.1,18.0,13.35,Kurus
6,P,116.1,22.0,16.31,Normal
7,P,120.7,18.0,12.35,Kurus
10,P,136.0,27.6,14.92,Normal
12,P,147.5,39.2,18.02,Gemuk
6,L,113.0,18.1,14.2,Normal
11,L,143.0,34.6,16.95,Normal
12,P,145.8,41.6,19.59,Gemuk
6,P,114.3,22.0,16.85,Normal
7,L,117.5,22.2,16.06,Normal
7,P,116.7,21.3,15.61,Normal
7,P,113.7,18.1,14.04,Normal
8,L,125.3,27.0,17.21,Normal
8,P,126.1,28.2,17.76,Normal
9,P,126.7,26.8,16.72,Normal
12,P,146.2,44.9,20.98,Gemuk
8,P,120.2,29.0,20.06,Gemuk
11,L,141.8,38.5,19.16,Gemuk
9,P,133.0,29.3,16.58,Normal
11,L,140.4,31.6,16.05,Normal
8,L,119.3,29.0,20.37,Gemuk
9,P,129.9,22.6,13.37,Kurus
10,P,136.3,30.5,16.43,Normal
6,P,113.2,21.7,16.91,Normal
12,L,147.7,30.0,13.75,Kurus
11,P,137.3,35.3,18.71,Gemuk
11,L,139.6,34.8,17.89,Normal
6,P,116.8,20.2,14.8,Normal
9,P,125.9,27.1,17.1,Normal
12,L,146.5,35.8,16.66,Normal
7,L,121.5,18.0,12.19,Kurus
12,P,144.5,45.0,21.55,Gemuk
7,L,117.7,18.0,13.0,Kurus
9,L,125.9,24.6,15.53,Normal
10,P,134.4,34.2,18.96,Gemuk
12,P,147.7,39.2,17.96,Normal
8,P,122.1,29.0,19.45,Gemuk
9,P,132.4,26.1,14.92,Normal
12,P,143.9,33.5,16.18,Normal
6,P,116.4,17.0,12.55,Kurus
8,L,120.2,29.0,20.06,Gemuk
10,L,129.4,32.7,19.5,Gemuk
10,L,132.2,33.2,19.01,Gemuk
10,P,134.3,28.6,15.89,Normal
11,L,139.5,32.5,16.71,Normal
8,L,119.7,20.7,14.45,Normal
12,P,142.0,38.7,19.18,Gemuk
12,P,147.3,43.4,20.0,Gemuk
10,P,134.1,31.0,17.25,Normal
6,P,114.5,18.9,14.46,Normal
10,L,136.5,33.7,18.07,Gemuk
7,P,115.1,18.0,13.6,Kurus
11,P,137.4,40.4,21.4,Gemuk
12,P,146.3,40.9,19.11,Gemuk
11,L,137.8,37.8,19.87,Gemuk
11,P,143.5,36.3,17.62,Normal
7,P,116.0,24.1,17.88,Normal
9,L,133.0,23.4,13.25,Kurus
11,L,135.0,38.2,20.95,Gemuk
12,L,146.4,40.7,18.99,Gemuk
9,P,128.2,29.8,18.14,Gemuk
8,P,120.7,25.2,17.3,Normal
9,P,128.0,23.8,14.54,Normal
10,P,134.0,31.2,17.38,Normal
10,P,130.2,30.2,17.83,Normal
12,L,144.3,39.5,18.98,Gemuk
9,L,125.2,27.5,17.54,Normal
11,L,141.7,36.5,18.17,Gemuk
11,P,142.4,31.8,15.66,Normal
9,L,128.9,34.0,20.46,Gemuk
12,L,144.4,37.0,17.77,Normal
11,L,142.5,36.9,18.17,Gemuk
11,P,135.2,31.7,17.36,Normal
10,L,133.9,34.3,19.12,Gemuk
11,L,142.4,41.6,20.52,Gemuk
12,L,146.2,38.1,17.85,Normal
12,P,143.6,42.3,20.54,Gemuk
10,L,133.4,31.6,17.79,Normal
7,P,113.0,23.0,18.01,Gemuk
8,P,123.1,26.9,17.73,Normal
10,P,135.0,30.9,16.97,Normal
6,P,115.3,20.9,15.72,Normal
10,L,132.9,30.4,17.2,Normal
10,P,130.7,28.6,16.73,Normal
7,L,117.3,23.4,17.0,Normal
12,L,148.3,34.9,15.87,Normal
12,P,145.1,40.7,19.33,Gemuk
11,P,140.1,35.3,18.02,Gemuk
10,L,135.1,28.8,15.79,Normal
8,L,125.4,24.6,15.66,Normal
11,P,143.1,34.4,16.79,Normal
10,P,137.2,29.2,15.52,Normal
9,P,128.8,29.7,17.89,Normal
8,L,127.7,28.3,17.35,Normal
12,L,146.3,40.4,18.87,Gemuk
11,L,143.2,31.5,15.34,Normal
6,P,113.8,22.0,16.99,Normal
10,L,137.1,26.2,13.95,Kurus
10,P,131.0,30.6,17.84,Normal
8,P,123.2,24.2,15.91,Normal
8,P,124.5,26.6,17.16,Normal
9,P,129.0,31.0,18.61,Gemuk
6,P,110.5,17.0,13.93,Kurus
11,L,137.2,36.4,19.31,Gemuk
9,L,125.0,26.5,16.96,Normal
12,P,148.5,41.2,18.69,Gemuk
10,L,134.1,36.8,20.47,Gemuk
11,L,141.4,34.7,17.35,Normal
6,P,116.4,19.9,14.71,Normal
9,P,129.3,29.9,17.88,Normal
11,L,137.9,28.0,14.72,Normal
7,L,113.0,22.3,17.5,Normal
10,L,131.3,32.5,18.86,Gemuk
10,P,133.6,28.5,15.97,Normal
7,P,118.1,18.0,12.9,Kurus
6,L,117.7,18.1,13.06,Kurus
12,P,145.3,35.8,16.94,Normal
11,P,144.1,35.7,17.2,Normal
7,P,119.2,20.1,14.17,Normal
8,P,122.8,23.0,15.26,Normal
9,P,130.3,26.5,15.61,Normal
7,L,114.2,19.1,14.65,Normal
7,P,120.2,22.2,15.38,Normal
12,P,145.5,37.0,17.49,Normal
9,P,128.1,29.3,17.85,Normal
12,P,143.7,40.0,19.38,Gemuk
12,L,150.1,38.2,16.95,Normal
12,L,146.5,46.1,21.47,Gemuk
9,P,128.2,29.2,17.74,Normal
8,L,121.9,22.4,15.08,Normal
10,P,132.4,38.0,21.69,Gemuk
8,P,121.7,28.1,18.98,Gemuk
9,P,131.8,34.0,19.57,Gemuk
12,L,145.2,38.1,18.05,Gemuk
12,P,144.2,45.1,21.69,Gemuk
10,P,138.7,34.5,17.96,Normal
10,P,137.3,29.7,15.72,Normal
11,L,140.6,36.0,18.22,Gemuk
11,L,143.2,36.7,17.91,Normal
12,L,143.1,34.1,16.67,Normal
12,P,144.6,41.3,19.76,Gemuk
11,L,143.4,37.4,18.2,Gemuk
6,P,112.1,17.2,13.74,Kurus
6,P,116.6,17.0,12.5,Kurus
8,L,124.2,22.4,14.51,Normal
8,P,124.3,20.2,13.09,Kurus
9,L,127.0,31.1,19.27,Gemuk
11,L,140.3,40.5,20.55,Gemuk
12,L,144.3,42.3,20.3,Gemuk
10,L,135.0,35.2,19.34,Gemuk
11,L,143.8,40.2,19.47,Gemuk
9,P,126.0,28.3,17.83,Normal
11,L,137.0,40.0,21.3,Gemuk
6,P,114.6,17.4,13.24,Kurus
11,P,136.6,33.8,18.12,Gemuk
11,P,142.5,36.7,18.05,Gemuk
8,P,121.3,21.4,14.57,Normal
10,L,133.4,30.6,17.2,Normal
7,L,118.0,23.0,16.51,Normal
8,L,119.8,25.3,17.62,Normal
9,P,126.3,27.9,17.48,Normal
12,P,144.4,38.9,18.64,Gemuk
8,P,120.4,21.7,14.98,Normal
9,P,132.1,25.4,14.58,Normal
11,L,139.4,40.9,21.03,Gemuk
11,P,139.0,35.2,18.22,Gemuk
12,L,146.9,30.0,13.9,Kurus
10,L,135.9,32.3,17.5,Normal
9,P,126.5,30.9,19.28,Gemuk
8,L,121.1,24.6,16.75,Normal
12,P,142.8,41.2,20.18,Gemuk
10,L,134.3,32.6,18.09,Gemuk
9,P,126.9,22.4,13.93,Kurus
11,P,141.0,35.8,18.02,Gemuk
7,P,118.3,25.0,17.85,Normal
6,L,114.6,19.9,15.18,Normal
8,P,123.3,23.9,15.75,Normal
6,L,112.5,17.0,13.43,Kurus
8,P,123.8,22.7,14.8,Normal
10,L,129.9,32.7,19.4,Gemuk
12,L,145.2,42.9,20.36,Gemuk
8,P,119.6,27.4,19.15,Gemuk
8,P,124.2,21.7,14.08,Normal
12,P,140.2,39.2,19.93,Gemuk
10,P,136.5,32.7,17.57,Normal
6,L,110.0,18.6,15.35,Normal
8,L,126.5,28.7,17.93,Normal
9,L,126.6,28.0,17.49,Normal
8,L,126.6,22.3,13.87,Kurus
8,P,122.0,23.7,15.9,Normal
10,L,136.1,36.6,19.76,Gemuk
9,L,125.2,34.0,21.69,Gemuk
11,P,142.5,30.8,15.17,Normal
6,P,118.0,21.5,15.45,Normal
7,P,115.9,22.6,16.83,Normal
11,L,139.8,35.8,18.34,Gemuk
10,L,134.3,38.0,21.07,Gemuk
11,P,140.6,33.7,17.04,Normal
8,P,121.4,20.3,13.79,Kurus
9,P,125.7,27.9,17.67,Normal
10,L,138.6,27.8,14.48,Normal
9,P,125.8,27.4,17.32,Normal
8,L,122.7,22.8,15.17,Normal
6,L,113.7,21.8,16.88,Normal
10,L,133.2,33.6,18.97,Gemuk
11,L,142.6,34.5,16.96,Normal
11,L,145.5,36.7,17.32,Normal
7,L,117.2,18.0,13.11,Kurus
9,L,130.8,27.4,16.02,Normal
12,L,145.8,36.9,17.35,Normal
7,P,118.7,19.1,13.55,Kurus
9,L,127.9,31.4,19.17,Gemuk
6,P,112.7,21.3,16.75,Normal
12,P,149.3,37.1,16.63,Normal
10,P,133.5,33.8,18.95,Gemuk
6,L,113.5,20.0,15.54,Normal
8,P,127.2,26.7,16.54,Normal
9,L,126.2,25.3,15.91,Normal
6,L,115.9,17.9,13.29,Kurus
12,P,145.6,35.5,16.75,Normal
7,P,118.5,25.0,17.79,Normal
7,L,121.3,20.0,13.61,Kurus
8,P,125.4,27.3,17.35,Normal
9,P,131.7,25.6,14.77,Normal
6,P,112.8,17.0,13.36,Kurus
9,P,127.8,25.7,15.72,Normal
9,P,130.7,29.3,17.14,Normal
10,P,132.6,34.5,19.63,Gemuk
8,P,124.5,27.2,17.53,Normal
8,L,127.8,20.0,12.25,Kurus
6,L,112.9,20.2,15.82,Normal
9,L,129.5,22.8,13.59,Kurus
12,P,149.1,39.4,17.75,Normal
12,P,144.2,34.1,16.39,Normal
8,L,121.5,23.4,15.86,Normal
11,P,142.7,34.7,17.02,Normal
9,L,130.5,24.3,14.3,Normal
11,L,141.7,35.4,17.62,Normal
9,P,123.0,30.4,20.07,Gemuk
10,P,131.6,28.8,16.63,Normal
7,P,119.7,21.1,14.73,Normal
7,L,117.4,19.6,14.22,Normal
8,L,122.9,26.6,17.59,Normal
6,L,116.6,17.0,12.5,Kurus
10,L,137.0,34.2,18.23,Gemuk
8,P,124.2,21.6,14.0,Normal
7,L,118.9,19.5,13.78,Kurus
11,P,143.5,32.7,15.87,Normal
12,L,143.6,36.5,17.68,Normal
6,L,114.8,19.3,14.62,Normal
7,P,116.3,22.7,16.79,Normal
12,P,147.5,38.6,17.75,Normal
6,P,113.6,20.8,16.08,Normal
10,L,135.8,29.3,15.87,Normal
12,L,144.2,39.5,19.01,Gemuk
7,P,119.1,25.0,17.61,Normal
6,P,117.5,17.9,12.94,Kurus
7,L,119.7,25.0,17.45,Normal
10,P,136.8,31.2,16.66,Normal
12,L,149.1,46.3,20.84,Gemuk
12,L,143.2,37.1,18.09,Gemuk
12,L,149.7,37.0,16.49,Normal
8,L,121.0,28.6,19.56,Gemuk
12,L,143.6,42.8,20.75,Gemuk
8,P,119.3,26.6,18.67,Gemuk
12,L,144.2,33.0,15.88,Normal
8,L,122.1,29.0,19.45,Gemuk
6,L,112.0,20.9,16.64,Normal
12,L,147.0,34.2,15.82,Normal
12,P,143.6,39.6,19.22,Gemuk
9,P,125.3,25.6,16.29,Normal
10,P,132.6,28.4,16.18,Normal
10,L,136.4,28.9,15.53,Normal
6,P,110.0,22.0,18.15,Gemuk
8,L,126.2,26.9,16.87,Normal
8,P,125.0,26.0,16.64,Normal
8,P,123.1,22.0,14.48,Normal
7,L,119.3,21.7,15.22,Normal
9,L,127.5,22.0,13.53,Kurus
6,L,110.0,18.4,15.19,Normal
10,P,135.2,27.1,14.8,Normal
10,P,139.2,28.2,14.53,Normal
10,P,139.4,33.1,17.01,Normal
6,L,110.5,18.5,15.13,Normal
10,L,133.0,28.1,15.91,Normal
9,P,125.3,23.8,15.14,Normal
6,L,115.9,20.0,14.9,Normal
6,L,116.2,18.8,13.94,Kurus
6,P,112.8,22.0,17.3,Normal
10,L,130.4,26.6,15.65,Normal
6,L,115.5,22.0,16.49,Normal
8,L,125.8,28.9,18.28,Gemuk
6,L,112.4,19.2,15.21,Normal
8,L,119.3,26.3,18.5,Gemuk
7,P,122.8,22.7,15.06,Normal
7,L,117.1,18.4,13.45,Kurus
11,L,143.0,39.6,19.36,Gemuk
9,P,128.4,31.7,19.22,Gemuk
9,P,128.1,27.5,16.77,Normal
10,P,137.0,36.0,19.16,Gemuk
10,L,135.3,32.2,17.61,Normal
8,P,124.0,25.1,16.34,Normal
6,P,116.4,17.0,12.55,Kurus
7,L,120.1,19.2,13.31,Kurus
12,P,142.0,45.0,22.32,Obesitas
12,P,151.7,35.3,15.33,Normal
12,P,147.7,38.2,17.5,Normal
6,P,116.0,19.5,14.48,Normal
9,P,125.0,26.8,17.12,Normal
10,P,136.5,36.4,19.53,Gemuk
11,L,143.0,34.5,16.89,Normal
10,P,130.0,29.7,17.57,Normal
12,P,149.4,42.7,19.11,Gemuk
10,L,133.4,26.0,14.64,Normal
11,P,144.8,41.5,19.8,Gemuk
11,P,138.4,31.3,16.33,Normal
9,P,129.8,29.6,17.59,Normal
8,P,127.4,22.0,13.55,Kurus
7,P,116.4,20.3,14.98,Normal
6,P,114.3,22.0,16.83,Normal
10,L,135.3,33.6,18.37,Gemuk
10,L,135.3,31.7,17.28,Normal
6,L,113.9,22.0,16.97,Normal
8,P,121.7,22.0,14.87,Normal
10,P,128.0,27.5,16.79,Normal
6,L,118.0,17.9,12.87,Kurus
6,L,112.9,17.0,13.33,Kurus
6,L,117.0,17.0,12.42,Kurus
10,P,134.0,32.1,17.86,Normal
6,P,114.8,22.0,16.66,Normal
9,L,132.4,30.4,17.34,Normal
6,L,112.7,17.0,13.39,Kurus
6,L,116.5,18.5,13.66,Kurus
12,P,145.7,38.5,18.13,Gemuk
7,P,121.4,25.0,16.97,Normal
12,L,142.9,36.4,17.85,Normal
7,P,121.4,20.3,13.76,Kurus
9,L,127.7,28.1,17.27,Normal
10,L,133.5,33.1,18.58,Gemuk
11,L,139.7,33.5,17.18,Normal
8,L,128.0,26.2,15.99,Normal
9,L,130.7,24.1,14.12,Normal
6,L,114.7,19.0,14.45,Normal
7,P,119.9,22.6,15.72,Normal
11,L,139.2,37.2,19.21,Gemuk
9,P,123.0,29.4,19.43,Gemuk
9,P,128.2,29.4,17.91,Normal
8,L,123.1,23.2,15.27,Normal
8,P,123.0,27.5,18.18,Gemuk
10,P,131.8,33.2,19.13,Gemuk
6,L,117.6,17.0,12.29,Kurus
9,L,125.3,22.0,14.01,Normal
10,P,133.5,31.0,17.42,Normal
9,P,131.6,24.9,14.36,Normal
9,P,129.0,26.9,16.15,Normal
7,L,121.0,19.5,13.3,Kurus
9,L,124.1,25.9,16.85,Normal
12,L,150.9,40.8,17.91,Normal
6,P,117.7,17.7,12.79,Kurus
9,L,130.7,24.9,14.58,Normal
9,L,126.5,30.6,19.09,Gemuk
6,P,110.2,18.0,14.8,Normal
8,L,119.6,23.5,16.46,Normal
12,P,142.2,42.9,21.22,Gemuk
6,P,114.7,17.0,12.93,Kurus
10,P,132.9,28.7,16.22,Normal
9,L,129.6,28.4,16.88,Normal
6,P,116.7,17.1,12.54,Kurus
11,P,146.2,31.4,14.68,Normal
9,L,126.5,26.7,16.67,Normal
7,L,118.5,22.9,16.27,Normal
12,P,146.6,39.6,18.44,Gemuk
8,L,119.5,20.5,14.36,Normal
7,L,120.4,21.2,14.65,Normal
12,P,147.5,39.9,18.33,Gemuk
7,P,114.9,20.8,15.79,Normal
9,P,126.1,25.9,16.25,Normal
6,P,114.2,17.0,13.03,Kurus
12,L,148.4,42.6,19.34,Gemuk
10,P,133.4,31.8,17.85,Normal
7,L,114.2,25.0,19.16,Gemuk
8,P,121.7,24.5,16.55,Normal
11,P,135.0,36.8,20.21,Gemuk
11,L,142.5,36.9,18.19,Gemuk
8,L,126.9,24.8,15.4,Normal
12,P,145.6,41.3,19.48,Gemuk
8,L,119.9,22.3,15.51,Normal
10,P,135.8,34.7,18.8,Gemuk
6,L,118.0,17.2,12.36,Kurus
8,P,124.4,22.8,14.75,Normal
8,L,122.9,27.4,18.13,Gemuk
10,L,134.4,27.4,15.2,Normal
9,P,129.1,26.7,16.0,Normal
6,L,113.5,22.0,17.08,Normal
12,L,142.2,38.2,18.89,Gemuk
7,P,123.0,18.0,11.9,Kurus
11,L,141.1,35.9,18.06,Gemuk
8,L,126.6,21.6,13.5,Kurus
7,L,118.6,20.5,14.6,Normal
12,P,140.0,36.7,18.72,Gemuk
10,L,132.9,27.4,15.52,Normal
10,L,138.5,36.3,18.9,Gemuk
10,L,131.2,30.5,17.71,Normal
10,P,136.5,29.4,15.8,Normal
10,P,131.5,28.9,16.73,Normal
11,P,139.0,37.5,19.42,Gemuk
9,P,127.6,25.8,15.83,Normal
9,P,130.0,22.8,13.5,Kurus
6,L,116.4,17.0,12.54,Kurus
9,P,126.7,28.6,17.83,Normal
11,P,140.8,32.6,16.45,Normal
12,L,143.2,45.7,22.26,Obesitas
8,P,122.9,24.5,16.2,Normal
7,L,119.4,22.3,15.64,Normal
12,L,149.3,45.1,20.23,Gemuk
7,L,119.5,22.4,15.68,Normal
7,P,120.0,18.0,12.5,Kurus
9,L,127.5,24.3,14.98,Normal
10,L,132.4,26.2,14.97,Normal
12,L,150.3,42.7,18.9,Gemuk
10,P,133.0,34.0,19.23,Gemuk
6,L,112.7,20.9,16.45,Normal
12,L,143.2,33.2,16.16,Normal
12,P,141.8,44.5,22.15,Obesitas
11,P,141.1,28.9,14.49,Normal
8,L,119.5,24.1,16.91,Normal
8,P,124.7,27.8,17.89,Normal
7,P,120.1,18.0,12.49,Kurus
9,P,123.0,28.2,18.63,Gemuk
8,L,123.0,25.4,16.81,Normal
12,P,147.1,41.6,19.2,Gemuk
7,P,123.0,21.5,14.23,Normal
10,L,135.3,33.6,18.35,Gemuk
12,P,149.2,45.4,20.37,Gemuk
6,L,113.0,18.8,14.72,Normal
7,L,120.6,25.0,17.2,Normal
9,L,128.0,25.1,15.34,Normal
8,P,121.6,25.5,17.25,Normal
12,L,147.9,37.8,17.28,Normal
8,L,127.5,24.2,14.87,Normal
10,L,130.4,32.2,18.91,Gemuk
7,P,117.3,19.0,13.83,Kurus
10,L,133.2,30.0,16.9,Normal
11,L,138.1,37.4,19.59,Gemuk
8,P,123.8,24.7,16.1,Normal
10,P,129.8,28.5,16.91,Normal
9,L,126.1,31.7,19.92,Gemuk
12,L,148.7,36.8,16.63,Normal
7,L,119.7,18.0,12.56,Kurus
8,L,123.6,24.4,15.94,Normal
11,L,142.6,32.8,16.13,Normal
6,L,110.0,22.0,18.18,Gemuk
6,L,113.8,18.8,14.55,Normal
12,P,147.7,41.2,18.9,Gemuk
10,L,137.9,33.7,17.71,Normal
7,L,116.9,19.9,14.55,Normal
7,L,120.2,18.0,12.46,Kurus
8,L,125.8,27.5,17.41,Normal
7,L,113.5,18.0,13.98,Kurus
10,L,129.9,32.6,19.32,Gemuk
10,P,136.2,36.7,19.8,Gemuk
12,L,142.5,35.9,17.68,Normal
10,L,134.8,35.1,19.29,Gemuk
12,L,147.5,33.9,15.59,Normal
9,P,127.5,30.5,18.73,Gemuk
10,L,130.1,32.3,19.08,Gemuk
11,P,140.7,33.0,16.69,Normal
9,L,127.6,27.4,16.82,Normal
11,L,138.0,35.2,18.51,Gemuk
11,P,141.7,36.3,18.07,Gemuk
11,P,141.4,38.3,19.17,Gemuk
11,L,143.5,36.8,17.88,Normal
7,P,119.8,25.0,17.43,Normal
9,L,128.7,31.6,19.06,Gemuk
10,P,132.6,34.9,19.84,Gemuk
7,L,120.6,20.6,14.13,Normal
11,P,142.3,36.6,18.05,Gemuk
10,L,135.8,33.0,17.88,Normal
7,L,118.2,19.6,14.02,Normal
6,P,112.7,17.0,13.38,Kurus
11,L,144.8,34.5,16.46,Normal
7,P,119.4,19.4,13.64,Kurus
10,L,133.9,30.6,17.06,Normal
7,L,117.0,23.0,16.77,Normal
8,L,123.5,20.0,13.1,Kurus
9,P,125.2,26.2,16.74,Normal
12,P,148.0,41.4,18.89,Gemuk
10,P,134.0,38.0,21.15,Gemuk
9,P,126.0,33.6,21.17,Gemuk
9,L,124.8,27.2,17.48,Normal
10,P,134.1,30.3,16.85,Normal
10,P,133.4,30.9,17.34,Normal
12,L,146.7,39.2,18.2,Gemuk
12,P,145.4,35.0,16.57,Normal
10,L,134.0,35.0,19.46,Gemuk
6,P,115.9,21.6,16.11,Normal
12,P,148.7,38.5,17.39,Normal
6,P,115.4,17.0,12.76,Kurus
11,P,139.7,37.7,19.33,Gemuk
6,L,110.6,17.0,13.91,Kurus
9,P,128.3,24.8,15.07,Normal
8,P,123.4,23.0,15.09,Normal
12,P,141.9,36.0,17.88,Normal
12,P,142.3,38.5,18.99,Gemuk
10,L,132.5,33.9,19.3,Gemuk
10,L,135.1,32.3,17.66,Normal
12,L,149.1,39.1,17.59,Normal
6,P,115.4,20.9,15.7,Normal
12,L,147.2,38.1,17.59,Normal
9,L,128.5,31.3,18.99,Gemuk
8,P,123.6,26.3,17.19,Normal
11,L,143.7,37.0,17.91,Normal
8,P,125.3,26.5,16.84,Normal
9,P,129.7,31.7,18.83,Gemuk
7,L,114.3,22.7,17.4,Normal
10,P,136.4,35.8,19.23,Gemuk
8,L,125.8,26.4,16.66,Normal
11,L,139.0,33.5,17.33,Normal
10,L,129.3,33.8,20.24,Gemuk
9,L,131.8,24.7,14.25,Normal
11,L,139.5,34.4,17.66,Normal
10,P,134.5,31.0,17.15,Normal
8,L,126.9,21.1,13.1,Kurus
11,P,140.1,39.2,19.97,Gemuk
8,P,122.7,29.0,19.27,Gemuk
9,P,126.6,25.4,15.87,Normal
7,P,113.5,18.0,13.96,Kurus
7,L,113.3,20.6,16.03,Normal
11,L,139.7,40.0,20.47,Gemuk
6,L,112.5,22.0,17.38,Normal
10,P,133.3,29.6,16.66,Normal
8,P,120.3,24.9,17.22,Normal
7,L,116.1,21.2,15.75,Normal
10,L,137.8,25.0,13.16,Kurus
9,P,125.1,29.0,18.56,Gemuk
12,L,146.1,38.1,17.86,Normal
7,P,113.6,18.2,14.1,Normal
7,P,119.1,23.8,16.79,Normal
6,P,112.8,22.0,17.29,Normal
11,P,143.0,31.1,15.22,Normal
7,L,118.8,20.3,14.37,Normal
9,P,125.7,25.4,16.08,Normal
7,P,118.2,19.0,13.59,Kurus
6,P,118.0,22.0,15.8,Normal
6,P,111.6,17.0,13.66,Kurus
10,P,132.2,30.1,17.25,Normal
11,P,139.4,37.9,19.52,Gemuk
9,L,127.9,33.1,20.23,Gemuk
10,L,132.8,32.2,18.27,Gemuk
11,P,141.5,37.0,18.47,Gemuk
12,L,151.3,37.2,16.25,Normal
6,P,115.7,18.3,13.69,Kurus
8,P,119.9,25.1,17.44,Normal
6,L,112.2,18.3,14.54,Normal
12,L,144.8,30.0,14.3,Normal
10,P,134.3,31.0,17.17,Normal
9,L,127.6,27.6,16.92,Normal
7,L,121.0,18.9,12.88,Kurus
9,L,128.5,26.9,16.32,Normal
9,L,128.1,26.5,16.15,Normal
10,P,134.3,32.0,17.71,Normal
12,P,141.2,42.3,21.2,Gemuk
6,P,112.5,21.0,16.57,Normal
9,L,128.1,27.1,16.53,Normal
6,L,111.1,18.3,14.85,Normal
7,L,116.9,21.7,15.89,Normal
11,L,142.7,40.6,19.91,Gemuk
12,P,142.6,37.0,18.17,Gemuk
12,P,145.8,40.6,19.12,Gemuk
8,P,125.3,29.0,18.47,Gemuk
8,P,125.8,25.8,16.28,Normal
7,P,120.2,22.1,15.32,Normal
7,L,115.8,21.5,16.03,Normal
10,L,133.8,35.2,19.66,Gemuk
7,L,113.2,21.6,16.88,Normal
8,L,125.2,27.0,17.21,Normal
8,P,124.0,25.3,16.42,Normal
10,P,136.0,30.1,16.29,Normal
9,P,125.4,29.4,18.71,Gemuk
9,L,129.2,25.7,15.42,Normal
8,P,122.4,26.4,17.61,Normal
8,P,118.0,24.1,17.29,Normal
12,L,146.3,40.9,19.11,Gemuk
12,L,145.0,34.4,16.34,Normal
10,L,136.2,30.9,16.67,Normal
8,P,125.0,25.2,16.16,Normal
9,L,125.4,31.7,20.15,Gemuk
12,P,145.5,39.7,18.75,Gemuk
6,L,118.0,22.0,15.8,Normal
9,L,132.3,31.9,18.21,Gemuk
6,L,115.4,17.0,12.78,Kurus
9,P,128.5,26.4,15.99,Normal
8,L,120.6,27.5,18.88,Gemuk
7,P,118.9,24.5,17.34,Normal
10,L,134.4,29.3,16.22,Normal
9,L,123.0,22.4,14.81,Normal
10,L,137.2,33.4,17.75,Normal
7,P,117.9,19.2,13.79,Kurus
12,P,147.0,34.5,15.97,Normal
7,P,118.8,21.5,15.21,Normal
8,P,120.9,22.1,15.1,Normal
12,P,149.0,35.3,15.91,Normal
6,P,114.3,22.0,16.83,Normal
11,L,142.5,35.8,17.65,Normal
12,L,147.1,42.7,19.73,Gemuk
11,L,142.4,36.4,17.94,Normal
6,P,111.4,17.9,14.42,Normal
12,L,147.4,36.4,16.78,Normal
12,L,143.0,39.4,19.29,Gemuk
12,P,142.5,41.9,20.64,Gemuk
6,P,113.2,22.0,17.16,Normal
7,P,116.7,22.3,16.41,Normal
10,P,136.0,33.5,18.13,Gemuk
12,P,150.9,37.7,16.56,Normal
9,P,127.3,32.4,19.98,Gemuk
6,L,118.0,18.7,13.4,Kurus
9,L,124.6,32.7,21.05,Gemuk
9,P,129.9,25.3,15.01,Normal
7,L,123.0,22.0,14.54,Normal
8,L,120.1,20.0,13.87,Kurus
6,P,110.9,18.1,14.72,Normal
9,L,132.9,25.9,14.67,Normal
11,L,141.0,32.2,16.21,Normal
11,L,143.2,36.5,17.81,Normal
7,L,120.9,20.1,13.76,Kurus
11,L,140.3,34.3,17.43,Normal
9,L,127.0,27.7,17.17,Normal
7,L,116.0,23.0,17.13,Normal
11,P,146.3,35.4,16.55,Normal
11,P,141.6,34.7,17.3,Normal
12,P,143.9,40.7,19.66,Gemuk
8,L,127.2,24.5,15.12,Normal
11,L,136.3,34.9,18.76,Gemuk
11,P,141.0,33.4,16.81,Normal
9,L,127.1,25.3,15.65,Normal
9,L,129.5,26.4,15.78,Normal
7,L,116.0,21.4,15.93,Normal
7,P,120.4,20.1,13.84,Kurus
6,L,116.9,20.3,14.86,Normal
7,L,119.3,21.3,14.95,Normal
8,L,126.2,20.8,13.05,Kurus
9,P,125.7,29.9,18.91,Gemuk
11,P,144.2,36.0,17.3,Normal
9,P,127.2,24.1,14.9,Normal
9,L,127.7,26.1,16.0,Normal
12,P,150.2,36.5,16.15,Normal
9,L,127.8,28.7,17.59,Normal
8,P,123.8,23.8,15.52,Normal
6,L,115.6,22.0,16.46,Normal
10,L,131.8,31.5,18.12,Gemuk
11,L,137.0,32.1,17.12,Normal
12,P,140.4,36.1,18.3,Gemuk
10,P,133.7,29.9,16.75,Normal
6,P,111.9,19.9,15.87,Normal
12,L,146.6,42.3,19.67,Gemuk
10,P,130.8,33.5,19.57,Gemuk
12,L,146.3,37.7,17.62,Normal
9,L,128.8,26.1,15.71,Normal
10,L,136.6,30.5,16.37,Normal
12,L,145.4,40.1,18.95,Gemuk
9,P,126.3,32.9,20.6,Gemuk
11,L,143.9,34.6,16.71,Normal
10,L,132.7,28.8,16.37,Normal
10,P,139.8,31.8,16.25,Normal
7,P,120.3,22.3,15.41,Normal
6,P,118.0,20.8,14.96,Normal
9,P,129.2,22.7,13.61,Kurus
11,L,139.9,32.9,16.83,Normal
12,L,147.3,35.8,16.48,Normal
9,P,130.5,22.7,13.32,Kurus
7,L,113.0,21.2,16.56,Normal
8,L,121.5,23.7,16.08,Normal
9,P,127.9,27.4,16.77,Normal
8,P,124.4,23.8,15.35,Normal
10,L,137.6,28.3,14.97,Normal
10,P,131.6,28.2,16.3,Normal
8,L,120.1,24.4,16.95,Normal
10,P,131.4,33.4,19.35,Gemuk
9,P,129.4,32.3,19.3,Gemuk
12,P,146.3,40.9,19.12,Gemuk
10,P,133.8,33.2,18.53,Gemuk
9,P,130.3,25.7,15.13,Normal
7,L,122.0,24.1,16.18,Normal
10,P,138.4,31.7,16.53,Normal
8,P,124.6,20.0,12.89,Kurus
8,P,127.5,28.6,17.57,Normal
11,P,138.3,33.6,17.57,Normal
10,L,131.8,33.0,19.01,Gemuk
7,P,117.2,19.2,14.01,Normal
10,L,133.9,30.3,16.87,Normal
7,P,118.4,18.5,13.21,Kurus
10,P,131.5,27.8,16.06,Normal
11,P,137.4,38.7,20.51,Gemuk
11,P,141.3,41.0,20.52,Gemuk
12,P,143.0,38.3,18.71,Gemuk
7,L,122.5,19.8,13.21,Kurus
9,L,131.8,26.2,15.06,Normal
11,L,142.4,32.1,15.83,Normal
9,L,126.5,33.3,20.79,Gemuk
8,L,121.2,26.0,17.69,Normal
8,L,124.5,27.7,17.85,Normal
12,L,142.6,39.5,19.44,Gemuk
8,L,124.1,21.5,13.98,Kurus
9,L,127.0,26.8,16.6,Normal
10,P,138.9,29.7,15.42,Normal
7,P,114.2,22.5,17.28,Normal
10,L,135.9,33.0,17.86,Normal
11,P,137.7,39.3,20.75,Gemuk
6,L,113.7,19.6,15.16,Normal
11,P,143.3,35.0,17.07,Normal
12,L,144.8,37.9,18.06,Gemuk
9,P,129.7,26.2,15.56,Normal
10,L,129.1,30.9,18.53,Gemuk
6,P,113.4,19.9,15.45,Normal
12,L,145.5,42.9,20.27,Gemuk
6,P,113.0,17.0,13.31,Kurus
11,P,142.8,33.5,16.41,Normal
6,P,112.1,19.3,15.32,Normal
9,P,125.9,31.3,19.73,Gemuk
10,P,134.4,27.1,15.02,Normal
10,L,131.0,29.8,17.36,Normal
11,P,141.9,37.6,18.67,Gemuk
6,L,114.6,17.1,13.02,Kurus
9,P,128.8,32.4,19.51,Gemuk
8,L,121.0,28.5,19.44,Gemuk
11,L,140.1,33.0,16.81,Normal
11,P,138.9,38.1,19.73,Gemuk
8,P,124.4,25.0,16.16,Normal
11,P,140.7,38.6,19.52,Gemuk
12,L,152.0,32.3,14.0,Normal
10,L,134.0,32.7,18.2,Gemuk
10,L,131.7,30.8,17.74,Normal
11,P,139.4,35.6,18.3,Gemuk
12,P,149.4,40.0,17.91,Normal
7,P,120.8,22.0,15.06,Normal
6,L,112.5,17.0,13.43,Kurus
10,L,135.5,35.3,19.23,Gemuk
9,L,126.1,27.4,17.21,Normal
11,P,138.9,35.5,18.4,Gemuk
7,P,116.5,22.1,16.24,Normal
12,L,148.9,38.9,17.55,Normal
8,L,124.4,24.8,16.01,Normal
10,P,135.2,32.7,17.88,Normal
10,P,131.9,29.1,16.7,Normal
8,P,120.4,22.3,15.39,Normal
11,P,144.1,32.5,15.66,Normal
8,P,124.6,23.6,15.18,Normal
6,L,115.6,22.0,16.47,Normal
12,L,140.0,46.1,23.51,Obesitas
11,P,141.2,31.8,15.93,Normal
8,P,121.3,29.0,19.71,Gemuk
12,L,146.1,39.7,18.59,Gemuk
7,L,119.8,23.1,16.13,Normal
6,P,115.5,21.2,15.88,Normal
9,L,123.0,28.8,19.01,Gemuk
6,P,110.2,17.0,13.99,Kurus
12,L,140.8,37.3,18.8,Gemuk
6,L,115.8,22.0,16.39,Normal
12,P,143.8,42.2,20.38,Gemuk
12,P,146.1,37.8,17.74,Normal
7,L,121.8,24.1,16.24,Normal
7,L,120.1,22.9,15.87,Normal
6,P,115.7,19.1,14.26,Normal
10,L,134.5,31.4,17.34,Normal
10,L,132.7,29.9,16.99,Normal
9,P,128.1,28.0,17.09,Normal
8,L,123.2,24.9,16.39,Normal
7,L,117.6,19.6,14.19,Normal
6,P,114.9,19.6,14.82,Normal
9,P,133.0,24.7,13.98,Kurus
7,L,114.1,22.4,17.2,Normal
12,P,145.2,42.4,20.14,Gemuk
11,L,141.2,34.5,17.31,Normal
7,L,119.5,18.0,12.61,Kurus
6,L,115.5,22.0,16.5,Normal
11,L,142.0,32.0,15.84,Normal
6,L,113.0,17.0,13.31,Kurus
11,L,142.5,34.3,16.87,Normal
7,L,117.1,20.3,14.8,Normal
11,P,140.4,34.4,17.47,Normal
12,P,146.4,33.9,15.82,Normal
7,P,121.6,19.2,13.0,Kurus
11,L,140.1,30.2,15.37,Normal
9,L,125.5,33.6,21.36,Gemuk
9,P,124.7,28.6,18.37,Gemuk
8,P,122.9,26.6,17.6,Normal
10,P,137.7,25.6,13.5,Kurus
6,L,110.0,22.0,18.18,Gemuk
7,P,115.7,23.9,17.83,Normal
9,L,131.1,26.2,15.23,Normal
11,L,141.4,35.9,17.96,Normal
9,P,126.4,26.8,16.79,Normal
9,L,127.5,30.3,18.64,Gemuk
9,P,128.5,23.3,14.14,Normal
12,P,145.9,35.6,16.7,Normal
11,P,144.4,37.5,17.98,Normal
8,L,123.7,20.0,13.07,Kurus
9,P,130.8,28.3,16.5,Normal
9,P,126.5,31.7,19.83,Gemuk
7,P,118.5,18.9,13.48,Kurus
6,P,118.0,19.9,14.26,Normal
6,L,112.9,22.0,17.27,Normal
8,P,121.1,28.1,19.16,Gemuk
10,P,132.0,27.5,15.76,Normal
9,L,131.0,30.1,17.55,Normal
8,P,124.2,26.3,17.06,Normal
9,L,125.9,29.0,18.31,Gemuk
6,L,113.2,20.9,16.29,Normal
12,P,146.0,42.5,19.94,Gemuk
9,P,130.0,26.0,15.41,Normal
9,L,123.0,25.8,17.04,Normal
11,L,142.8,34.3,16.82,Normal
6,L,110.1,22.0,18.14,Gemuk
8,P,125.0,24.0,15.33,Normal
7,L,118.4,24.4,17.39,Normal
10,L,131.3,29.4,17.02,Normal
6,P,116.5,19.2,14.18,Normal
9,P,132.1,34.0,19.48,Gemuk
6,P,113.2,22.0,17.17,Normal
10,L,133.8,38.0,21.23,Gemuk
12,P,145.9,37.9,17.81,Normal
11,L,141.1,31.5,15.79,Normal
9,L,126.2,23.2,14.55,Normal
6,P,115.2,21.6,16.29,Normal
7,L,115.8,20.8,15.48,Normal
8,L,123.8,29.0,18.92,Gemuk
10,P,135.9,31.0,16.78,Normal
6,L,110.2,21.1,17.38,Normal
8,P,123.7,23.9,15.66,Normal
6,L,115.0,17.3,13.12,Kurus
12,L,147.9,43.8,20.03,Gemuk
8,L,122.0,26.0,17.45,Normal
12,L,145.5,40.3,19.06,Gemuk
7,L,118.5,21.3,15.21,Normal
9,L,127.8,27.7,16.96,Normal
6,P,112.1,17.0,13.53,Kurus
6,P,111.2,20.6,16.71,Normal
11,P,143.2,38.4,18.7,Gemuk
12,L,148.2,41.2,18.76,Gemuk
7,P,116.9,21.8,15.98,Normal
6,P,115.2,17.0,12.8,Kurus
12,L,149.5,39.9,17.86,Normal
9,P,128.5,23.4,14.18,Normal
6,P,117.9,17.0,12.22,Kurus
11,L,143.1,35.0,17.11,Normal
12,L,149.5,36.3,16.24,Normal
8,L,120.4,25.8,17.76,Normal
8,P,118.0,20.0,14.36,Normal
7,L,119.5,20.3,14.21,Normal
9,P,124.6,26.7,17.19,Normal
6,L,110.9,21.0,17.08,Normal
8,L,125.8,26.5,16.73,Normal
9,L,128.4,26.6,16.12,Normal
7,L,120.1,18.0,12.49,Kurus
6,P,114.5,22.0,16.78,Normal
10,L,132.3,30.5,17.41,Normal
7,L,121.2,21.6,14.71,Normal
12,L,147.3,40.4,18.63,Gemuk
12,P,145.4,30.7,14.53,Normal
12,P,145.3,44.7,21.17,Gemuk
12,P,147.5,41.9,19.25,Gemuk
8,L,120.2,26.6,18.36,Gemuk
12,P,146.9,40.4,18.72,Gemuk
9,P,130.1,32.5,19.21,Gemuk
8,L,122.1,23.2,15.55,Normal
11,P,136.6,35.8,19.2,Gemuk
11,L,136.2,34.3,18.5,Gemuk
6,P,113.8,19.3,14.87,Normal
12,L,146.3,44.0,20.58,Gemuk
11,P,140.1,36.6,18.66,Gemuk
10,L,136.4,36.9,19.85,Gemuk
8,P,122.4,25.8,17.21,Normal
6,L,113.8,21.3,16.41,Normal
6,L,115.2,22.0,16.58,Normal
12,P,145.1,38.7,18.4,Gemuk
11,P,140.3,35.4,17.98,Normal
12,L,148.4,41.8,18.97,Gemuk
11,L,139.4,39.6,20.4,Gemuk
12,P,140.0,36.0,18.36,Gemuk
6,P,111.4,19.9,16.01,Normal
7,P,119.9,18.6,12.92,Kurus
7,P,117.9,23.0,16.52,Normal
7,L,116.4,19.4,14.36,Normal
8,L,122.1,20.0,13.42,Kurus
12,L,147.0,42.0,19.41,Gemuk
6,L,116.8,22.0,16.14,Normal
8,L,123.7,23.6,15.44,Normal
10,L,130.6,35.1,20.55,Gemuk
10,P,134.0,30.8,17.14,Normal
12,L,149.5,38.7,17.31,Normal
12,L,145.8,34.6,16.28,Normal
12,P,146.6,39.5,18.4,Gemuk
12,L,140.4,38.8,19.66,Gemuk
12,P,145.4,42.8,20.24,Gemuk
10,P,136.1,32.5,17.55,Normal
10,L,137.2,37.0,19.64,Gemuk
11,P,136.9,40.1,21.38,Gemuk
12,L,143.9,43.2,20.83,Gemuk
8,L,123.0,26.7,17.63,Normal
7,P,113.9,22.1,17.03,Normal
9,P,127.2,25.8,15.93,Normal
12,L,147.4,38.9,17.88,Normal
6,P,116.4,17.7,13.1,Kurus
6,P,113.9,22.0,16.96,Normal
7,P,116.1,18.9,13.99,Kurus
6,L,110.0,21.0,17.39,Normal
6,P,118.0,22.0,15.8,Normal
11,L,143.9,35.3,17.03,Normal
8,P,122.6,25.6,17.05,Normal
6,P,110.2,22.0,18.11,Gemuk
6,P,115.0,20.1,15.21,Normal
12,P,148.3,35.0,15.92,Normal
7,L,118.0,25.0,17.95,Normal
11,L,140.1,34.2,17.4,Normal
6,L,111.6,18.8,15.1,Normal
10,L,131.3,31.3,18.17,Gemuk
11,P,135.3,36.9,20.13,Gemuk
8,L,124.2,25.6,16.58,Normal
9,L,127.0,30.3,18.79,Gemuk
10,P,136.2,29.6,15.95,Normal
7,L,117.5,18.0,13.03,Kurus
11,L,139.9,34.3,17.56,Normal
9,L,128.1,26.6,16.23,Normal
8,L,122.0,24.2,16.23,Normal
8,L,125.6,22.2,14.07,Normal
8,L,124.2,23.0,14.91,Normal
9,P,127.0,30.0,18.63,Gemuk
6,L,114.1,22.0,16.9,Normal
12,L,148.3,39.6,17.99,Normal
9,L,127.4,25.3,15.58,Normal
9,L,131.6,23.0,13.28,Kurus
8,P,124.9,24.1,15.44,Normal
12,P,145.6,37.8,17.84,Normal
7,P,117.4,21.6,15.65,Normal
12,L,150.3,41.7,18.46,Gemuk
8,L,127.9,24.9,15.23,Normal
10,L,136.7,34.3,18.38,Gemuk
9,L,129.3,26.3,15.72,Normal
9,L,131.3,26.2,15.21,Normal
7,L,116.7,20.9,15.36,Normal
7,L,118.4,25.0,17.82,Normal
7,L,118.4,20.1,14.31,Normal
7,L,120.4,18.5,12.78,Kurus
9,P,129.7,26.7,15.85,Normal
6,L,112.6,19.3,15.18,Normal
7,L,118.2,21.4,15.33,Normal
7,L,115.2,20.5,15.42,Normal
9,P,128.1,26.4,16.08,Normal
9,L,123.6,30.0,19.62,Gemuk
6,L,113.8,19.8,15.3,Normal
12,P,143.9,38.3,18.49,Gemuk
7,P,117.3,18.7,13.58,Kurus
6,L,111.7,21.5,17.26,Normal
9,P,129.2,28.7,17.18,Normal
6,P,111.6,17.0,13.66,Kurus
7,L,118.3,24.9,17.81,Normal
12,P,143.6,38.6,18.74,Gemuk
10,P,133.6,32.2,18.0,Gemuk
12,L,146.3,39.7,18.57,Gemuk
10,L,133.6,31.9,17.88,Normal
7,L,118.7,22.5,15.96,Normal
8,L,125.9,29.0,18.29,Gemuk
6,L,114.2,17.0,13.02,Kurus
10,L,134.7,33.0,18.2,Gemuk
12,P,150.8,38.3,16.87,Normal
6,L,113.9,20.4,15.71,Normal
7,L,118.6,18.9,13.47,Kurus
9,L,125.7,22.1,13.96,Kurus
6,P,118.0,22.0,15.8,Normal
9,L,124.7,30.3,19.49,Gemuk
9,P,125.9,24.2,15.27,Normal
7,P,120.7,18.0,12.35,Kurus
11,L,135.2,37.5,20.53,Gemuk
6,L,114.3,20.6,15.77,Normal
9,P,129.4,26.3,15.68,Normal
7,P,121.3,20.8,14.15,Normal
8,L,124.4,25.3,16.36,Normal
12,P,144.7,39.2,18.74,Gemuk
7,P,116.0,18.9,14.09,Normal
10,L,130.0,27.4,16.2,Normal
7,L,122.0,18.3,12.3,Kurus
8,L,121.4,23.5,15.97,Normal
8,P,121.5,25.3,17.14,Normal
8,L,124.9,20.8,13.36,Kurus
9,L,128.9,27.9,16.8,Normal
6,L,113.5,18.0,14.0,Kurus
9,P,125.9,29.5,18.63,Gemuk
10,L,131.8,27.6,15.92,Normal
11,L,140.7,33.1,16.7,Normal
8,L,122.6,20.0,13.31,Kurus
10,L,132.5,26.1,14.9,Normal
11,L,136.8,38.0,20.3,Gemuk
11,L,141.4,28.5,14.25,Normal
8,L,125.6,25.2,15.99,Normal
7,P,119.8,18.0,12.54,Kurus
9,P,131.9,28.5,16.4,Normal
7,L,118.8,22.5,15.93,Normal
9,L,133.0,25.3,14.3,Normal
11,L,139.4,39.1,20.1,Gemuk
10,P,130.2,33.9,20.0,Gemuk
11,L,139.0,36.0,18.62,Gemuk
9,P,125.0,29.6,18.97,Gemuk
10,P,134.6,33.8,18.69,Gemuk
8,P,120.1,20.8,14.38,Normal
9,P,125.3,25.8,16.4,Normal
12,P,148.1,42.2,19.24,Gemuk
6,L,113.8,17.0,13.12,Kurus
6,L,111.8,20.1,16.05,Normal
7,L,113.0,22.6,17.71,Normal
10,P,133.1,31.4,17.75,Normal
8,L,122.5,28.0,18.65,Gemuk
9,L,126.9,28.8,17.89,Normal
7,L,119.2,19.3,13.56,Kurus
9,P,130.5,27.3,16.01,Normal
8,L,121.6,26.5,17.92,Normal
7,P,114.8,22.3,16.92,Normal
11,P,143.1,40.0,19.55,Gemuk
9,L,130.2,26.1,15.4,Normal
12,P,146.9,41.5,19.24,Gemuk
10,P,134.4,30.7,16.97,Normal
9,P,127.5,25.4,15.61,Normal
10,P,134.5,36.0,19.92,Gemuk
9,L,126.1,26.8,16.87,Normal
10,P,135.7,29.6,16.09,Normal
9,L,130.7,32.2,18.84,Gemuk
10,P,136.6,29.2,15.63,Normal
6,P,114.5,18.4,14.03,Normal
6,L,111.0,22.0,17.85,Normal
12,P,147.0,35.6,16.47,Normal
7,P,120.6,24.8,17.01,Normal
9,P,127.7,27.1,16.6,Normal
9,L,126.6,23.7,14.78,Normal
6,L,113.0,20.1,15.71,Normal
8,L,123.5,23.4,15.33,Normal
7,L,116.6,18.0,13.23,Kurus
8,L,120.3,25.0,17.25,Normal
10,P,131.6,30.8,17.82,Normal
7,P,119.2,21.4,15.06,Normal
10,L,133.5,30.6,17.14,Normal
12,L,148.2,44.2,20.1,Gemuk
10,L,134.6,27.5,15.15,Normal
11,P,139.2,34.8,17.95,Normal
9,L,126.7,28.3,17.62,Normal
6,P,113.6,18.1,14.06,Normal
8,L,128.0,27.3,16.65,Normal
12,P,142.8,32.6,16.01,Normal
7,P,119.0,21.7,15.34,Normal
12,L,146.9,33.2,15.36,Normal
10,L,131.7,31.6,18.21,Gemuk
9,L,128.8,27.3,16.46,Normal
9,L,128.5,22.5,13.63,Kurus
10,P,131.6,37.5,21.67,Gemuk
11,P,138.6,35.8,18.65,Gemuk
6,P,110.4,22.0,18.05,Gemuk
7,L,119.8,25.0,17.41,Normal
12,P,145.0,39.2,18.63,Gemuk
6,L,113.4,20.8,16.14,Normal
9,P,127.3,22.1,13.63,Kurus
12,L,145.7,38.5,18.15,Gemuk
9,P,131.8,22.0,12.67,Kurus
6,L,114.5,17.0,12.97,Kurus
6,L,116.3,17.5,12.97,Kurus
9,L,131.8,27.8,15.99,Normal
10,P,134.2,32.7,18.14,Gemuk
6,L,116.8,20.0,14.65,Normal
8,P,125.8,26.1,16.47,Normal
11,L,142.0,36.2,17.95,Normal
6,L,112.3,22.0,17.45,Normal
6,P,118.0,20.3,14.59,Normal
7,L,115.0,24.6,18.62,Gemuk
11,P,143.5,36.1,17.53,Normal
6,P,116.9,18.0,13.14,Kurus
10,L,131.1,28.0,16.29,Normal
10,P,137.2,31.1,16.49,Normal
10,L,131.4,33.1,19.15,Gemuk
8,P,122.8,23.2,15.39,Normal
11,L,142.1,36.4,18.02,Gemuk
11,L,141.2,31.3,15.71,Normal
11,L,139.0,34.2,17.71,Normal
7,L,114.1,24.5,18.79,Gemuk
7,L,118.7,18.0,12.77,Kurus
10,P,135.3,31.1,17.0,Normal
6,P,114.3,22.0,16.83,Normal
8,P,122.7,25.1,16.68,Normal
10,P,133.5,35.1,19.7,Gemuk
9,L,125.7,28.4,17.95,Normal
7,L,121.6,19.9,13.44,Kurus
10,L,133.1,28.3,15.98,Normal
10,L,132.0,33.0,18.95,Gemuk
8,P,124.3,26.7,17.27,Normal
10,P,135.3,34.6,18.88,Gemuk
8,P,121.8,24.5,16.5,Normal
7,L,122.4,23.9,15.98,Normal
6,L,116.2,19.9,14.78,Normal
7,P,115.9,25.0,18.61,Gemuk
12,P,147.0,40.9,18.95,Gemuk
6,L,116.7,22.0,16.15,Normal
11,L,139.9,30.8,15.72,Normal
8,P,124.9,25.8,16.54,Normal
8,L,124.0,21.6,14.02,Normal
6,L,114.0,19.7,15.13,Normal
8,P,120.3,24.0,16.59,Normal
9,P,128.1,29.3,17.85,Normal
8,P,120.9,29.0,19.85,Gemuk
10,P,139.9,31.0,15.86,Normal
10,P,135.8,37.2,20.19,Gemuk
9,L,129.0,28.6,17.19,Normal
7,L,121.5,20.3,13.76,Kurus
12,P,147.0,39.4,18.25,Gemuk
7,P,118.7,21.4,15.17,Normal
11,P,139.8,32.4,16.6,Normal
12,L,141.9,39.8,19.78,Gemuk
11,L,143.2,32.9,16.07,Normal
11,L,139.8,33.8,17.27,Normal
6,L,114.7,21.0,15.97,Normal
9,P,125.9,26.8,16.93,Normal
8,P,124.8,20.4,13.09,Kurus
9,L,127.3,29.5,18.23,Gemuk
10,L,131.9,29.9,17.2,Normal
7,P,116.0,18.0,13.37,Kurus
9,L,124.5,26.9,17.34,Normal
12,L,146.6,35.8,16.66,Normal
9,L,131.1,29.4,17.1,Normal
6,P,111.0,17.0,13.79,Kurus
9,L,128.4,30.1,18.27,Gemuk
10,P,132.6,25.0,14.23,Normal
6,P,115.7,19.7,14.74,Normal
11,P,141.0,33.0,16.59,Normal
9,L,128.1,30.4,18.48,Gemuk
6,P,114.7,19.8,15.03,Normal
7,L,119.4,20.7,14.49,Normal
7,P,117.6,19.0,13.75,Kurus
9,L,127.1,27.2,16.81,Normal
9,L,125.4,29.7,18.89,Gemuk
9,P,123.0,26.5,17.54,Normal
8,L,126.8,24.6,15.31,Normal
11,L,144.1,34.8,16.77,Normal
7,L,117.9,21.4,15.43,Normal
6,P,118.0,19.2,13.76,Kurus
10,L,134.9,33.6,18.44,Gemuk
12,P,148.7,41.1,18.6,Gemuk
6,P,111.7,20.1,16.13,Normal
7,P,121.6,25.0,16.91,Normal
12,P,143.4,40.1,19.53,Gemuk
9,P,129.6,30.9,18.41,Gemuk
10,L,135.6,26.4,14.36,Normal
6,P,112.1,20.5,16.3,Normal
10,P,138.6,35.4,18.43,Gemuk
8,P,121.9,20.3,13.65,Kurus
7,P,114.3,18.0,13.77,Kurus
7,L,116.1,18.0,13.36,Kurus
9,L,125.1,25.5,16.33,Normal
12,P,142.7,42.6,20.92,Gemuk
10,P,132.4,31.0,17.71,Normal
12,L,146.1,38.7,18.13,Gemuk
7,L,118.7,18.0,12.77,Kurus
12,L,145.6,34.2,16.16,Normal
11,L,137.5,35.1,18.54,Gemuk
6,P,113.0,17.0,13.31,Kurus
6,L,114.5,20.2,15.37,Normal
8,P,126.2,20.8,13.06,Kurus
10,P,135.1,35.3,19.36,Gemuk
12,P,148.7,40.5,18.32,Gemuk
9,L,126.8,30.0,18.66,Gemuk
7,P,118.2,22.3,15.94,Normal
10,L,137.2,31.3,16.65,Normal
6,P,115.0,19.7,14.92,Normal
6,L,115.6,17.9,13.38,Kurus
10,L,137.3,38.0,20.17,Gemuk
11,P,142.3,39.4,19.46,Gemuk
9,L,123.8,30.2,19.73,Gemuk
7,P,123.0,21.4,14.18,Normal
6,P,114.3,17.0,13.01,Kurus
7,L,118.3,25.0,17.85,Normal
11,P,141.5,35.2,17.58,Normal
6,P,110.0,19.3,15.97,Normal
8,P,121.2,24.2,16.48,Normal
10,P,136.1,33.7,18.17,Gemuk
7,P,117.0,20.0,14.61,Normal
6,L,111.8,17.0,13.59,Kurus
7,L,121.5,24.7,16.75,Normal
12,P,142.7,37.6,18.47,Gemuk
6,P,112.3,20.4,16.22,Normal
6,L,114.5,17.0,12.96,Kurus
8,L,121.2,23.0,15.65,Normal
11,P,140.7,31.8,16.06,Normal
11,L,143.6,31.7,15.38,Normal
7,L,117.7,23.8,17.16,Normal
6,P,118.0,17.0,12.21,Kurus
8,L,121.2,28.1,19.15,Gemuk
8,P,128.0,22.2,13.57,Kurus
6,P,114.9,22.0,16.66,Normal
7,P,120.5,19.7,13.55,Kurus
7,P,120.9,21.3,14.6,Normal
12,P,146.4,39.1,18.22,Gemuk
6,P,113.9,17.0,13.11,Kurus
10,L,131.4,34.1,19.72,Gemuk
11,L,140.4,31.5,15.98,Normal
6,P,114.3,17.0,13.01,Kurus
12,L,149.9,38.0,16.92,Normal
9,L,125.2,25.6,16.35,Normal
8,P,125.9,22.5,14.2,Normal
6,P,112.5,17.3,13.68,Kurus
7,L,116.7,22.6,16.63,Normal
10,P,130.7,29.6,17.35,Normal
7,L,117.7,21.1,15.23,Normal
12,P,146.0,42.6,19.96,Gemuk
10,P,136.3,31.9,17.15,Normal
10,P,132.1,30.3,17.34,Normal
7,L,115.3,19.9,14.93,Normal
7,P,117.8,22.9,16.52,Normal
10,L,136.5,32.4,17.41,Normal
8,P,119.5,24.4,17.12,Normal
10,L,136.5,32.4,17.37,Normal
12,P,149.1,39.6,17.82,Normal
8,L,119.9,22.3,15.49,Normal
9,P,128.7,22.0,13.28,Kurus
10,L,129.1,31.0,18.62,Gemuk
7,L,118.8,20.5,14.52,Normal
12,L,143.3,41.0,19.97,Gemuk
10,P,134.0,30.3,16.9,Normal
7,P,118.8,18.0,12.75,Kurus
6,P,115.8,20.6,15.34,Normal
10,P,134.5,32.9,18.22,Gemuk
12,L,146.4,39.5,18.45,Gemuk
8,P,121.7,20.9,14.09,Normal
7,L,117.6,19.6,14.19,Normal
8,P,124.4,28.0,18.06,Gemuk
8,L,120.2,20.5,14.19,Normal
6,P,118.0,17.0,12.21,Kurus
11,L,138.1,38.1,19.97,Gemuk
6,L,110.5,18.8,15.43,Normal
8,L,125.0,28.9,18.49,Gemuk
12,P,145.2,35.3,16.74,Normal
6,P,118.0,21.3,15.32,Normal
10,P,132.9,30.6,17.31,Normal
6,P,111.4,17.0,13.7,Kurus
9,P,127.6,30.5,18.7,Gemuk
8,P,124.7,22.3,14.34,Normal
6,L,111.8,17.0,13.61,Kurus
6,P,112.8,22.0,17.3,Normal
10,L,133.7,35.9,20.08,Gemuk
6,L,111.3,20.4,16.46,Normal
10,L,135.5,26.7,14.52,Normal
8,L,123.9,21.0,13.67,Kurus
7,L,117.7,18.1,13.08,Kurus
9,P,127.6,26.1,16.05,Normal
10,P,134.9,29.8,16.36,Normal
11,P,140.0,35.4,18.05,Gemuk
11,P,138.9,39.6,20.5,Gemuk
6,P,113.5,17.7,13.75,Kurus
6,P,114.8,22.0,16.69,Normal
9,L,126.0,30.3,19.05,Gemuk
7,L,120.2,18.4,12.75,Kurus
11,P,142.6,28.3,13.93,Kurus
11,L,142.3,35.9,17.71,Normal
12,L,143.1,36.8,17.98,Normal
8,L,126.7,24.0,14.96,Normal
6,L,114.2,22.0,16.88,Normal
10,P,131.2,29.2,16.97,Normal
12,P,146.5,37.2,17.33,Normal
9,P,132.6,31.9,18.11,Gemuk
10,P,135.3,27.9,15.24,Normal
11,P,139.6,36.5,18.73,Gemuk
10,P,136.4,26.3,14.11,Normal
12,P,143.5,44.3,21.54,Gemuk
9,P,129.2,29.4,17.63,Normal
12,L,140.4,33.9,17.17,Normal
7,P,121.7,22.8,15.36,Normal
9,L,131.0,23.5,13.67,Kurus
9,L,129.6,28.0,16.66,Normal
6,L,111.0,17.0,13.79,Kurus
6,L,114.5,22.0,16.78,Normal
10,L,135.5,32.1,17.51,Normal
11,L,143.7,36.8,17.84,Normal
9,L,127.7,31.6,19.35,Gemuk
9,P,128.8,27.1,16.34,Normal
11,L,143.0,41.1,20.12,Gemuk
10,L,135.0,31.1,17.07,Normal
9,P,127.9,30.2,18.48,Gemuk
10,P,137.5,31.5,16.67,Normal
8,P,123.3,22.8,15.01,Normal
12,L,144.1,37.2,17.9,Normal
11,P,138.6,30.3,15.74,Normal
12,P,149.0,35.7,16.06,Normal
6,L,116.9,18.3,13.35,Kurus
8,L,121.0,27.3,18.64,Gemuk
9,L,125.3,29.5,18.78,Gemuk
9,P,126.0,26.5,16.71,Normal
6,P,112.5,17.0,13.44,Kurus
8,L,120.8,22.4,15.34,Normal
12,P,144.9,41.5,19.74,Gemuk
11,P,136.7,35.9,19.22,Gemuk
11,P,140.5,36.6,18.52,Gemuk
12,L,146.6,33.7,15.69,Normal
11,P,140.5,33.0,16.71,Normal
10,P,134.0,37.1,20.65,Gemuk
9,L,130.8,26.1,15.22,Normal
11,L,140.0,35.1,17.9,Normal
11,P,140.9,30.9,15.55,Normal
6,P,112.6,22.0,17.36,Normal
6,P,113.3,21.9,17.08,Normal
12,L,149.6,42.0,18.77,Gemuk
9,P,129.7,30.4,18.05,Gemuk
11,L,137.6,33.2,17.53,Normal
6,L,110.0,17.0,14.05,Normal
12,P,147.5,39.4,18.12,Gemuk
7,L,117.3,20.3,14.75,Normal
6,L,110.6,22.0,18.0,Gemuk
10,P,132.3,30.2,17.28,Normal
9,L,128.7,30.4,18.34,Gemuk
12,L,142.1,39.9,19.74,Gemuk
10,L,134.5,32.9,18.19,Gemuk
10,L,133.9,32.1,17.89,Normal
11,L,138.8,28.0,14.54,Normal
11,P,145.4,32.8,15.52,Normal
10,L,134.1,29.8,16.59,Normal
10,P,133.3,35.5,19.97,Gemuk
9,L,129.1,29.1,17.46,Normal
12,L,147.8,40.7,18.62,Gemuk
9,P,129.8,32.6,19.38,Gemuk
11,P,143.3,33.7,16.4,Normal
11,L,141.2,32.9,16.49,Normal
9,L,127.8,27.5,16.84,Normal
10,L,128.8,32.7,19.7,Gemuk
7,P,116.7,21.0,15.45,Normal
6,P,114.0,18.1,13.94,Kurus
11,L,140.0,33.0,16.82,Normal
10,L,134.4,32.1,17.8,Normal
8,P,126.6,20.0,12.48,Kurus
9,P,127.5,26.9,16.57,Normal
7,L,120.7,24.2,16.61,Normal
7,L,119.1,21.1,14.85,Normal
11,P,141.6,35.3,17.62,Normal
6,L,115.4,22.0,16.51,Normal
8,L,123.6,23.6,15.47,Normal
8,P,127.0,24.9,15.45,Normal
8,L,123.1,25.3,16.71,Normal
6,L,112.8,21.2,16.67,Normal
9,P,126.1,31.9,20.07,Gemuk
12,P,140.1,37.8,19.26,Gemuk
9,L,127.3,22.9,14.11,Normal
10,P,137.2,33.9,18.0,Gemuk
6,L,110.0,20.8,17.23,Normal
6,L,116.7,22.0,16.16,Normal
7,L,116.4,20.3,15.0,Normal
11,L,141.6,31.1,15.54,Normal
12,L,145.6,39.4,18.6,Gemuk
12,L,140.7,40.8,20.62,Gemuk
7,L,121.7,21.3,14.36,Normal
9,P,128.1,25.3,15.43,Normal
8,L,127.3,27.1,16.76,Normal
7,P,120.1,19.1,13.24,Kurus
9,P,128.6,28.1,16.98,Normal
8,L,124.6,26.7,17.19,Normal
7,L,121.2,20.5,13.96,Kurus
12,P,146.2,39.6,18.54,Gemuk
7,L,119.6,21.4,14.95,Normal
12,P,147.6,36.5,16.73,Normal
9,P,125.0,33.7,21.58,Gemuk
12,P,147.6,40.7,18.68,Gemuk
6,P,114.3,22.0,16.83,Normal
6,L,111.9,17.0,13.57,Kurus
12,P,147.2,41.2,19.01,Gemuk
6,L,111.5,19.6,15.78,Normal
7,P,122.7,18.0,11.95,Kurus
8,P,124.5,21.3,13.73,Kurus
10,L,136.5,33.9,18.18,Gemuk
9,P,127.9,26.1,15.96,Normal
7,P,118.3,24.2,17.27,Normal
9,L,128.3,31.6,19.23,Gemuk
7,P,113.0,18.7,14.64,Normal
11,L,143.0,37.6,18.35,Gemuk
12,L,149.0,33.5,15.09,Normal
9,P,128.2,27.6,16.79,Normal
7,L,116.6,24.0,17.67,Normal
12,L,149.5,33.5,15.0,Normal
9,P,127.6,34.0,20.9,Gemuk
11,L,143.4,39.0,18.96,Gemuk
10,P,130.5,29.1,17.12,Normal
7,L,117.2,19.4,14.14,Normal
12,L,145.5,33.5,15.84,Normal
7,L,121.0,22.1,15.08,Normal
6,P,114.3,22.0,16.84,Normal
12,P,143.9,36.3,17.54,Normal
7,P,121.3,22.7,15.42,Normal
6,P,111.5,18.8,15.09,Normal
9,L,124.2,33.9,21.96,Gemuk
7,L,114.7,18.6,14.17,Normal
9,L,129.5,25.0,14.9,Normal
6,P,115.8,22.0,16.39,Normal
7,P,118.9,18.6,13.14,Kurus
12,L,140.5,42.5,21.54,Gemuk
11,L,144.2,34.3,16.51,Normal
7,P,119.5,25.0,17.5,Normal
8,L,123.7,22.6,14.77,Normal
9,L,126.6,32.4,20.22,Gemuk
9,L,126.1,29.1,18.28,Gemuk
9,P,126.7,27.4,17.08,Normal
10,L,132.8,37.4,21.18,Gemuk
6,P,113.4,17.0,13.22,Kurus
6,P,112.4,21.8,17.25,Normal
12,L,143.7,40.6,19.69,Gemuk
9,P,127.8,27.5,16.82,Normal
10,P,135.8,30.7,16.64,Normal
7,P,123.0,25.0,16.52,Normal
10,L,135.5,37.8,20.62,Gemuk
10,P,129.6,32.6,19.4,Gemuk
10,P,134.4,31.6,17.5,Normal
11,L,141.5,39.1,19.51,Gemuk
6,L,115.9,19.0,14.12,Normal
10,P,128.0,28.1,17.13,Normal
6,P,115.8,18.3,13.67,Kurus
10,P,133.8,32.2,17.99,Normal
7,L,114.4,25.0,19.1,Gemuk
11,P,142.3,36.6,18.07,Gemuk
12,P,145.1,39.9,18.96,Gemuk
12,L,145.8,41.8,19.66,Gemuk
12,L,146.0,35.2,16.52,Normal
8,L,122.2,24.6,16.49,Normal
8,L,126.1,24.1,15.13,Normal
7,L,118.7,18.7,13.28,Kurus
10,L,129.9,27.3,16.16,Normal
9,L,127.0,31.4,19.45,Gemuk
7,P,117.0,21.3,15.55,Normal
12,P,140.0,41.0,20.89,Gemuk
11,P,142.4,37.1,18.27,Gemuk
8,L,123.9,29.0,18.88,Gemuk
8,L,122.7,24.0,15.92,Normal
12,L,140.8,39.0,19.67,Gemuk
9,P,129.6,22.0,13.1,Kurus
11,P,143.6,35.9,17.4,Normal
12,L,141.6,40.2,20.05,Gemuk
7,P,118.2,25.0,17.89,Normal
6,P,112.6,22.0,17.36,Normal
8,P,123.8,26.0,16.98,Normal
9,L,126.5,27.8,17.35,Normal
9,L,128.9,28.7,17.25,Normal
6,L,110.6,22.0,17.98,Normal
9,L,133.0,29.1,16.47,Normal
7,L,122.0,21.2,14.23,Normal
11,L,142.0,36.3,18.0,Gemuk
9,L,127.0,28.0,17.38,Normal
8,L,120.7,29.0,19.9,Gemuk
11,P,139.6,39.9,20.49,Gemuk
8,L,124.7,21.8,14.02,Normal
9,L,125.6,27.7,17.57,Normal
9,P,126.1,29.7,18.7,Gemuk
7,P,118.8,18.8,13.32,Kurus
7,P,114.2,19.0,14.55,Normal
7,P,117.1,24.0,17.47,Normal
11,P,138.4,33.7,17.6,Normal
8,P,125.2,21.0,13.37,Kurus
12,P,145.7,39.3,18.53,Gemuk
11,L,141.7,34.0,16.95,Normal
12,L,147.6,38.7,17.78,Normal
9,P,128.7,24.2,14.63,Normal
9,P,128.8,28.8,17.37,Normal
6,P,111.8,22.0,17.59,Normal
7,L,119.6,20.7,14.46,Normal
7,P,114.7,18.5,14.08,Normal
12,P,147.7,40.8,18.71,Gemuk
8,P,123.4,25.3,16.65,Normal
11,P,143.9,34.7,16.77,Normal
11,P,143.3,36.5,17.79,Normal
12,P,143.9,40.5,19.57,Gemuk
6,P,114.1,22.0,16.9,Normal
11,L,140.6,32.9,16.62,Normal
8,L,125.7,24.1,15.28,Normal
8,L,120.1,21.3,14.81,Normal
6,P,117.1,21.6,15.78,Normal
8,P,124.9,20.0,12.82,Kurus
6,P,115.6,18.9,14.15,Normal
11,L,139.6,37.9,19.48,Gemuk
10,P,136.3,25.2,13.57,Kurus
9,L,129.5,33.0,19.7,Gemuk
11,L,140.6,36.7,18.56,Gemuk
10,L,130.4,28.1,16.51,Normal
10,P,132.2,33.0,18.84,Gemuk
8,P,126.0,23.4,14.75,Normal
8,L,122.7,28.1,18.65,Gemuk
11,P,144.5,34.7,16.59,Normal
11,P,141.7,29.2,14.57,Normal
9,P,128.7,30.0,18.11,Gemuk
6,L,112.5,22.0,17.38,Normal
11,P,140.0,41.0,20.91,Gemuk
10,L,131.2,33.9,19.69,Gemuk
10,L,130.2,30.6,18.09,Gemuk
12,L,143.5,40.3,19.57,Gemuk
7,P,120.5,21.6,14.85,Normal
12,P,141.5,39.8,19.89,Gemuk
12,L,146.5,36.9,17.16,Normal
10,P,132.6,35.5,20.21,Gemuk
9,P,127.9,31.0,18.98,Gemuk
7,P,118.4,25.0,17.84,Normal
8,L,120.8,22.9,15.69,Normal
9,L,130.7,29.7,17.39,Normal
7,L,117.8,25.0,18.03,Gemuk
10,P,133.8,32.2,18.0,Gemuk
7,P,120.6,23.9,16.4,Normal
10,P,133.7,35.7,19.95,Gemuk
11,L,144.8,34.2,16.32,Normal
6,P,113.8,17.0,13.13,Kurus
12,P,145.5,37.2,17.56,Normal
6,L,116.7,17.4,12.78,Kurus
10,P,135.5,28.6,15.57,Normal
6,P,110.0,17.2,14.18,Normal
6,L,114.5,17.0,12.97,Kurus
12,L,148.4,38.3,17.39,Normal
12,P,145.8,41.6,19.6,Gemuk
6,L,116.6,21.0,15.45,Normal
6,P,115.1,18.4,13.91,Kurus
6,P,114.8,17.6,13.37,Kurus
6,P,118.0,19.5,14.03,Normal
6,P,111.0,22.0,17.86,Normal
10,P,131.8,36.9,21.24,Gemuk
10,P,133.8,32.3,18.04,Gemuk
12,L,143.5,37.5,18.19,Gemuk
6,L,111.6,20.7,16.64,Normal
9,P,127.3,24.9,15.33,Normal
10,P,134.5,32.6,18.01,Gemuk
9,L,132.7,25.4,14.44,Normal
8,P,125.3,24.0,15.29,Normal
6,L,116.4,17.0,12.55,Kurus
8,P,120.0,27.7,19.21,Gemuk
11,P,138.9,38.4,19.92,Gemuk
9,L,133.0,24.3,13.76,Kurus
6,L,115.5,17.0,12.74,Kurus
11,L,142.3,34.9,17.24,Normal
6,L,112.3,22.0,17.44,Normal
8,P,119.7,23.0,16.07,Normal
10,L,135.8,35.1,19.04,Gemuk
6,L,115.6,22.0,16.45,Normal
6,P,110.3,17.0,13.98,Kurus
10,L,133.4,35.1,19.71,Gemuk
7,L,117.8,20.7,14.91,Normal
6,P,112.6,17.7,13.94,Kurus
6,P,116.0,17.3,12.85,Kurus
8,P,120.1,24.0,16.6,Normal
6,L,112.3,20.4,16.2,Normal
7,L,121.8,22.1,14.93,Normal
7,P,119.4,20.9,14.67,Normal
9,L,132.2,27.5,15.72,Normal
10,L,134.9,31.9,17.52,Normal
11,P,141.8,37.2,18.52,Gemuk
8,L,122.6,29.0,19.29,Gemuk
6,L,113.7,21.0,16.22,Normal
10,L,136.5,32.1,17.25,Normal
10,P,131.4,32.3,18.74,Gemuk
6,L,110.5,17.0,13.92,Kurus
8,P,124.7,27.1,17.43,Normal
7,L,115.1,22.7,17.15,Normal
6,L,113.0,17.0,13.31,Kurus
6,P,112.7,22.0,17.33,Normal
10,L,135.7,26.5,14.4,Normal
6,L,113.9,17.0,13.1,Kurus
11,P,139.8,33.6,17.21,Normal
11,L,140.0,32.0,16.33,Normal
7,L,117.5,20.5,14.84,Normal
10,L,128.2,25.0,15.2,Normal
12,L,150.0,37.7,16.75,Normal
9,L,132.7,25.1,14.26,Normal
8,L,123.9,26.0,16.97,Normal
12,P,148.8,42.3,19.13,Gemuk
9,L,126.2,24.1,15.11,Normal
8,L,127.0,27.6,17.12,Normal
10,P,133.9,25.8,14.4,Normal
7,L,120.1,22.2,15.36,Normal
7,P,119.1,25.0,17.63,Normal
9,L,126.6,28.1,17.5,Normal
12,P,149.7,36.0,16.06,Normal
12,P,145.6,40.1,18.91,Gemuk
9,L,125.9,30.9,19.5,Gemuk
7,P,114.0,18.6,14.29,Normal
12,L,145.2,40.7,19.3,Gemuk
12,P,141.4,41.5,20.76,Gemuk
10,P,135.7,28.8,15.62,Normal
6,P,110.0,18.3,15.11,Normal
6,L,113.6,20.1,15.61,Normal
10,P,134.5,29.7,16.41,Normal
7,L,121.4,21.4,14.48,Normal
8,L,123.9,21.4,13.94,Kurus
6,P,112.6,21.4,16.86,Normal
9,P,130.4,27.3,16.05,Normal
9,L,128.7,28.3,17.11,Normal
12,P,151.4,41.4,18.06,Gemuk
12,L,145.6,38.6,18.23,Gemuk
9,P,124.4,29.1,18.78,Gemuk
6,P,114.4,22.0,16.81,Normal
9,P,124.2,27.7,17.96,Normal
8,P,124.7,29.0,18.65,Gemuk
9,P,130.4,25.3,14.9,Normal
12,P,146.5,42.5,19.81,Gemuk
6,L,115.1,20.0,15.14,Normal
10,P,135.1,31.1,17.02,Normal
11,L,140.5,34.4,17.42,Normal
11,L,136.9,39.6,21.13,Gemuk
7,L,118.6,18.0,12.8,Kurus
7,P,119.9,23.1,16.06,Normal
8,L,125.4,22.9,14.55,Normal
7,L,118.8,18.0,12.74,Kurus
11,P,141.3,37.0,18.56,Gemuk
9,L,123.4,29.2,19.14,Gemuk
11,P,137.1,34.6,18.41,Gemuk
12,P,145.6,39.9,18.83,Gemuk
11,P,145.2,38.2,18.13,Gemuk
10,L,132.3,36.9,21.07,Gemuk
11,P,137.6,28.8,15.24,Normal
11,P,137.5,35.5,18.76,Gemuk
10,P,132.1,30.3,17.34,Normal
9,P,126.1,25.5,16.04,Normal
11,L,139.8,37.8,19.34,Gemuk
7,P,115.2,22.2,16.74,Normal
8,P,121.0,24.7,16.86,Normal
11,P,139.0,39.0,20.18,Gemuk
12,P,147.9,42.2,19.3,Gemuk
7,P,117.4,21.6,15.69,Normal
7,L,119.5,25.0,17.5,Normal
10,L,134.2,31.7,17.61,Normal
10,L,132.0,26.4,15.18,Normal
12,P,141.1,37.7,18.91,Gemuk
11,L,142.2,38.2,18.89,Gemuk
9,P,126.8,26.4,16.45,Normal
7,L,122.2,19.4,13.0,Kurus
12,P,149.1,40.9,18.38,Gemuk
8,L,124.4,25.5,16.52,Normal
7,P,122.9,18.0,11.91,Kurus
6,L,114.5,21.9,16.68,Normal
6,L,113.1,21.0,16.41,Normal
11,L,137.2,32.8,17.41,Normal
9,L,128.2,27.4,16.65,Normal
12,P,145.8,41.0,19.31,Gemuk
9,P,129.5,28.4,16.95,Normal
7,L,113.4,21.9,17.07,Normal
11,L,140.2,32.1,16.35,Normal
10,L,133.2,31.6,17.79,Normal
9,L,127.7,30.4,18.62,Gemuk
10,L,132.1,31.1,17.85,Normal
6,P,114.8,17.0,12.91,Kurus
7,L,123.0,19.0,12.54,Kurus
8,L,124.1,27.3,17.74,Normal
11,L,136.2,35.7,19.24,Gemuk
12,P,145.1,42.2,20.04,Gemuk
8,P,122.9,25.9,17.13,Normal
6,L,114.3,17.0,13.01,Kurus
9,P,129.9,29.2,17.33,Normal
8,L,122.0,25.5,17.1,Normal
8,L,126.4,20.0,12.51,Kurus
9,L,128.8,30.3,18.26,Gemuk
7,P,119.5,21.7,15.2,Normal
8,L,128.0,23.7,14.46,Normal
8,L,124.7,24.7,15.89,Normal
9,P,128.1,29.4,17.91,Normal
10,L,135.9,33.1,17.94,Normal
7,P,120.0,18.0,12.51,Kurus
8,P,123.3,24.0,15.76,Normal
11,P,143.2,32.1,15.64,Normal
11,P,141.7,36.3,18.07,Gemuk
10,P,130.9,28.8,16.83,Normal
6,P,114.2,18.1,13.84,Kurus
7,L,118.0,21.5,15.42,Normal
12,P,147.5,38.7,17.8,Normal
10,L,131.6,29.4,16.99,Normal
11,L,144.1,36.4,17.55,Normal
7,L,116.9,22.6,16.51,Normal
10,L,135.6,29.1,15.86,Normal
10,L,131.2,31.6,18.37,Gemuk
7,L,120.6,19.2,13.17,Kurus
7,L,117.7,18.8,13.61,Kurus
10,L,134.3,38.0,21.06,Gemuk
11,L,141.2,35.1,17.64,Normal
7,L,120.4,25.0,17.23,Normal
10,L,131.2,31.4,18.26,Gemuk
9,L,125.5,23.1,14.66,Normal
11,P,145.0,34.1,16.21,Normal
9,P,125.4,28.7,18.24,Gemuk
11,L,139.9,37.7,19.26,Gemuk
12,P,144.5,38.6,18.48,Gemuk
10,L,135.1,32.2,17.66,Normal
9,P,130.0,23.4,13.84,Kurus
9,P,128.1,28.6,17.45,Normal
12,P,150.8,31.6,13.88,Kurus
7,P,120.3,25.0,17.26,Normal
10,P,136.7,33.9,18.15,Gemuk
9,P,124.6,32.3,20.79,Gemuk
7,P,114.4,18.0,13.76,Kurus
10,L,128.0,33.2,20.29,Gemuk
8,L,127.2,22.4,13.82,Kurus
8,L,125.7,24.6,15.58,Normal
11,P,140.6,28.0,14.17,Normal
6,P,113.0,19.5,15.22,Normal
9,P,127.3,29.3,18.09,Gemuk
6,P,113.8,18.7,14.4,Normal
9,L,130.4,28.0,16.48,Normal
12,P,145.7,42.5,20.05,Gemuk
6,L,118.0,17.0,12.21,Kurus
6,L,115.8,17.0,12.68,Kurus
12,P,152.0,39.1,16.91,Normal
10,P,137.2,29.0,15.38,Normal
11,L,139.3,39.0,20.08,Gemuk
7,P,119.5,25.0,17.51,Normal
7,P,117.3,18.0,13.08,Kurus
7,L,117.1,25.0,18.22,Gemuk
12,L,145.6,37.6,17.73,Normal
6,P,114.3,19.1,14.61,Normal
6,P,110.3,18.5,15.23,Normal
12,L,143.1,41.1,20.07,Gemuk
9,L,126.1,22.0,13.84,Kurus
8,L,125.5,24.2,15.37,Normal
11,L,143.4,36.1,17.56,Normal
7,P,117.2,22.7,16.56,Normal
12,P,149.0,40.3,18.17,Gemuk
7,P,120.2,21.4,14.85,Normal
9,P,128.1,29.4,17.9,Normal
11,L,145.5,37.8,17.87,Normal
9,L,131.9,27.1,15.56,Normal
7,P,123.0,23.9,15.78,Normal
7,L,116.9,20.1,14.69,Normal
8,L,123.7,25.2,16.47,Normal
11,P,142.6,30.7,15.11,Normal
11,L,141.9,37.2,18.46,Gemuk
12,L,144.2,39.8,19.14,Gemuk
6,L,115.6,19.7,14.78,Normal
9,P,127.1,26.2,16.19,Normal
9,P,133.0,27.9,15.75,Normal
8,L,126.0,23.4,14.73,Normal
12,P,145.3,40.5,19.19,Gemuk
12,L,148.2,38.8,17.68,Normal
6,L,114.8,22.0,16.7,Normal
6,P,114.5,18.4,14.01,Normal
12,L,145.6,40.8,19.25,Gemuk
11,P,137.1,34.6,18.43,Gemuk
9,L,126.7,28.1,17.49,Normal
10,P,135.4,25.0,13.63,Kurus
8,L,122.7,24.6,16.38,Normal
7,P,122.2,23.8,15.93,Normal
6,L,115.0,22.0,16.63,Normal
7,P,120.1,21.4,14.81,Normal
11,L,143.1,31.1,15.18,Normal
6,P,113.8,20.4,15.75,Normal
11,P,139.6,41.1,21.08,Gemuk
12,P,150.6,32.9,14.53,Normal
6,L,112.6,17.0,13.42,Kurus
11,L,135.6,33.5,18.25,Gemuk
6,P,111.2,20.2,16.32,Normal
10,P,134.6,28.0,15.46,Normal
11,P,137.4,38.5,20.39,Gemuk
6,P,112.1,17.2,13.72,Kurus
8,P,120.1,23.8,16.5,Normal
12,L,146.3,40.9,19.13,Gemuk
8,L,119.7,22.9,16.0,Normal
9,L,128.5,23.4,14.16,Normal
11,L,141.6,37.1,18.49,Gemuk
8,P,126.0,22.2,14.0,Kurus
8,L,125.2,25.6,16.3,Normal
6,L,115.3,17.2,12.96,Kurus
11,P,137.5,34.3,18.14,Gemuk
7,P,113.4,20.6,16.02,Normal
12,P,146.0,38.5,18.04,Gemuk
7,P,116.3,21.7,16.08,Normal
10,P,135.3,33.1,18.06,Gemuk
8,L,125.2,22.0,14.05,Normal
10,L,130.5,33.1,19.42,Gemuk
8,L,119.9,25.7,17.89,Normal
6,P,110.3,18.4,15.12,Normal
6,P,115.2,17.3,13.04,Kurus
12,L,146.7,41.3,19.22,Gemuk
7,L,117.4,24.3,17.66,Normal
12,L,144.4,42.1,20.18,Gemuk
12,P,147.3,40.4,18.59,Gemuk
9,P,124.0,24.0,15.6,Normal
11,L,141.5,28.0,13.99,Kurus
6,L,118.0,22.0,15.8,Normal
9,P,125.7,28.1,17.79,Normal
7,L,113.0,20.0,15.63,Normal
10,L,133.7,35.7,19.97,Gemuk
11,L,141.8,33.8,16.84,Normal
8,L,125.6,27.8,17.63,Normal
8,P,118.4,24.1,17.19,Normal
7,P,117.6,23.8,17.22,Normal
7,P,115.9,19.9,14.84,Normal
8,L,126.2,25.5,16.04,Normal
8,L,121.9,23.7,15.96,Normal
8,L,123.1,24.8,16.35,Normal
6,P,117.2,22.0,16.03,Normal
8,P,121.9,23.1,15.51,Normal
12,P,143.5,43.7,21.23,Gemuk
11,P,145.9,38.4,18.04,Gemuk
9,L,131.2,26.3,15.29,Normal
7,P,118.2,22.9,16.37,Normal
12,P,145.7,45.6,21.46,Gemuk
10,L,130.5,31.9,18.72,Gemuk
12,L,147.1,39.6,18.31,Gemuk
11,P,139.8,39.2,20.05,Gemuk
9,L,129.7,23.0,13.64,Kurus
8,P,122.7,25.2,16.72,Normal
6,P,115.1,20.0,15.08,Normal
7,P,117.0,21.6,15.81,Normal
9,P,127.8,25.0,15.33,Normal
10,L,133.2,30.4,17.14,Normal
7,P,120.0,18.0,12.5,Kurus
12,P,146.8,39.4,18.26,Gemuk
12,P,145.6,40.8,19.26,Gemuk
12,P,151.5,33.1,14.43,Normal
8,P,121.6,20.0,13.53,Kurus
9,P,129.9,33.1,19.62,Gemuk
10,P,135.8,33.5,18.18,Gemuk
8,P,124.8,27.7,17.8,Normal
12,P,143.2,46.0,22.45,Obesitas
6,P,111.7,22.0,17.62,Normal
11,P,143.7,34.9,16.9,Normal
8,L,125.1,28.1,17.95,Normal
12,P,147.1,39.5,18.23,Gemuk
10,P,131.9,36.3,20.84,Gemuk
8,L,124.9,27.3,17.5,Normal
11,P,138.4,34.3,17.91,Normal
6,L,111.1,17.9,14.5,Normal
9,L,130.7,28.3,16.57,Normal
12,L,147.6,40.2,18.44,Gemuk
11,P,138.3,33.8,17.66,Normal
8,L,124.7,27.7,17.82,Normal
6,L,116.6,17.0,12.49,Kurus
10,L,131.4,30.4,17.61,Normal
10,L,134.6,35.1,19.36,Gemuk
11,P,138.2,30.9,16.18,Normal
11,L,145.4,38.0,17.95,Normal
6,L,112.3,17.7,14.06,Normal
10,P,133.0,28.6,16.15,Normal
10,L,134.7,27.8,15.33,Normal
12,P,147.9,38.6,17.64,Normal
9,P,128.9,27.7,16.67,Normal
6,P,113.8,22.0,16.98,Normal
10,P,134.6,32.4,17.88,Normal
10,P,129.9,35.0,20.77,Gemuk
12,P,144.8,41.9,20.0,Gemuk
12,P,147.8,32.2,14.73,Normal
10,L,134.3,34.4,19.08,Gemuk
12,L,146.5,36.6,17.06,Normal
10,L,134.6,32.6,17.97,Normal
11,P,136.8,32.0,17.12,Normal
11,P,143.1,36.0,17.6,Normal
11,L,138.0,32.1,16.87,Normal
7,P,120.9,19.6,13.44,Kurus
8,L,125.9,23.6,14.87,Normal
10,P,136.1,32.6,17.59,Normal
7,L,116.4,22.2,16.36,Normal
10,L,139.4,30.1,15.47,Normal
11,L,143.7,40.8,19.75,Gemuk
11,L,140.2,36.3,18.46,Gemuk
8,L,126.3,24.8,15.52,Normal
12,P,143.2,40.7,19.84,Gemuk
12,L,148.6,41.7,18.87,Gemuk
12,P,149.6,39.4,17.59,Normal
7,P,120.8,23.9,16.38,Normal
6,L,110.3,22.0,18.07,Gemuk
10,P,132.7,35.2,20.0,Gemuk
12,P,147.7,36.9,16.89,Normal
7,L,115.4,23.6,17.69,Normal
9,P,132.0,28.5,16.35,Normal
11,L,141.6,30.2,15.09,Normal
6,P,116.4,21.9,16.14,Normal
9,L,126.8,29.2,18.18,Gemuk
11,P,142.1,36.9,18.27,Gemuk
8,L,122.6,26.9,17.86,Normal
12,L,149.7,35.2,15.74,Normal
8,P,118.9,23.3,16.5,Normal
10,L,134.9,26.5,14.56,Normal
7,L,119.9,19.8,13.77,Kurus
9,L,129.9,31.8,18.87,Gemuk
6,L,112.5,22.0,17.39,Normal
9,L,127.2,28.6,17.7,Normal
7,P,114.8,21.8,16.55,Normal
10,L,135.2,26.8,14.68,Normal
6,P,111.5,21.9,17.62,Normal
12,P,148.6,38.5,17.43,Normal
6,P,114.0,17.8,13.72,Kurus
10,L,134.4,33.5,18.53,Gemuk
12,P,146.4,46.4,21.68,Gemuk
12,P,146.9,39.7,18.37,Gemuk
7,L,118.6,21.7,15.45,Normal
11,P,136.6,35.1,18.8,Gemuk
10,L,133.3,30.4,17.13,Normal
8,L,122.4,20.0,13.35,Kurus
8,P,118.3,21.3,15.2,Normal
11,P,139.4,35.8,18.45,Gemuk
8,P,125.0,22.6,14.47,Normal
6,P,111.7,22.0,17.62,Normal
12,P,147.2,40.7,18.78,Gemuk
12,P,143.2,42.2,20.59,Gemuk
9,L,124.6,34.0,21.89,Gemuk
7,L,121.1,23.3,15.9,Normal
8,L,121.2,25.5,17.37,Normal
11,P,138.9,38.1,19.72,Gemuk
6,L,114.1,19.9,15.3,Normal
8,P,122.9,23.0,15.24,Normal
9,P,128.1,30.6,18.66,Gemuk
9,P,127.5,25.8,15.84,Normal
12,P,146.2,44.8,20.94,Gemuk
12,L,151.1,39.5,17.3,Normal
6,P,110.3,17.1,14.07,Normal
8,P,121.3,24.8,16.86,Normal
6,L,113.5,17.6,13.62,Kurus
8,L,121.7,21.5,14.54,Normal
6,L,112.5,18.4,14.52,Normal
8,L,121.8,20.0,13.49,Kurus
9,P,123.2,29.6,19.51,Gemuk
7,P,118.6,23.5,16.67,Normal
10,P,134.0,33.8,18.86,Gemuk
11,P,139.1,32.7,16.94,Normal
7,P,121.3,22.7,15.43,Normal
10,P,136.6,27.7,14.82,Normal
8,L,121.6,24.8,16.77,Normal
8,P,124.0,23.5,15.3,Normal
9,L,125.0,28.4,18.15,Gemuk
11,L,139.9,38.8,19.83,Gemuk
10,P,137.2,35.3,18.75,Gemuk
12,P,149.9,44.8,19.95,Gemuk
7,L,117.9,24.9,17.91,Normal
11,L,139.1,33.6,17.34,Normal
11,P,144.2,33.5,16.13,Normal
6,P,114.9,22.0,16.68,Normal
9,P,129.9,29.5,17.51,Normal
7,L,115.5,25.0,18.72,Gemuk
11,P,145.4,43.0,20.35,Gemuk
10,L,136.8,28.7,15.33,Normal
10,L,133.8,37.2,20.79,Gemuk
10,L,130.5,27.0,15.88,Normal
8,P,125.0,27.6,17.69,Normal
7,P,123.0,18.0,11.9,Kurus
11,P,143.5,31.9,15.49,Normal
9,P,124.2,29.5,19.15,Gemuk
10,L,140.0,31.0,15.8,Normal
8,P,126.4,21.9,13.69,Kurus
8,P,125.8,27.3,17.26,Normal
9,L,126.7,22.0,13.7,Kurus
11,L,135.0,37.1,20.37,Gemuk
6,L,115.9,22.0,16.38,Normal
9,L,125.1,32.4,20.67,Gemuk
12,L,147.5,34.2,15.7,Normal
12,P,147.4,38.5,17.72,Normal
7,P,117.6,23.1,16.69,Normal
7,P,114.7,21.6,16.43,Normal
10,P,139.2,31.4,16.2,Normal
8,P,124.5,24.3,15.69,Normal
10,L,136.2,29.7,16.04,Normal
6,P,114.5,20.0,15.25,Normal
9,L,126.0,31.3,19.76,Gemuk
11,P,146.3,41.4,19.33,Gemuk
7,L,118.3,22.1,15.76,Normal
12,L,148.9,37.0,16.71,Normal
12,P,143.6,41.8,20.31,Gemuk
6,L,112.9,22.0,17.27,Normal
8,L,120.6,26.6,18.31,Gemuk
7,L,115.8,25.0,18.66,Gemuk
11,L,139.1,35.1,18.15,Gemuk
10,P,134.1,36.2,20.15,Gemuk
8,P,123.1,25.4,16.76,Normal
8,L,126.5,23.2,14.5,Normal
12,L,142.5,41.5,20.41,Gemuk
8,L,124.8,24.5,15.71,Normal
7,L,116.4,18.0,13.28,Kurus
7,P,115.8,19.8,14.74,Normal
12,P,143.5,39.2,19.0,Gemuk
6,P,117.6,22.0,15.9,Normal
6,P,118.0,20.6,14.77,Normal
6,L,114.8,22.0,16.69,Normal
12,L,140.0,33.6,17.17,Normal
11,L,143.9,38.3,18.49,Gemuk
11,L,142.9,36.4,17.81,Normal
7,L,116.9,22.7,16.61,Normal
11,P,139.3,37.9,19.52,Gemuk
6,L,115.7,22.0,16.43,Normal
11,L,142.9,35.7,17.48,Normal
9,L,128.5,31.7,19.2,Gemuk
8,L,121.7,23.6,15.91,Normal
7,L,119.4,20.5,14.34,Normal
7,P,115.0,23.0,17.39,Normal
11,L,139.3,36.7,18.9,Gemuk
8,P,124.9,21.4,13.69,Kurus
6,P,118.0,22.0,15.8,Normal
8,P,124.3,26.0,16.86,Normal
10,P,129.3,30.3,18.11,Gemuk
8,L,121.4,22.1,15.01,Normal
9,L,129.4,28.7,17.12,Normal
10,L,129.2,31.6,18.93,Gemuk
8,P,125.5,21.5,13.68,Kurus
7,P,113.0,18.0,14.1,Normal
12,L,145.3,37.6,17.79,Normal
10,L,135.0,36.7,20.11,Gemuk
8,P,125.3,27.1,17.25,Normal
10,L,136.2,32.8,17.69,Normal
12,L,152.0,37.3,16.13,Normal
11,P,137.2,31.1,16.52,Normal
8,P,123.0,24.0,15.84,Normal
11,P,141.4,36.0,18.03,Gemuk
7,P,120.4,19.8,13.67,Kurus
8,L,119.5,25.6,17.95,Normal
12,L,148.9,42.1,19.0,Gemuk
6,P,116.7,20.0,14.71,Normal
7,P,120.4,19.2,13.25,Kurus
11,P,137.8,33.9,17.84,Normal
9,P,127.4,30.3,18.66,Gemuk
12,P,142.9,37.2,18.19,Gemuk
6,L,117.7,20.8,15.04,Normal
11,L,136.7,35.9,19.2,Gemuk
6,P,113.8,22.0,17.0,Normal
9,P,127.0,26.5,16.42,Normal
12,P,146.9,37.0,17.13,Normal
9,L,127.9,30.5,18.68,Gemuk
11,L,140.4,35.8,18.13,Gemuk
6,L,115.6,18.3,13.72,Kurus
6,L,114.8,17.4,13.23,Kurus
8,P,127.0,28.0,17.37,Normal
11,P,142.8,37.8,18.54,Gemuk
8,P,125.2,23.6,15.03,Normal
10,L,134.5,32.6,17.99,Normal
9,P,128.6,27.5,16.65,Normal
8,P,120.4,28.2,19.45,Gemuk
11,P,142.1,30.1,14.91,Normal
6,P,116.8,21.9,16.05,Normal
6,P,112.9,18.0,14.16,Normal
6,L,115.5,17.8,13.38,Kurus
6,P,113.1,22.0,17.2,Normal
10,P,138.8,29.1,15.1,Normal
6,L,118.0,17.0,12.21,Kurus
8,L,124.2,24.5,15.87,Normal
10,L,137.2,30.7,16.31,Normal
10,P,133.5,36.6,20.49,Gemuk
6,P,111.8,22.0,17.6,Normal
11,L,142.7,30.3,14.88,Normal
7,P,119.7,21.9,15.32,Normal
8,L,124.0,25.4,16.54,Normal
9,P,127.9,27.3,16.71,Normal
11,L,137.8,35.4,18.65,Gemuk
10,L,130.9,34.6,20.18,Gemuk
6,L,112.4,20.6,16.28,Normal
11,L,143.1,35.8,17.46,Normal
6,L,117.5,22.0,15.94,Normal
9,L,129.7,28.5,16.93,Normal
6,P,110.0,17.6,14.54,Normal
7,L,120.1,22.7,15.76,Normal
9,P,127.0,30.9,19.13,Gemuk
6,L,114.4,17.0,12.98,Kurus
9,L,128.2,26.9,16.37,Normal
10,L,133.3,38.0,21.39,Gemuk
9,L,128.9,26.9,16.21,Normal
7,P,117.4,23.0,16.71,Normal
11,L,143.3,34.5,16.81,Normal
6,L,113.7,20.7,16.02,Normal
12,P,148.0,41.2,18.81,Gemuk
6,P,110.1,17.0,14.01,Normal
9,P,126.5,30.9,19.35,Gemuk
10,L,131.8,28.1,16.18,Normal
8,L,121.6,24.5,16.56,Normal
6,L,113.8,17.0,13.14,Kurus
6,P,110.5,17.2,14.12,Normal
8,P,121.8,27.8,18.73,Gemuk
6,P,114.0,18.9,14.56,Normal
9,P,127.6,29.5,18.11,Gemuk
10,L,133.5,32.5,18.23,Gemuk
12,P,142.1,39.1,19.35,Gemuk
9,L,130.6,23.3,13.68,Kurus
7,P,117.2,18.0,13.11,Kurus
12,L,147.0,39.9,18.46,Gemuk
6,L,112.0,18.6,14.86,Normal
12,L,142.7,38.0,18.68,Gemuk
7,L,119.0,20.0,14.15,Normal
7,L,116.8,24.1,17.67,Normal
8,L,123.6,23.7,15.53,Normal
8,P,118.4,26.0,18.57,Gemuk
6,P,115.8,20.6,15.38,Normal
9,L,129.4,24.7,14.76,Normal
6,P,114.5,22.0,16.77,Normal
12,P,144.5,38.2,18.29,Gemuk
6,L,115.0,18.1,13.69,Kurus
6,L,113.6,17.0,13.17,Kurus
11,P,136.5,37.1,19.92,Gemuk
11,L,138.0,32.8,17.25,Normal
10,L,134.6,31.6,17.45,Normal
9,P,130.1,25.1,14.83,Normal
8,P,127.5,22.0,13.55,Kurus
10,P,131.9,27.4,15.77,Normal
8,L,120.6,21.8,14.95,Normal
11,P,145.1,36.6,17.37,Normal
10,P,131.0,38.0,22.13,Obesitas
7,L,123.0,20.9,13.85,Kurus
8,L,123.7,23.0,15.02,Normal
8,L,119.4,25.2,17.71,Normal
9,P,128.6,31.0,18.74,Gemuk
8,L,125.2,20.2,12.86,Kurus
9,L,129.8,28.2,16.72,Normal
7,P,120.0,22.3,15.48,Normal
9,L,127.9,31.8,19.47,Gemuk
11,L,145.3,36.0,17.07,Normal
11,P,139.6,36.3,18.6,Gemuk
12,L,147.0,41.8,19.34,Gemuk
10,L,135.9,33.0,17.86,Normal
7,P,116.0,18.4,13.68,Kurus
8,P,127.5,23.2,14.27,Normal
9,L,127.2,24.2,14.94,Normal
12,P,146.0,44.0,20.64,Gemuk
7,L,120.8,21.6,14.77,Normal
6,L,112.7,17.0,13.39,Kurus
12,P,143.1,41.1,20.07,Gemuk
8,L,120.9,26.2,17.95,Normal
9,P,128.6,26.4,15.99,Normal
12,P,144.8,41.7,19.86,Gemuk
9,P,128.5,24.4,14.76,Normal
6,P,111.8,22.0,17.6,Normal
12,L,140.3,34.5,17.53,Normal
6,P,117.6,22.0,15.91,Normal
11,P,135.8,32.3,17.52,Normal
11,L,143.3,38.9,18.92,Gemuk
6,L,111.0,19.3,15.64,Normal
11,P,138.2,35.0,18.32,Gemuk
9,P,128.1,26.4,16.11,Normal
6,L,116.1,19.1,14.17,Normal
12,P,147.6,38.4,17.62,Normal
11,P,139.9,39.8,20.33,Gemuk
10,P,129.3,37.3,22.35,Obesitas
8,P,126.1,27.6,17.36,Normal
8,L,124.2,22.3,14.45,Normal
11,L,142.2,28.0,13.85,Kurus
11,P,142.2,33.6,16.65,Normal
7,P,121.4,25.0,16.98,Normal
7,P,119.6,21.2,14.81,Normal
6,L,112.6,19.2,15.17,Normal
7,P,117.9,23.5,16.9,Normal
10,P,133.9,32.4,18.09,Gemuk
6,L,118.0,17.0,12.21,Kurus
6,P,115.4,18.0,13.54,Kurus
12,P,146.6,37.6,17.51,Normal
8,L,124.8,29.0,18.62,Gemuk
7,L,120.7,22.5,15.42,Normal
11,L,142.2,36.9,18.25,Gemuk
8,P,121.1,24.0,16.38,Normal
6,P,112.9,19.8,15.49,Normal
10,P,135.8,26.2,14.18,Normal
12,L,143.7,38.5,18.67,Gemuk
7,L,119.0,25.0,17.65,Normal
7,L,117.8,23.2,16.73,Normal
11,L,139.4,37.9,19.5,Gemuk
10,L,131.8,29.8,17.14,Normal
12,P,141.6,36.7,18.31,Gemuk
10,L,133.6,29.4,16.46,Normal
9,P,127.0,29.9,18.5,Gemuk
9,L,124.9,29.4,18.82,Gemuk
7,P,120.1,25.0,17.34,Normal
10,L,132.7,30.7,17.43,Normal
9,P,127.5,26.5,16.3,Normal
8,L,119.2,22.8,16.07,Normal
6,L,111.9,19.3,15.41,Normal
7,L,119.9,23.0,16.0,Normal
11,P,139.3,31.1,16.04,Normal
7,P,114.7,25.0,19.01,Gemuk
11,L,142.6,28.0,13.76,Kurus
10,L,133.0,30.9,17.43,Normal
11,P,138.9,33.2,17.21,Normal
10,L,132.3,31.9,18.22,Gemuk
6,L,112.3,17.0,13.47,Kurus
7,P,115.4,18.0,13.52,Kurus
8,L,126.4,28.6,17.9,Normal
7,L,119.5,18.0,12.61,Kurus
12,L,147.7,36.8,16.86,Normal
8,P,121.5,23.9,16.2,Normal
11,L,142.1,34.3,17.0,Normal
6,L,113.1,22.0,17.19,Normal
12,P,145.5,42.5,20.08,Gemuk
7,L,113.1,22.9,17.91,Normal
7,L,122.5,22.2,14.8,Normal
12,L,146.3,48.0,22.42,Obesitas
12,L,152.0,39.6,17.13,Normal
8,L,123.3,27.0,17.72,Normal
11,P,140.1,34.1,17.38,Normal
12,P,143.4,30.6,14.89,Normal
8,L,124.9,21.5,13.81,Kurus
12,L,145.2,40.4,19.16,Gemuk
8,L,122.5,24.9,16.59,Normal
6,L,111.5,17.0,13.67,Kurus
9,L,131.7,28.3,16.3,Normal
9,P,128.7,34.0,20.54,Gemuk
9,P,129.8,24.6,14.62,Normal
6,P,113.4,21.3,16.55,Normal
9,P,126.2,22.0,13.8,Kurus
11,P,144.2,31.6,15.2,Normal
12,L,145.4,40.8,19.3,Gemuk
8,L,123.7,28.8,18.79,Gemuk
12,P,144.2,35.0,16.84,Normal
6,P,112.8,22.0,17.29,Normal
12,P,148.2,42.3,19.25,Gemuk
8,L,119.1,21.7,15.3,Normal
6,P,115.9,22.0,16.39,Normal
10,L,136.1,30.8,16.64,Normal
7,P,116.5,25.0,18.4,Gemuk
7,P,115.7,20.8,15.51,Normal
7,L,114.3,24.0,18.36,Gemuk
9,L,126.1,27.1,17.05,Normal
11,L,141.6,41.9,20.88,Gemuk
11,P,141.1,40.3,20.25,Gemuk
8,P,122.8,20.0,13.27,Kurus
7,L,118.8,19.3,13.69,Kurus
7,L,116.3,18.0,13.31,Kurus
6,P,111.0,17.0,13.8,Kurus
7,P,115.7,19.6,14.6,Normal
12,P,148.3,36.5,16.59,Normal
10,L,135.1,30.4,16.66,Normal
7,P,117.5,21.5,15.61,Normal
11,L,138.6,35.1,18.29,Gemuk
12,L,148.6,42.0,19.03,Gemuk
6,L,115.1,21.0,15.86,Normal
8,L,124.3,20.0,12.95,Kurus
6,P,110.0,19.5,16.14,Normal
12,P,145.2,39.2,18.59,Gemuk
9,L,124.9,31.8,20.39,Gemuk
12,P,144.1,38.0,18.32,Gemuk
8,L,118.4,21.6,15.39,Normal
6,L,117.7,22.0,15.87,Normal
7,P,117.9,21.6,15.52,Normal
8,P,122.5,20.0,13.34,Kurus
11,L,140.5,36.5,18.49,Gemuk
12,L,146.3,38.3,17.92,Normal
10,L,137.1,27.3,14.51,Normal
11,P,144.1,34.7,16.72,Normal
10,P,136.9,28.4,15.17,Normal
11,L,139.7,38.0,19.45,Gemuk
12,L,144.2,42.1,20.25,Gemuk
11,L,140.8,32.3,16.28,Normal
10,P,134.6,29.0,16.04,Normal
7,P,117.6,19.6,14.18,Normal
8,P,124.5,25.5,16.48,Normal
10,L,134.2,25.5,14.13,Normal
9,P,129.2,31.4,18.82,Gemuk
9,P,127.2,26.9,16.61,Normal
8,L,123.2,23.7,15.64,Normal
11,L,141.8,36.3,18.05,Gemuk
11,P,139.8,37.2,19.03,Gemuk
8,L,123.7,26.3,17.18,Normal
6,L,111.7,21.1,16.91,Normal
10,P,134.9,32.9,18.09,Gemuk
8,L,121.9,24.3,16.33,Normal
10,L,137.1,29.2,15.52,Normal
10,P,138.5,32.9,17.18,Normal
10,L,136.3,33.4,17.96,Normal
7,L,115.9,20.8,15.48,Normal
10,P,129.3,28.4,17.0,Normal
6,L,118.0,20.9,14.99,Normal
11,P,145.0,30.6,14.57,Normal
7,L,113.0,25.0,19.58,Gemuk
7,L,115.5,23.2,17.43,Normal
7,P,113.0,19.7,15.41,Normal
11,P,141.7,40.9,20.37,Gemuk
11,P,138.0,31.9,16.75,Normal
9,P,125.3,27.6,17.58,Normal
8,P,122.8,25.3,16.75,Normal
11,L,139.6,31.6,16.23,Normal
11,P,138.0,37.8,19.85,Gemuk
12,P,140.0,42.8,21.84,Gemuk
12,L,148.5,44.2,20.04,Gemuk
10,L,132.5,31.2,17.78,Normal
6,P,115.3,22.0,16.54,Normal
6,P,110.0,17.1,14.17,Normal
8,L,125.3,24.8,15.77,Normal
8,P,124.9,25.2,16.16,Normal
9,L,127.6,23.4,14.39,Normal
11,L,145.2,31.2,14.8,Normal
7,P,115.4,24.8,18.65,Gemuk
10,P,137.0,28.1,14.97,Normal
12,L,144.5,40.2,19.24,Gemuk
10,L,129.2,35.2,21.09,Gemuk
11,P,142.4,36.9,18.21,Gemuk
6,L,112.9,17.8,13.98,Kurus
6,L,113.1,19.7,15.37,Normal
11,L,141.8,34.0,16.91,Normal
7,P,120.0,24.5,16.98,Normal
12,L,145.6,40.9,19.3,Gemuk
7,P,115.8,20.7,15.4,Normal
9,L,127.0,32.8,20.3,Gemuk
12,L,143.8,36.6,17.72,Normal
9,P,128.8,24.0,14.48,Normal
8,L,122.9,20.0,13.25,Kurus
6,L,110.5,17.0,13.93,Kurus
12,P,147.4,35.6,16.4,Normal
12,L,143.5,38.6,18.76,Gemuk
10,L,137.9,29.6,15.59,Normal
8,L,128.0,23.2,14.15,Normal
8,P,119.7,23.4,16.35,Normal
6,P,117.1,17.0,12.4,Kurus
12,L,146.5,37.0,17.24,Normal
10,L,131.8,34.1,19.64,Gemuk
10,P,131.2,29.4,17.07,Normal
11,L,140.5,36.0,18.23,Gemuk
9,L,127.0,33.2,20.6,Gemuk
7,L,117.2,22.5,16.36,Normal
11,P,139.8,34.5,17.64,Normal
12,L,147.2,39.8,18.36,Gemuk
7,P,120.1,25.0,17.33,Normal
12,P,147.4,41.1,18.94,Gemuk
11,P,143.5,39.9,19.38,Gemuk
7,P,115.7,21.3,15.89,Normal
7,L,115.9,20.2,15.05,Normal
9,L,133.0,28.8,16.3,Normal
10,P,132.7,31.0,17.59,Normal
7,P,116.9,20.2,14.74,Normal
11,L,144.8,33.0,15.74,Normal
10,L,134.1,37.7,20.96,Gemuk
9,L,127.0,27.9,17.29,Normal
8,L,124.6,25.7,16.55,Normal
10,P,134.4,34.5,19.1,Gemuk
8,L,124.3,22.5,14.54,Normal
8,P,122.9,25.1,16.63,Normal
11,L,137.8,35.0,18.43,Gemuk
12,P,146.0,41.0,19.24,Gemuk
10,L,135.0,34.4,18.86,Gemuk
9,P,132.4,28.2,16.08,Normal
8,L,120.5,27.0,18.57,Gemuk
6,P,110.0,22.0,18.18,Gemuk
8,L,122.3,26.4,17.63,Normal
7,L,120.0,21.2,14.72,Normal
8,L,118.2,25.5,18.26,Gemuk
12,P,147.9,36.8,16.84,Normal
11,L,145.6,30.4,14.34,Normal
9,L,124.9,27.1,17.34,Normal
7,L,119.3,20.8,14.6,Normal
8,P,121.6,23.7,16.04,Normal
8,L,125.6,23.0,14.57,Normal
8,P,124.8,25.7,16.48,Normal
7,P,117.7,22.1,15.93,Normal
11,L,142.9,33.4,16.38,Normal
8,P,120.8,23.7,16.24,Normal
9,P,130.3,28.9,17.0,Normal
6,L,116.3,17.0,12.57,Kurus
11,P,141.0,35.9,18.03,Gemuk
12,P,144.2,34.9,16.8,Normal
11,L,141.3,34.2,17.12,Normal
9,P,131.6,29.4,16.96,Normal
11,L,138.4,34.6,18.06,Gemuk
9,L,126.2,26.0,16.32,Normal
11,L,137.7,36.0,18.99,Gemuk
11,P,143.3,34.4,16.76,Normal
8,P,118.5,23.8,16.98,Normal
8,P,122.7,29.0,19.26,Gemuk
9,P,129.2,28.9,17.31,Normal
8,P,127.8,23.2,14.2,Normal
10,L,133.6,29.4,16.49,Normal
12,L,145.2,38.5,18.23,Gemuk
10,L,132.5,33.0,18.78,Gemuk
9,P,127.5,30.4,18.7,Gemuk
6,L,114.1,20.8,15.94,Normal
10,P,135.6,31.2,16.94,Normal
12,P,147.7,32.6,14.96,Normal
10,L,134.8,29.4,16.2,Normal
12,P,147.0,36.3,16.81,Normal
9,P,130.0,22.0,13.01,Kurus
11,P,139.6,34.7,17.83,Normal
8,L,121.3,22.3,15.18,Normal
7,L,114.2,19.6,14.99,Normal
10,P,133.5,25.2,14.16,Normal
11,L,139.5,39.0,20.03,Gemuk
11,P,145.2,33.1,15.72,Normal
6,P,116.1,17.0,12.62,Kurus
6,L,115.0,22.0,16.63,Normal
10,P,140.0,32.6,16.61,Normal
6,P,110.3,22.0,18.07,Gemuk
11,P,139.3,34.0,17.51,Normal
6,L,116.7,19.9,14.62,Normal
8,P,128.0,26.2,15.97,Normal
11,P,143.9,39.7,19.18,Gemuk
12,L,146.8,44.0,20.39,Gemuk
6,L,113.7,21.7,16.8,Normal
12,L,145.3,38.5,18.24,Gemuk
12,L,150.4,37.3,16.47,Normal
6,L,112.8,17.0,13.36,Kurus
11,P,140.5,35.0,17.73,Normal
11,L,138.4,42.5,22.17,Obesitas
9,L,131.3,26.3,15.26,Normal
10,L,132.5,33.0,18.79,Gemuk
9,L,133.0,24.1,13.63,Kurus
9,P,126.9,29.8,18.5,Gemuk
9,P,123.4,28.8,18.88,Gemuk
10,P,136.0,30.1,16.28,Normal
7,L,113.8,18.0,13.89,Kurus
12,L,145.1,36.5,17.33,Normal
6,P,113.7,17.1,13.23,Kurus
6,P,112.6,22.0,17.35,Normal
9,L,127.7,30.3,18.54,Gemuk
11,P,135.0,35.3,19.37,Gemuk
7,P,118.4,19.0,13.54,Kurus
6,P,116.6,20.6,15.14,Normal
11,P,140.7,33.0,16.68,Normal
10,P,133.2,33.3,18.77,Gemuk
8,P,122.4,29.0,19.35,Gemuk
7,P,116.8,25.0,18.3,Gemuk
6,L,111.7,19.3,15.48,Normal
12,P,144.4,40.8,19.56,Gemuk
6,L,115.7,18.2,13.59,Kurus
12,L,146.4,40.0,18.64,Gemuk
7,P,113.0,18.0,14.1,Normal
8,L,122.8,21.4,14.21,Normal
10,P,138.3,32.5,17.03,Normal
11,L,139.2,37.9,19.57,Gemuk
9,L,129.9,29.4,17.41,Normal
6,P,118.0,17.5,12.58,Kurus
9,P,130.0,30.7,18.13,Gemuk
6,P,113.4,18.0,14.05,Normal
6,P,115.3,20.9,15.74,Normal
12,L,148.6,40.7,18.44,Gemuk
6,L,110.0,19.5,16.09,Normal
10,P,136.3,30.1,16.18,Normal
10,L,130.2,30.8,18.2,Gemuk
12,P,145.9,40.7,19.13,Gemuk
11,P,140.8,40.4,20.38,Gemuk
11,P,140.6,37.2,18.83,Gemuk
9,P,124.0,31.5,20.47,Gemuk
12,P,143.9,41.6,20.1,Gemuk
12,L,140.9,41.5,20.93,Gemuk
7,P,121.4,22.6,15.3,Normal
12,P,145.7,37.9,17.83,Normal
9,L,129.1,25.1,15.07,Normal
11,L,137.2,36.6,19.42,Gemuk
11,P,144.2,38.7,18.6,Gemuk
8,P,121.7,22.2,14.95,Normal
10,P,135.7,31.7,17.24,Normal
7,L,117.2,23.2,16.91,Normal
11,P,139.3,29.6,15.22,Normal
12,P,147.2,41.5,19.16,Gemuk
11,P,145.3,36.1,17.08,Normal
11,L,140.6,30.3,15.34,Normal
12,L,149.9,39.4,17.52,Normal
11,P,142.1,39.6,19.61,Gemuk
6,P,112.5,18.6,14.67,Normal
10,P,133.1,30.0,16.91,Normal
10,L,137.7,32.2,16.97,Normal
8,P,127.1,23.3,14.43,Normal
8,P,119.6,27.4,19.12,Gemuk
10,P,136.1,28.4,15.34,Normal
9,L,127.0,30.5,18.94,Gemuk
6,L,110.4,17.1,13.99,Kurus
7,L,120.5,22.1,15.24,Normal
12,P,146.7,34.1,15.84,Normal
6,P,112.5,22.0,17.38,Normal
7,L,115.1,22.7,17.12,Normal
12,P,144.7,40.3,19.23,Gemuk
11,P,140.7,36.7,18.54,Gemuk
6,P,118.0,22.0,15.8,Normal
10,L,137.8,31.2,16.45,Normal
9,L,126.6,27.3,17.05,Normal
7,P,116.7,20.6,15.13,Normal
6,P,113.9,19.6,15.1,Normal
7,P,118.2,21.6,15.42,Normal
6,L,110.0,17.0,14.05,Normal
10,L,133.2,33.7,18.99,Gemuk
12,P,143.2,41.8,20.4,Gemuk
11,L,139.9,36.5,18.65,Gemuk
11,P,143.3,37.5,18.25,Gemuk
6,P,110.9,22.0,17.87,Normal
6,L,118.0,17.9,12.85,Kurus
11,P,140.7,43.0,21.72,Gemuk
12,P,147.9,43.2,19.76,Gemuk
7,L,119.2,18.0,12.67,Kurus
9,P,124.4,26.6,17.17,Normal
6,L,114.4,17.0,13.0,Kurus
10,P,135.7,29.3,15.92,Normal
6,L,116.7,17.0,12.48,Kurus
8,L,125.8,29.0,18.33,Gemuk
12,P,141.9,37.6,18.66,Gemuk
10,L,136.3,31.1,16.73,Normal
6,P,112.4,20.0,15.83,Normal
12,P,146.2,42.5,19.89,Gemuk
11,L,136.2,36.9,19.91,Gemuk
11,P,147.0,42.6,19.74,Gemuk
8,P,118.6,20.8,14.79,Normal
12,P,144.5,41.9,20.07,Gemuk
8,L,121.5,24.0,16.26,Normal
6,P,110.0,17.7,14.65,Normal
8,P,123.9,26.4,17.21,Normal
12,P,143.8,32.1,15.52,Normal
11,P,140.3,33.5,17.01,Normal
8,L,122.4,20.0,13.34,Kurus
11,P,144.8,36.0,17.16,Normal
9,P,127.8,32.7,20.02,Gemuk
12,P,146.0,38.2,17.93,Normal
7,P,119.6,22.8,15.92,Normal
9,P,129.3,26.4,15.8,Normal
11,L,140.2,36.1,18.39,Gemuk
8,P,118.1,23.0,16.47,Normal
11,P,142.7,30.7,15.09,Normal
8,L,125.8,28.8,18.16,Gemuk
6,L,111.5,20.5,16.49,Normal
11,P,136.8,39.6,21.14,Gemuk
8,L,125.0,28.5,18.25,Gemuk
8,L,118.0,23.6,16.97,Normal
9,L,128.5,22.0,13.32,Kurus
11,L,140.6,40.7,20.6,Gemuk
8,P,127.4,25.0,15.41,Normal
10,P,131.0,34.1,19.84,Gemuk
11,L,142.9,37.7,18.48,Gemuk
6,L,115.6,18.3,13.67,Kurus
9,P,125.4,32.9,20.96,Gemuk
9,P,126.5,31.8,19.83,Gemuk
7,P,121.9,22.5,15.17,Normal
7,L,117.8,25.0,18.03,Gemuk
11,P,146.5,28.8,13.43,Kurus
7,P,117.7,18.0,12.99,Kurus
7,L,119.0,20.7,14.6,Normal
7,P,119.9,23.2,16.14,Normal
6,L,115.5,17.0,12.75,Kurus
8,L,124.2,23.2,15.08,Normal
6,L,114.7,22.0,16.71,Normal
9,P,130.9,28.4,16.55,Normal
8,L,120.5,24.4,16.8,Normal
8,P,123.8,21.0,13.72,Kurus
12,L,150.8,41.8,18.39,Gemuk
6,P,113.9,19.8,15.27,Normal
8,P,124.3,26.2,16.94,Normal
8,P,120.0,23.6,16.36,Normal
12,L,143.4,41.3,20.09,Gemuk
9,P,127.4,25.3,15.6,Normal
8,L,119.1,26.2,18.49,Gemuk
11,L,138.8,34.9,18.09,Gemuk
12,L,140.0,38.4,19.61,Gemuk
11,L,138.2,35.9,18.79,Gemuk
9,L,129.5,26.4,15.74,Normal
6,P,116.6,22.0,16.18,Normal
9,P,126.0,28.6,17.99,Normal
11,L,142.9,35.6,17.46,Normal
12,L,144.8,46.6,22.24,Obesitas
6,P,112.2,19.0,15.07,Normal
6,P,110.6,17.0,13.91,Kurus
6,L,112.7,22.0,17.33,Normal
8,L,127.3,28.7,17.71,Normal
12,P,146.5,43.5,20.26,Gemuk
9,L,127.3,24.2,14.93,Normal
10,L,133.5,34.2,19.2,Gemuk
6,L,111.2,19.3,15.65,Normal
6,P,114.7,17.0,12.93,Kurus
7,P,119.5,24.7,17.31,Normal
11,L,138.9,39.5,20.5,Gemuk
12,L,141.9,35.8,17.77,Normal
8,L,124.8,26.3,16.86,Normal
11,P,143.8,39.6,19.16,Gemuk
8,L,123.9,23.4,15.23,Normal
7,L,121.2,23.8,16.23,Normal
7,L,118.7,19.5,13.81,Kurus
10,L,132.4,36.9,21.06,Gemuk
12,P,145.2,43.9,20.82,Gemuk
8,P,118.0,25.5,18.31,Gemuk
9,P,124.8,28.0,17.95,Normal
6,P,112.8,17.0,13.36,Kurus
6,P,110.0,21.7,17.91,Normal
11,P,139.9,41.1,20.99,Gemuk
11,L,141.1,37.4,18.79,Gemuk
8,P,125.0,25.4,16.22,Normal
6,L,115.3,18.9,14.19,Normal
6,P,112.5,17.0,13.43,Kurus
9,P,129.6,26.9,16.03,Normal
9,L,127.6,28.9,17.75,Normal
6,P,117.8,18.3,13.21,Kurus
6,L,116.8,19.4,14.22,Normal
8,P,126.9,22.6,14.05,Normal
10,L,135.3,35.9,19.62,Gemuk
9,P,125.1,28.6,18.25,Gemuk
7,L,117.0,21.2,15.5,Normal
7,L,121.7,18.0,12.16,Kurus
7,L,120.3,23.9,16.52,Normal
8,L,118.4,22.7,16.16,Normal
10,P,132.4,30.2,17.21,Normal
9,P,127.7,24.5,14.99,Normal
12,P,146.9,42.1,19.52,Gemuk
6,L,115.1,19.0,14.31,Normal
8,L,120.4,20.0,13.8,Kurus
9,L,127.4,23.4,14.39,Normal
6,P,113.1,21.2,16.55,Normal
10,L,132.2,30.0,17.16,Normal
11,L,139.6,36.7,18.81,Gemuk
6,L,113.3,21.2,16.53,Normal
6,L,114.0,18.1,13.95,Kurus
11,L,146.1,31.8,14.91,Normal
8,L,122.4,22.9,15.33,Normal
10,P,134.1,31.5,17.54,Normal
11,L,144.2,35.1,16.9,Normal
7,P,115.8,25.0,18.64,Gemuk
11,P,138.1,32.7,17.17,Normal
12,P,147.3,36.3,16.76,Normal
9,L,129.2,32.9,19.68,Gemuk
12,P,146.3,38.1,17.78,Normal
7,L,113.0,25.0,19.58,Gemuk
11,P,143.7,35.7,17.31,Normal
6,P,113.1,19.0,14.81,Normal
10,L,132.1,29.4,16.83,Normal
7,L,117.6,25.0,18.08,Gemuk
12,L,148.2,43.7,19.87,Gemuk
8,P,121.5,24.3,16.48,Normal
9,P,129.8,27.4,16.26,Normal
7,L,116.4,20.6,15.2,Normal
8,P,118.0,23.2,16.63,Normal
10,L,136.2,28.4,15.32,Normal
12,P,150.7,40.4,17.79,Normal
7,L,117.3,20.1,14.61,Normal
8,P,122.7,25.6,17.0,Normal
7,L,119.7,23.6,16.48,Normal
10,P,138.8,32.8,17.01,Normal
7,P,117.1,22.0,16.03,Normal
7,L,118.7,23.1,16.39,Normal
8,P,120.8,21.9,14.99,Normal
11,P,139.3,35.9,18.5,Gemuk
12,P,149.6,42.5,19.0,Gemuk
8,P,122.6,29.0,19.29,Gemuk
11,L,141.6,36.7,18.31,Gemuk
12,P,146.7,36.1,16.8,Normal
6,P,111.2,18.1,14.64,Normal
6,L,112.7,21.2,16.65,Normal
6,P,113.0,22.0,17.24,Normal
7,L,121.8,22.9,15.47,Normal
7,P,116.2,25.0,18.52,Gemuk
7,P,117.5,18.0,13.03,Kurus
10,P,135.2,31.5,17.24,Normal
12,L,142.7,41.1,20.18,Gemuk
6,L,115.3,20.9,15.73,Normal
11,L,139.9,37.3,19.05,Gemuk
9,P,130.8,24.1,14.09,Normal
7,L,115.7,23.5,17.53,Normal
7,L,113.7,22.6,17.48,Normal
7,L,121.2,23.3,15.83,Normal
6,L,111.8,17.5,14.02,Normal
10,L,128.0,29.9,18.26,Gemuk
8,L,119.2,20.9,14.71,Normal
6,L,115.5,20.8,15.57,Normal
7,L,116.1,21.5,15.96,Normal
11,L,141.7,37.1,18.51,Gemuk
9,P,127.9,25.9,15.81,Normal
12,P,148.9,39.3,17.72,Normal
10,P,137.9,30.9,16.26,Normal
12,P,144.8,37.7,17.98,Normal
7,L,117.3,22.5,16.33,Normal
9,L,128.4,26.3,15.99,Normal
10,P,134.8,32.4,17.85,Normal
6,P,114.9,20.3,15.41,Normal
11,P,139.3,33.6,17.3,Normal
11,L,141.2,40.7,20.42,Gemuk
9,P,126.2,24.5,15.4,Normal
10,P,132.8,32.3,18.33,Gemuk
9,L,123.0,26.6,17.61,Normal
11,L,141.2,33.4,16.76,Normal
8,L,120.5,22.9,15.79,Normal
10,P,134.1,31.5,17.5,Normal
8,P,119.6,24.0,16.79,Normal
8,P,121.5,24.9,16.88,Normal
10,P,134.8,32.0,17.62,Normal
12,P,146.1,38.3,17.93,Normal
9,L,126.6,30.4,18.95,Gemuk
10,P,135.1,30.8,16.86,Normal
12,P,146.1,39.3,18.42,Gemuk
7,L,120.3,20.3,14.06,Normal
10,L,135.1,28.9,15.82,Normal
12,L,152.0,36.4,15.77,Normal
6,P,115.8,18.5,13.81,Kurus
8,P,123.2,28.5,18.76,Gemuk
6,P,112.4,22.0,17.43,Normal
9,L,132.0,32.0,18.35,Gemuk
10,P,137.4,31.2,16.53,Normal
10,P,137.3,29.1,15.43,Normal
11,L,139.9,34.4,17.57,Normal
6,P,110.9,17.0,13.82,Kurus
9,P,128.4,24.4,14.76,Normal
10,P,131.1,29.4,17.13,Normal
12,L,141.6,38.2,19.06,Gemuk
9,L,126.0,33.4,21.02,Gemuk
8,P,121.4,25.1,17.01,Normal
9,L,129.0,27.6,16.57,Normal
8,L,122.8,27.9,18.49,Gemuk
9,L,128.9,24.1,14.51,Normal
10,P,130.8,30.7,17.96,Normal
9,L,132.8,28.3,16.06,Normal
8,P,126.4,22.3,13.92,Kurus
7,P,117.9,21.0,15.07,Normal
10,L,131.6,30.0,17.33,Normal
10,P,133.8,32.5,18.19,Gemuk
9,L,125.8,25.2,15.93,Normal
10,L,130.6,33.9,19.9,Gemuk
7,P,116.7,18.0,13.25,Kurus
10,L,134.2,31.2,17.33,Normal
7,L,116.5,20.4,15.03,Normal
7,L,119.0,20.9,14.78,Normal
12,P,147.6,41.4,18.99,Gemuk
7,P,114.9,23.7,17.95,Normal
6,P,114.7,17.0,12.92,Kurus
10,P,136.7,31.3,16.73,Normal
7,P,119.6,21.3,14.88,Normal
9,P,128.6,27.0,16.35,Normal
7,P,116.3,18.0,13.3,Kurus
6,P,115.6,17.3,12.95,Kurus
9,L,128.8,28.2,17.02,Normal
9,P,126.9,29.0,18.01,Gemuk
6,L,115.0,17.6,13.33,Kurus
9,L,124.0,30.6,19.86,Gemuk
12,L,152.0,39.6,17.16,Normal
11,P,140.6,38.4,19.45,Gemuk
8,L,122.6,23.9,15.91,Normal
10,L,134.0,29.8,16.6,Normal
11,P,144.9,35.2,16.79,Normal
10,P,136.9,34.1,18.2,Gemuk
6,P,113.4,17.0,13.21,Kurus
8,L,123.5,20.3,13.32,Kurus
7,P,119.1,19.3,13.61,Kurus
11,P,140.9,34.8,17.51,Normal
7,P,115.7,25.0,18.68,Gemuk
9,P,124.3,26.5,17.17,Normal
8,P,121.7,23.4,15.83,Normal
11,L,141.8,35.4,17.57,Normal
12,L,141.4,33.5,16.75,Normal
6,L,116.4,19.7,14.57,Normal
9,P,129.1,27.4,16.43,Normal
8,L,118.0,23.7,17.01,Normal
12,L,146.1,41.6,19.49,Gemuk
11,P,140.8,37.3,18.81,Gemuk
10,P,130.7,25.4,14.88,Normal
10,P,131.0,27.2,15.86,Normal
7,L,121.0,23.9,16.36,Normal
9,L,127.4,23.6,14.55,Normal
11,P,137.9,33.3,17.52,Normal
11,L,144.3,34.7,16.65,Normal
6,L,110.0,22.0,18.18,Gemuk
12,L,140.3,43.6,22.15,Obesitas
10,L,133.7,35.1,19.61,Gemuk
6,L,116.0,17.0,12.63,Kurus
9,L,128.0,30.4,18.53,Gemuk
7,L,121.9,18.0,12.11,Kurus
12,P,147.3,35.6,16.39,Normal
7,L,123.0,18.0,11.9,Kurus
10,P,133.3,29.8,16.76,Normal
12,L,140.0,46.2,23.55,Obesitas
10,L,139.6,31.9,16.38,Normal
12,P,146.9,41.7,19.3,Gemuk
8,P,120.6,29.0,19.93,Gemuk
11,P,143.7,31.8,15.4,Normal
6,P,115.3,19.4,14.61,Normal
11,L,144.7,36.2,17.31,Normal
9,P,127.4,23.6,14.57,Normal
7,P,118.6,25.0,17.77,Normal
6,P,116.0,22.0,16.34,Normal
10,L,134.0,30.2,16.83,Normal
6,P,111.7,19.4,15.57,Normal
10,L,131.2,31.4,18.26,Gemuk
7,P,116.9,25.0,18.29,Gemuk
6,L,116.5,18.6,13.7,Kurus
12,L,147.1,41.8,19.32,Gemuk
9,P,131.3,24.8,14.38,Normal
11,L,143.5,38.9,18.92,Gemuk
10,L,134.4,32.8,18.19,Gemuk
10,P,132.0,31.9,18.32,Gemuk
9,P,125.4,31.8,20.21,Gemuk
12,L,146.7,34.6,16.11,Normal
11,P,137.1,32.5,17.31,Normal
7,P,116.5,23.7,17.48,Normal
7,P,115.3,18.8,14.17,Normal
8,L,128.0,26.1,15.9,Normal
8,L,118.0,21.6,15.48,Normal
8,L,120.1,25.8,17.87,Normal
11,P,142.6,37.7,18.53,Gemuk
11,L,140.9,30.6,15.38,Normal
11,L,140.8,35.6,17.96,Normal
7,P,115.6,23.9,17.86,Normal
8,L,127.2,23.9,14.77,Normal
6,P,114.3,22.0,16.84,Normal
8,P,127.8,27.6,16.9,Normal
10,P,133.6,28.1,15.72,Normal
9,P,128.0,28.4,17.31,Normal
7,P,118.5,23.4,16.67,Normal
11,L,140.6,34.3,17.37,Normal
11,L,142.7,32.8,16.1,Normal
7,P,115.8,22.2,16.56,Normal
10,P,134.6,28.9,15.97,Normal
10,P,135.7,35.5,19.3,Gemuk
9,L,128.4,28.2,17.09,Normal
9,L,125.4,29.4,18.68,Gemuk
9,P,128.3,31.6,19.16,Gemuk
10,L,132.0,29.0,16.66,Normal
7,L,120.5,19.3,13.33,Kurus
8,L,125.1,24.6,15.74,Normal
9,P,129.9,29.0,17.18,Normal
6,P,117.0,20.2,14.79,Normal
8,P,122.4,25.7,17.18,Normal
10,L,132.5,34.3,19.55,Gemuk
10,P,131.7,33.8,19.49,Gemuk
6,P,113.1,18.1,14.14,Normal
12,P,143.4,36.6,17.83,Normal
8,P,120.1,22.4,15.51,Normal
10,L,134.1,34.4,19.14,Gemuk
10,L,132.1,32.6,18.66,Gemuk
10,L,136.6,29.4,15.77,Normal
11,L,135.4,32.7,17.84,Normal
8,P,121.8,24.1,16.24,Normal
6,P,110.0,21.2,17.54,Normal
6,L,114.1,18.3,14.03,Normal
6,P,111.5,18.4,14.82,Normal
8,P,119.1,23.1,16.26,Normal
10,P,134.0,31.2,17.39,Normal
10,P,133.3,30.7,17.27,Normal
10,L,129.4,31.2,18.62,Gemuk
11,P,140.8,36.4,18.35,Gemuk
6,P,114.0,21.7,16.73,Normal
9,L,131.6,30.2,17.42,Normal
10,P,135.7,35.7,19.41,Gemuk
10,P,134.8,30.0,16.49,Normal
10,P,134.4,30.6,16.92,Normal
6,P,110.1,19.5,16.09,Normal
6,L,114.8,19.2,14.57,Normal
8,P,124.0,25.4,16.5,Normal
6,L,111.5,20.3,16.32,Normal
11,P,139.1,32.9,17.01,Normal
7,P,118.3,20.5,14.66,Normal
6,L,116.1,20.5,15.22,Normal
10,L,136.2,33.4,18.01,Gemuk
6,P,115.7,20.3,15.13,Normal
8,L,125.4,25.1,15.98,Normal
11,L,141.5,40.0,19.96,Gemuk
9,P,127.5,27.8,17.1,Normal
11,P,142.0,35.0,17.39,Normal
7,P,120.3,18.9,13.07,Kurus
10,L,134.1,31.4,17.47,Normal
11,P,139.1,38.2,19.77,Gemuk
12,L,148.8,38.6,17.43,Normal
6,P,111.2,17.0,13.74,Kurus
7,L,118.9,20.7,14.63,Normal
12,P,145.3,43.7,20.68,Gemuk
8,L,118.0,24.1,17.3,Normal
6,P,111.4,17.0,13.7,Kurus
11,L,141.4,34.7,17.37,Normal
10,L,135.1,35.7,19.58,Gemuk
10,P,134.3,30.9,17.11,Normal
8,L,118.6,20.3,14.4,Normal
8,P,124.7,21.3,13.67,Kurus
8,L,121.8,22.1,14.87,Normal
11,L,141.4,36.1,18.03,Gemuk
9,P,133.0,29.4,16.6,Normal
9,P,128.6,24.3,14.67,Normal
8,L,123.1,29.0,19.14,Gemuk
7,L,117.6,23.7,17.16,Normal
10,P,129.3,27.6,16.48,Normal
9,L,129.5,27.9,16.62,Normal
7,P,116.9,22.1,16.15,Normal
6,L,115.5,22.0,16.48,Normal
8,P,126.9,23.6,14.66,Normal
7,L,117.0,24.9,18.19,Gemuk
12,L,142.9,41.2,20.16,Gemuk
6,P,114.0,17.0,13.07,Kurus
9,P,127.8,31.6,19.34,Gemuk
9,L,128.6,29.8,18.01,Gemuk
6,L,110.0,19.3,15.96,Normal
8,L,121.2,22.1,15.05,Normal
8,P,119.2,25.1,17.67,Normal
8,P,118.6,26.2,18.66,Gemuk
12,P,144.4,38.7,18.56,Gemuk
10,L,133.8,33.4,18.63,Gemuk
8,L,125.3,22.0,14.05,Normal
10,P,134.3,28.9,15.99,Normal
9,P,130.2,27.5,16.2,Normal
8,L,119.1,24.5,17.29,Normal
8,P,121.3,22.7,15.43,Normal
12,P,145.3,37.1,17.6,Normal
10,L,134.5,25.0,13.81,Kurus
9,L,125.3,32.0,20.4,Gemuk
7,L,118.8,22.2,15.72,Normal
10,L,140.0,32.4,16.55,Normal
10,L,132.9,30.5,17.26,Normal
12,L,143.8,40.7,19.69,Gemuk
11,P,143.3,39.0,19.01,Gemuk
7,P,117.6,25.0,18.06,Gemuk
12,P,145.4,41.2,19.5,Gemuk
10,P,130.7,29.3,17.17,Normal
10,L,138.1,29.5,15.48,Normal
6,L,115.7,17.0,12.7,Kurus
8,L,124.9,27.2,17.45,Normal
12,P,143.0,36.1,17.64,Normal
12,P,143.0,40.7,19.92,Gemuk
6,P,115.8,22.0,16.39,Normal
11,P,140.0,35.0,17.87,Normal
6,L,113.3,18.8,14.62,Normal
8,P,122.7,20.6,13.67,Kurus
6,L,112.6,20.5,16.18,Normal
11,P,135.7,35.0,19.0,Gemuk
12,P,144.4,35.3,16.96,Normal
11,P,142.4,36.0,17.77,Normal
6,P,115.7,19.8,14.77,Normal
10,P,135.5,28.6,15.59,Normal
12,P,149.0,39.2,17.67,Normal
8,L,125.3,20.0,12.74,Kurus
7,P,120.9,18.7,12.79,Kurus
9,P,130.7,30.3,17.7,Normal
9,P,128.6,30.2,18.25,Gemuk
10,L,133.1,36.9,20.84,Gemuk
8,P,121.7,27.3,18.39,Gemuk
10,L,134.7,30.7,16.91,Normal
9,L,129.2,25.5,15.28,Normal
12,L,142.2,38.5,19.06,Gemuk
9,L,127.1,23.1,14.3,Normal
11,L,142.8,33.4,16.36,Normal
10,L,134.8,26.7,14.68,Normal
9,P,130.7,26.1,15.27,Normal
12,L,146.6,41.6,19.38,Gemuk
12,L,146.6,33.5,15.59,Normal
10,P,132.1,31.6,18.11,Gemuk
8,P,119.9,20.0,13.92,Kurus
8,P,123.5,28.7,18.81,Gemuk
12,P,147.6,41.4,19.02,Gemuk
11,L,140.2,36.8,18.7,Gemuk
7,P,115.8,19.1,14.21,Normal
6,L,111.2,20.1,16.24,Normal
6,P,115.5,22.0,16.48,Normal
9,L,127.3,25.4,15.65,Normal
9,P,126.2,29.4,18.46,Gemuk
11,P,139.0,35.7,18.48,Gemuk
9,L,125.0,25.2,16.12,Normal
10,L,131.3,30.1,17.43,Normal
7,P,116.7,25.0,18.35,Gemuk
11,L,142.2,39.2,19.37,Gemuk
9,P,130.6,25.1,14.73,Normal
6,P,117.3,18.2,13.21,Kurus
10,L,134.9,32.1,17.66,Normal
9,P,130.0,29.6,17.51,Normal
12,P,152.0,37.9,16.4,Normal
12,L,149.8,39.6,17.64,Normal
12,L,145.3,45.8,21.7,Gemuk
7,L,120.1,20.8,14.41,Normal
11,L,143.7,33.2,16.09,Normal
12,P,144.0,39.4,19.0,Gemuk
7,P,123.0,22.4,14.82,Normal
12,P,147.4,41.6,19.15,Gemuk
12,P,142.6,39.2,19.3,Gemuk
10,L,132.8,34.0,19.3,Gemuk
7,L,118.3,18.0,12.86,Kurus
12,L,146.2,36.8,17.21,Normal
7,P,118.1,20.2,14.49,Normal
11,P,141.0,37.4,18.78,Gemuk
8,L,121.1,24.2,16.54,Normal
9,L,129.9,28.2,16.73,Normal
12,L,147.4,42.7,19.63,Gemuk
10,P,131.4,32.7,18.91,Gemuk
10,P,133.6,33.7,18.88,Gemuk
6,L,114.7,22.0,16.72,Normal
6,L,114.3,17.0,13.01,Kurus
7,L,114.4,18.0,13.75,Kurus
11,L,139.0,41.8,21.6,Gemuk
10,L,131.8,27.8,16.01,Normal
8,L,123.1,22.5,14.87,Normal
11,L,138.8,40.1,20.82,Gemuk
7,P,121.2,20.5,13.98,Kurus
6,P,112.1,17.0,13.52,Kurus
8,L,122.9,20.5,13.59,Kurus
6,L,113.6,20.7,16.01,Normal
6,L,117.4,17.4,12.61,Kurus
8,L,127.9,22.8,13.91,Kurus
9,P,126.8,28.2,17.53,Normal
8,P,122.6,25.7,17.09,Normal
9,P,130.9,33.0,19.23,Gemuk
10,P,133.7,27.7,15.47,Normal
8,L,123.5,21.3,13.94,Kurus
12,L,149.9,42.6,18.94,Gemuk
11,P,141.4,34.6,17.31,Normal
9,P,129.4,25.7,15.35,Normal
6,L,114.1,22.0,16.91,Normal
12,P,145.5,42.8,20.23,Gemuk
7,L,119.0,20.4,14.42,Normal
10,L,135.3,31.9,17.42,Normal
10,L,137.4,32.7,17.3,Normal
11,P,137.4,31.4,16.63,Normal
8,L,120.4,27.3,18.86,Gemuk
11,P,143.8,33.9,16.41,Normal
11,L,142.3,33.6,16.59,Normal
11,L,145.7,36.0,16.95,Normal
9,L,128.4,24.3,14.74,Normal
8,L,122.4,24.0,16.05,Normal
11,L,138.3,36.1,18.88,Gemuk
7,P,120.2,18.1,12.53,Kurus
9,L,127.3,26.1,16.12,Normal
12,P,150.4,35.9,15.88,Normal
12,L,144.1,40.3,19.4,Gemuk
8,L,122.3,28.1,18.78,Gemuk
8,P,121.1,24.8,16.87,Normal
11,P,142.2,29.7,14.67,Normal
8,P,122.0,22.7,15.28,Normal
11,L,144.6,32.3,15.43,Normal
10,L,135.2,35.9,19.62,Gemuk
11,P,138.0,36.4,19.15,Gemuk
7,P,121.4,18.0,12.22,Kurus
10,P,133.1,34.5,19.49,Gemuk
10,L,132.0,35.1,20.15,Gemuk
11,P,138.5,32.2,16.78,Normal
11,P,142.0,37.3,18.52,Gemuk
11,P,139.4,39.3,20.2,Gemuk
9,L,123.0,33.0,21.78,Gemuk
12,P,145.5,47.5,22.43,Obesitas
9,L,132.8,32.8,18.58,Gemuk
10,L,136.4,33.1,17.78,Normal
8,P,122.2,26.5,17.72,Normal
10,P,132.5,33.8,19.22,Gemuk
11,L,139.7,34.7,17.8,Normal
9,P,130.2,25.0,14.76,Normal
6,P,111.0,17.0,13.81,Kurus
7,L,116.8,23.0,16.85,Normal
8,L,126.7,24.4,15.21,Normal
11,P,140.0,37.0,18.9,Gemuk
9,P,130.1,31.2,18.43,Gemuk
12,P,146.1,35.4,16.59,Normal
6,P,114.4,18.2,13.92,Kurus
9,L,126.9,28.7,17.84,Normal
7,L,121.0,19.5,13.29,Kurus
7,L,115.2,20.6,15.5,Normal
6,P,113.1,20.4,15.93,Normal
12,L,145.6,42.1,19.86,Gemuk
10,L,133.6,31.0,17.35,Normal
11,L,139.6,40.5,20.79,Gemuk
6,L,114.3,17.1,13.13,Kurus
6,P,111.9,17.0,13.59,Kurus
6,L,112.1,22.0,17.51,Normal
9,P,126.0,30.1,18.93,Gemuk
10,L,136.8,25.5,13.61,Kurus
10,P,134.1,29.8,16.58,Normal
12,L,147.4,37.9,17.44,Normal
6,P,113.4,21.2,16.46,Normal
11,L,140.3,38.3,19.48,Gemuk
7,P,121.4,18.2,12.37,Kurus
11,L,135.8,33.6,18.24,Gemuk
12,P,146.1,42.9,20.08,Gemuk
11,P,141.0,35.4,17.81,Normal
10,L,135.8,30.3,16.42,Normal
11,P,144.6,35.2,16.86,Normal
7,L,118.8,25.0,17.71,Normal
8,L,125.3,25.3,16.09,Normal
10,P,133.0,28.6,16.2,Normal
7,L,117.6,20.1,14.54,Normal
7,P,118.2,18.0,12.89,Kurus
7,L,117.2,20.8,15.14,Normal
12,L,141.6,40.6,20.24,Gemuk
8,P,125.4,25.2,16.02,Normal
7,P,115.2,22.1,16.63,Normal
11,L,147.0,34.0,15.73,Normal
12,P,145.4,38.7,18.33,Gemuk
12,L,142.9,38.5,18.83,Gemuk
11,L,144.2,34.5,16.61,Normal
11,P,140.8,34.1,17.2,Normal
11,L,140.0,32.1,16.41,Normal
10,P,134.5,36.0,19.89,Gemuk
11,L,138.5,38.7,20.17,Gemuk
9,L,131.7,26.8,15.47,Normal
11,P,141.7,33.2,16.56,Normal
9,P,129.7,26.4,15.69,Normal
9,P,126.2,28.8,18.07,Gemuk
6,L,115.6,22.0,16.45,Normal
12,L,142.0,34.7,17.22,Normal
11,P,138.4,35.6,18.57,Gemuk
6,L,117.4,20.2,14.68,Normal
11,P,142.0,34.5,17.13,Normal
10,L,140.0,27.8,14.18,Normal
7,P,122.2,25.0,16.74,Normal
6,P,118.0,17.0,12.21,Kurus
11,P,141.3,38.5,19.27,Gemuk
10,P,138.6,37.1,19.33,Gemuk
7,P,120.6,18.8,12.9,Kurus
10,P,131.8,37.1,21.35,Gemuk
6,P,115.3,17.7,13.35,Kurus
9,L,129.0,23.6,14.18,Normal
7,P,117.5,24.7,17.92,Normal
8,L,126.0,28.2,17.79,Normal
8,P,124.5,20.0,12.9,Kurus
9,L,126.9,24.0,14.89,Normal
11,L,138.2,34.9,18.28,Gemuk
11,L,142.6,30.4,14.95,Normal
12,L,145.7,36.9,17.36,Normal
6,L,115.8,22.0,16.41,Normal
12,L,145.1,43.0,20.43,Gemuk
12,P,147.5,37.9,17.41,Normal
7,P,116.3,19.9,14.69,Normal
8,P,123.4,22.5,14.76,Normal
7,L,119.1,21.3,15.03,Normal
8,P,119.4,26.5,18.59,Gemuk
9,L,125.1,33.3,21.29,Gemuk
9,P,128.2,32.2,19.62,Gemuk
6,L,111.6,20.5,16.44,Normal
11,L,138.9,31.5,16.3,Normal
7,P,118.5,21.6,15.42,Normal
12,L,146.9,43.5,20.19,Gemuk
9,L,127.5,25.5,15.65,Normal
8,L,123.1,27.4,18.11,Gemuk
12,L,145.2,37.7,17.88,Normal
7,P,117.6,23.5,17.0,Normal
9,P,125.7,28.5,17.99,Normal
6,L,114.9,20.0,15.12,Normal
9,P,125.8,26.6,16.79,Normal
9,L,125.6,30.8,19.55,Gemuk
11,P,141.9,36.6,18.18,Gemuk
10,L,133.1,31.2,17.6,Normal
12,L,147.4,39.7,18.26,Gemuk
9,L,127.2,29.0,17.95,Normal
6,L,114.6,17.1,13.0,Kurus
9,L,131.0,28.4,16.58,Normal
8,L,124.6,23.2,14.93,Normal
12,P,150.8,40.3,17.72,Normal
12,P,144.4,37.7,18.07,Gemuk
11,P,141.4,34.0,17.0,Normal
9,P,129.1,28.3,16.97,Normal
7,L,116.0,18.0,13.37,Kurus
9,P,124.9,23.7,15.17,Normal
6,P,117.0,17.0,12.42,Kurus
7,P,118.3,19.4,13.89,Kurus
9,L,124.5,30.1,19.4,Gemuk
10,L,137.1,32.2,17.12,Normal
9,L,130.9,22.7,13.25,Kurus
11,P,145.7,35.9,16.93,Normal
12,P,146.2,37.1,17.35,Normal
9,L,126.0,27.4,17.26,Normal
12,P,145.6,43.4,20.5,Gemuk
10,P,130.7,31.6,18.52,Gemuk
11,P,141.6,39.7,19.8,Gemuk
8,L,119.4,26.3,18.44,Gemuk
10,L,132.1,31.4,17.98,Normal
9,L,126.7,25.4,15.83,Normal
10,P,134.7,30.2,16.67,Normal
6,P,113.5,17.0,13.19,Kurus
8,P,123.0,22.6,14.9,Normal
10,P,133.9,30.8,17.16,Normal
9,L,127.4,25.0,15.42,Normal
9,L,126.5,23.5,14.67,Normal
7,P,123.0,22.9,15.13,Normal
9,L,127.2,27.3,16.89,Normal
12,P,141.9,40.4,20.07,Gemuk
7,P,115.4,18.0,13.53,Kurus
9,P,127.7,30.1,18.45,Gemuk
6,P,115.6,17.0,12.72,Kurus
12,L,143.9,39.8,19.23,Gemuk
6,P,112.6,17.0,13.4,Kurus
11,L,142.8,28.3,13.88,Kurus
12,P,145.4,42.9,20.28,Gemuk
7,L,114.4,25.0,19.09,Gemuk
12,L,140.5,40.1,20.33,Gemuk
6,L,118.0,22.0,15.8,Normal
11,P,135.3,36.6,20.01,Gemuk
11,L,146.3,31.5,14.7,Normal
9,P,126.0,22.0,13.87,Kurus
12,L,142.4,37.6,18.53,Gemuk
7,L,113.1,18.9,14.77,Normal
10,L,136.5,27.8,14.89,Normal
7,P,116.9,18.0,13.17,Kurus
7,L,118.4,25.0,17.85,Normal
7,L,117.9,20.2,14.52,Normal
9,L,129.1,28.1,16.87,Normal
9,P,126.6,25.5,15.9,Normal
11,L,137.9,40.7,21.41,Gemuk
11,P,144.2,33.4,16.06,Normal
6,L,114.1,20.9,16.05,Normal
12,P,148.8,34.5,15.58,Normal
12,L,145.5,40.2,18.98,Gemuk
8,P,119.2,28.6,20.12,Gemuk
6,L,115.0,20.0,15.16,Normal
6,L,114.8,17.0,12.91,Kurus
12,L,144.3,39.5,18.98,Gemuk
7,L,119.7,19.9,13.88,Kurus
6,P,111.1,17.0,13.77,Kurus
11,P,142.4,32.5,16.02,Normal
7,P,120.8,18.0,12.33,Kurus
7,P,120.5,20.3,14.0,Normal
9,L,132.4,28.2,16.12,Normal
7,P,114.8,18.0,13.66,Kurus
10,L,133.6,33.1,18.55,Gemuk
9,L,127.6,29.7,18.24,Gemuk
9,P,124.2,28.7,18.63,Gemuk
12,P,144.1,36.0,17.34,Normal
9,P,127.7,31.3,19.21,Gemuk
12,P,149.4,37.8,16.94,Normal
9,L,127.3,24.4,15.06,Normal
8,L,126.2,29.0,18.22,Gemuk
10,P,135.5,32.1,17.5,Normal
7,P,118.0,25.0,17.94,Normal
7,L,121.3,18.8,12.76,Kurus
11,P,141.7,36.4,18.15,Gemuk
9,L,125.9,30.2,19.06,Gemuk
8,P,122.5,20.0,13.32,Kurus
10,L,135.5,30.4,16.54,Normal
11,L,139.0,37.7,19.49,Gemuk
11,L,139.0,33.4,17.27,Normal
10,P,138.1,32.8,17.19,Normal
6,P,115.9,17.6,13.09,Kurus
12,L,144.6,41.0,19.59,Gemuk
12,P,147.3,42.3,19.52,Gemuk
10,L,133.8,33.6,18.74,Gemuk
10,P,134.0,34.0,18.92,Gemuk
9,P,132.0,27.2,15.59,Normal
7,P,114.6,20.8,15.8,Normal
8,L,120.1,22.1,15.32,Normal
9,P,126.2,23.6,14.85,Normal
11,P,138.7,36.5,18.96,Gemuk
7,L,122.1,21.1,14.18,Normal
10,L,134.3,33.9,18.78,Gemuk
12,P,148.4,35.3,16.04,Normal
6,P,112.4,18.8,14.86,Normal
11,P,141.0,37.8,19.01,Gemuk
7,L,118.0,21.4,15.34,Normal
11,L,138.3,37.1,19.37,Gemuk
9,P,129.5,29.2,17.37,Normal
6,L,112.4,20.4,16.18,Normal
8,L,123.7,24.8,16.17,Normal
8,P,125.1,25.3,16.18,Normal
12,P,148.2,39.3,17.89,Normal
7,P,118.5,18.8,13.41,Kurus
11,P,140.0,35.0,17.84,Normal
8,L,123.8,25.8,16.81,Normal
6,P,112.8,17.6,13.87,Kurus
6,P,116.9,22.0,16.11,Normal
10,L,132.2,32.2,18.45,Gemuk
8,L,128.0,20.0,12.21,Kurus
8,L,125.5,24.0,15.24,Normal
11,P,138.3,31.5,16.45,Normal
10,L,130.4,30.4,17.84,Normal
10,P,139.4,35.1,18.08,Gemuk
9,P,128.4,25.8,15.69,Normal
8,L,122.5,20.0,13.35,Kurus
11,P,142.3,37.4,18.47,Gemuk
6,L,114.8,21.4,16.28,Normal
12,P,146.8,37.6,17.44,Normal
10,P,132.9,30.0,17.01,Normal
12,L,146.6,39.5,18.38,Gemuk
6,P,114.8,22.0,16.71,Normal
9,P,125.7,34.0,21.52,Gemuk
12,P,144.3,38.3,18.4,Gemuk
8,L,118.0,25.8,18.51,Gemuk
10,P,133.7,33.1,18.52,Gemuk
6,L,111.7,20.1,16.15,Normal
11,L,141.4,39.0,19.51,Gemuk
9,L,128.9,26.0,15.62,Normal
6,P,112.7,19.1,15.02,Normal
10,L,130.5,28.3,16.62,Normal
6,L,113.8,17.0,13.13,Kurus
7,P,116.3,19.5,14.38,Normal
9,L,131.1,31.4,18.3,Gemuk
7,L,116.0,22.4,16.68,Normal
10,L,132.3,33.9,19.34,Gemuk
8,L,122.2,21.6,14.51,Normal
11,L,139.3,34.8,17.93,Normal
6,P,113.4,18.7,14.53,Normal
11,L,141.2,39.0,19.59,Gemuk
11,L,136.8,37.9,20.25,Gemuk
10,P,128.7,28.2,17.02,Normal
9,L,125.3,24.3,15.48,Normal
6,L,113.7,18.4,14.23,Normal
7,P,121.7,22.3,15.02,Normal
7,P,117.8,24.8,17.85,Normal
7,P,121.6,22.5,15.25,Normal
12,L,147.2,41.9,19.35,Gemuk
12,P,144.3,39.0,18.71,Gemuk
6,P,115.1,21.3,16.05,Normal
11,L,140.1,35.3,17.97,Normal
12,L,145.5,40.8,19.26,Gemuk
9,P,126.0,28.5,17.99,Normal
6,L,114.3,20.2,15.43,Normal
7,L,117.5,21.0,15.21,Normal
7,L,119.7,20.6,14.35,Normal
10,P,135.5,31.6,17.2,Normal
8,P,123.7,21.1,13.83,Kurus
10,L,137.7,33.2,17.51,Normal
8,L,126.3,20.0,12.54,Kurus
6,P,115.9,17.8,13.23,Kurus
8,L,126.5,21.9,13.67,Kurus
10,P,139.4,29.4,15.13,Normal
11,P,139.0,39.1,20.23,Gemuk
9,P,126.5,26.5,16.53,Normal
12,P,150.3,40.6,17.97,Normal
12,L,144.9,35.0,16.66,Normal
8,L,124.0,25.1,16.3,Normal
6,P,116.4,22.0,16.23,Normal
6,P,114.6,22.0,16.75,Normal
10,P,135.5,27.5,14.99,Normal
11,P,141.3,35.2,17.62,Normal
12,L,144.6,39.6,18.94,Gemuk
8,L,122.5,27.1,18.08,Gemuk
9,P,125.7,26.5,16.76,Normal
11,P,139.5,34.6,17.79,Normal
10,P,138.5,25.5,13.3,Kurus
7,L,123.0,22.4,14.78,Normal
9,L,126.9,29.0,18.0,Gemuk
11,L,141.7,34.1,16.97,Normal
7,L,114.5,18.0,13.73,Kurus
6,P,116.2,22.0,16.29,Normal
11,P,140.6,36.3,18.36,Gemuk
12,P,148.6,43.1,19.54,Gemuk
6,L,113.3,20.8,16.18,Normal
6,L,111.8,22.0,17.61,Normal
10,P,128.0,38.0,23.19,Obesitas
6,L,112.5,18.9,14.94,Normal
7,L,121.2,20.3,13.82,Kurus
6,P,118.0,21.2,15.26,Normal
6,L,110.9,18.5,15.08,Normal
6,P,113.6,18.4,14.24,Normal
10,P,133.4,29.9,16.8,Normal
11,L,143.4,32.4,15.75,Normal
7,P,119.8,23.0,16.03,Normal
9,L,123.0,33.4,22.11,Obesitas
6,L,113.6,17.0,13.17,Kurus
11,P,143.3,31.3,15.24,Normal
11,P,146.6,32.7,15.22,Normal
7,L,117.4,21.0,15.25,Normal
12,P,147.1,41.6,19.22,Gemuk
12,L,145.2,35.6,16.87,Normal
9,P,130.7,29.3,17.16,Normal
11,P,136.0,30.9,16.7,Normal
12,P,143.6,42.3,20.48,Gemuk
9,P,124.6,29.7,19.12,Gemuk
8,P,119.0,28.0,19.76,Gemuk
10,L,133.3,30.3,17.07,Normal
9,P,126.9,30.3,18.81,Gemuk
8,L,124.0,24.7,16.04,Normal
7,P,117.6,18.0,13.01,Kurus
6,L,114.4,17.0,13.0,Kurus
6,L,112.9,19.5,15.26,Normal
9,L,127.6,27.0,16.56,Normal
9,L,128.4,26.3,15.95,Normal
10,L,133.1,28.3,15.96,Normal
8,P,126.5,22.0,13.73,Kurus
8,P,122.5,24.1,16.06,Normal
12,P,148.0,40.6,18.52,Gemuk
11,P,143.9,35.7,17.22,Normal
9,P,125.5,28.2,17.91,Normal
7,L,122.2,19.8,13.25,Kurus
7,P,119.2,20.5,14.39,Normal
12,L,145.7,43.0,20.25,Gemuk
6,L,113.7,20.9,16.19,Normal
6,L,114.5,17.0,12.97,Kurus
12,P,140.2,33.1,16.83,Normal
6,L,113.4,21.0,16.31,Normal
6,L,114.2,19.1,14.64,Normal
7,P,113.0,18.0,14.1,Normal
10,P,136.3,26.9,14.46,Normal
10,P,132.0,30.6,17.54,Normal
8,P,124.3,29.0,18.78,Gemuk
9,L,124.3,22.9,14.84,Normal
11,L,137.6,33.8,17.87,Normal
11,P,136.1,34.8,18.75,Gemuk
8,P,124.9,21.1,13.52,Kurus
12,P,152.0,40.0,17.3,Normal
10,P,137.3,30.7,16.31,Normal
7,P,120.1,25.0,17.35,Normal
12,P,147.0,38.7,17.88,Normal
9,L,124.2,30.5,19.77,Gemuk
6,P,115.2,17.0,12.81,Kurus
9,L,124.1,34.0,22.06,Obesitas
9,P,128.1,34.0,20.71,Gemuk
6,L,115.4,21.6,16.24,Normal
9,P,128.7,26.9,16.23,Normal
10,P,129.0,26.2,15.71,Normal
9,L,127.8,24.7,15.12,Normal
11,L,138.9,29.8,15.45,Normal
12,P,148.9,39.3,17.71,Normal
8,P,122.3,26.0,17.36,Normal
7,P,119.4,24.5,17.23,Normal
11,P,138.6,34.5,17.96,Normal
6,L,115.4,22.0,16.52,Normal
12,P,144.1,37.2,17.91,Normal
6,L,117.7,22.0,15.87,Normal
11,L,142.2,37.3,18.44,Gemuk
11,L,145.3,32.5,15.39,Normal
11,L,140.8,35.0,17.67,Normal
9,P,133.0,27.2,15.37,Normal
12,L,146.7,41.6,19.31,Gemuk
11,P,141.8,35.3,17.57,Normal
6,L,112.4,22.0,17.42,Normal
12,P,148.0,37.0,16.89,Normal
8,L,120.9,25.2,17.26,Normal
9,L,124.4,27.1,17.52,Normal
10,P,134.6,25.5,14.1,Normal
8,P,120.3,27.1,18.72,Gemuk
6,P,115.2,21.6,16.24,Normal
10,L,133.5,32.2,18.07,Gemuk
6,P,112.7,21.5,16.92,Normal
10,P,134.2,27.8,15.45,Normal
11,L,144.8,28.0,13.36,Kurus
8,P,126.4,28.8,18.03,Gemuk
9,P,123.0,27.1,17.91,Normal
11,P,141.0,39.3,19.78,Gemuk
7,L,118.7,25.0,17.74,Normal
9,L,132.6,25.6,14.54,Normal
11,P,145.6,37.6,17.75,Normal
11,L,144.5,35.0,16.77,Normal
11,P,143.3,35.3,17.19,Normal
10,P,134.1,36.2,20.16,Gemuk
11,L,141.2,34.9,17.53,Normal
8,L,124.7,28.4,18.27,Gemuk
9,P,129.7,29.8,17.7,Normal
9,L,131.3,23.0,13.36,Kurus
8,L,121.7,26.0,17.6,Normal
10,L,132.9,27.5,15.56,Normal
11,P,135.0,40.1,22.01,Obesitas
12,L,146.1,33.0,15.44,Normal
10,P,133.8,38.0,21.22,Gemuk
7,L,114.5,20.3,15.47,Normal
11,L,139.0,39.1,20.23,Gemuk
8,L,118.0,28.1,20.15,Gemuk
8,L,119.7,21.4,14.93,Normal
9,L,129.0,31.6,19.0,Gemuk
12,P,145.1,39.9,18.94,Gemuk
12,L,145.9,39.9,18.76,Gemuk
6,P,114.2,22.0,16.86,Normal
12,P,147.8,43.9,20.1,Gemuk
9,P,128.9,27.8,16.75,Normal
12,L,143.9,42.1,20.36,Gemuk
7,P,119.6,24.3,16.97,Normal
8,L,119.1,24.1,17.0,Normal
7,P,119.4,19.5,13.69,Kurus
10,L,131.0,34.8,20.26,Gemuk
6,P,113.2,22.0,17.16,Normal
9,P,128.3,29.2,17.72,Normal
9,L,133.0,27.7,15.67,Normal
12,P,147.6,44.8,20.56,Gemuk
12,L,144.2,33.0,15.87,Normal
11,L,138.0,36.9,19.36,Gemuk
10,L,134.0,27.3,15.21,Normal
6,L,114.6,21.8,16.6,Normal
10,L,128.3,33.4,20.29,Gemuk
9,L,125.1,24.6,15.73,Normal
9,P,127.8,34.0,20.8,Gemuk
9,P,126.7,24.7,15.41,Normal
6,L,115.5,17.5,13.14,Kurus
12,L,146.3,39.2,18.3,Gemuk
10,P,138.3,33.7,17.61,Normal
9,L,125.0,32.2,20.63,Gemuk
10,L,134.6,32.4,17.9,Normal
6,L,110.0,17.0,14.05,Normal
11,P,139.2,40.9,21.11,Gemuk
7,L,119.4,20.7,14.52,Normal
12,P,144.0,34.7,16.71,Normal
8,L,120.6,22.9,15.77,Normal
6,L,110.7,22.0,17.96,Normal
10,P,133.1,30.6,17.26,Normal
12,P,146.8,37.6,17.44,Normal
10,L,128.2,34.2,20.78,Gemuk
11,L,139.2,30.3,15.62,Normal
7,L,117.5,22.1,16.01,Normal
9,L,131.7,33.3,19.23,Gemuk
8,L,123.2,23.5,15.47,Normal
8,L,118.6,28.4,20.2,Gemuk
10,L,133.1,33.6,19.0,Gemuk
9,L,123.8,27.0,17.61,Normal
6,L,112.1,20.6,16.42,Normal
10,P,136.7,28.8,15.42,Normal
7,L,117.1,22.2,16.16,Normal
6,P,113.5,22.0,17.09,Normal
10,L,131.2,34.1,19.8,Gemuk
9,P,129.4,30.8,18.4,Gemuk
7,P,119.3,23.7,16.65,Normal
11,L,135.7,33.7,18.28,Gemuk
8,L,123.6,21.6,14.11,Normal
6,P,113.1,18.9,14.79,Normal
12,L,148.1,43.1,19.66,Gemuk
8,P,120.3,28.9,19.95,Gemuk
6,P,113.2,18.0,14.03,Normal
11,P,139.8,36.3,18.58,Gemuk
9,P,125.3,29.5,18.8,Gemuk
8,P,125.1,27.4,17.52,Normal
9,P,131.8,31.8,18.31,Gemuk
7,P,116.0,18.0,13.39,Kurus
7,L,121.5,21.3,14.4,Normal
8,P,124.1,22.8,14.81,Normal
11,L,140.5,30.5,15.45,Normal
10,P,136.2,30.3,16.31,Normal
9,L,130.7,27.6,16.19,Normal
11,L,137.7,32.3,17.06,Normal
6,P,113.9,22.0,16.95,Normal
7,L,119.6,18.0,12.59,Kurus
8,P,124.9,23.7,15.18,Normal
8,L,126.4,23.4,14.64,Normal
12,P,144.8,35.5,16.94,Normal
11,L,143.2,35.9,17.52,Normal
9,L,132.9,28.1,15.91,Normal
10,P,134.8,25.4,13.99,Kurus
9,L,125.4,26.0,16.57,Normal
10,L,132.5,28.2,16.06,Normal
10,P,131.2,25.0,14.52,Normal
7,L,118.2,21.1,15.07,Normal
9,L,133.0,22.0,12.44,Kurus
9,P,127.7,30.6,18.73,Gemuk
8,L,120.9,21.6,14.79,Normal
12,L,147.9,32.9,15.06,Normal
8,L,120.9,27.4,18.72,Gemuk
12,L,145.6,43.7,20.62,Gemuk
11,P,143.2,37.0,18.05,Gemuk
12,P,151.8,35.7,15.47,Normal
9,L,123.6,24.0,15.69,Normal
11,L,136.3,35.7,19.25,Gemuk
9,P,124.3,30.8,19.94,Gemuk
7,P,117.3,21.5,15.64,Normal
9,L,129.3,28.7,17.15,Normal
8,L,125.8,23.6,14.93,Normal
6,P,110.2,21.8,17.93,Normal
11,P,137.4,33.4,17.7,Normal
10,P,138.4,33.3,17.4,Normal
8,P,122.3,20.6,13.79,Kurus
11,L,144.3,36.5,17.55,Normal
6,L,114.8,21.0,15.94,Normal
11,L,141.4,37.8,18.9,Gemuk
8,P,128.0,25.2,15.4,Normal
7,L,119.0,21.8,15.41,Normal
10,L,131.7,30.2,17.41,Normal
8,P,121.7,22.9,15.42,Normal
12,P,149.4,35.1,15.73,Normal
9,L,129.1,24.2,14.53,Normal
7,P,113.6,22.7,17.56,Normal
6,L,113.6,17.0,13.16,Kurus
9,L,124.4,28.4,18.36,Gemuk
7,P,118.7,18.9,13.44,Kurus
11,P,141.8,36.5,18.15,Gemuk
7,P,118.0,21.8,15.69,Normal
9,L,129.9,27.7,16.42,Normal
6,P,111.5,22.0,17.68,Normal
11,L,142.0,31.1,15.44,Normal
10,P,129.0,26.0,15.61,Normal
9,P,126.1,32.5,20.47,Gemuk
9,P,128.3,29.4,17.87,Normal
10,L,136.1,31.0,16.73,Normal
11,L,140.6,40.5,20.48,Gemuk
10,P,135.2,31.6,17.28,Normal
6,L,115.9,21.5,15.97,Normal
6,P,115.6,20.7,15.48,Normal
9,L,128.9,26.8,16.14,Normal
12,P,146.9,30.0,13.9,Kurus
11,L,144.7,35.6,17.03,Normal
10,P,134.5,32.0,17.72,Normal
9,P,128.5,31.1,18.86,Gemuk
8,L,123.8,21.8,14.23,Normal
9,L,129.3,28.8,17.2,Normal
12,P,149.4,40.5,18.12,Gemuk
11,L,141.6,35.0,17.49,Normal
9,L,132.2,30.0,17.17,Normal
9,P,130.0,25.1,14.88,Normal
12,P,145.6,41.0,19.32,Gemuk
11,P,138.4,35.6,18.58,Gemuk
11,P,139.0,34.4,17.81,Normal
10,L,139.0,30.6,15.83,Normal
9,L,130.5,30.9,18.12,Gemuk
7,P,116.8,21.0,15.39,Normal
9,P,130.0,29.7,17.61,Normal
11,L,141.3,38.7,19.39,Gemuk
12,P,148.6,41.3,18.71,Gemuk
10,P,133.7,28.2,15.75,Normal
8,L,121.0,25.4,17.37,Normal
10,P,136.5,32.4,17.38,Normal
6,L,113.2,19.5,15.26,Normal
7,L,113.4,23.5,18.28,Gemuk
6,L,114.4,20.1,15.36,Normal
11,L,139.7,29.3,15.01,Normal
8,L,122.8,26.2,17.35,Normal
11,L,140.7,35.0,17.68,Normal
7,L,122.0,20.5,13.81,Kurus
8,P,124.9,25.4,16.3,Normal
9,P,126.7,30.5,18.98,Gemuk
9,P,131.0,29.0,16.94,Normal
8,P,123.9,24.6,16.03,Normal
10,L,135.6,34.2,18.6,Gemuk
9,P,130.3,28.8,16.97,Normal
11,P,139.3,35.3,18.16,Gemuk
7,L,118.4,22.9,16.32,Normal
6,P,115.1,20.8,15.73,Normal
6,P,112.1,18.8,15.0,Normal
10,P,134.8,30.8,16.93,Normal
6,P,110.7,19.3,15.76,Normal
8,L,126.9,20.6,12.78,Kurus
12,P,148.7,42.3,19.13,Gemuk
6,P,114.0,17.0,13.09,Kurus
6,L,110.2,17.2,14.14,Normal
11,L,144.1,37.6,18.09,Gemuk
9,P,124.4,27.3,17.62,Normal
7,L,116.5,22.0,16.22,Normal
8,P,127.1,20.0,12.37,Kurus
12,P,144.3,39.6,19.04,Gemuk
7,P,115.5,23.9,17.9,Normal
8,L,119.2,29.0,20.41,Gemuk
10,P,135.0,31.0,17.0,Normal
11,L,139.1,30.6,15.84,Normal
6,L,118.0,22.0,15.8,Normal
6,L,113.4,22.0,17.12,Normal
8,P,120.7,26.3,18.1,Gemuk
12,L,145.8,35.0,16.44,Normal
9,L,125.2,26.7,17.02,Normal
11,P,140.0,34.9,17.79,Normal
10,L,132.6,32.8,18.64,Gemuk
9,L,125.1,30.2,19.28,Gemuk
7,P,120.4,22.0,15.16,Normal
12,L,151.5,42.1,18.33,Gemuk
7,P,119.4,20.3,14.27,Normal
8,L,123.3,22.3,14.68,Normal
10,L,137.6,30.5,16.14,Normal
12,P,144.2,37.0,17.81,Normal
6,P,115.1,18.8,14.16,Normal
7,P,116.7,24.2,17.79,Normal
9,P,127.0,32.6,20.2,Gemuk
12,L,146.8,41.1,19.06,Gemuk
11,P,138.3,36.4,19.03,Gemuk
10,P,133.1,29.3,16.52,Normal
6,L,112.2,20.5,16.26,Normal
7,L,118.9,21.9,15.49,Normal
11,L,140.0,33.0,16.85,Normal
12,P,150.4,37.8,16.7,Normal
12,L,144.1,42.1,20.28,Gemuk
10,L,132.9,32.0,18.14,Gemuk
12,P,147.3,41.6,19.17,Gemuk
6,P,112.8,17.0,13.35,Kurus
11,P,138.0,33.5,17.6,Normal
8,P,125.6,23.6,14.94,Normal
9,P,129.3,26.9,16.1,Normal
7,L,115.2,19.7,14.86,Normal
10,P,137.5,29.6,15.64,Normal
10,P,132.1,32.0,18.31,Gemuk
7,L,118.6,18.0,12.8,Kurus
6,P,117.0,22.0,16.07,Normal
10,L,133.4,27.9,15.68,Normal
8,P,122.8,25.7,17.02,Normal
6,P,118.0,17.0,12.21,Kurus
11,P,140.5,37.9,19.19,Gemuk
11,P,139.9,34.4,17.6,Normal
10,L,131.2,26.1,15.18,Normal
12,L,141.6,38.5,19.18,Gemuk
8,P,120.9,24.4,16.68,Normal
7,L,120.5,22.9,15.78,Normal
7,L,116.4,20.0,14.74,Normal
10,L,130.6,35.1,20.6,Gemuk
9,P,130.0,22.9,13.56,Kurus
6,P,112.1,19.6,15.6,Normal
12,P,144.8,41.2,19.63,Gemuk
7,L,116.1,23.3,17.3,Normal
7,L,115.9,20.6,15.32,Normal
9,P,129.0,30.4,18.25,Gemuk
12,P,143.8,34.8,16.83,Normal
11,L,140.7,37.7,19.04,Gemuk
11,P,139.8,34.3,17.56,Normal
6,P,114.9,22.0,16.66,Normal
6,P,112.1,20.9,16.65,Normal
6,P,114.3,17.5,13.4,Kurus
9,L,125.5,27.2,17.24,Normal
11,P,141.2,39.0,19.55,Gemuk
12,L,145.8,39.5,18.57,Gemuk
8,P,125.6,26.1,16.53,Normal
9,P,127.3,34.0,20.98,Gemuk
9,L,125.8,28.7,18.15,Gemuk
11,L,142.4,36.7,18.08,Gemuk
9,L,126.9,29.6,18.39,Gemuk
12,P,145.3,36.1,17.11,Normal
8,L,120.2,29.0,20.07,Gemuk
10,L,134.7,29.6,16.32,Normal
8,L,122.2,29.0,19.41,Gemuk
9,P,130.2,31.2,18.42,Gemuk
9,L,126.8,30.4,18.91,Gemuk
7,L,115.2,23.3,17.6,Normal
8,P,125.9,21.7,13.71,Kurus
10,P,137.8,36.6,19.28,Gemuk
7,P,120.4,21.5,14.83,Normal
12,L,144.3,39.4,18.9,Gemuk
11,L,144.6,36.9,17.62,Normal
11,L,141.5,33.4,16.68,Normal
10,P,130.6,31.7,18.57,Gemuk
9,P,126.6,30.2,18.83,Gemuk
8,L,122.0,27.3,18.31,Gemuk
12,P,146.5,42.2,19.66,Gemuk
10,L,132.5,32.7,18.62,Gemuk
8,L,124.4,26.5,17.15,Normal
12,L,146.9,41.4,19.17,Gemuk
11,P,144.0,34.8,16.78,Normal
6,L,110.0,17.0,14.05,Normal
7,P,118.2,21.7,15.51,Normal
9,P,126.8,24.1,15.03,Normal
9,L,125.1,31.8,20.29,Gemuk
10,L,134.9,30.4,16.72,Normal
11,L,138.2,40.9,21.4,Gemuk
8,P,122.5,24.6,16.39,Normal
9,P,126.4,30.1,18.86,Gemuk
6,L,112.4,22.0,17.43,Normal
7,P,116.0,18.0,13.37,Kurus
8,L,121.0,22.4,15.3,Normal
6,L,114.1,17.0,13.07,Kurus
7,L,119.9,21.1,14.67,Normal
9,L,133.0,29.0,16.42,Normal
12,P,148.4,44.4,20.17,Gemuk
11,L,142.7,32.0,15.71,Normal
8,P,121.8,25.3,17.06,Normal
7,L,121.0,23.7,16.16,Normal
11,P,141.8,40.1,19.94,Gemuk
10,L,129.3,32.8,19.6,Gemuk
7,L,115.1,24.3,18.3,Gemuk
7,P,115.7,21.8,16.28,Normal
11,L,139.7,33.2,16.99,Normal
6,P,116.1,18.6,13.77,Kurus
12,L,149.3,36.4,16.34,Normal
9,L,123.7,24.5,16.05,Normal
11,P,145.7,30.1,14.19,Normal
12,P,145.0,39.0,18.56,Gemuk
11,P,142.4,37.2,18.32,Gemuk
12,P,143.1,34.6,16.91,Normal
6,L,118.0,17.0,12.21,Kurus
12,P,146.7,40.1,18.65,Gemuk
9,P,129.9,28.5,16.89,Normal
12,P,144.2,42.5,20.46,Gemuk
9,L,125.3,25.1,16.0,Normal
8,P,125.8,23.3,14.73,Normal
9,P,128.1,27.6,16.82,Normal
9,L,127.4,25.7,15.82,Normal
9,P,127.4,33.4,20.59,Gemuk
12,P,148.0,37.9,17.32,Normal
10,P,128.6,32.6,19.76,Gemuk
8,P,123.2,23.8,15.68,Normal
10,P,134.6,30.7,16.93,Normal
11,L,141.9,37.6,18.68,Gemuk
12,P,146.1,42.4,19.86,Gemuk
7,P,115.1,20.4,15.4,Normal
12,L,146.8,38.7,17.95,Normal
6,L,112.6,19.3,15.23,Normal
9,P,130.6,28.7,16.83,Normal
12,L,151.5,39.1,17.02,Normal
8,L,120.3,24.5,16.94,Normal
12,L,144.1,37.6,18.11,Gemuk
6,L,116.9,17.1,12.49,Kurus
8,L,120.2,20.4,14.11,Normal
7,L,120.7,20.0,13.74,Kurus
7,P,116.4,25.0,18.44,Gemuk
10,L,136.4,28.3,15.22,Normal
8,P,120.2,26.9,18.6,Gemuk
10,P,131.3,36.8,21.34,Gemuk
12,P,150.2,41.5,18.4,Gemuk
11,P,141.0,39.1,19.68,Gemuk
9,P,125.8,31.4,19.81,Gemuk
10,L,134.0,30.1,16.76,Normal
9,L,126.6,31.1,19.37,Gemuk
8,L,122.8,23.0,15.24,Normal
6,L,114.4,21.6,16.51,Normal
11,L,142.6,31.9,15.69,Normal
10,P,135.6,32.6,17.73,Normal
8,P,120.0,23.6,16.4,Normal
12,P,143.7,40.4,19.56,Gemuk
10,L,134.4,31.2,17.27,Normal
11,L,141.4,39.9,19.96,Gemuk
12,P,147.6,39.4,18.09,Gemuk
12,L,141.7,36.5,18.19,Gemuk
10,L,135.7,30.6,16.61,Normal
11,L,141.0,39.3,19.78,Gemuk
12,P,146.3,39.7,18.55,Gemuk
6,L,110.0,20.9,17.26,Normal
11,L,135.0,35.3,19.37,Gemuk
8,P,122.6,27.1,18.01,Gemuk
7,P,118.4,20.8,14.85,Normal
8,P,122.8,23.3,15.46,Normal
9,P,129.6,29.2,17.42,Normal
9,P,126.5,22.0,13.75,Kurus
8,L,121.8,23.9,16.13,Normal
12,L,141.6,34.4,17.16,Normal
7,L,117.8,23.4,16.91,Normal
9,P,131.3,29.4,17.07,Normal
10,L,134.9,26.7,14.67,Normal
11,P,139.7,38.4,19.67,Gemuk
12,P,143.0,36.3,17.73,Normal
12,L,147.4,36.8,16.96,Normal
7,P,115.6,23.2,17.32,Normal
12,P,142.7,43.5,21.37,Gemuk
9,P,127.9,29.5,18.01,Gemuk
7,P,117.6,25.0,18.08,Gemuk
10,P,133.9,27.9,15.57,Normal
11,P,139.0,35.4,18.33,Gemuk
12,L,147.0,39.6,18.31,Gemuk
7,P,118.2,18.7,13.37,Kurus
9,L,131.8,30.1,17.36,Normal
11,P,142.2,35.7,17.66,Normal
9,P,123.0,28.1,18.54,Gemuk
9,L,128.8,31.3,18.86,Gemuk
8,L,125.1,29.0,18.53,Gemuk
7,P,115.4,20.0,14.99,Normal
7,L,117.3,20.6,14.99,Normal
7,P,116.2,21.8,16.11,Normal
6,P,111.9,21.6,17.26,Normal
7,L,119.2,23.0,16.2,Normal
7,P,119.0,25.0,17.65,Normal
6,P,113.7,17.0,13.15,Kurus
6,P,116.9,22.0,16.09,Normal
7,L,120.1,22.3,15.47,Normal
7,L,119.1,18.5,13.06,Kurus
12,P,144.9,34.9,16.62,Normal
7,L,118.0,19.6,14.12,Normal
6,L,118.0,17.0,12.21,Kurus
7,P,116.2,22.9,16.95,Normal
7,L,114.6,18.4,14.04,Normal
11,P,137.1,31.2,16.62,Normal
11,L,139.9,32.4,16.56,Normal
12,L,145.4,40.6,19.23,Gemuk
11,L,136.5,36.5,19.6,Gemuk
7,P,119.4,19.7,13.8,Kurus
11,L,139.8,38.4,19.64,Gemuk
9,L,124.5,29.4,19.0,Gemuk
8,P,122.6,24.2,16.11,Normal
10,P,138.4,28.4,14.81,Normal
9,L,127.3,27.1,16.74,Normal
9,P,128.5,24.8,15.01,Normal
12,L,143.6,38.7,18.8,Gemuk
6,P,110.9,19.9,16.2,Normal
12,L,143.4,41.6,20.2,Gemuk
8,P,123.6,27.5,18.0,Gemuk
6,L,116.4,21.9,16.12,Normal
11,L,139.3,36.4,18.76,Gemuk
7,P,115.7,18.0,13.44,Kurus
9,P,128.6,25.1,15.19,Normal
11,L,141.1,35.6,17.91,Normal
6,P,117.0,18.7,13.62,Kurus
6,P,110.1,17.7,14.62,Normal
7,P,117.1,22.0,16.06,Normal
7,P,119.1,24.9,17.58,Normal
9,L,123.3,24.2,15.93,Normal
11,P,141.6,29.6,14.75,Normal
7,P,121.8,20.5,13.83,Kurus
9,P,127.1,27.4,16.98,Normal
9,P,128.5,23.8,14.4,Normal
10,P,135.1,35.9,19.68,Gemuk
12,L,147.8,39.2,17.93,Normal
11,P,140.1,28.0,14.3,Normal
8,L,123.5,23.7,15.57,Normal
10,L,129.2,31.5,18.89,Gemuk
6,L,112.2,17.9,14.18,Normal
10,P,137.7,31.1,16.4,Normal
6,P,115.4,19.9,14.98,Normal
9,L,130.9,29.2,17.03,Normal
11,L,143.6,36.0,17.45,Normal
12,L,147.2,34.5,15.92,Normal
12,L,145.8,37.1,17.48,Normal
11,P,145.8,40.4,19.03,Gemuk
11,L,142.8,31.6,15.48,Normal
7,P,116.7,23.5,17.22,Normal
10,P,133.2,26.5,14.91,Normal
12,P,147.8,39.2,17.95,Normal
9,L,130.2,23.1,13.66,Kurus
10,P,135.8,30.9,16.72,Normal
9,P,123.0,28.0,18.49,Gemuk
9,L,131.0,26.0,15.18,Normal
8,L,122.7,28.3,18.78,Gemuk
12,P,146.1,37.1,17.37,Normal
6,L,113.1,20.9,16.38,Normal
9,P,123.5,23.4,15.36,Normal
10,P,132.0,36.7,21.07,Gemuk
8,P,121.1,24.7,16.82,Normal
10,L,135.7,34.5,18.75,Gemuk
8,L,123.9,27.4,17.82,Normal
9,P,128.5,31.0,18.79,Gemuk
12,P,148.3,45.1,20.52,Gemuk
8,L,122.3,26.6,17.8,Normal
12,L,146.1,36.0,16.89,Normal
9,P,130.1,26.3,15.51,Normal
12,P,146.1,45.5,21.31,Gemuk
8,L,121.9,23.1,15.54,Normal
6,P,118.0,18.2,13.05,Kurus
12,L,147.7,38.3,17.55,Normal
11,P,137.9,42.4,22.31,Obesitas
10,P,131.0,30.1,17.56,Normal
12,P,147.0,42.4,19.61,Gemuk
7,P,118.4,25.0,17.82,Normal
6,L,113.1,17.3,13.5,Kurus
11,L,140.9,35.9,18.11,Gemuk
7,L,119.7,25.0,17.45,Normal
12,L,147.6,40.5,18.57,Gemuk
12,L,147.4,41.0,18.9,Gemuk
12,P,140.0,35.1,17.92,Normal
8,P,122.2,21.2,14.21,Normal
6,P,114.6,19.5,14.83,Normal
8,L,127.5,24.3,14.94,Normal
6,P,112.0,18.8,15.01,Normal
7,L,118.2,18.3,13.1,Kurus
12,P,148.2,35.8,16.29,Normal
7,P,116.2,21.7,16.05,Normal
6,L,110.0,22.0,18.18,Gemuk
11,L,141.3,36.3,18.19,Gemuk
6,L,112.7,19.7,15.53,Normal
10,P,129.7,27.3,16.23,Normal
10,P,134.4,28.8,15.96,Normal
9,P,126.7,33.2,20.69,Gemuk
9,L,126.6,27.8,17.34,Normal
10,L,133.7,31.0,17.33,Normal
8,L,123.4,20.0,13.12,Kurus
11,L,137.1,40.7,21.67,Gemuk
11,L,139.7,30.7,15.71,Normal
11,L,140.0,39.0,19.91,Gemuk
8,L,122.1,20.3,13.62,Kurus
9,P,123.0,27.4,18.09,Gemuk
12,P,147.1,39.4,18.2,Gemuk
11,P,138.8,34.0,17.63,Normal
9,L,125.0,28.4,18.15,Gemuk
9,P,130.1,26.1,15.43,Normal
6,P,115.8,19.5,14.57,Normal
6,L,114.2,22.0,16.87,Normal
11,P,142.0,34.1,16.88,Normal
12,L,147.9,40.4,18.48,Gemuk
8,P,120.5,21.2,14.6,Normal
6,L,115.4,20.1,15.13,Normal
11,L,138.0,35.0,18.38,Gemuk
12,L,141.1,37.5,18.82,Gemuk
11,P,142.7,34.2,16.8,Normal
9,P,127.5,28.2,17.35,Normal
11,P,141.9,42.7,21.21,Gemuk
12,L,150.3,36.9,16.32,Normal
9,P,126.8,27.9,17.33,Normal
8,P,121.5,25.9,17.56,Normal
7,P,116.8,21.6,15.82,Normal
11,L,142.4,40.9,20.17,Gemuk
12,P,140.5,34.4,17.43,Normal
7,P,119.3,18.5,13.01,Kurus
10,P,135.0,32.5,17.86,Normal
7,P,119.5,22.5,15.75,Normal
9,P,129.9,28.2,16.72,Normal
8,P,123.0,26.6,17.56,Normal
12,L,144.3,37.6,18.03,Gemuk
9,L,130.0,31.0,18.34,Gemuk
8,L,125.3,24.2,15.4,Normal
6,L,115.0,17.9,13.54,Kurus
9,P,126.3,26.5,16.6,Normal
12,L,144.9,39.1,18.63,Gemuk
7,P,115.4,18.0,13.52,Kurus
9,L,127.7,26.8,16.47,Normal
6,L,116.1,18.1,13.41,Kurus
7,P,117.8,24.5,17.63,Normal
9,L,128.4,24.1,14.64,Normal
9,L,127.2,29.6,18.28,Gemuk
7,P,118.6,19.0,13.5,Kurus
9,L,125.1,30.0,19.18,Gemuk
11,L,142.2,33.3,16.45,Normal
9,L,131.5,24.7,14.26,Normal
6,L,112.3,17.7,14.08,Normal
7,L,117.2,21.4,15.58,Normal
10,P,135.0,33.0,18.12,Gemuk
7,L,116.2,23.1,17.11,Normal
9,P,124.7,24.2,15.58,Normal
9,L,124.8,28.1,18.0,Gemuk
11,P,140.4,29.9,15.18,Normal
8,P,119.3,22.0,15.5,Normal
7,L,114.5,24.3,18.53,Gemuk
10,P,132.8,27.1,15.36,Normal
6,L,112.7,22.0,17.32,Normal
11,L,143.2,38.1,18.59,Gemuk
9,P,124.5,29.5,19.01,Gemuk
11,P,140.1,34.1,17.34,Normal
7,L,117.9,25.0,17.99,Normal
9,L,130.9,28.0,16.33,Normal
7,L,118.8,18.2,12.87,Kurus
12,L,145.4,36.2,17.14,Normal
9,P,128.4,30.3,18.35,Gemuk
12,P,148.4,40.3,18.31,Gemuk
6,L,113.7,20.9,16.21,Normal
11,L,143.3,37.4,18.19,Gemuk
9,P,127.3,26.2,16.16,Normal
10,P,137.1,32.6,17.38,Normal
12,L,146.2,30.0,14.04,Normal
10,P,135.9,31.3,16.92,Normal
6,L,110.0,22.0,18.18,Gemuk
8,L,119.4,25.4,17.82,Normal
6,L,110.2,21.2,17.43,Normal
8,P,123.1,29.0,19.15,Gemuk
10,P,135.7,26.8,14.57,Normal
8,P,118.8,21.5,15.25,Normal
9,P,125.3,30.0,19.09,Gemuk
12,L,147.9,40.9,18.7,Gemuk
7,P,115.1,25.0,18.86,Gemuk
10,L,135.4,31.7,17.28,Normal
7,L,123.0,18.6,12.3,Kurus
9,P,129.7,27.4,16.26,Normal
11,P,142.2,38.9,19.24,Gemuk
6,L,111.3,17.0,13.72,Kurus
9,P,129.6,30.9,18.38,Gemuk
9,P,133.0,24.6,13.89,Kurus
9,L,127.8,29.8,18.25,Gemuk
11,L,143.5,39.7,19.29,Gemuk
6,L,115.8,17.9,13.37,Kurus
12,P,146.8,42.2,19.59,Gemuk
10,L,134.8,29.1,16.04,Normal
12,P,143.2,32.6,15.91,Normal
8,L,122.6,26.7,17.74,Normal
11,L,144.7,34.0,16.22,Normal
6,L,116.5,22.0,16.21,Normal
10,L,135.0,34.0,18.66,Gemuk
11,L,140.7,34.9,17.62,Normal
9,P,128.0,27.6,16.84,Normal
6,P,116.8,17.0,12.46,Kurus
10,L,135.9,34.5,18.7,Gemuk
6,L,117.9,20.6,14.84,Normal
7,L,120.3,25.0,17.28,Normal
6,P,114.3,22.0,16.85,Normal
7,P,123.0,22.1,14.62,Normal
8,L,121.4,26.2,17.82,Normal
8,P,121.1,21.4,14.61,Normal
6,L,112.6,22.0,17.35,Normal
10,P,133.8,27.4,15.33,Normal
11,L,144.3,36.1,17.36,Normal
8,P,122.0,23.7,15.93,Normal
11,L,138.8,29.8,15.45,Normal
11,L,141.3,29.8,14.92,Normal
12,P,146.0,44.3,20.81,Gemuk
7,P,116.3,19.5,14.45,Normal
9,P,124.9,24.9,15.95,Normal
11,L,138.5,39.4,20.54,Gemuk
11,L,140.6,31.6,16.0,Normal
7,P,117.3,18.8,13.66,Kurus
7,P,116.1,18.2,13.51,Kurus
8,L,121.3,22.2,15.08,Normal
7,P,117.8,20.0,14.38,Normal
10,P,128.8,34.2,20.62,Gemuk
10,L,131.9,38.0,21.85,Gemuk
12,P,146.2,41.0,19.18,Gemuk
8,P,123.7,27.2,17.78,Normal
11,P,141.3,36.6,18.34,Gemuk
7,P,119.2,18.7,13.15,Kurus
9,L,130.4,30.8,18.1,Gemuk
12,L,144.8,41.9,19.99,Gemuk
9,L,129.7,27.5,16.33,Normal
9,P,125.7,25.3,16.0,Normal
10,P,139.2,30.3,15.63,Normal
11,P,143.7,32.6,15.8,Normal
9,L,127.6,27.9,17.14,Normal
8,L,124.7,27.2,17.5,Normal
10,P,133.5,35.2,19.78,Gemuk
10,L,137.9,34.1,17.96,Normal
6,P,110.0,17.0,14.05,Normal
7,P,116.4,24.3,17.94,Normal
10,L,133.2,29.7,16.76,Normal
11,L,139.3,35.2,18.11,Gemuk
9,P,128.2,30.9,18.84,Gemuk
6,P,118.0,20.3,14.54,Normal
7,L,120.1,20.4,14.14,Normal
10,L,130.8,32.7,19.1,Gemuk
10,L,136.4,34.3,18.44,Gemuk
10,L,132.6,35.6,20.22,Gemuk
6,P,113.9,17.0,13.09,Kurus
8,P,123.6,20.0,13.09,Kurus
10,L,135.5,31.5,17.18,Normal
8,P,124.3,22.9,14.84,Normal
11,L,141.8,31.2,15.53,Normal
11,P,141.0,34.0,17.09,Normal
6,P,113.3,20.0,15.55,Normal
6,P,117.5,22.0,15.94,Normal
6,L,114.9,22.0,16.68,Normal
8,P,123.2,24.3,16.01,Normal
11,L,141.1,37.2,18.68,Gemuk
12,P,140.0,36.6,18.68,Gemuk
12,P,148.2,43.1,19.61,Gemuk
7,P,114.9,18.0,13.63,Kurus
9,P,125.4,28.9,18.39,Gemuk
11,L,139.7,34.8,17.81,Normal
6,P,114.5,17.9,13.61,Kurus
12,L,144.3,45.1,21.67,Gemuk
12,L,146.3,34.3,16.03,Normal
11,L,138.3,32.7,17.12,Normal
11,L,141.1,29.0,14.56,Normal
12,L,148.4,36.9,16.74,Normal
10,L,128.0,33.2,20.27,Gemuk
6,L,114.6,17.7,13.44,Kurus
6,L,113.6,17.6,13.63,Kurus
6,L,112.6,17.0,13.41,Kurus
12,P,142.8,46.2,22.65,Obesitas
10,L,132.3,31.0,17.72,Normal
7,P,119.3,19.5,13.7,Kurus
6,P,115.4,19.8,14.88,Normal
8,P,122.8,27.2,18.05,Gemuk
6,P,114.1,17.1,13.13,Kurus
10,L,128.7,29.5,17.8,Normal
8,L,125.7,25.6,16.23,Normal
10,L,131.5,33.0,19.06,Gemuk
7,P,118.1,19.4,13.94,Kurus
6,P,112.4,18.8,14.86,Normal
12,P,144.2,38.6,18.54,Gemuk
10,L,134.6,34.2,18.86,Gemuk
12,L,144.1,40.8,19.62,Gemuk
8,L,124.3,27.6,17.89,Normal
10,P,136.0,38.0,20.53,Gemuk
7,P,116.9,25.0,18.28,Gemuk
11,L,141.6,35.6,17.75,Normal
6,L,113.9,22.0,16.95,Normal
7,P,117.3,21.6,15.7,Normal
10,L,137.7,32.0,16.86,Normal
8,L,120.5,24.9,17.17,Normal
6,P,115.0,17.0,12.86,Kurus
9,L,125.7,25.2,15.99,Normal
10,L,135.6,36.0,19.55,Gemuk
8,P,123.0,26.0,17.15,Normal
12,P,144.7,35.8,17.08,Normal
11,P,139.0,34.8,18.01,Gemuk
10,L,135.6,36.1,19.64,Gemuk
11,L,141.3,34.0,17.04,Normal
7,L,113.0,23.5,18.42,Gemuk
12,L,144.7,42.5,20.31,Gemuk
11,P,139.8,32.2,16.5,Normal
12,L,145.6,36.1,17.01,Normal
9,L,123.0,28.1,18.57,Gemuk
6,P,115.3,22.0,16.55,Normal
11,P,141.4,32.8,16.4,Normal
9,P,130.0,28.1,16.63,Normal
8,P,122.7,20.3,13.52,Kurus
8,P,125.4,28.1,17.85,Normal
10,P,135.4,29.6,16.17,Normal
6,L,117.0,20.7,15.11,Normal
7,L,118.6,18.6,13.23,Kurus
7,P,119.4,18.0,12.62,Kurus
9,L,131.5,30.0,17.35,Normal
7,L,117.1,23.0,16.75,Normal
6,L,117.6,20.9,15.12,Normal
9,L,129.6,27.5,16.39,Normal
7,P,120.6,18.7,12.84,Kurus
6,P,113.8,20.6,15.88,Normal
9,P,127.9,28.9,17.7,Normal
6,P,112.8,18.0,14.14,Normal
9,L,128.7,30.7,18.52,Gemuk
10,L,130.4,33.3,19.6,Gemuk
11,P,140.6,30.2,15.26,Normal
10,L,132.2,28.1,16.07,Normal
12,L,146.5,44.9,20.94,Gemuk
8,L,118.8,22.9,16.24,Normal
12,L,151.4,42.5,18.56,Gemuk
9,P,127.6,28.0,17.19,Normal
10,P,135.2,38.0,20.8,Gemuk
10,P,135.5,31.3,17.06,Normal
10,L,134.8,27.9,15.37,Normal
10,P,134.5,30.5,16.86,Normal
12,P,145.5,38.2,18.05,Gemuk
8,L,125.2,20.0,12.76,Kurus
7,L,119.1,22.1,15.54,Normal
6,P,116.7,19.2,14.07,Normal
7,P,121.0,20.3,13.85,Kurus
12,P,145.8,38.4,18.07,Gemuk
8,L,120.5,28.1,19.32,Gemuk
6,L,116.1,22.0,16.33,Normal
12,L,147.1,34.0,15.71,Normal
8,P,124.7,24.8,15.92,Normal
7,L,118.3,25.0,17.87,Normal
7,L,114.5,18.0,13.74,Kurus
9,P,128.2,34.0,20.68,Gemuk
12,P,143.9,40.8,19.67,Gemuk
12,P,145.3,38.1,18.06,Gemuk
7,L,116.5,25.0,18.41,Gemuk
9,L,129.4,22.6,13.49,Kurus
12,L,140.0,41.1,20.95,Gemuk
10,P,132.8,34.1,19.34,Gemuk
7,P,119.9,22.8,15.89,Normal
8,P,122.7,26.4,17.56,Normal
11,L,139.6,28.0,14.38,Normal
9,L,128.2,29.8,18.12,Gemuk
9,P,123.6,34.0,22.26,Obesitas
7,L,119.3,19.2,13.45,Kurus
7,L,120.2,22.3,15.47,Normal
6,P,116.6,22.0,16.19,Normal
8,P,126.2,21.9,13.78,Kurus
12,L,145.3,37.9,17.94,Normal
9,P,128.7,25.4,15.31,Normal
7,L,117.5,18.7,13.52,Kurus
11,P,144.1,36.5,17.58,Normal
6,L,116.0,20.6,15.28,Normal
8,L,124.6,27.0,17.38,Normal
6,P,117.4,17.0,12.33,Kurus
12,L,144.9,45.8,21.82,Gemuk
6,L,110.0,19.3,15.96,Normal
10,P,137.6,33.7,17.78,Normal
12,P,143.4,40.8,19.83,Gemuk
11,P,142.4,36.7,18.11,Gemuk
7,L,116.3,19.4,14.32,Normal
10,P,130.8,33.6,19.63,Gemuk
12,L,143.4,39.2,19.09,Gemuk
8,P,122.2,25.7,17.2,Normal
10,L,137.1,32.4,17.23,Normal
8,L,120.9,28.9,19.79,Gemuk
9,L,128.6,25.2,15.22,Normal
12,L,142.8,37.8,18.55,Gemuk
11,L,140.2,33.3,16.96,Normal
6,L,113.9,17.0,13.1,Kurus
11,L,144.7,32.4,15.48,Normal
7,L,115.7,20.1,14.99,Normal
9,P,127.5,27.1,16.68,Normal
10,P,133.8,32.7,18.28,Gemuk
8,L,121.7,22.0,14.87,Normal
6,L,114.8,21.5,16.36,Normal
10,L,133.3,30.4,17.07,Normal
9,L,126.2,32.3,20.25,Gemuk
7,P,114.3,19.7,15.06,Normal
10,L,132.1,30.7,17.6,Normal
6,P,115.3,22.0,16.54,Normal
8,P,121.9,22.6,15.18,Normal
8,P,124.5,22.1,14.24,Normal
11,P,140.6,36.6,18.52,Gemuk
11,P,139.9,31.2,15.92,Normal
12,L,146.4,34.8,16.21,Normal
8,P,123.2,29.0,19.12,Gemuk
6,P,115.8,18.8,14.03,Normal
10,P,135.4,31.8,17.36,Normal
6,L,112.0,17.0,13.55,Kurus
6,L,111.9,21.0,16.79,Normal
7,P,114.3,21.0,16.05,Normal
7,P,120.4,18.0,12.41,Kurus
6,L,115.7,22.0,16.44,Normal
8,L,121.1,23.6,16.08,Normal
6,P,112.9,18.1,14.18,Normal
7,L,118.3,25.0,17.86,Normal
10,P,135.4,31.2,17.0,Normal
7,L,117.3,23.8,17.26,Normal
11,P,137.3,32.2,17.09,Normal
8,P,123.6,29.0,18.98,Gemuk
7,L,123.0,24.0,15.88,Normal
7,L,120.6,22.6,15.51,Normal
8,L,124.1,27.2,17.67,Normal
9,P,127.8,25.6,15.68,Normal
7,L,120.9,23.8,16.29,Normal
6,L,112.3,17.0,13.49,Kurus
7,L,118.7,24.7,17.54,Normal
11,L,136.5,35.7,19.15,Gemuk
11,P,141.9,38.1,18.95,Gemuk
11,P,142.4,32.1,15.84,Normal
10,P,132.3,32.7,18.7,Gemuk
6,P,113.7,22.0,17.02,Normal
11,L,141.3,35.6,17.83,Normal
7,L,117.2,21.5,15.65,Normal
12,P,147.2,44.8,20.68,Gemuk
7,L,117.1,21.2,15.46,Normal
6,P,115.2,22.0,16.58,Normal
12,P,145.9,40.5,19.02,Gemuk
10,L,132.0,28.6,16.4,Normal
11,L,140.2,34.9,17.76,Normal
12,P,144.2,38.7,18.62,Gemuk
6,P,116.2,17.0,12.59,Kurus
11,P,141.9,32.3,16.01,Normal
8,L,126.4,23.9,14.92,Normal
12,L,142.6,39.5,19.45,Gemuk
10,L,131.6,31.8,18.35,Gemuk
12,L,142.9,37.8,18.53,Gemuk
8,P,119.5,25.2,17.65,Normal
10,L,138.6,34.4,17.92,Normal
7,L,120.2,19.0,13.14,Kurus
11,L,140.4,36.5,18.5,Gemuk
9,P,128.1,25.9,15.81,Normal
11,P,142.3,35.8,17.65,Normal
8,L,121.5,22.3,15.13,Normal
9,P,126.2,33.2,20.83,Gemuk
12,P,146.7,39.2,18.24,Gemuk
10,P,137.2,28.6,15.19,Normal
8,L,126.1,23.9,15.0,Normal
11,P,143.8,35.1,16.98,Normal
7,L,116.8,22.3,16.36,Normal
10,P,136.2,32.7,17.64,Normal
12,L,147.7,39.3,18.04,Gemuk
12,L,144.8,36.4,17.39,Normal
10,P,136.9,32.2,17.19,Normal
7,L,116.5,18.0,13.27,Kurus
12,P,146.7,35.0,16.24,Normal
12,P,146.3,37.2,17.36,Normal
7,L,113.7,20.6,15.93,Normal
6,P,118.0,17.0,12.21,Kurus
12,L,151.0,36.5,16.01,Normal
12,L,146.6,32.5,15.1,Normal
9,L,125.5,25.4,16.14,Normal
12,P,145.1,41.2,19.57,Gemuk
12,L,148.6,38.1,17.27,Normal
7,L,117.3,23.8,17.29,Normal
6,L,112.2,19.1,15.15,Normal
9,P,128.4,27.3,16.52,Normal
11,L,141.8,36.6,18.22,Gemuk
6,L,113.5,22.0,17.08,Normal
7,P,117.3,19.0,13.85,Kurus
6,P,115.7,21.8,16.31,Normal
12,P,144.7,39.7,18.95,Gemuk
10,L,133.9,35.6,19.88,Gemuk
11,L,139.6,40.5,20.78,Gemuk
9,L,128.3,24.7,15.01,Normal
7,P,119.6,20.6,14.43,Normal
11,L,138.5,30.9,16.12,Normal
8,L,124.2,20.0,12.96,Kurus
8,P,120.7,23.8,16.36,Normal
8,P,125.6,22.0,13.95,Kurus
9,P,126.4,29.3,18.32,Gemuk
10,L,132.1,25.4,14.55,Normal
12,P,146.1,40.7,19.05,Gemuk
10,L,133.7,30.8,17.23,Normal
7,L,119.1,23.4,16.53,Normal
6,L,117.4,22.0,15.98,Normal
7,P,118.9,18.0,12.74,Kurus
12,P,146.9,37.0,17.16,Normal
8,P,125.0,27.4,17.54,Normal
10,P,134.2,31.0,17.19,Normal
11,L,137.1,35.7,18.99,Gemuk
11,L,140.0,37.3,19.03,Gemuk
10,P,133.8,34.1,19.06,Gemuk
8,P,121.2,25.3,17.24,Normal
12,P,146.1,39.5,18.49,Gemuk
8,P,122.0,27.4,18.41,Gemuk
6,L,112.4,19.4,15.37,Normal
7,P,113.9,21.7,16.73,Normal
9,P,130.0,28.0,16.59,Normal
7,P,118.0,18.9,13.6,Kurus
7,P,115.2,25.0,18.85,Gemuk
8,L,124.4,25.5,16.47,Normal
8,P,123.7,25.1,16.4,Normal
12,P,147.4,38.1,17.56,Normal
7,L,119.1,23.6,16.66,Normal
6,L,118.0,17.7,12.69,Kurus
8,P,123.1,26.5,17.5,Normal
9,P,133.0,25.6,14.46,Normal
10,L,129.7,32.0,19.03,Gemuk
6,L,117.5,22.0,15.93,Normal
6,L,114.2,21.1,16.19,Normal
8,P,125.6,22.7,14.37,Normal
9,L,127.2,22.0,13.6,Kurus
6,P,114.0,17.0,13.09,Kurus
7,L,121.5,25.0,16.95,Normal
7,P,121.0,18.0,12.29,Kurus
11,L,141.2,33.7,16.89,Normal
11,L,137.6,37.2,19.65,Gemuk
11,P,141.0,33.6,16.91,Normal
8,L,122.5,23.8,15.87,Normal
12,P,144.3,39.1,18.78,Gemuk
8,L,121.5,24.5,16.6,Normal
7,P,116.8,22.4,16.42,Normal
7,L,119.1,20.3,14.27,Normal
9,P,131.3,27.3,15.81,Normal
6,L,111.9,17.0,13.58,Kurus
6,P,114.4,21.9,16.75,Normal
11,L,141.0,37.4,18.8,Gemuk
10,P,132.5,35.0,19.92,Gemuk
10,P,134.2,28.5,15.83,Normal
6,L,110.9,18.7,15.2,Normal
7,P,118.1,25.0,17.93,Normal
12,L,146.3,41.7,19.47,Gemuk
6,L,115.3,20.4,15.38,Normal
8,L,119.2,29.0,20.42,Gemuk
6,L,111.1,20.2,16.35,Normal
8,L,123.3,26.0,17.07,Normal
6,P,115.1,20.6,15.53,Normal
10,L,133.9,30.1,16.77,Normal
11,L,143.4,41.1,19.99,Gemuk
6,P,111.3,17.0,13.72,Kurus
9,P,133.0,25.6,14.48,Normal
8,L,120.0,24.3,16.89,Normal
9,L,130.6,29.4,17.25,Normal
12,L,148.5,35.4,16.04,Normal
9,P,128.5,22.0,13.33,Kurus
12,P,146.2,42.8,20.01,Gemuk
11,P,145.2,36.8,17.47,Normal
12,L,145.9,38.0,17.88,Normal
12,L,144.9,38.9,18.53,Gemuk
11,L,141.3,34.2,17.12,Normal
7,P,116.0,25.0,18.57,Gemuk
11,L,142.4,33.3,16.44,Normal
9,L,129.9,25.0,14.82,Normal
6,L,110.7,19.8,16.15,Normal
12,L,142.8,37.7,18.5,Gemuk
8,L,121.3,27.8,18.9,Gemuk
11,P,143.5,39.2,19.01,Gemuk
6,L,114.6,22.0,16.76,Normal
10,L,128.4,34.6,20.98,Gemuk
6,L,113.1,21.3,16.64,Normal
9,L,123.0,26.8,17.68,Normal
9,P,126.4,25.1,15.72,Normal
7,L,118.8,22.0,15.61,Normal
12,L,147.4,40.3,18.52,Gemuk
11,P,145.6,37.5,17.68,Normal
8,P,124.1,24.3,15.8,Normal
7,P,120.3,19.3,13.34,Kurus
11,P,140.5,35.8,18.12,Gemuk
9,P,130.9,29.7,17.36,Normal
10,P,133.0,32.0,18.11,Gemuk
7,P,119.3,18.0,12.64,Kurus
10,P,138.8,26.9,13.97,Kurus
7,P,113.0,19.7,15.41,Normal
7,P,118.4,22.2,15.88,Normal
9,P,127.8,24.9,15.22,Normal
12,L,143.8,38.8,18.79,Gemuk
6,L,116.7,22.0,16.16,Normal
8,L,125.5,23.5,14.95,Normal
9,P,127.4,22.3,13.73,Kurus
7,L,116.8,25.0,18.34,Gemuk
11,P,139.1,32.7,16.92,Normal
7,L,116.9,19.7,14.4,Normal
11,L,136.0,32.6,17.66,Normal
6,P,114.4,20.2,15.42,Normal
10,L,134.8,35.5,19.54,Gemuk
8,P,119.9,27.5,19.1,Gemuk
6,L,117.3,18.4,13.36,Kurus
11,L,141.8,40.8,20.32,Gemuk
11,L,138.6,38.0,19.77,Gemuk
10,P,130.9,31.4,18.31,Gemuk
6,P,114.6,22.0,16.74,Normal
6,P,113.1,21.5,16.8,Normal
10,L,137.1,32.4,17.27,Normal
8,L,122.1,20.0,13.42,Kurus
11,P,138.9,35.6,18.48,Gemuk
12,P,147.4,38.6,17.78,Normal
10,P,137.6,36.9,19.5,Gemuk
11,P,141.5,31.6,15.81,Normal
6,P,114.7,17.8,13.55,Kurus
8,P,127.3,20.0,12.34,Kurus
10,P,135.7,30.4,16.51,Normal
8,P,120.6,22.0,15.09,Normal
7,P,118.6,25.0,17.78,Normal
8,P,123.7,20.0,13.07,Kurus
11,L,142.3,36.6,18.05,Gemuk
6,P,112.6,20.6,16.25,Normal
10,P,138.2,31.6,16.54,Normal
11,P,142.6,35.1,17.25,Normal
6,P,113.0,22.0,17.23,Normal
8,L,120.8,25.9,17.77,Normal
8,L,124.3,25.9,16.75,Normal
9,L,128.5,24.8,15.04,Normal
12,P,145.1,44.9,21.35,Gemuk
11,P,139.4,33.7,17.32,Normal
12,L,145.2,41.4,19.66,Gemuk
8,P,125.1,23.3,14.88,Normal
11,P,137.3,38.9,20.63,Gemuk
11,P,146.8,34.3,15.89,Normal
7,P,120.0,25.0,17.37,Normal
8,P,118.0,23.2,16.66,Normal
12,L,144.9,41.2,19.65,Gemuk
8,P,123.4,20.0,13.14,Kurus
10,L,134.4,29.6,16.35,Normal
9,P,126.8,27.5,17.13,Normal
10,P,134.5,34.9,19.32,Gemuk
7,L,115.1,21.0,15.86,Normal
8,P,122.6,21.9,14.55,Normal
12,P,144.8,37.9,18.08,Gemuk
12,L,146.0,39.2,18.38,Gemuk
7,L,117.5,24.2,17.57,Normal
6,P,113.8,19.4,14.98,Normal
11,L,139.5,33.8,17.38,Normal
12,L,150.2,35.1,15.54,Normal
7,L,115.1,18.7,14.14,Normal
11,P,142.6,33.0,16.22,Normal
8,P,120.3,22.5,15.54,Normal
11,L,137.8,37.1,19.54,Gemuk
11,P,141.0,34.8,17.47,Normal
10,L,130.0,32.2,19.07,Gemuk
10,L,135.8,35.5,19.22,Gemuk
11,L,144.1,35.6,17.14,Normal
11,P,139.0,32.7,16.94,Normal
10,L,134.4,27.4,15.17,Normal
11,P,138.3,39.6,20.7,Gemuk
9,P,126.9,24.6,15.24,Normal
8,P,126.5,24.1,15.03,Normal
6,L,116.9,22.0,16.1,Normal
10,P,134.2,29.9,16.58,Normal
7,L,115.3,21.3,16.06,Normal
12,P,141.2,35.7,17.92,Normal
7,L,114.5,19.2,14.62,Normal
10,L,131.8,38.0,21.89,Gemuk
9,P,125.7,30.0,19.0,Gemuk
12,L,150.2,39.1,17.34,Normal
9,L,127.2,32.3,20.0,Gemuk
12,P,148.2,36.4,16.58,Normal
10,P,135.3,31.5,17.22,Normal
6,P,115.6,22.0,16.47,Normal
8,P,119.6,27.2,19.04,Gemuk
6,P,115.9,17.5,13.04,Kurus
8,P,123.6,21.7,14.23,Normal
8,P,123.6,22.7,14.89,Normal
6,P,118.0,18.6,13.33,Kurus
9,P,123.0,26.1,17.26,Normal
6,P,112.2,17.6,14.0,Kurus
10,L,130.6,30.2,17.71,Normal
9,P,127.6,22.0,13.51,Kurus
12,P,152.0,35.3,15.28,Normal
10,P,132.6,34.4,19.58,Gemuk
7,P,118.2,22.7,16.26,Normal
12,L,149.8,38.0,16.93,Normal
10,L,135.1,30.0,16.45,Normal
10,L,136.7,32.2,17.2,Normal
11,L,142.8,38.8,19.02,Gemuk
11,P,142.1,34.6,17.15,Normal
6,P,114.4,20.7,15.79,Normal
10,P,137.1,28.6,15.21,Normal
8,L,123.5,22.6,14.85,Normal
11,P,142.3,35.2,17.37,Normal
6,L,115.9,21.0,15.61,Normal
11,L,138.6,35.7,18.62,Gemuk
7,L,114.0,22.8,17.55,Normal
7,P,116.3,21.0,15.55,Normal
10,P,135.9,34.5,18.7,Gemuk
10,P,134.9,32.0,17.56,Normal
10,L,131.6,27.7,16.02,Normal
6,P,113.1,17.0,13.29,Kurus
12,P,146.9,39.0,18.08,Gemuk
8,P,123.0,25.2,16.63,Normal
8,P,122.1,29.0,19.41,Gemuk
12,P,142.8,37.6,18.45,Gemuk
8,P,118.8,25.1,17.78,Normal
10,P,135.6,29.3,15.93,Normal
7,L,116.4,25.0,18.44,Gemuk
12,L,145.2,36.5,17.32,Normal
8,L,124.0,29.0,18.87,Gemuk
7,P,119.1,23.5,16.56,Normal
9,L,128.7,29.3,17.71,Normal
7,P,117.7,25.0,18.05,Gemuk
11,L,144.1,39.8,19.16,Gemuk
9,L,127.7,30.9,18.95,Gemuk
10,P,136.1,32.2,17.39,Normal
6,L,112.1,19.2,15.25,Normal
12,L,148.4,41.5,18.83,Gemuk
7,P,113.0,19.9,15.58,Normal
10,L,135.7,31.5,17.09,Normal
9,P,130.2,25.9,15.28,Normal
12,P,146.1,40.2,18.84,Gemuk
10,P,132.5,28.4,16.15,Normal
10,P,132.7,32.7,18.59,Gemuk
12,P,147.1,41.0,18.96,Gemuk
10,L,134.9,29.2,16.06,Normal
12,P,146.3,37.4,17.48,Normal
11,P,142.7,40.7,19.99,Gemuk
10,L,130.9,27.1,15.81,Normal
12,P,143.7,36.3,17.59,Normal
11,P,138.1,35.5,18.63,Gemuk
11,L,144.9,35.8,17.04,Normal
7,P,119.3,21.5,15.06,Normal
8,P,119.4,20.5,14.37,Normal
7,L,114.5,22.4,17.09,Normal
12,L,147.0,40.2,18.62,Gemuk
6,P,118.0,17.0,12.21,Kurus
7,L,118.6,18.4,13.06,Kurus
6,P,113.9,20.4,15.7,Normal
8,P,123.8,23.3,15.21,Normal
7,L,116.7,23.5,17.24,Normal
9,P,127.0,30.8,19.08,Gemuk
12,P,146.6,33.2,15.45,Normal
12,L,142.6,40.1,19.71,Gemuk
11,L,144.9,35.4,16.87,Normal
8,L,121.6,22.6,15.26,Normal
8,P,123.3,23.4,15.38,Normal
9,L,127.9,28.0,17.09,Normal
7,L,118.5,24.7,17.58,Normal
6,P,117.1,22.0,16.03,Normal
10,L,134.6,32.8,18.1,Gemuk
11,P,135.6,32.4,17.62,Normal
9,P,126.1,29.4,18.5,Gemuk
9,L,130.2,25.8,15.21,Normal
9,L,125.5,22.4,14.22,Normal
12,P,144.9,36.7,17.46,Normal
11,L,146.1,30.4,14.24,Normal
10,P,130.8,32.3,18.9,Gemuk
6,P,116.6,22.0,16.19,Normal
11,P,145.0,33.7,16.03,Normal
10,L,133.7,28.0,15.65,Normal
7,L,119.5,22.3,15.6,Normal
8,L,126.8,29.0,18.04,Gemuk
7,L,118.5,23.0,16.37,Normal
6,P,118.0,21.5,15.46,Normal
11,P,143.8,36.4,17.63,Normal
7,P,117.3,24.6,17.91,Normal
8,L,122.9,25.0,16.54,Normal
12,P,144.3,40.4,19.38,Gemuk
6,P,118.0,21.2,15.24,Normal
10,L,133.4,33.8,18.96,Gemuk
9,P,129.6,24.5,14.56,Normal
8,P,121.3,25.5,17.32,Normal
6,P,112.6,18.5,14.57,Normal
9,P,130.4,23.3,13.72,Kurus
9,P,129.1,23.9,14.34,Normal
12,P,144.4,41.4,19.85,Gemuk
6,P,110.8,18.5,15.1,Normal
8,P,126.4,23.9,14.97,Normal
11,P,142.4,39.5,19.48,Gemuk
11,P,139.6,38.6,19.79,Gemuk
6,L,112.3,20.7,16.39,Normal
6,P,114.5,22.0,16.78,Normal
9,L,128.4,30.2,18.32,Gemuk
10,L,135.4,31.6,17.22,Normal
11,L,140.2,33.8,17.22,Normal
7,P,120.3,24.7,17.06,Normal
11,P,144.9,33.9,16.16,Normal
10,P,134.7,25.0,13.78,Kurus
9,L,127.0,31.2,19.33,Gemuk
7,P,118.0,21.9,15.76,Normal
9,L,129.3,26.6,15.9,Normal
12,P,146.8,41.2,19.1,Gemuk
11,L,137.5,38.1,20.17,Gemuk
7,L,114.8,23.5,17.82,Normal
11,L,141.9,39.9,19.82,Gemuk
7,P,115.9,25.0,18.62,Gemuk
7,P,114.7,22.4,17.01,Normal
10,L,135.9,31.6,17.1,Normal
11,P,144.1,35.2,16.96,Normal
7,L,123.0,21.6,14.25,Normal
7,L,115.3,18.0,13.55,Kurus
6,P,112.4,22.0,17.43,Normal
10,P,131.8,36.0,20.7,Gemuk
7,L,118.5,20.3,14.44,Normal
10,L,135.4,27.6,15.08,Normal
10,P,135.5,36.0,19.6,Gemuk
12,L,148.6,38.8,17.56,Normal
8,L,124.7,26.5,17.01,Normal
11,L,140.3,39.6,20.12,Gemuk
7,P,121.2,18.0,12.26,Kurus
6,P,118.0,19.0,13.66,Kurus
6,P,118.0,21.7,15.58,Normal
9,P,130.2,32.3,19.08,Gemuk
11,P,141.5,35.1,17.52,Normal
7,P,123.0,23.4,15.48,Normal
11,P,142.5,30.3,14.92,Normal
11,P,136.6,37.0,19.8,Gemuk
9,L,127.7,31.8,19.46,Gemuk
9,P,127.8,31.1,19.02,Gemuk
12,L,148.1,33.7,15.34,Normal
9,L,130.0,30.2,17.85,Normal
9,P,128.8,28.1,16.96,Normal
12,P,146.9,43.0,19.92,Gemuk
12,L,147.9,43.7,19.99,Gemuk
9,P,127.4,31.5,19.42,Gemuk
9,L,126.7,31.2,19.43,Gemuk
12,P,145.5,41.1,19.43,Gemuk
9,L,128.1,28.3,17.25,Normal
12,L,141.8,34.8,17.28,Normal
7,L,117.3,25.0,18.14,Gemuk
10,P,136.9,33.8,18.03,Gemuk
7,L,118.3,18.2,12.97,Kurus
7,P,115.8,23.3,17.38,Normal
8,L,122.2,27.7,18.57,Gemuk
10,P,130.4,37.2,21.85,Gemuk
8,P,123.4,22.3,14.66,Normal
9,L,130.6,29.2,17.12,Normal
12,P,145.2,41.6,19.72,Gemuk
7,L,117.6,21.1,15.24,Normal
11,P,140.8,35.3,17.8,Normal
12,L,146.2,37.3,17.44,Normal
11,P,141.1,37.4,18.79,Gemuk
12,P,146.4,40.0,18.65,Gemuk
10,L,132.2,33.5,19.18,Gemuk
6,L,112.6,22.0,17.35,Normal
12,P,142.5,34.7,17.09,Normal
10,L,132.1,29.8,17.06,Normal
6,L,113.1,22.0,17.21,Normal
8,L,121.5,23.7,16.06,Normal
9,L,129.7,24.6,14.64,Normal
6,L,112.8,20.0,15.75,Normal
11,L,140.2,36.4,18.5,Gemuk
11,P,143.6,36.3,17.6,Normal
10,P,131.4,34.7,20.11,Gemuk
8,L,127.1,28.7,17.75,Normal
11,P,144.3,33.2,15.94,Normal
8,L,125.5,25.9,16.48,Normal
6,P,110.2,17.5,14.38,Normal
8,L,122.0,21.6,14.53,Normal
12,P,144.4,40.1,19.23,Gemuk
6,L,115.7,17.1,12.78,Kurus
8,L,124.9,28.6,18.33,Gemuk
9,P,129.9,27.3,16.18,Normal
8,L,122.0,23.7,15.92,Normal
8,L,118.9,25.0,17.66,Normal
8,L,126.2,22.7,14.28,Normal
6,P,118.0,17.0,12.21,Kurus
11,P,140.7,36.4,18.37,Gemuk
7,L,116.7,21.1,15.5,Normal
9,L,126.9,29.0,17.97,Normal
12,P,147.9,39.4,18.01,Gemuk
9,L,123.0,27.6,18.23,Gemuk
10,P,130.7,29.5,17.3,Normal
12,P,145.1,36.7,17.45,Normal
12,L,143.7,36.8,17.81,Normal
12,P,145.2,39.2,18.61,Gemuk
10,P,132.4,31.1,17.75,Normal
6,P,115.3,20.6,15.53,Normal
10,L,135.4,38.0,20.72,Gemuk
9,L,125.0,24.0,15.36,Normal
12,L,151.1,40.2,17.63,Normal
9,L,126.5,32.6,20.39,Gemuk
7,L,117.7,24.0,17.32,Normal
9,L,126.3,24.8,15.55,Normal
11,L,137.9,31.1,16.34,Normal
11,L,142.8,36.4,17.83,Normal
11,L,142.6,35.8,17.61,Normal
12,L,145.1,41.4,19.65,Gemuk
6,P,112.6,22.0,17.36,Normal
12,P,144.3,37.5,18.02,Gemuk
9,L,128.8,29.3,17.64,Normal
12,P,142.5,43.9,21.63,Gemuk
11,P,139.6,34.9,17.92,Normal
10,L,133.6,35.8,20.08,Gemuk
12,L,143.7,41.8,20.21,Gemuk
6,L,113.5,22.0,17.09,Normal
11,L,140.6,37.3,18.86,Gemuk
8,P,126.9,25.4,15.77,Normal
8,P,122.6,26.8,17.86,Normal
11,L,138.6,34.3,17.85,Normal
10,L,134.8,25.8,14.21,Normal
6,P,116.1,17.0,12.6,Kurus
10,L,132.9,30.6,17.32,Normal
6,P,113.9,17.6,13.6,Kurus
10,P,131.5,32.0,18.49,Gemuk
10,P,134.2,30.0,16.63,Normal
8,L,122.5,20.0,13.32,Kurus
10,P,134.7,32.8,18.09,Gemuk
9,P,130.5,26.0,15.26,Normal
12,P,145.8,41.0,19.27,Gemuk
8,L,126.2,25.7,16.17,Normal
12,P,148.9,42.1,19.0,Gemuk
6,L,116.6,17.0,12.5,Kurus
10,P,133.5,28.4,15.92,Normal
7,L,121.8,18.0,12.14,Kurus
10,L,131.4,32.7,18.92,Gemuk
11,L,140.2,35.9,18.26,Gemuk
11,P,138.9,31.4,16.29,Normal
11,L,144.4,32.5,15.59,Normal
11,P,138.8,32.4,16.8,Normal
10,L,135.4,35.2,19.22,Gemuk
6,L,112.0,17.0,13.55,Kurus
8,L,118.0,25.0,17.93,Normal
6,L,110.0,19.0,15.72,Normal
8,P,124.6,26.2,16.88,Normal
8,P,121.5,28.1,19.01,Gemuk
12,L,143.6,39.4,19.09,Gemuk
12,P,144.8,37.6,17.94,Normal
10,P,136.1,32.4,17.5,Normal
12,L,147.3,33.7,15.53,Normal
9,L,132.9,24.8,14.03,Normal
10,L,137.2,26.4,14.03,Normal
11,L,139.1,33.8,17.48,Normal
12,P,147.8,39.9,18.29,Gemuk
12,L,145.4,39.1,18.47,Gemuk
10,L,138.9,28.8,14.93,Normal
8,L,125.2,29.0,18.49,Gemuk
12,L,145.5,37.6,17.77,Normal
7,P,118.8,25.0,17.71,Normal
7,L,121.0,19.5,13.34,Kurus
10,P,133.2,27.6,15.57,Normal
6,L,110.9,20.4,16.58,Normal
10,P,131.5,29.0,16.76,Normal
8,P,122.4,24.5,16.39,Normal
11,P,137.3,32.5,17.21,Normal
7,P,115.1,24.8,18.69,Gemuk
6,L,112.4,17.6,13.96,Kurus
7,P,115.8,23.3,17.36,Normal
8,L,122.2,26.2,17.54,Normal
11,P,141.6,32.0,15.99,Normal
12,P,145.4,33.7,15.93,Normal
7,L,118.3,24.7,17.67,Normal
6,P,115.4,22.0,16.53,Normal
7,L,121.4,24.7,16.74,Normal
6,P,116.1,17.0,12.62,Kurus
9,L,126.3,27.4,17.2,Normal
9,P,127.0,28.9,17.89,Normal
11,L,142.9,34.4,16.83,Normal
9,L,128.1,29.5,17.96,Normal
7,P,118.3,24.4,17.41,Normal
8,L,123.5,27.1,17.76,Normal
11,L,145.0,32.5,15.47,Normal
11,P,140.7,36.4,18.38,Gemuk
10,P,132.5,33.6,19.16,Gemuk
12,P,145.5,40.2,18.98,Gemuk
10,L,138.1,30.2,15.87,Normal
11,P,141.1,34.4,17.26,Normal
8,P,126.8,25.3,15.72,Normal
6,P,114.1,20.5,15.75,Normal
9,P,133.0,24.6,13.91,Kurus
8,P,122.1,27.4,18.38,Gemuk
12,P,146.9,39.0,18.09,Gemuk
10,L,132.5,29.1,16.61,Normal
9,P,123.0,31.9,21.1,Gemuk
12,P,144.9,35.1,16.71,Normal
6,L,112.4,17.0,13.45,Kurus
8,P,122.0,22.9,15.38,Normal
7,L,117.2,25.0,18.2,Gemuk
11,P,140.7,36.4,18.39,Gemuk
12,L,146.6,38.5,17.9,Normal
8,P,126.5,23.8,14.87,Normal
10,L,136.1,32.2,17.4,Normal
7,P,116.5,18.8,13.84,Kurus
8,P,121.8,25.5,17.21,Normal
11,L,142.0,32.3,16.01,Normal
7,P,119.8,19.4,13.54,Kurus
7,L,120.3,20.5,14.16,Normal
8,L,126.3,23.0,14.39,Normal
12,P,148.5,38.2,17.29,Normal
7,P,119.4,18.0,12.62,Kurus
9,P,128.1,32.7,19.9,Gemuk
9,L,125.8,27.6,17.44,Normal
7,L,117.4,21.4,15.54,Normal
12,P,142.6,45.3,22.3,Obesitas
12,P,150.2,37.4,16.55,Normal
7,L,115.2,21.7,16.33,Normal
8,L,122.6,28.1,18.68,Gemuk
10,L,130.0,30.0,17.75,Normal
10,P,137.1,34.9,18.56,Gemuk
6,P,110.0,22.0,18.18,Gemuk
7,P,118.1,18.0,12.94,Kurus
12,L,145.4,36.6,17.29,Normal
7,P,114.8,18.0,13.67,Kurus
6,P,111.6,19.4,15.58,Normal
9,L,125.2,29.6,18.9,Gemuk
6,P,116.1,18.3,13.57,Kurus
7,P,118.0,21.5,15.43,Normal
11,P,140.3,33.8,17.16,Normal
11,P,138.1,34.9,18.31,Gemuk
9,L,126.2,28.7,18.01,Gemuk
11,P,139.5,34.2,17.57,Normal
11,L,142.9,33.6,16.46,Normal
6,L,116.7,17.0,12.48,Kurus
6,P,117.0,22.0,16.07,Normal
10,L,134.6,28.4,15.69,Normal
10,P,136.2,30.5,16.44,Normal
11,P,141.8,40.1,19.92,Gemuk
10,L,137.7,32.9,17.34,Normal
7,P,120.7,23.7,16.25,Normal
10,L,135.0,26.0,14.3,Normal
12,L,146.0,34.6,16.26,Normal
11,P,143.9,33.0,15.93,Normal
11,P,143.1,34.8,17.01,Normal
8,L,119.0,22.6,15.94,Normal
12,L,143.7,40.4,19.54,Gemuk
12,L,143.5,40.1,19.47,Gemuk
10,L,134.0,27.3,15.21,Normal
6,L,118.0,19.1,13.74,Kurus
9,L,128.8,34.0,20.5,Gemuk
10,L,134.0,29.5,16.46,Normal
12,P,143.4,33.1,16.07,Normal
12,P,146.5,34.0,15.86,Normal
10,P,134.5,33.1,18.3,Gemuk
12,L,144.6,44.0,21.03,Gemuk
12,P,146.9,38.5,17.87,Normal
8,P,123.2,24.5,16.17,Normal
11,L,141.4,40.2,20.12,Gemuk
8,L,119.7,28.4,19.85,Gemuk
11,L,138.1,35.0,18.37,Gemuk
10,P,133.6,32.7,18.34,Gemuk
10,L,133.4,34.4,19.31,Gemuk
10,P,133.8,33.1,18.49,Gemuk
8,L,120.6,26.2,18.01,Gemuk
10,L,134.2,33.8,18.78,Gemuk
9,P,130.2,25.9,15.27,Normal
8,P,125.3,28.4,18.08,Gemuk
11,L,139.7,28.0,14.34,Normal
10,L,131.4,34.5,20.0,Gemuk
7,L,117.7,18.0,13.0,Kurus
11,P,143.1,32.2,15.7,Normal
12,P,148.6,38.4,17.4,Normal
12,P,147.3,39.1,18.0,Gemuk
12,L,145.2,37.9,17.95,Normal
12,P,146.6,39.2,18.25,Gemuk
12,L,146.8,39.3,18.26,Gemuk
9,L,124.6,28.9,18.66,Gemuk
7,P,119.8,23.4,16.28,Normal
12,L,143.8,37.4,18.1,Gemuk
8,P,123.5,22.8,14.95,Normal
7,L,119.6,21.7,15.15,Normal
8,L,119.7,25.1,17.51,Normal
8,P,123.1,25.1,16.56,Normal
8,L,119.8,23.1,16.09,Normal
9,L,132.7,25.5,14.47,Normal
10,P,135.4,29.8,16.22,Normal
9,L,128.7,30.9,18.64,Gemuk
7,P,117.9,20.7,14.9,Normal
12,L,147.2,40.0,18.44,Gemuk
6,P,111.5,22.0,17.71,Normal
10,P,135.6,30.7,16.7,Normal
12,L,149.4,39.7,17.79,Normal
7,P,120.2,18.4,12.72,Kurus
10,P,135.6,29.0,15.74,Normal
6,P,110.0,19.5,16.12,Normal
7,P,113.9,21.6,16.68,Normal
7,P,123.0,21.3,14.06,Normal
8,L,128.0,22.7,13.88,Kurus
11,L,139.0,35.3,18.26,Gemuk
8,P,126.6,22.2,13.83,Kurus
6,L,114.1,22.0,16.9,Normal
10,P,133.1,35.3,19.92,Gemuk
7,P,122.3,24.9,16.64,Normal
9,L,130.4,30.0,17.62,Normal
10,P,132.6,32.2,18.32,Gemuk
8,L,124.5,23.8,15.36,Normal
8,P,123.2,26.7,17.6,Normal
10,L,130.4,34.2,20.12,Gemuk
10,L,132.0,27.1,15.56,Normal
11,L,140.4,32.4,16.43,Normal
8,L,125.5,21.7,13.76,Kurus
7,L,117.8,22.9,16.54,Normal
12,L,143.6,40.6,19.7,Gemuk
6,L,115.4,22.0,16.52,Normal
11,L,142.4,37.5,18.49,Gemuk
12,L,149.1,42.0,18.91,Gemuk
10,L,134.7,29.1,16.05,Normal
9,L,126.1,22.0,13.83,Kurus
9,L,128.5,28.7,17.39,Normal
7,L,122.6,23.5,15.65,Normal
12,P,148.1,40.4,18.4,Gemuk
10,L,132.9,30.4,17.21,Normal
7,P,118.0,18.0,12.93,Kurus
7,P,114.8,18.8,14.25,Normal
12,P,144.2,38.9,18.72,Gemuk
8,P,124.6,25.0,16.14,Normal
11,P,139.0,38.6,19.98,Gemuk
6,L,113.7,17.0,13.15,Kurus
12,L,149.7,34.9,15.58,Normal
11,L,141.6,38.1,19.02,Gemuk
7,L,115.2,24.1,18.11,Gemuk
12,L,149.4,39.6,17.75,Normal
8,L,120.8,21.8,14.95,Normal
6,L,116.3,20.8,15.37,Normal
6,P,115.5,17.0,12.75,Kurus
11,L,139.4,34.0,17.49,Normal
8,L,122.1,25.3,16.99,Normal
10,L,136.7,27.9,14.93,Normal
6,L,112.4,18.9,14.92,Normal
8,L,122.4,26.5,17.69,Normal
11,P,139.4,35.7,18.36,Gemuk
6,L,115.2,17.1,12.87,Kurus
10,L,133.5,25.6,14.33,Normal
11,P,140.4,35.6,18.06,Gemuk
9,L,126.0,26.0,16.36,Normal
12,L,148.0,42.7,19.49,Gemuk
10,L,134.5,34.6,19.11,Gemuk
12,P,145.0,40.1,19.08,Gemuk
7,P,115.6,19.1,14.27,Normal
9,L,123.4,24.9,16.32,Normal
12,P,143.6,37.4,18.15,Gemuk
8,P,122.3,22.8,15.28,Normal
10,L,138.0,29.4,15.43,Normal
9,L,126.2,30.1,18.92,Gemuk
8,P,121.9,23.8,16.04,Normal
10,L,135.6,32.1,17.48,Normal
7,P,123.0,25.0,16.52,Normal
12,P,144.2,38.0,18.3,Gemuk
12,P,146.6,35.8,16.67,Normal
11,P,140.6,32.4,16.41,Normal
9,P,127.3,31.4,19.4,Gemuk
6,L,112.9,19.5,15.29,Normal
9,P,130.0,25.2,14.9,Normal
12,P,146.9,38.3,17.76,Normal
9,L,131.7,25.7,14.82,Normal
12,L,150.3,42.8,18.93,Gemuk
7,L,119.3,22.0,15.48,Normal
11,L,143.7,36.2,17.53,Normal
8,P,119.8,21.4,14.92,Normal
7,P,120.5,20.0,13.77,Kurus
9,P,130.5,25.3,14.88,Normal
8,P,121.3,29.0,19.71,Gemuk
12,L,145.1,39.9,18.97,Gemuk
8,L,122.2,21.4,14.34,Normal
10,P,133.8,35.2,19.69,Gemuk
10,L,130.8,29.4,17.2,Normal
6,L,114.5,18.8,14.32,Normal
11,L,143.0,36.9,18.04,Gemuk
7,P,118.3,19.7,14.05,Normal
7,P,123.0,23.8,15.76,Normal
9,L,128.8,28.5,17.21,Normal
7,L,118.3,18.0,12.85,Kurus
11,L,142.8,29.0,14.21,Normal
8,L,128.0,20.5,12.48,Kurus
11,L,138.2,41.7,21.85,Gemuk
7,L,116.2,18.0,13.32,Kurus
10,L,134.7,33.7,18.57,Gemuk
10,P,139.0,32.7,16.96,Normal
9,P,130.8,29.6,17.31,Normal
7,L,113.6,21.1,16.36,Normal
11,L,140.8,32.6,16.44,Normal
11,P,147.0,34.4,15.93,Normal
7,P,115.5,23.9,17.92,Normal
12,P,147.2,33.9,15.67,Normal
9,L,129.5,26.8,16.01,Normal
7,L,119.1,21.0,14.78,Normal
8,L,123.2,23.3,15.33,Normal
7,L,118.5,18.0,12.83,Kurus
8,L,121.1,28.0,19.11,Gemuk
8,P,126.8,21.4,13.3,Kurus
12,P,148.0,37.3,17.02,Normal
10,L,128.0,31.4,19.16,Gemuk
9,L,132.2,23.0,13.14,Kurus
8,P,125.7,23.0,14.58,Normal
9,P,126.6,27.7,17.26,Normal
7,L,119.7,25.0,17.44,Normal
8,L,126.3,24.6,15.4,Normal
9,P,126.0,32.3,20.33,Gemuk
9,L,129.2,29.8,17.87,Normal
6,L,112.6,18.4,14.53,Normal
11,P,137.7,30.4,16.01,Normal
8,L,121.2,20.0,13.61,Kurus
12,L,143.8,39.3,19.01,Gemuk
10,L,131.0,30.8,17.95,Normal
11,L,140.7,36.0,18.2,Gemuk
10,L,135.6,33.0,17.93,Normal
8,P,124.6,22.5,14.5,Normal
10,P,138.7,25.0,13.0,Kurus
11,P,142.6,32.5,15.97,Normal
7,L,121.9,22.4,15.05,Normal
11,P,142.6,39.8,19.58,Gemuk
12,P,150.6,38.1,16.78,Normal
11,L,137.7,38.9,20.53,Gemuk
9,P,133.0,26.3,14.88,Normal
8,P,128.0,23.9,14.58,Normal
6,L,110.8,17.0,13.85,Kurus
10,L,135.6,31.4,17.1,Normal
12,P,147.1,39.2,18.09,Gemuk
6,P,112.9,20.2,15.85,Normal
6,P,115.3,22.0,16.55,Normal
7,L,116.0,22.9,17.0,Normal
6,P,113.5,17.0,13.2,Kurus
6,L,111.2,17.0,13.75,Kurus
7,P,118.4,25.0,17.83,Normal
8,L,121.7,27.1,18.29,Gemuk
8,L,120.7,23.8,16.31,Normal
10,P,133.2,38.0,21.41,Gemuk
12,L,144.6,40.3,19.27,Gemuk
11,P,144.8,35.1,16.75,Normal
10,P,138.7,31.5,16.35,Normal
8,L,122.2,29.0,19.41,Gemuk
7,L,119.0,22.4,15.81,Normal
10,L,136.2,33.3,17.92,Normal
11,P,139.5,38.1,19.59,Gemuk
7,L,119.4,24.5,17.17,Normal
10,P,132.2,31.5,18.04,Gemuk
12,L,148.9,37.5,16.92,Normal
11,P,141.5,36.7,18.32,Gemuk
11,L,138.1,33.9,17.77,Normal
8,P,124.2,29.0,18.79,Gemuk
7,L,113.6,23.9,18.53,Gemuk
12,L,144.6,42.7,20.45,Gemuk
7,P,115.1,22.1,16.67,Normal
10,P,135.1,35.9,19.66,Gemuk
7,L,121.2,18.0,12.25,Kurus
6,P,114.5,22.0,16.77,Normal
7,P,121.1,22.8,15.55,Normal
8,L,120.6,23.1,15.92,Normal
8,P,119.7,26.3,18.39,Gemuk
7,L,118.6,21.3,15.1,Normal
11,P,136.0,32.9,17.78,Normal
9,L,129.4,28.3,16.87,Normal
12,L,147.4,35.2,16.22,Normal
11,L,142.6,30.4,14.97,Normal
11,P,147.0,39.5,18.28,Gemuk
12,L,149.6,39.5,17.65,Normal
12,L,143.7,39.4,19.05,Gemuk
7,P,118.8,20.1,14.21,Normal
8,L,127.4,26.9,16.59,Normal
9,L,127.7,31.5,19.3,Gemuk
7,P,114.3,18.0,13.78,Kurus
8,P,124.5,22.9,14.79,Normal
10,L,134.5,28.6,15.8,Normal
9,L,126.1,32.6,20.52,Gemuk
8,P,118.0,21.3,15.29,Normal
9,P,129.8,25.0,14.87,Normal
11,L,140.1,32.1,16.33,Normal
9,P,131.2,29.3,17.01,Normal
6,P,110.0,20.9,17.26,Normal
6,P,116.4,18.6,13.73,Kurus
11,L,142.4,42.1,20.78,Gemuk
11,P,140.0,33.5,17.12,Normal
8,L,121.7,28.5,19.26,Gemuk
11,L,138.1,34.3,17.99,Normal
9,L,129.4,24.8,14.83,Normal
9,L,130.3,31.3,18.44,Gemuk
12,P,146.6,37.4,17.43,Normal
12,L,145.3,44.5,21.07,Gemuk
9,P,130.3,28.9,17.0,Normal
12,L,144.0,39.4,19.03,Gemuk
12,L,148.0,38.0,17.33,Normal
11,L,141.6,39.4,19.61,Gemuk
6,L,111.9,21.6,17.22,Normal
12,P,148.7,41.5,18.79,Gemuk
6,P,117.3,17.0,12.36,Kurus
9,L,123.0,23.0,15.23,Normal
11,L,139.4,33.4,17.19,Normal
9,P,129.3,25.9,15.5,Normal
12,L,144.7,37.3,17.83,Normal
7,L,118.2,19.7,14.09,Normal
6,L,118.0,22.0,15.8,Normal
11,P,141.2,37.1,18.61,Gemuk
10,P,134.5,31.0,17.15,Normal
6,P,114.3,17.0,13.02,Kurus
11,P,135.5,30.3,16.47,Normal
7,P,119.9,21.6,15.04,Normal
10,L,135.8,29.7,16.1,Normal
12,P,147.8,36.5,16.7,Normal
11,L,135.5,36.8,20.03,Gemuk
8,P,122.1,23.7,15.9,Normal
6,L,113.0,22.0,17.22,Normal
8,L,121.7,25.6,17.27,Normal
12,P,144.5,34.9,16.72,Normal
12,L,148.3,38.2,17.36,Normal
8,P,125.1,21.4,13.64,Kurus
9,L,124.8,28.9,18.59,Gemuk
12,L,148.6,41.5,18.8,Gemuk
8,P,120.9,25.1,17.16,Normal
9,P,126.5,26.3,16.46,Normal
6,P,110.3,17.0,13.98,Kurus
12,L,146.2,37.4,17.49,Normal
11,L,142.1,33.8,16.76,Normal
9,L,131.7,31.9,18.36,Gemuk
7,L,119.6,22.8,15.92,Normal
8,L,121.7,25.8,17.4,Normal
10,L,133.7,30.4,17.03,Normal
7,P,117.6,18.0,13.02,Kurus
11,L,141.2,33.8,16.96,Normal
8,L,124.6,24.1,15.49,Normal
10,P,133.1,27.5,15.52,Normal
9,L,127.5,25.7,15.83,Normal
9,P,132.1,27.9,16.01,Normal
7,L,123.0,22.9,15.14,Normal
12,L,147.0,38.2,17.69,Normal
10,L,134.2,32.3,17.94,Normal
9,L,130.5,34.0,19.96,Gemuk
10,P,134.7,26.2,14.41,Normal
6,P,116.8,19.6,14.36,Normal
7,L,113.7,20.1,15.56,Normal
11,L,140.0,40.1,20.48,Gemuk
10,P,129.4,32.3,19.3,Gemuk
11,P,139.3,28.0,14.43,Normal
11,P,143.3,31.3,15.27,Normal
10,P,133.2,33.2,18.7,Gemuk
11,L,135.2,34.3,18.77,Gemuk
11,P,141.5,30.6,15.31,Normal
11,P,142.7,35.7,17.54,Normal
7,L,121.0,23.6,16.1,Normal
8,L,121.7,24.9,16.84,Normal
8,L,121.9,26.0,17.47,Normal
6,P,110.9,22.0,17.9,Normal
9,L,125.6,26.3,16.68,Normal
6,L,116.4,22.0,16.24,Normal
6,L,110.0,19.0,15.66,Normal
11,P,142.1,36.7,18.17,Gemuk
11,P,140.3,34.3,17.43,Normal
10,P,131.6,34.9,20.17,Gemuk
10,P,134.5,36.4,20.1,Gemuk
7,P,116.6,25.0,18.4,Gemuk
8,P,128.0,22.4,13.66,Kurus
10,L,134.8,34.2,18.81,Gemuk
11,L,140.5,41.0,20.76,Gemuk
8,L,123.9,27.0,17.59,Normal
12,P,148.7,33.9,15.34,Normal
12,L,148.8,31.3,14.15,Normal
10,L,134.2,30.3,16.82,Normal
6,P,115.6,20.0,14.93,Normal
10,P,137.6,28.8,15.21,Normal
9,L,127.1,31.0,19.19,Gemuk
6,L,113.3,21.2,16.53,Normal
10,L,128.0,33.7,20.56,Gemuk
7,L,113.9,20.1,15.51,Normal
7,P,117.9,20.4,14.71,Normal
7,P,120.0,18.0,12.49,Kurus
12,P,143.3,35.4,17.23,Normal
11,P,140.1,33.7,17.17,Normal
10,P,134.0,31.8,17.73,Normal
12,P,142.7,42.3,20.78,Gemuk
10,L,135.1,38.0,20.83,Gemuk
6,P,114.8,17.0,12.89,Kurus
10,P,134.7,33.4,18.4,Gemuk
12,P,148.7,41.5,18.79,Gemuk
12,L,147.7,41.4,18.96,Gemuk
7,P,121.1,21.0,14.3,Normal
10,L,130.6,32.0,18.76,Gemuk
12,P,146.2,32.4,15.15,Normal
11,P,143.5,33.2,16.14,Normal
7,L,115.3,23.4,17.64,Normal
10,P,136.1,28.8,15.53,Normal
8,L,122.8,27.0,17.86,Normal
10,L,137.6,28.0,14.8,Normal
12,L,149.9,38.0,16.94,Normal
11,P,140.3,38.7,19.68,Gemuk
8,L,125.6,20.0,12.67,Kurus
7,P,116.3,25.0,18.49,Gemuk
8,P,120.3,24.3,16.81,Normal
12,L,144.4,38.4,18.42,Gemuk
10,P,135.5,25.0,13.63,Kurus
7,P,115.4,19.5,14.63,Normal
7,P,116.2,18.0,13.32,Kurus
11,L,141.0,33.6,16.88,Normal
7,L,116.7,23.0,16.9,Normal
12,P,143.7,38.4,18.58,Gemuk
9,L,129.0,25.7,15.43,Normal
6,L,114.1,17.0,13.05,Kurus
6,P,110.6,20.9,17.11,Normal
7,L,116.9,24.0,17.57,Normal
11,P,140.9,38.0,19.13,Gemuk
12,P,143.7,42.9,20.81,Gemuk
12,L,147.3,35.2,16.22,Normal
8,L,124.2,21.1,13.66,Kurus
12,L,149.4,39.2,17.56,Normal
12,L,143.0,36.4,17.79,Normal
9,P,126.9,28.9,17.94,Normal
9,L,130.3,24.3,14.35,Normal
10,P,131.8,31.6,18.16,Gemuk
10,P,135.0,30.5,16.72,Normal
7,P,115.5,24.9,18.65,Gemuk
11,L,139.7,40.0,20.48,Gemuk
6,L,110.0,22.0,18.18,Gemuk
12,L,144.1,39.7,19.14,Gemuk
11,L,143.7,29.6,14.33,Normal
6,L,113.1,20.2,15.77,Normal
7,P,119.6,25.0,17.47,Normal
11,L,136.6,37.4,20.07,Gemuk
9,L,124.5,26.4,17.0,Normal
8,P,126.6,21.6,13.47,Kurus
11,L,141.2,34.3,17.21,Normal
12,L,144.8,35.2,16.77,Normal
12,P,150.7,37.7,16.59,Normal
12,P,145.8,40.3,18.95,Gemuk
11,P,138.5,36.0,18.8,Gemuk
9,P,127.9,32.3,19.76,Gemuk
6,P,115.7,18.4,13.75,Kurus
12,L,144.9,38.7,18.44,Gemuk
9,P,124.1,28.2,18.3,Gemuk
9,P,132.0,28.4,16.32,Normal
7,P,122.1,19.9,13.36,Kurus
6,L,117.6,22.0,15.91,Normal
7,P,117.9,24.4,17.54,Normal
12,L,142.6,37.1,18.23,Gemuk
8,P,123.1,26.5,17.51,Normal
11,P,145.9,32.6,15.29,Normal
6,P,112.9,19.1,14.95,Normal
12,P,144.6,43.3,20.68,Gemuk
12,P,147.1,37.2,17.18,Normal
12,L,144.2,39.9,19.22,Gemuk
11,L,140.2,33.0,16.8,Normal
8,L,125.1,23.7,15.16,Normal
11,P,141.9,38.9,19.35,Gemuk
12,L,146.7,38.7,17.97,Normal
12,L,144.4,36.5,17.5,Normal
10,P,129.9,29.6,17.57,Normal
7,P,119.9,18.1,12.58,Kurus
11,L,143.6,37.5,18.17,Gemuk
6,P,112.7,18.4,14.51,Normal
11,P,143.5,34.3,16.68,Normal
6,L,114.0,21.2,16.27,Normal
6,L,113.1,19.0,14.85,Normal
12,P,148.8,39.7,17.94,Normal
7,P,119.9,21.5,14.93,Normal
6,L,111.6,17.0,13.66,Kurus
12,L,144.0,44.4,21.42,Gemuk
12,P,145.1,43.8,20.81,Gemuk
6,P,111.4,21.4,17.24,Normal
8,P,124.5,20.1,12.98,Kurus
10,L,134.2,28.9,16.06,Normal
7,P,118.2,24.2,17.33,Normal
8,P,120.8,26.6,18.24,Gemuk
11,L,143.6,41.3,20.03,Gemuk
8,L,122.1,29.0,19.45,Gemuk
6,L,115.2,19.1,14.41,Normal
11,P,141.9,39.3,19.51,Gemuk
10,P,140.0,33.4,17.02,Normal
7,L,117.1,23.6,17.22,Normal
8,L,124.6,23.9,15.41,Normal
10,P,134.6,33.8,18.66,Gemuk
6,L,117.8,21.8,15.7,Normal
6,P,116.1,17.0,12.62,Kurus
12,P,147.9,36.2,16.57,Normal
9,L,125.5,24.8,15.75,Normal
11,P,141.4,33.2,16.59,Normal
8,L,125.5,25.2,15.99,Normal
9,P,129.6,29.1,17.31,Normal
9,L,127.0,27.0,16.73,Normal
9,L,129.8,25.7,15.27,Normal
6,L,115.0,17.0,12.85,Kurus
6,L,112.9,20.7,16.2,Normal
9,L,125.6,29.8,18.93,Gemuk
9,L,130.9,27.4,15.97,Normal
9,P,125.1,32.8,20.97,Gemuk
9,L,129.1,23.9,14.31,Normal
10,P,132.2,29.4,16.82,Normal
10,P,133.5,31.1,17.45,Normal
12,P,151.0,35.2,15.44,Normal
6,P,116.7,21.6,15.89,Normal
12,P,147.6,37.2,17.1,Normal
7,P,116.1,18.0,13.34,Kurus
10,P,137.0,34.4,18.33,Gemuk
9,L,127.7,28.3,17.35,Normal
7,P,116.4,19.8,14.65,Normal
9,P,128.1,29.6,18.05,Gemuk
6,L,113.7,22.0,17.0,Normal
7,P,119.3,19.2,13.46,Kurus
9,P,129.7,26.0,15.45,Normal
7,L,118.2,22.2,15.87,Normal
7,L,119.9,23.7,16.46,Normal
10,P,134.5,29.8,16.49,Normal
6,P,116.7,18.8,13.85,Kurus
8,P,127.6,26.3,16.13,Normal
6,P,115.8,18.4,13.75,Kurus
10,P,131.1,32.4,18.84,Gemuk
6,P,111.8,17.4,13.91,Kurus
8,L,123.0,24.9,16.43,Normal
11,P,140.6,35.9,18.15,Gemuk
9,P,133.0,30.1,17.02,Normal
11,L,142.3,35.8,17.7,Normal
10,L,131.0,31.3,18.25,Gemuk
10,P,133.1,31.4,17.71,Normal
8,L,121.5,21.7,14.72,Normal
10,P,133.2,32.1,18.09,Gemuk
9,L,127.7,31.8,19.47,Gemuk
8,P,120.6,25.0,17.15,Normal
11,P,140.3,34.2,17.39,Normal
11,L,142.0,30.8,15.24,Normal
6,L,112.1,18.9,15.04,Normal
8,P,126.0,26.1,16.44,Normal
12,P,148.2,36.1,16.42,Normal
12,L,145.1,40.8,19.37,Gemuk
7,L,120.6,20.3,14.0,Kurus
6,L,117.7,22.0,15.88,Normal
10,L,133.8,32.3,18.05,Gemuk
7,L,114.8,18.9,14.35,Normal
6,P,112.1,18.1,14.37,Normal
9,P,131.7,25.2,14.54,Normal
8,P,122.7,25.4,16.88,Normal
7,L,120.5,18.0,12.4,Kurus
7,P,113.5,21.9,17.01,Normal
12,P,147.7,38.1,17.48,Normal
12,P,146.2,39.1,18.3,Gemuk
7,L,121.5,21.0,14.23,Normal
8,L,122.3,28.4,18.94,Gemuk
9,L,131.8,34.0,19.58,Gemuk
7,P,115.6,18.0,13.47,Kurus
6,L,112.7,18.1,14.27,Normal
7,L,118.3,22.4,15.98,Normal
7,L,117.7,19.1,13.81,Kurus
11,P,137.2,40.6,21.58,Gemuk
10,L,129.9,33.5,19.85,Gemuk
11,P,140.4,38.1,19.31,Gemuk
10,L,137.4,28.8,15.26,Normal
10,P,132.7,30.7,17.44,Normal
9,P,125.5,30.0,19.05,Gemuk
12,P,148.7,34.5,15.6,Normal
7,L,118.0,22.2,15.94,Normal
9,L,130.4,33.2,19.51,Gemuk
7,P,116.3,23.4,17.29,Normal
10,L,134.9,32.2,17.68,Normal
11,P,139.9,35.4,18.1,Gemuk
12,P,146.6,38.9,18.1,Gemuk
9,L,124.5,23.2,14.97,Normal
7,P,118.8,20.6,14.57,Normal
9,P,126.2,27.2,17.09,Normal
9,P,129.1,27.1,16.25,Normal
9,P,129.7,27.7,16.47,Normal
10,L,135.9,33.6,18.19,Gemuk
7,P,115.8,18.7,13.9,Kurus
7,L,118.7,21.3,15.09,Normal
9,P,129.6,27.2,16.17,Normal
11,L,139.3,33.7,17.37,Normal
7,P,119.5,18.0,12.61,Kurus
11,P,139.9,33.8,17.29,Normal
7,P,121.0,25.0,17.09,Normal
10,L,130.8,25.0,14.62,Normal
7,L,121.6,19.3,13.02,Kurus
9,P,126.6,24.5,15.31,Normal
9,P,129.9,29.7,17.62,Normal
12,L,147.0,42.2,19.54,Gemuk
7,P,119.8,20.1,13.97,Kurus
6,P,114.2,19.0,14.54,Normal
10,L,134.3,31.9,17.69,Normal
9,P,127.8,23.6,14.43,Normal
8,L,118.2,28.1,20.14,Gemuk
10,L,131.6,27.2,15.7,Normal
8,L,125.8,24.4,15.4,Normal
7,L,115.0,24.9,18.84,Gemuk
11,L,141.1,33.9,17.01,Normal
12,L,148.2,38.4,17.47,Normal
12,L,144.5,40.0,19.18,Gemuk
10,P,136.2,27.9,15.02,Normal
10,P,132.0,35.0,20.11,Gemuk
11,P,143.8,33.4,16.15,Normal
6,L,117.9,22.0,15.83,Normal
11,L,144.2,33.8,16.25,Normal
6,L,118.0,20.1,14.45,Normal
6,L,118.0,22.0,15.8,Normal
9,P,128.6,25.8,15.58,Normal
12,L,144.2,38.3,18.42,Gemuk
7,L,116.7,18.0,13.22,Kurus
9,P,126.6,31.3,19.56,Gemuk
11,P,144.5,29.9,14.31,Normal
8,P,124.4,20.8,13.47,Kurus
7,L,116.3,22.3,16.45,Normal
9,L,130.6,27.1,15.85,Normal
6,L,118.0,17.3,12.43,Kurus
10,L,137.2,32.7,17.34,Normal
12,L,145.1,34.4,16.31,Normal
9,L,126.9,28.0,17.37,Normal
9,P,127.2,31.7,19.57,Gemuk
6,L,113.4,22.0,17.12,Normal
9,P,130.8,25.9,15.13,Normal
12,L,144.5,44.4,21.24,Gemuk
7,L,118.7,20.1,14.26,Normal
12,P,143.6,38.8,18.82,Gemuk
6,P,111.5,17.0,13.67,Kurus
6,P,114.3,22.0,16.85,Normal
12,P,145.4,37.4,17.69,Normal
6,P,114.2,17.0,13.05,Kurus
7,L,123.0,19.0,12.54,Kurus
6,P,117.2,20.0,14.53,Normal
10,L,134.5,31.7,17.52,Normal
7,L,116.5,23.3,17.15,Normal
6,P,114.6,17.0,12.95,Kurus
12,P,146.9,36.0,16.7,Normal
9,L,129.8,24.7,14.68,Normal
7,P,123.0,18.0,11.9,Kurus
8,P,121.0,23.4,16.01,Normal
10,L,135.6,35.5,19.33,Gemuk
11,L,140.6,38.0,19.24,Gemuk
9,L,130.4,31.6,18.56,Gemuk
11,L,137.1,36.0,19.17,Gemuk
8,L,124.3,27.6,17.87,Normal
9,L,128.5,27.3,16.51,Normal
7,L,118.5,19.5,13.89,Kurus
11,P,143.8,40.3,19.48,Gemuk
8,P,125.9,26.9,16.96,Normal
7,P,116.0,20.6,15.3,Normal
10,L,131.2,35.8,20.82,Gemuk
9,P,131.8,27.3,15.7,Normal
9,P,129.9,29.8,17.69,Normal
8,L,120.3,21.2,14.66,Normal
9,P,126.7,28.7,17.9,Normal
11,L,139.9,37.4,19.12,Gemuk
8,L,121.5,21.2,14.4,Normal
12,P,146.2,39.4,18.42,Gemuk
11,P,142.0,40.1,19.87,Gemuk
6,L,114.7,19.4,14.75,Normal
7,L,118.6,21.9,15.59,Normal
12,L,143.2,41.7,20.32,Gemuk
9,L,125.9,29.8,18.77,Gemuk
6,P,114.9,17.6,13.35,Kurus
7,P,117.6,25.0,18.08,Gemuk
12,L,150.0,35.9,15.95,Normal
7,P,120.1,22.2,15.4,Normal
11,L,139.9,38.3,19.56,Gemuk
9,L,128.4,26.9,16.3,Normal
7,P,120.1,19.2,13.31,Kurus
6,P,116.9,17.9,13.09,Kurus
12,L,142.6,39.1,19.23,Gemuk
6,P,112.6,19.1,15.08,Normal
8,L,124.1,26.9,17.46,Normal
6,P,113.8,20.5,15.83,Normal
7,P,119.4,18.0,12.63,Kurus
11,P,143.3,40.5,19.71,Gemuk
10,P,133.6,31.7,17.74,Normal
7,P,119.4,19.6,13.75,Kurus
8,L,119.7,25.0,17.42,Normal
12,L,145.1,40.9,19.44,Gemuk
7,L,116.9,21.1,15.46,Normal
8,P,119.5,24.9,17.4,Normal
12,P,143.9,39.6,19.1,Gemuk
6,L,115.4,18.8,14.09,Normal
10,P,133.2,30.9,17.44,Normal
8,L,124.8,27.5,17.65,Normal
8,P,124.4,27.6,17.86,Normal
11,P,140.7,34.0,17.18,Normal
8,L,122.8,29.0,19.22,Gemuk
12,L,144.2,35.9,17.25,Normal
6,L,114.6,20.8,15.81,Normal
11,L,144.3,28.0,13.44,Kurus
10,L,134.7,28.6,15.76,Normal
7,P,119.8,21.5,14.94,Normal
7,P,123.0,25.0,16.52,Normal
6,L,113.2,17.0,13.28,Kurus
8,L,126.2,26.6,16.72,Normal
6,L,111.7,17.5,14.0,Kurus
7,L,115.5,19.1,14.3,Normal
12,P,143.1,39.5,19.29,Gemuk
6,L,117.4,17.0,12.33,Kurus
7,P,116.1,23.3,17.25,Normal
9,P,130.2,30.4,17.92,Normal
11,L,144.4,36.9,17.71,Normal
6,L,118.0,19.7,14.18,Normal
7,L,115.9,19.5,14.54,Normal
10,P,137.0,30.5,16.22,Normal
7,P,116.1,21.2,15.75,Normal
12,P,146.6,37.9,17.64,Normal
6,P,112.5,17.0,13.44,Kurus
9,P,124.2,24.6,15.95,Normal
6,P,114.3,17.0,13.01,Kurus
11,P,139.3,38.9,20.04,Gemuk
10,L,130.9,29.7,17.3,Normal
11,L,143.0,35.6,17.41,Normal
6,P,113.8,18.8,14.48,Normal
8,P,125.4,24.1,15.31,Normal
7,L,115.9,22.9,17.04,Normal
12,P,150.5,40.4,17.84,Normal
11,L,141.6,37.7,18.79,Gemuk
8,P,119.0,22.7,16.01,Normal
10,P,134.8,31.2,17.19,Normal
9,L,127.8,26.4,16.17,Normal
7,L,116.1,18.0,13.35,Kurus
11,P,146.3,36.5,17.07,Normal
8,L,124.8,20.0,12.84,Kurus
6,P,113.7,19.1,14.81,Normal
8,P,120.0,25.1,17.43,Normal
8,P,124.1,28.2,18.31,Gemuk
8,P,125.3,24.5,15.63,Normal
12,P,143.7,33.5,16.21,Normal
6,L,111.1,20.9,16.92,Normal
11,L,141.1,42.0,21.09,Gemuk
11,P,141.1,37.1,18.61,Gemuk
7,P,119.1,24.8,17.45,Normal
9,L,127.4,28.9,17.82,Normal
7,P,121.3,20.0,13.57,Kurus
12,P,147.8,37.8,17.31,Normal
9,P,127.9,25.8,15.78,Normal
12,P,146.9,35.2,16.31,Normal
10,L,137.2,32.6,17.34,Normal
12,P,147.7,36.7,16.84,Normal
9,L,129.1,26.9,16.15,Normal
9,L,132.3,32.7,18.66,Gemuk
12,L,145.0,45.2,21.48,Gemuk
6,L,117.8,22.0,15.87,Normal
11,L,138.9,36.1,18.73,Gemuk
11,L,142.1,34.5,17.07,Normal
12,P,150.1,37.7,16.74,Normal
7,P,121.8,20.2,13.63,Kurus
12,L,146.7,36.3,16.86,Normal
10,P,135.9,32.5,17.58,Normal
9,P,130.2,29.5,17.42,Normal
12,L,140.0,35.2,17.98,Normal
11,L,137.8,31.7,16.69,Normal
7,P,118.6,22.9,16.25,Normal
12,L,148.3,37.1,16.88,Normal
12,P,151.5,38.0,16.58,Normal
6,P,116.3,20.1,14.87,Normal
9,L,128.7,30.0,18.09,Gemuk
8,P,119.7,27.6,19.27,Gemuk
9,P,125.1,29.9,19.1,Gemuk
7,L,118.1,22.5,16.14,Normal
11,L,145.8,36.9,17.36,Normal
6,P,115.4,20.6,15.49,Normal
9,P,133.0,24.4,13.8,Kurus
7,P,118.5,25.0,17.81,Normal
7,P,113.1,21.6,16.85,Normal
8,P,121.9,20.0,13.47,Kurus
9,P,130.6,30.9,18.12,Gemuk
6,L,110.3,22.0,18.07,Gemuk
10,P,131.8,34.0,19.57,Gemuk
10,P,133.0,29.6,16.73,Normal
8,L,120.0,25.0,17.34,Normal
7,P,120.5,22.6,15.55,Normal
12,L,144.8,38.6,18.41,Gemuk
11,L,144.0,36.3,17.5,Normal
6,P,114.2,18.7,14.34,Normal
7,P,121.7,22.5,15.19,Normal
8,P,119.0,28.9,20.38,Gemuk
6,L,114.8,22.0,16.69,Normal
6,P,113.4,20.7,16.12,Normal
8,L,122.2,21.7,14.53,Normal
11,P,144.9,33.4,15.92,Normal
7,L,113.6,22.9,17.74,Normal
9,L,128.8,28.3,17.05,Normal
10,P,132.0,34.9,20.05,Gemuk
10,L,128.2,33.6,20.43,Gemuk
10,P,132.1,30.6,17.52,Normal
6,P,115.6,21.0,15.72,Normal
6,P,116.2,22.0,16.3,Normal
9,L,126.9,24.6,15.28,Normal
9,L,131.4,33.9,19.61,Gemuk
9,P,130.2,33.8,19.92,Gemuk
8,P,122.2,23.5,15.73,Normal
6,L,112.9,22.0,17.24,Normal
8,L,118.5,24.9,17.72,Normal
12,L,145.6,34.8,16.44,Normal
11,P,140.6,33.1,16.73,Normal
12,L,143.2,39.3,19.16,Gemuk
8,L,124.5,21.4,13.83,Kurus
6,L,112.9,17.0,13.34,Kurus
9,P,127.2,30.0,18.57,Gemuk
9,P,125.9,30.6,19.31,Gemuk
11,P,141.3,38.0,19.06,Gemuk
7,P,118.3,18.8,13.41,Kurus
7,L,118.4,21.5,15.34,Normal
12,P,145.1,43.0,20.45,Gemuk
10,L,137.5,32.0,16.95,Normal
7,P,114.9,18.3,13.87,Kurus
8,L,122.5,21.3,14.17,Normal
11,L,141.8,35.4,17.59,Normal
8,P,119.4,20.0,14.02,Normal
11,L,140.9,34.1,17.19,Normal
10,P,133.7,33.0,18.46,Gemuk
12,L,148.7,36.5,16.48,Normal
10,L,132.8,32.8,18.58,Gemuk
7,L,118.6,18.0,12.8,Kurus
12,P,148.1,36.8,16.8,Normal
11,P,140.3,38.0,19.3,Gemuk
9,P,128.4,26.5,16.1,Normal
7,P,115.8,18.0,13.41,Kurus
12,L,142.1,43.1,21.34,Gemuk
11,P,142.5,31.1,15.33,Normal
8,P,125.5,29.0,18.42,Gemuk
8,P,123.3,20.0,13.16,Kurus
11,L,144.2,36.0,17.31,Normal
9,P,127.9,31.0,18.98,Gemuk
12,L,147.5,43.0,19.75,Gemuk
7,L,118.7,21.5,15.23,Normal
6,P,116.0,22.0,16.36,Normal
10,L,134.4,30.9,17.13,Normal
9,L,125.3,28.1,17.91,Normal
10,P,133.2,32.2,18.13,Gemuk
6,P,115.1,17.6,13.28,Kurus
12,L,140.5,33.0,16.7,Normal
7,L,117.6,20.8,15.06,Normal
6,P,115.5,22.0,16.5,Normal
12,P,147.2,41.6,19.16,Gemuk
11,P,140.6,34.3,17.37,Normal
11,P,138.8,38.7,20.11,Gemuk
6,P,112.7,20.5,16.16,Normal
6,L,116.8,17.3,12.69,Kurus
7,L,121.1,25.0,17.06,Normal
6,P,111.8,18.4,14.71,Normal
6,P,110.8,22.0,17.91,Normal
12,P,141.9,39.6,19.69,Gemuk
6,L,115.3,22.0,16.55,Normal
11,P,139.4,33.8,17.41,Normal
11,L,140.7,36.6,18.52,Gemuk
10,L,135.4,33.8,18.46,Gemuk
8,P,126.7,20.5,12.78,Kurus
8,P,127.5,25.5,15.71,Normal
6,L,110.5,17.7,14.53,Normal
11,P,141.4,37.8,18.88,Gemuk
8,P,124.7,25.0,16.1,Normal
12,P,148.8,39.9,18.0,Normal
8,L,121.1,22.5,15.36,Normal
10,L,130.4,27.6,16.23,Normal
11,L,144.8,32.3,15.39,Normal
12,P,144.7,35.9,17.14,Normal
9,L,125.7,30.5,19.29,Gemuk
7,L,118.2,23.9,17.13,Normal
7,P,119.8,21.3,14.81,Normal
7,P,115.9,21.6,16.09,Normal
9,P,128.1,27.7,16.87,Normal
7,P,118.9,20.2,14.27,Normal
8,L,124.1,20.0,12.99,Kurus
7,P,119.6,18.0,12.58,Kurus
6,P,117.5,19.4,14.05,Normal
11,L,140.1,35.1,17.91,Normal
12,L,146.5,42.9,19.98,Gemuk
9,L,124.9,30.1,19.25,Gemuk
8,P,127.5,21.9,13.47,Kurus
12,P,146.0,38.6,18.12,Gemuk
9,P,128.4,22.0,13.35,Kurus
8,L,123.0,24.4,16.14,Normal
8,P,118.0,22.9,16.45,Normal
8,L,124.4,21.7,14.03,Normal
11,P,142.2,36.9,18.27,Gemuk
8,L,123.4,26.2,17.22,Normal
7,L,113.1,20.7,16.23,Normal
8,L,123.9,26.5,17.26,Normal
12,P,146.1,37.5,17.56,Normal
6,L,112.6,22.0,17.36,Normal
7,L,118.3,19.2,13.74,Kurus
11,L,143.6,38.4,18.61,Gemuk
6,P,113.3,22.0,17.13,Normal
9,P,130.0,24.7,14.62,Normal
11,P,145.3,34.7,16.46,Normal
10,L,131.6,31.9,18.44,Gemuk
11,P,139.0,38.7,20.03,Gemuk
12,P,146.6,40.1,18.65,Gemuk
12,L,149.1,40.0,18.02,Gemuk
9,L,133.0,27.0,15.25,Normal
7,P,116.0,19.5,14.5,Normal
12,P,144.9,40.0,19.04,Gemuk
7,P,120.1,18.0,12.48,Kurus
6,L,118.0,18.7,13.45,Kurus
11,P,142.6,35.2,17.32,Normal
7,L,119.7,20.3,14.15,Normal
11,L,141.9,37.0,18.38,Gemuk
10,P,131.7,35.1,20.23,Gemuk
11,L,138.6,39.3,20.48,Gemuk
7,L,115.4,18.0,13.53,Kurus
9,L,129.0,27.1,16.3,Normal
8,L,120.9,20.0,13.67,Kurus
7,L,118.8,24.4,17.31,Normal
12,L,143.9,40.0,19.31,Gemuk
7,P,120.8,19.3,13.25,Kurus
6,L,112.0,17.0,13.56,Kurus
12,L,144.2,37.6,18.08,Gemuk
10,P,130.9,32.3,18.85,Gemuk
9,L,126.2,25.7,16.12,Normal
9,L,125.2,23.9,15.26,Normal
12,P,140.4,38.0,19.29,Gemuk
8,P,119.7,24.7,17.24,Normal
7,L,117.2,25.0,18.2,Gemuk
9,L,129.2,22.0,13.18,Kurus
6,P,112.6,22.0,17.36,Normal
12,P,151.0,35.5,15.57,Normal
6,P,113.2,17.0,13.27,Kurus
9,P,130.1,27.2,16.09,Normal
10,L,134.0,31.4,17.51,Normal
10,P,134.0,29.1,16.23,Normal
12,P,149.3,38.7,17.35,Normal
6,P,115.6,18.5,13.84,Kurus
6,P,113.0,19.9,15.58,Normal
9,L,130.7,26.2,15.33,Normal
7,L,120.6,22.7,15.61,Normal
10,L,138.8,31.0,16.08,Normal
10,P,137.9,28.0,14.73,Normal
10,L,136.1,33.2,17.93,Normal
12,P,149.5,42.2,18.9,Gemuk
12,L,145.6,43.5,20.51,Gemuk
10,L,136.1,29.3,15.84,Normal
6,L,113.5,22.0,17.08,Normal
7,P,113.5,21.6,16.76,Normal
6,L,115.5,17.0,12.73,Kurus
11,L,142.1,37.6,18.65,Gemuk
6,P,110.5,17.2,14.06,Normal
10,L,130.8,33.4,19.53,Gemuk
12,L,147.2,36.4,16.82,Normal
8,P,125.2,26.2,16.67,Normal
6,P,118.0,21.2,15.23,Normal
6,P,114.4,19.9,15.18,Normal
11,L,139.2,37.5,19.36,Gemuk
9,P,130.0,29.1,17.19,Normal
12,L,145.4,42.6,20.12,Gemuk
12,P,141.8,36.8,18.3,Gemuk
12,L,146.7,40.0,18.58,Gemuk
8,L,120.4,20.0,13.81,Kurus
8,P,119.5,24.0,16.81,Normal
11,P,138.9,37.6,19.48,Gemuk
9,L,128.4,30.4,18.47,Gemuk
11,L,138.4,41.1,21.44,Gemuk
6,L,112.0,22.0,17.54,Normal
7,L,115.8,19.7,14.65,Normal
11,P,140.2,31.1,15.84,Normal
7,L,119.1,19.0,13.37,Kurus
9,L,129.9,27.3,16.16,Normal
6,L,117.6,20.8,15.04,Normal
9,P,127.8,26.0,15.92,Normal
10,L,134.6,35.1,19.36,Gemuk
10,P,132.7,29.5,16.78,Normal
10,L,129.2,26.2,15.68,Normal
9,L,128.4,31.2,18.91,Gemuk
10,L,138.9,31.3,16.24,Normal
12,P,152.0,37.2,16.08,Normal
6,P,110.4,17.4,14.31,Normal
9,P,124.0,33.7,21.95,Gemuk
9,P,127.4,25.5,15.73,Normal
6,P,114.4,19.3,14.77,Normal
12,L,145.6,35.7,16.82,Normal
7,L,120.3,19.9,13.73,Kurus
7,L,114.2,25.0,19.15,Gemuk
7,L,118.8,20.6,14.57,Normal
11,P,142.6,36.1,17.78,Normal
9,P,128.1,28.6,17.47,Normal
10,L,133.5,30.3,17.0,Normal
10,P,132.0,28.8,16.5,Normal
9,P,128.1,33.4,20.34,Gemuk
7,L,122.4,20.4,13.64,Kurus
7,L,114.6,21.1,16.07,Normal
12,L,144.1,38.8,18.67,Gemuk
8,L,119.8,26.7,18.64,Gemuk
8,L,122.4,24.4,16.29,Normal
7,L,120.8,18.0,12.34,Kurus
11,L,140.9,33.6,16.94,Normal
7,P,120.8,24.4,16.68,Normal
6,P,110.0,22.0,18.18,Gemuk
6,P,112.0,21.8,17.42,Normal
11,P,141.9,34.3,17.05,Normal
12,P,142.8,34.5,16.92,Normal
9,P,132.0,25.7,14.73,Normal
12,P,147.5,38.0,17.46,Normal
6,P,116.9,21.9,16.03,Normal
11,L,142.7,39.6,19.43,Gemuk
11,P,138.7,29.9,15.52,Normal
11,P,139.9,31.4,16.05,Normal
7,P,117.2,25.0,18.2,Gemuk
11,L,139.7,37.0,18.96,Gemuk
8,P,120.4,23.8,16.41,Normal
11,L,145.7,30.2,14.22,Normal
9,L,129.9,30.5,18.11,Gemuk
8,L,122.3,22.5,15.05,Normal
9,L,131.7,34.0,19.6,Gemuk
11,L,137.2,41.4,21.98,Gemuk
6,L,116.5,17.0,12.52,Kurus
9,P,125.9,27.5,17.33,Normal
6,L,112.8,19.0,14.96,Normal
11,L,141.3,33.5,16.78,Normal
9,L,127.3,24.1,14.87,Normal
9,L,127.1,24.3,15.04,Normal
8,P,123.7,20.0,13.06,Kurus
6,L,110.1,20.7,17.07,Normal
8,P,122.7,20.4,13.56,Kurus
12,L,146.9,40.5,18.78,Gemuk
6,P,114.1,22.0,16.91,Normal
12,P,147.0,36.1,16.68,Normal
8,P,123.8,20.0,13.05,Kurus
8,L,126.6,20.0,12.49,Kurus
12,P,145.7,37.3,17.58,Normal
11,P,140.4,31.5,15.97,Normal
7,L,120.9,20.5,14.02,Normal
7,P,119.2,20.5,14.44,Normal
7,L,118.7,23.3,16.5,Normal
8,L,124.4,28.8,18.59,Gemuk
9,P,127.5,22.8,14.03,Normal
9,L,128.5,22.2,13.46,Kurus
6,L,112.4,17.0,13.46,Kurus
11,P,136.0,34.3,18.53,Gemuk
8,P,124.7,26.9,17.3,Normal
11,P,137.8,34.8,18.34,Gemuk
10,L,131.1,31.3,18.23,Gemuk
11,P,142.2,37.2,18.41,Gemuk
6,P,118.0,18.4,13.19,Kurus
12,L,145.0,37.9,18.03,Gemuk
6,P,114.0,22.0,16.92,Normal
10,L,135.3,30.3,16.56,Normal
11,P,139.7,37.0,18.96,Gemuk
11,L,142.5,31.8,15.66,Normal
6,P,111.5,22.0,17.69,Normal
10,L,131.5,33.7,19.48,Gemuk
8,P,121.4,24.2,16.43,Normal
10,P,132.9,28.0,15.84,Normal
7,P,115.4,18.9,14.22,Normal
6,P,115.8,17.0,12.67,Kurus
9,P,128.0,28.9,17.65,Normal
12,P,146.5,36.3,16.92,Normal
7,P,117.0,25.0,18.26,Gemuk
7,L,117.2,25.0,18.2,Gemuk
10,P,136.6,31.9,17.07,Normal
7,P,119.6,20.2,14.09,Normal
8,P,125.8,27.2,17.16,Normal
11,L,141.0,33.9,17.06,Normal
6,L,116.9,20.1,14.67,Normal
9,P,126.7,27.8,17.32,Normal
6,P,111.0,22.0,17.85,Normal
6,L,115.2,22.0,16.59,Normal
11,L,144.6,38.2,18.26,Gemuk
7,L,117.7,23.5,16.98,Normal
12,P,148.2,42.6,19.38,Gemuk
12,P,147.4,37.9,17.43,Normal
10,L,136.7,32.0,17.15,Normal
10,L,135.2,30.4,16.61,Normal
8,P,124.2,23.3,15.12,Normal
11,P,135.6,32.5,17.68,Normal
9,P,133.0,30.5,17.23,Normal
8,L,121.1,29.0,19.77,Gemuk
10,P,137.0,30.6,16.31,Normal
10,P,131.4,31.7,18.33,Gemuk
7,L,117.0,20.5,14.98,Normal
6,L,113.1,17.0,13.29,Kurus
10,L,132.4,30.3,17.26,Normal
10,L,132.8,30.2,17.11,Normal
8,L,124.1,28.2,18.32,Gemuk
7,L,118.7,22.2,15.76,Normal
7,L,119.5,19.8,13.85,Kurus
9,L,128.5,31.0,18.78,Gemuk
7,P,123.0,22.9,15.12,Normal
9,P,126.6,30.0,18.73,Gemuk
12,P,143.8,40.2,19.43,Gemuk
7,L,122.0,25.0,16.79,Normal
11,P,139.1,32.6,16.84,Normal
10,P,132.9,33.6,19.04,Gemuk
10,L,137.3,30.8,16.33,Normal
7,L,116.6,19.2,14.13,Normal
12,L,146.8,42.3,19.65,Gemuk
8,L,128.0,24.8,15.15,Normal
11,P,137.7,34.3,18.08,Gemuk
9,L,126.3,31.0,19.47,Gemuk
8,P,122.2,22.9,15.32,Normal
9,P,125.5,26.7,16.97,Normal
9,L,131.0,23.6,13.73,Kurus
10,L,134.9,31.6,17.38,Normal
7,L,117.0,21.8,15.93,Normal
6,P,116.7,17.6,12.94,Kurus
11,L,139.7,31.9,16.36,Normal
9,L,130.5,27.5,16.15,Normal
8,P,124.3,23.7,15.33,Normal
11,L,144.8,33.1,15.81,Normal
9,P,130.2,28.6,16.87,Normal
12,P,145.2,36.3,17.2,Normal
7,L,115.6,18.9,14.18,Normal
11,L,146.3,30.4,14.23,Normal
8,P,122.3,24.0,16.08,Normal
10,L,133.2,29.9,16.89,Normal
6,P,110.0,17.9,14.81,Normal
7,P,113.9,25.0,19.28,Gemuk
11,P,142.5,33.5,16.49,Normal
9,L,124.8,32.1,20.65,Gemuk
8,P,119.8,20.9,14.58,Normal
12,L,143.9,39.5,19.06,Gemuk
8,P,124.9,24.0,15.39,Normal
9,L,128.5,25.0,15.13,Normal
8,L,120.8,20.7,14.17,Normal
9,P,124.0,26.6,17.29,Normal
12,P,144.1,37.1,17.86,Normal
11,L,144.5,32.6,15.6,Normal
11,P,137.6,39.6,20.92,Gemuk
6,P,113.2,22.0,17.17,Normal
12,P,147.2,37.7,17.42,Normal
9,L,131.9,25.3,14.56,Normal
8,P,124.5,21.9,14.15,Normal
12,L,148.2,39.0,17.79,Normal
12,P,144.7,37.5,17.92,Normal
9,L,124.5,28.0,18.07,Gemuk
8,L,122.8,20.7,13.69,Kurus
11,P,142.4,36.7,18.11,Gemuk
9,P,127.8,22.0,13.47,Kurus
9,L,125.5,32.1,20.36,Gemuk
7,L,119.0,22.1,15.57,Normal
7,P,119.2,21.9,15.4,Normal
9,L,128.1,24.1,14.68,Normal
10,L,134.6,30.8,16.98,Normal
12,L,146.2,42.8,20.03,Gemuk
12,P,147.0,43.5,20.13,Gemuk
8,L,125.2,27.3,17.4,Normal
8,L,123.4,24.9,16.37,Normal
9,L,127.5,26.4,16.25,Normal
11,L,143.0,38.7,18.93,Gemuk
12,L,150.5,40.4,17.84,Normal
8,L,120.8,29.0,19.87,Gemuk
8,L,123.9,26.5,17.27,Normal
8,L,126.1,21.0,13.17,Kurus
12,P,146.5,36.8,17.15,Normal
12,L,146.5,39.2,18.27,Gemuk
9,P,126.7,32.2,20.05,Gemuk
6,P,113.3,17.0,13.25,Kurus
9,L,129.2,32.8,19.64,Gemuk
11,L,142.9,33.7,16.51,Normal
6,L,118.0,20.0,14.35,Normal
6,L,118.0,20.3,14.55,Normal
12,L,145.2,41.5,19.7,Gemuk
9,P,127.9,26.2,16.0,Normal
7,L,116.7,20.2,14.85,Normal
7,L,118.0,20.2,14.5,Normal
12,P,147.6,37.8,17.33,Normal
9,L,123.9,25.4,16.55,Normal
12,L,146.1,34.3,16.06,Normal
7,L,117.3,22.1,16.03,Normal
11,P,144.5,36.9,17.65,Normal
7,L,114.9,23.2,17.53,Normal
12,P,146.7,36.3,16.89,Normal
9,P,130.9,30.2,17.6,Normal
9,P,126.9,30.2,18.77,Gemuk
12,P,144.2,36.3,17.44,Normal
11,L,144.1,38.6,18.56,Gemuk
7,P,118.3,20.0,14.33,Normal
11,P,139.8,33.0,16.88,Normal
11,L,141.5,34.5,17.23,Normal
7,P,119.3,21.7,15.28,Normal
7,P,118.6,21.5,15.29,Normal
6,P,115.0,20.4,15.44,Normal
11,P,140.5,34.3,17.38,Normal
6,P,111.9,18.3,14.58,Normal
6,P,112.2,17.6,13.98,Kurus
6,L,113.6,17.0,13.18,Kurus
12,L,143.6,42.1,20.39,Gemuk
10,L,132.8,33.0,18.69,Gemuk
12,L,150.1,39.2,17.4,Normal
10,L,130.0,31.6,18.71,Gemuk
8,P,127.3,25.0,15.46,Normal
10,P,132.3,32.9,18.79,Gemuk
7,P,113.2,22.3,17.44,Normal
11,P,139.9,34.4,17.54,Normal
10,L,136.6,28.1,15.05,Normal
11,L,144.0,31.2,15.04,Normal
8,P,122.5,20.0,13.33,Kurus
8,L,120.1,20.0,13.87,Kurus
8,P,123.1,24.1,15.87,Normal
9,L,127.5,28.7,17.68,Normal
9,P,128.3,26.9,16.35,Normal
7,P,123.0,24.8,16.41,Normal
10,P,134.6,26.4,14.58,Normal
7,P,116.7,19.3,14.13,Normal
8,P,123.5,24.8,16.26,Normal
12,L,141.6,34.5,17.23,Normal
6,L,112.7,19.2,15.13,Normal
11,P,143.4,37.6,18.28,Gemuk
6,L,111.0,21.5,17.5,Normal
9,L,123.4,28.4,18.67,Gemuk
7,L,120.7,25.0,17.16,Normal
7,L,118.8,19.5,13.8,Kurus
9,P,125.2,26.4,16.85,Normal
7,P,116.5,18.0,13.26,Kurus
8,P,122.4,22.1,14.77,Normal
6,L,113.0,18.4,14.45,Normal
7,L,116.5,23.6,17.39,Normal
10,L,135.1,27.8,15.24,Normal
8,L,122.3,25.8,17.23,Normal
9,P,127.3,23.4,14.45,Normal
12,L,149.5,38.4,17.19,Normal
11,L,143.4,33.3,16.21,Normal
9,P,126.8,23.7,14.73,Normal
7,L,122.2,19.0,12.72,Kurus
10,L,135.9,34.5,18.67,Gemuk
10,P,137.8,33.3,17.55,Normal
11,P,142.7,38.9,19.08,Gemuk
9,L,128.0,28.0,17.09,Normal
11,P,140.6,33.6,16.99,Normal
7,P,119.3,18.0,12.65,Kurus
12,P,146.1,41.5,19.42,Gemuk
8,L,124.8,22.8,14.62,Normal
11,L,139.7,36.8,18.83,Gemuk
8,P,126.9,24.4,15.14,Normal
7,P,113.0,25.0,19.58,Gemuk
9,P,131.3,29.2,16.92,Normal
6,L,114.4,19.3,14.75,Normal
10,L,131.9,32.6,18.75,Gemuk
9,P,129.9,23.6,14.0,Kurus
7,L,122.5,19.1,12.72,Kurus
12,P,147.9,41.8,19.12,Gemuk
9,P,123.7,22.1,14.42,Normal
6,P,110.0,22.0,18.18,Gemuk
10,L,134.0,28.5,15.87,Normal
8,L,120.0,25.4,17.63,Normal
12,L,143.9,38.1,18.4,Gemuk
10,P,134.7,31.4,17.31,Normal
8,L,122.2,24.7,16.53,Normal
10,P,135.3,34.1,18.64,Gemuk
8,P,123.1,22.8,15.03,Normal
7,P,114.7,18.0,13.67,Kurus
6,L,110.9,20.3,16.52,Normal
10,P,132.3,38.0,21.7,Gemuk
7,P,115.9,20.1,14.95,Normal
6,P,118.0,17.0,12.21,Kurus
11,P,135.9,36.5,19.77,Gemuk
10,P,135.4,32.2,17.57,Normal
11,P,141.0,36.3,18.28,Gemuk
11,P,139.3,36.2,18.65,Gemuk
11,P,138.6,32.5,16.91,Normal
12,P,140.1,40.7,20.76,Gemuk
9,P,123.7,26.8,17.53,Normal
8,L,120.6,25.3,17.37,Normal
9,P,128.5,28.3,17.15,Normal
9,L,129.7,23.8,14.16,Normal
8,L,119.0,24.4,17.22,Normal
9,L,127.7,32.7,20.07,Gemuk
6,P,113.2,17.7,13.82,Kurus
11,P,137.9,29.8,15.66,Normal
8,L,124.4,20.4,13.2,Kurus
7,P,118.4,23.9,17.0,Normal
9,P,131.6,29.3,16.94,Normal
8,P,122.1,23.9,16.0,Normal
12,P,147.2,36.5,16.85,Normal
6,P,114.0,18.2,14.04,Normal
9,P,129.9,27.9,16.57,Normal
8,L,124.2,20.0,12.98,Kurus
11,P,142.6,34.3,16.88,Normal
7,L,118.6,19.1,13.56,Kurus
12,P,149.3,36.1,16.18,Normal
8,L,125.8,22.7,14.37,Normal
6,P,114.0,22.0,16.93,Normal
9,P,124.9,29.9,19.19,Gemuk
6,L,111.7,22.0,17.65,Normal
9,L,130.5,26.1,15.33,Normal
12,P,146.6,38.4,17.85,Normal
10,P,129.5,31.1,18.52,Gemuk
10,P,135.0,36.4,19.96,Gemuk
11,P,137.6,36.1,19.07,Gemuk
11,L,140.0,33.2,16.94,Normal
8,P,123.2,21.9,14.44,Normal
12,L,146.7,45.8,21.3,Gemuk
8,P,122.7,24.2,16.06,Normal
6,L,112.0,17.0,13.56,Kurus
8,L,123.0,26.1,17.24,Normal
11,L,141.4,34.4,17.21,Normal
8,P,122.4,24.6,16.43,Normal
10,L,134.7,32.8,18.11,Gemuk
9,P,124.9,27.1,17.37,Normal
8,L,125.5,20.1,12.73,Kurus
7,P,117.6,20.2,14.61,Normal
8,L,128.0,26.2,15.97,Normal
6,L,112.9,19.5,15.28,Normal
7,L,116.8,23.8,17.49,Normal
6,L,114.0,18.1,13.91,Kurus
6,L,117.4,18.6,13.47,Kurus
12,P,143.4,38.5,18.74,Gemuk
10,P,135.2,25.5,13.97,Kurus
6,L,114.7,18.1,13.74,Kurus
6,L,112.3,17.7,14.0,Kurus
9,L,127.1,33.1,20.52,Gemuk
7,L,117.7,20.6,14.86,Normal
9,L,126.9,27.7,17.24,Normal
11,P,141.3,36.6,18.34,Gemuk
6,L,113.2,22.0,17.18,Normal
9,P,127.0,23.7,14.68,Normal
8,L,121.1,22.9,15.58,Normal
9,L,128.3,27.2,16.54,Normal
12,P,149.3,38.2,17.12,Normal
7,P,113.3,18.8,14.62,Normal
10,L,129.4,28.6,17.11,Normal
12,P,149.3,35.5,15.95,Normal
8,L,121.0,23.3,15.94,Normal
7,P,117.7,18.4,13.27,Kurus
8,L,124.1,25.7,16.69,Normal
6,P,110.0,17.8,14.72,Normal
11,L,137.5,32.5,17.2,Normal
8,P,122.9,23.4,15.49,Normal
10,P,135.9,28.9,15.64,Normal
7,L,115.3,23.2,17.43,Normal
12,P,147.4,31.5,14.5,Normal
7,P,116.6,20.4,15.04,Normal
10,P,130.8,31.8,18.62,Gemuk
12,P,146.3,31.3,14.61,Normal
11,P,135.0,38.5,21.13,Gemuk
12,L,148.9,41.4,18.66,Gemuk
8,P,123.1,20.0,13.21,Kurus
7,L,116.0,23.1,17.19,Normal
7,L,114.6,21.9,16.65,Normal
11,L,138.2,34.9,18.26,Gemuk
8,L,118.0,26.7,19.16,Gemuk
12,L,150.3,40.6,17.96,Normal
10,L,131.9,25.0,14.37,Normal
6,L,110.0,17.6,14.54,Normal
6,L,117.7,22.0,15.89,Normal
12,L,147.1,39.1,18.07,Gemuk
8,L,124.7,25.0,16.05,Normal
11,L,136.6,30.4,16.28,Normal
9,L,124.6,28.2,18.17,Gemuk
8,L,123.0,24.9,16.44,Normal
8,L,121.2,20.0,13.61,Kurus
6,P,114.5,20.2,15.43,Normal
7,P,115.7,23.2,17.35,Normal
10,P,134.3,31.4,17.4,Normal
7,P,118.8,19.7,13.94,Kurus
6,P,112.9,17.3,13.59,Kurus
6,P,116.0,22.0,16.35,Normal
7,P,121.3,24.9,16.96,Normal
12,P,146.0,38.5,18.04,Gemuk
11,L,138.6,32.8,17.08,Normal
8,L,123.1,23.1,15.22,Normal
7,L,116.9,22.6,16.53,Normal
7,L,115.5,23.2,17.37,Normal
6,L,114.7,19.4,14.76,Normal
7,P,116.9,21.8,15.99,Normal
8,P,122.7,26.1,17.34,Normal
11,L,135.0,28.0,15.36,Normal
7,P,113.0,18.0,14.1,Normal
12,L,147.4,36.8,16.93,Normal
11,P,137.8,32.8,17.27,Normal
7,L,117.4,23.5,17.04,Normal
9,P,130.6,25.3,14.84,Normal
6,L,114.5,18.9,14.41,Normal
11,L,139.1,33.3,17.19,Normal
7,P,119.1,20.4,14.41,Normal
8,L,118.0,20.0,14.36,Normal
11,L,145.2,32.1,15.21,Normal
7,P,118.2,21.7,15.53,Normal
8,P,121.2,24.9,16.98,Normal
11,L,136.4,30.0,16.14,Normal
6,L,114.1,22.0,16.89,Normal
9,L,128.0,26.6,16.24,Normal
7,P,119.0,18.5,13.05,Kurus
6,P,115.6,17.0,12.71,Kurus
12,L,150.9,37.1,16.29,Normal
12,P,147.2,42.7,19.7,Gemuk
6,L,112.5,19.4,15.32,Normal
6,L,117.6,17.0,12.3,Kurus
8,L,120.1,23.5,16.33,Normal
6,P,118.0,21.3,15.32,Normal
11,L,139.0,38.0,19.68,Gemuk
11,P,139.9,34.7,17.72,Normal
10,P,139.3,29.3,15.1,Normal
6,L,114.2,20.6,15.8,Normal
12,L,142.8,41.5,20.32,Gemuk
12,L,142.9,34.6,16.92,Normal
8,L,122.5,24.9,16.6,Normal
10,P,130.3,32.1,18.88,Gemuk
12,L,148.1,40.4,18.4,Gemuk
12,P,142.6,34.5,16.96,Normal
12,L,145.8,35.9,16.9,Normal
6,P,113.3,22.0,17.14,Normal
7,L,117.8,21.9,15.78,Normal
11,L,140.8,38.9,19.63,Gemuk
12,L,148.7,41.2,18.66,Gemuk
8,P,125.9,26.4,16.64,Normal
7,P,119.7,23.9,16.69,Normal
10,P,132.6,29.3,16.68,Normal
8,L,123.6,25.0,16.38,Normal
9,L,130.8,29.2,17.05,Normal
8,L,124.5,20.0,12.9,Kurus
7,L,113.7,22.0,17.01,Normal
10,P,133.9,37.9,21.16,Gemuk
10,L,138.0,28.9,15.16,Normal
11,P,144.4,36.1,17.32,Normal
10,L,135.7,27.6,14.99,Normal
12,P,148.4,38.9,17.66,Normal
12,L,141.8,41.1,20.42,Gemuk
9,L,125.4,33.7,21.43,Gemuk
11,L,142.6,36.3,17.85,Normal
11,L,144.2,38.2,18.38,Gemuk
11,L,141.5,36.0,17.99,Normal
12,L,142.7,41.3,20.27,Gemuk
12,L,147.2,36.9,17.02,Normal
12,L,148.1,39.9,18.2,Gemuk
8,P,123.3,23.9,15.76,Normal
10,P,133.4,30.9,17.37,Normal
7,L,116.0,18.0,13.38,Kurus
8,L,124.9,21.3,13.65,Kurus
10,P,134.2,34.0,18.87,Gemuk
12,P,148.0,36.4,16.6,Normal
10,L,132.3,27.8,15.9,Normal
11,P,140.4,43.0,21.82,Gemuk
7,L,118.8,20.3,14.37,Normal
6,L,110.5,20.6,16.88,Normal
7,P,121.6,20.4,13.82,Kurus
8,P,125.5,21.5,13.64,Kurus
9,P,130.8,29.0,16.91,Normal
12,L,147.5,42.7,19.61,Gemuk
10,P,136.5,32.1,17.23,Normal
9,L,129.4,29.0,17.33,Normal
9,L,126.2,27.7,17.39,Normal
7,P,116.5,18.8,13.87,Kurus
7,P,123.0,21.3,14.05,Normal
8,P,119.7,26.3,18.35,Gemuk
12,P,149.1,44.8,20.14,Gemuk
11,L,143.0,34.1,16.67,Normal
12,L,146.7,34.2,15.9,Normal
7,P,118.4,24.6,17.54,Normal
9,P,130.4,23.1,13.6,Kurus
12,L,146.1,40.9,19.14,Gemuk
12,L,148.9,36.8,16.6,Normal
7,P,120.2,20.1,13.92,Kurus
10,L,138.9,36.1,18.71,Gemuk
6,L,116.8,19.1,14.01,Normal
9,L,128.5,22.5,13.62,Kurus
10,L,133.2,36.9,20.8,Gemuk
6,L,113.3,17.0,13.24,Kurus
8,P,122.7,26.2,17.38,Normal
10,P,135.6,37.3,20.28,Gemuk
8,L,125.1,27.4,17.53,Normal
11,L,142.2,37.3,18.46,Gemuk
10,P,138.1,32.9,17.26,Normal
9,L,125.5,28.6,18.16,Gemuk
7,P,118.1,21.7,15.56,Normal
6,P,111.3,17.3,13.95,Kurus
11,L,137.8,37.4,19.72,Gemuk
9,P,127.7,26.1,16.0,Normal
9,P,127.4,28.3,17.44,Normal
8,P,124.3,29.0,18.77,Gemuk
7,L,119.3,18.0,12.65,Kurus
8,P,122.3,26.7,17.81,Normal
10,L,132.3,34.4,19.65,Gemuk
6,P,115.6,17.0,12.72,Kurus
7,L,116.9,18.1,13.27,Kurus
9,P,124.0,31.1,20.22,Gemuk
11,L,140.4,37.7,19.14,Gemuk
9,P,133.0,31.0,17.51,Normal
8,P,122.7,24.5,16.25,Normal
11,L,144.1,36.5,17.59,Normal
8,P,119.9,21.5,14.98,Normal
7,P,114.7,19.9,15.16,Normal
8,P,121.9,28.5,19.2,Gemuk
6,L,114.5,22.0,16.78,Normal
10,P,133.1,34.8,19.64,Gemuk
9,P,127.8,27.0,16.53,Normal
11,P,140.0,31.6,16.15,Normal
9,L,127.0,30.2,18.69,Gemuk
6,L,111.2,17.3,13.98,Kurus
9,P,125.6,32.3,20.47,Gemuk
10,L,135.8,29.6,16.04,Normal
7,P,116.6,21.0,15.46,Normal
8,P,123.5,25.3,16.6,Normal
10,P,132.8,36.9,20.91,Gemuk
8,P,123.4,20.0,13.13,Kurus
7,P,118.4,25.0,17.83,Normal
6,L,111.3,21.5,17.35,Normal
6,L,111.2,22.0,17.81,Normal
10,P,133.7,27.6,15.44,Normal
10,L,130.8,33.4,19.56,Gemuk
12,L,144.9,40.2,19.14,Gemuk
11,P,139.6,31.1,15.98,Normal
12,P,142.9,38.5,18.87,Gemuk
7,P,117.9,18.6,13.4,Kurus
9,L,130.6,31.5,18.48,Gemuk
7,P,118.2,21.0,15.06,Normal
7,P,118.8,25.0,17.73,Normal
10,P,132.7,27.6,15.68,Normal
9,L,130.0,28.9,17.07,Normal
10,P,133.6,34.3,19.22,Gemuk
9,P,130.3,33.2,19.57,Gemuk
6,L,113.9,19.2,14.78,Normal
10,P,135.8,26.8,14.53,Normal
6,L,114.1,22.0,16.89,Normal
11,L,145.3,33.2,15.75,Normal
10,L,136.1,31.7,17.14,Normal
9,P,127.2,30.3,18.74,Gemuk
6,P,113.3,20.0,15.58,Normal
11,P,141.3,34.5,17.26,Normal
8,L,122.8,24.6,16.29,Normal
11,P,139.7,31.4,16.11,Normal
11,P,141.9,30.6,15.18,Normal
11,P,136.5,34.3,18.4,Gemuk
11,P,141.3,31.0,15.53,Normal
7,P,121.3,20.3,13.8,Kurus
9,L,129.4,25.8,15.41,Normal
7,P,123.0,25.0,16.52,Normal
11,P,138.9,40.1,20.8,Gemuk
7,L,119.3,18.9,13.25,Kurus
10,L,133.6,31.7,17.73,Normal
7,L,114.6,18.0,13.7,Kurus
10,P,136.1,29.1,15.73,Normal
9,P,127.0,26.6,16.49,Normal
8,P,123.3,29.0,19.09,Gemuk
12,P,144.9,43.6,20.75,Gemuk
6,L,114.0,22.0,16.93,Normal
11,P,140.5,31.8,16.11,Normal
8,L,120.5,27.4,18.84,Gemuk
8,P,122.8,22.9,15.22,Normal
10,L,131.0,36.4,21.19,Gemuk
8,L,123.3,23.4,15.4,Normal
11,P,141.3,35.6,17.81,Normal
10,L,132.7,32.5,18.48,Gemuk
6,P,113.9,18.4,14.15,Normal
8,L,125.9,20.0,12.62,Kurus
7,L,116.7,22.8,16.73,Normal
9,L,125.9,22.7,14.31,Normal
11,L,143.4,31.6,15.38,Normal
10,P,132.4,32.8,18.69,Gemuk
9,P,128.0,24.8,15.12,Normal
10,L,131.5,34.3,19.84,Gemuk
11,L,143.0,42.9,20.96,Gemuk
6,P,113.6,21.8,16.86,Normal
9,L,131.1,25.2,14.65,Normal
9,P,128.9,32.1,19.35,Gemuk
8,P,124.3,27.7,17.91,Normal
6,P,113.6,17.0,13.17,Kurus
10,P,133.7,26.6,14.87,Normal
11,L,140.3,33.8,17.15,Normal
9,L,126.0,28.6,18.05,Gemuk
7,L,116.8,20.7,15.15,Normal
10,P,130.3,30.5,18.0,Normal
12,L,145.0,38.0,18.06,Gemuk
11,P,145.1,31.1,14.76,Normal
10,P,131.0,28.8,16.8,Normal
8,L,123.6,22.9,15.01,Normal
12,L,151.5,42.4,18.47,Gemuk
8,L,118.0,29.0,20.83,Gemuk
10,L,134.8,34.6,19.01,Gemuk
11,P,143.4,38.0,18.48,Gemuk
10,P,136.2,33.6,18.13,Gemuk
6,L,113.9,18.7,14.42,Normal
10,P,132.2,29.8,17.06,Normal
12,P,148.3,38.5,17.49,Normal
7,L,117.0,22.2,16.17,Normal
8,L,120.0,24.9,17.31,Normal
8,P,126.6,22.2,13.85,Kurus
10,L,130.8,33.0,19.29,Gemuk
10,L,137.2,33.9,18.03,Gemuk
12,P,147.1,42.6,19.69,Gemuk
11,L,141.5,32.3,16.16,Normal
7,P,115.7,19.4,14.51,Normal
8,P,118.4,23.0,16.42,Normal
8,L,123.4,23.8,15.65,Normal
8,L,126.5,21.6,13.52,Kurus
10,L,132.1,34.9,19.98,Gemuk
6,P,112.1,17.2,13.69,Kurus
6,P,114.1,22.0,16.9,Normal
6,P,114.0,17.1,13.12,Kurus
9,L,127.9,29.5,18.02,Gemuk
12,L,146.2,37.3,17.44,Normal
11,L,142.7,33.4,16.42,Normal
11,L,141.8,34.0,16.92,Normal
8,P,125.2,24.4,15.58,Normal
8,P,119.6,28.0,19.58,Gemuk
6,L,118.0,21.4,15.38,Normal
10,P,133.0,37.1,20.97,Gemuk
7,P,118.9,18.0,12.74,Kurus
9,P,126.7,22.0,13.71,Kurus
8,L,123.0,23.7,15.66,Normal
6,L,114.2,21.1,16.2,Normal
9,P,128.6,27.1,16.4,Normal
10,P,134.5,35.8,19.81,Gemuk
10,L,129.0,31.8,19.08,Gemuk
11,P,142.9,34.5,16.87,Normal
8,L,124.7,22.3,14.34,Normal
7,L,121.2,21.7,14.79,Normal
6,P,117.0,17.0,12.42,Kurus
8,L,121.3,22.6,15.4,Normal
10,L,131.7,32.3,18.63,Gemuk
9,L,128.9,33.2,19.99,Gemuk
6,L,114.6,18.9,14.41,Normal
12,P,146.2,43.7,20.46,Gemuk
6,P,112.6,22.0,17.34,Normal
12,P,144.3,42.9,20.59,Gemuk
11,L,139.6,39.6,20.31,Gemuk
7,L,115.5,18.0,13.49,Kurus
9,P,128.0,26.6,16.26,Normal
8,P,122.9,23.1,15.32,Normal
11,P,141.0,38.5,19.39,Gemuk
10,P,129.8,27.9,16.55,Normal
11,L,143.1,37.3,18.21,Gemuk
6,L,113.9,17.5,13.52,Kurus
11,P,141.9,37.2,18.46,Gemuk
12,L,143.8,33.8,16.37,Normal
12,L,148.8,35.6,16.06,Normal
7,L,119.3,20.7,14.58,Normal
9,L,133.0,31.6,17.86,Normal
8,L,120.9,28.1,19.24,Gemuk
8,L,120.8,21.2,14.53,Normal
9,L,128.3,31.4,19.07,Gemuk
6,P,118.0,22.0,15.8,Normal
7,L,117.5,23.7,17.2,Normal
11,P,140.2,35.4,17.99,Normal
11,L,142.9,32.3,15.82,Normal
6,L,111.4,18.8,15.1,Normal
10,L,134.6,31.6,17.44,Normal
9,L,129.2,25.1,15.05,Normal
9,P,123.7,25.4,16.56,Normal
11,P,142.3,33.4,16.49,Normal
9,P,131.1,25.2,14.67,Normal
10,P,133.4,37.2,20.89,Gemuk
11,L,141.2,35.3,17.68,Normal
8,P,122.9,24.6,16.27,Normal
6,L,110.0,22.0,18.18,Gemuk
10,L,134.2,31.9,17.71,Normal
12,L,142.7,35.7,17.5,Normal
7,P,118.5,18.0,12.81,Kurus
6,P,118.0,22.0,15.8,Normal
12,L,144.0,37.6,18.14,Gemuk
9,P,129.5,28.9,17.23,Normal
7,P,119.0,22.1,15.62,Normal
11,L,140.8,38.2,19.26,Gemuk
7,P,118.9,21.0,14.83,Normal
6,L,114.5,19.6,14.99,Normal
8,P,121.8,27.4,18.46,Gemuk
10,L,132.4,32.5,18.56,Gemuk
8,P,125.5,27.0,17.18,Normal
8,P,119.9,24.4,16.98,Normal
11,L,143.2,35.3,17.21,Normal
6,P,114.6,22.0,16.76,Normal
11,P,138.6,37.0,19.24,Gemuk
11,L,140.4,30.5,15.45,Normal
7,P,116.3,18.0,13.3,Kurus
6,P,113.2,22.0,17.16,Normal
10,L,132.7,30.8,17.48,Normal
8,L,123.8,20.0,13.06,Kurus
12,L,144.0,37.1,17.92,Normal
12,L,146.3,31.0,14.47,Normal
11,L,142.5,34.5,16.99,Normal
12,L,148.5,40.6,18.39,Gemuk
12,P,147.8,40.3,18.46,Gemuk
9,L,128.9,23.9,14.36,Normal
6,L,113.5,17.0,13.2,Kurus
11,P,143.3,36.0,17.53,Normal
6,P,117.5,22.0,15.94,Normal
6,L,112.6,21.7,17.13,Normal
7,L,116.0,21.6,16.09,Normal
6,P,116.1,20.3,15.06,Normal
7,P,120.0,24.5,17.0,Normal
9,P,127.9,26.1,15.97,Normal
10,P,135.9,30.8,16.65,Normal
7,P,118.9,18.0,12.73,Kurus
8,L,127.6,25.4,15.59,Normal
9,P,126.7,27.0,16.82,Normal
6,L,114.8,19.0,14.43,Normal
11,L,138.7,33.2,17.25,Normal
8,P,122.1,26.6,17.86,Normal
9,L,127.7,27.4,16.79,Normal
7,L,118.0,20.2,14.54,Normal
12,P,145.2,39.6,18.79,Gemuk
12,L,147.0,37.5,17.39,Normal
7,P,118.7,18.0,12.77,Kurus
8,P,122.8,28.0,18.57,Gemuk
8,L,123.7,26.9,17.54,Normal
7,L,116.5,23.4,17.23,Normal
7,L,119.0,23.2,16.39,Normal
12,L,148.6,42.5,19.23,Gemuk
11,L,139.8,34.7,17.75,Normal
10,L,130.0,31.2,18.48,Gemuk
11,L,144.3,36.0,17.31,Normal
6,P,112.5,17.0,13.44,Kurus
11,P,142.3,33.8,16.67,Normal
8,P,119.7,23.1,16.13,Normal
9,L,131.7,28.5,16.42,Normal
8,P,121.9,25.7,17.31,Normal
12,P,148.4,33.3,15.13,Normal
9,L,129.5,34.0,20.28,Gemuk
8,P,124.7,23.2,14.93,Normal
7,L,119.8,22.3,15.54,Normal
12,P,144.1,37.6,18.12,Gemuk
11,P,140.1,33.0,16.79,Normal
8,P,125.7,23.9,15.16,Normal
10,L,134.9,32.5,17.87,Normal
6,L,112.5,19.3,15.23,Normal
12,L,150.4,39.5,17.45,Normal
9,L,126.4,25.7,16.11,Normal
9,L,124.4,30.8,19.92,Gemuk
7,L,115.7,24.8,18.54,Gemuk
6,P,114.1,20.9,16.09,Normal
7,L,116.9,22.0,16.12,Normal
8,L,121.8,24.7,16.63,Normal
6,P,111.9,21.1,16.87,Normal
8,L,127.1,21.2,13.16,Kurus
8,P,121.8,20.0,13.48,Kurus
10,L,134.1,26.9,14.96,Normal
6,P,113.8,17.0,13.12,Kurus
10,P,136.7,29.1,15.59,Normal
8,P,120.7,20.0,13.73,Kurus
10,P,137.4,28.3,14.99,Normal
9,L,131.3,30.4,17.6,Normal
10,L,132.7,37.9,21.53,Gemuk
11,P,144.8,35.6,16.96,Normal
9,P,131.5,26.1,15.09,Normal
10,L,132.3,28.5,16.28,Normal
12,P,143.7,44.6,21.6,Gemuk
8,L,123.0,20.0,13.21,Kurus
11,L,143.1,36.4,17.77,Normal
10,L,132.6,35.5,20.18,Gemuk
7,L,118.0,20.5,14.69,Normal
6,L,111.5,17.1,13.72,Kurus
12,L,146.9,39.0,18.09,Gemuk
9,P,126.8,34.0,21.16,Gemuk
11,L,137.6,37.3,19.7,Gemuk
10,L,132.8,31.7,17.96,Normal
11,L,137.9,36.2,19.05,Gemuk
11,P,140.7,35.6,17.99,Normal
7,L,119.7,22.7,15.81,Normal
6,P,115.7,17.8,13.32,Kurus
10,P,134.3,33.0,18.3,Gemuk
12,L,147.0,37.2,17.24,Normal
8,L,124.3,23.7,15.33,Normal
8,L,120.2,26.9,18.62,Gemuk
11,L,141.9,39.2,19.46,Gemuk
6,L,112.6,20.8,16.37,Normal
12,P,141.4,38.8,19.42,Gemuk
8,L,119.9,26.0,18.05,Gemuk
7,L,118.8,21.3,15.1,Normal
6,L,115.9,22.0,16.37,Normal
9,P,126.2,30.2,18.99,Gemuk
10,P,128.8,27.1,16.3,Normal
6,P,111.9,20.5,16.39,Normal
6,L,113.7,22.0,17.02,Normal
8,P,121.4,22.0,14.96,Normal
12,L,145.2,41.4,19.64,Gemuk
12,P,146.6,38.4,17.85,Normal
9,L,130.0,34.0,20.12,Gemuk
12,L,146.7,39.3,18.26,Gemuk
8,L,124.8,25.5,16.41,Normal
10,L,132.1,34.9,20.02,Gemuk
10,L,135.5,29.9,16.28,Normal
7,L,120.1,23.6,16.35,Normal
7,P,113.0,18.7,14.63,Normal
10,L,135.0,35.2,19.31,Gemuk
10,L,135.5,30.4,16.57,Normal
7,P,120.2,20.7,14.34,Normal
10,L,138.8,30.3,15.72,Normal
7,L,115.3,21.9,16.49,Normal
8,P,125.5,26.9,17.06,Normal
9,P,126.5,23.2,14.47,Normal
11,L,138.0,37.7,19.79,Gemuk
10,P,134.5,30.1,16.63,Normal
11,P,141.1,36.3,18.24,Gemuk
6,P,116.3,19.4,14.34,Normal
12,P,147.3,35.1,16.2,Normal
10,L,135.1,31.6,17.34,Normal
9,P,128.6,30.1,18.18,Gemuk
7,P,121.8,19.6,13.21,Kurus
9,P,129.3,24.6,14.73,Normal
11,P,136.7,39.3,21.04,Gemuk
8,L,124.7,25.1,16.11,Normal
9,L,129.8,24.3,14.42,Normal
7,P,119.9,19.2,13.34,Kurus
12,P,143.4,37.6,18.3,Gemuk
9,L,129.2,27.8,16.67,Normal
7,L,118.2,19.5,13.99,Kurus
10,L,140.0,29.5,15.04,Normal
12,P,144.4,44.4,21.28,Gemuk
9,L,123.7,23.4,15.28,Normal
7,P,119.4,21.4,15.0,Normal
12,P,143.7,36.2,17.52,Normal
7,P,118.5,18.0,12.81,Kurus
8,P,128.0,21.4,13.08,Kurus
9,P,128.2,25.7,15.67,Normal
12,L,144.0,41.7,20.11,Gemuk
8,P,123.3,29.0,19.06,Gemuk
7,P,120.9,21.6,14.75,Normal
7,L,122.6,22.8,15.19,Normal
7,L,118.5,23.7,16.87,Normal
11,P,140.3,35.0,17.76,Normal
9,L,123.0,26.3,17.41,Normal
10,L,133.2,32.6,18.36,Gemuk
12,L,143.9,38.6,18.64,Gemuk
10,L,135.8,26.3,14.24,Normal
7,P,118.6,20.5,14.6,Normal
6,L,117.8,17.0,12.25,Kurus
11,L,136.5,36.4,19.57,Gemuk
7,P,116.2,23.4,17.31,Normal
9,L,127.2,28.3,17.5,Normal
11,P,139.0,36.6,18.93,Gemuk
6,L,111.5,18.8,15.11,Normal
11,P,140.7,35.4,17.88,Normal
11,L,142.3,36.7,18.12,Gemuk
10,L,134.9,30.5,16.75,Normal
12,L,146.1,37.1,17.38,Normal
8,L,121.9,26.6,17.9,Normal
8,P,123.2,26.9,17.7,Normal
10,P,134.0,28.5,15.9,Normal
10,P,132.3,35.9,20.55,Gemuk
12,L,150.2,38.9,17.22,Normal
12,L,147.6,37.6,17.25,Normal
11,L,140.4,34.7,17.61,Normal
9,L,129.6,31.5,18.73,Gemuk
6,L,113.8,18.6,14.37,Normal
10,L,135.4,32.8,17.9,Normal
9,L,125.9,30.5,19.21,Gemuk
7,P,116.8,24.8,18.17,Gemuk
6,P,114.6,17.6,13.41,Kurus
8,L,125.8,20.4,12.9,Kurus
6,L,114.9,18.1,13.74,Kurus
6,P,116.6,22.0,16.18,Normal
6,L,111.5,18.6,14.94,Normal
12,L,146.3,38.9,18.16,Gemuk
6,L,113.7,18.0,13.93,Kurus
8,P,123.5,25.0,16.39,Normal
11,L,142.3,32.1,15.83,Normal
9,P,123.8,30.9,20.19,Gemuk
9,L,130.0,25.8,15.24,Normal
11,L,137.8,39.8,20.95,Gemuk
12,L,143.3,36.7,17.87,Normal
8,L,124.1,25.0,16.25,Normal
7,P,119.7,24.1,16.84,Normal
11,L,139.4,34.4,17.69,Normal
12,P,148.5,35.1,15.93,Normal
8,P,124.0,28.1,18.25,Gemuk
7,P,118.7,20.4,14.45,Normal
10,L,133.8,26.6,14.88,Normal
7,L,120.2,22.0,15.25,Normal
11,P,143.4,35.8,17.42,Normal
7,P,123.0,23.6,15.62,Normal
11,L,142.4,38.8,19.16,Gemuk
6,L,116.6,20.6,15.15,Normal
6,P,118.0,19.5,14.03,Normal
11,L,141.1,33.8,16.98,Normal
12,P,142.0,31.8,15.8,Normal
12,L,149.9,40.1,17.86,Normal
11,P,138.3,32.8,17.16,Normal
8,L,120.3,29.0,20.05,Gemuk
12,L,143.0,42.5,20.76,Gemuk
11,P,138.6,28.0,14.58,Normal
10,L,131.7,29.3,16.89,Normal
9,P,131.4,29.9,17.3,Normal
6,L,115.5,17.0,12.75,Kurus
11,L,141.3,33.1,16.58,Normal
12,L,145.2,34.2,16.2,Normal
12,P,146.5,38.2,17.81,Normal
6,L,111.4,17.0,13.69,Kurus
10,L,134.3,31.5,17.46,Normal
7,L,115.9,23.4,17.43,Normal
10,L,133.2,33.3,18.79,Gemuk
7,P,121.6,22.0,14.88,Normal
12,L,145.3,42.7,20.23,Gemuk
9,L,125.1,28.4,18.16,Gemuk
8,L,123.3,22.3,14.67,Normal
8,P,123.7,22.6,14.78,Normal
6,P,112.9,21.9,17.21,Normal
8,L,121.7,27.7,18.72,Gemuk
10,L,135.2,31.9,17.43,Normal
12,L,142.9,37.5,18.37,Gemuk
6,P,116.5,22.0,16.19,Normal
12,P,150.4,43.1,19.07,Gemuk
8,L,122.5,20.0,13.32,Kurus
11,P,141.4,36.4,18.22,Gemuk
11,L,135.3,29.6,16.16,Normal
12,L,144.8,35.1,16.75,Normal
6,L,113.4,18.4,14.31,Normal
12,L,146.6,44.1,20.54,Gemuk
8,P,120.1,26.6,18.42,Gemuk
7,L,121.4,23.5,15.94,Normal
7,L,116.5,20.4,14.99,Normal
10,L,130.1,27.1,16.04,Normal
10,P,130.5,29.9,17.59,Normal
10,L,135.3,25.0,13.65,Kurus
12,P,146.3,39.0,18.21,Gemuk
8,P,123.4,20.0,13.14,Kurus
8,P,121.0,22.8,15.56,Normal
6,L,117.5,17.9,13.0,Kurus
9,P,124.4,29.2,18.89,Gemuk
7,P,119.1,18.0,12.69,Kurus
7,P,115.5,20.3,15.23,Normal
10,L,131.3,31.5,18.27,Gemuk
11,P,142.5,33.0,16.27,Normal
6,L,113.9,22.0,16.95,Normal
12,P,147.1,37.9,17.52,Normal
8,P,120.0,25.0,17.33,Normal
9,P,124.6,27.3,17.59,Normal
8,L,122.3,21.4,14.32,Normal
11,P,140.8,38.4,19.4,Gemuk
11,L,147.0,31.3,14.47,Normal
11,L,143.7,34.2,16.54,Normal
8,L,120.2,24.7,17.13,Normal
9,L,124.6,23.3,15.01,Normal
10,P,134.1,29.8,16.55,Normal
12,L,143.1,45.0,21.94,Gemuk
10,P,135.5,29.5,16.05,Normal
11,P,138.3,40.0,20.92,Gemuk
7,P,120.1,19.8,13.76,Kurus
6,P,113.7,22.0,17.01,Normal
9,L,124.8,30.8,19.73,Gemuk
11,L,138.9,38.2,19.79,Gemuk
12,L,143.8,38.4,18.58,Gemuk
12,L,145.9,36.7,17.23,Normal
9,P,125.7,23.8,15.05,Normal
7,P,120.9,25.0,17.1,Normal
8,L,121.7,20.0,13.5,Kurus
11,L,142.4,32.5,16.04,Normal
11,P,144.6,34.8,16.63,Normal
8,P,121.3,24.7,16.81,Normal
10,P,132.1,30.1,17.25,Normal
8,L,125.6,22.8,14.42,Normal
7,P,121.8,20.9,14.09,Normal
11,P,137.3,36.6,19.45,Gemuk
9,P,130.0,23.4,13.83,Kurus
8,P,123.6,24.6,16.12,Normal
11,P,140.8,37.8,19.09,Gemuk
12,P,147.6,38.7,17.75,Normal
8,L,123.8,27.6,17.99,Normal
8,L,121.3,27.2,18.5,Gemuk
12,L,145.2,39.3,18.63,Gemuk
8,P,128.0,23.5,14.36,Normal
7,P,113.0,23.5,18.42,Gemuk
12,P,145.8,34.9,16.4,Normal
8,L,122.0,25.8,17.36,Normal
10,P,133.1,35.8,20.22,Gemuk
10,L,132.8,27.3,15.48,Normal
10,L,131.9,26.7,15.32,Normal
11,L,137.3,35.0,18.59,Gemuk
9,L,128.8,29.2,17.61,Normal
6,P,118.0,17.0,12.21,Kurus
8,P,121.5,23.3,15.8,Normal
12,L,146.2,43.1,20.17,Gemuk
7,L,119.7,19.7,13.77,Kurus
10,P,133.2,31.6,17.8,Normal
6,P,110.0,22.0,18.18,Gemuk
10,P,135.9,31.0,16.79,Normal
6,P,118.0,21.7,15.55,Normal
11,L,141.8,30.9,15.36,Normal
6,L,114.0,17.0,13.07,Kurus
10,L,135.7,28.3,15.36,Normal
12,L,144.7,38.2,18.24,Gemuk
12,L,147.8,38.5,17.64,Normal
9,P,125.7,30.0,19.02,Gemuk
12,P,147.3,36.8,16.97,Normal
12,L,140.0,32.0,16.35,Normal
7,L,115.6,25.0,18.71,Gemuk
11,P,141.5,40.2,20.05,Gemuk
11,P,139.5,36.5,18.76,Gemuk
11,L,140.6,33.9,17.16,Normal
7,L,119.9,25.0,17.38,Normal
8,P,124.3,24.7,16.0,Normal
8,L,125.1,25.5,16.31,Normal
7,L,119.0,18.4,12.97,Kurus
6,P,113.3,21.6,16.85,Normal
8,P,123.0,23.9,15.79,Normal
11,L,140.6,32.3,16.33,Normal
7,L,115.9,24.0,17.84,Normal
11,L,142.1,37.8,18.74,Gemuk
10,P,137.8,33.9,17.85,Normal
9,L,125.2,27.5,17.51,Normal
8,L,122.6,27.8,18.51,Gemuk
9,L,127.4,31.7,19.55,Gemuk
8,P,128.0,24.8,15.16,Normal
7,P,116.7,24.0,17.6,Normal
12,L,144.3,35.4,17.01,Normal
11,L,139.3,33.8,17.4,Normal
12,P,144.7,37.8,18.05,Gemuk
11,P,142.6,32.3,15.87,Normal
10,P,134.6,32.2,17.76,Normal
7,P,120.8,21.9,15.04,Normal
10,L,129.2,34.1,20.41,Gemuk
6,L,111.4,21.3,17.18,Normal
9,L,128.5,24.5,14.83,Normal
10,P,138.4,25.0,13.06,Kurus
8,L,121.2,25.7,17.46,Normal
8,P,121.7,28.4,19.22,Gemuk
7,L,120.2,20.9,14.48,Normal
7,P,118.2,18.0,12.88,Kurus
10,P,133.1,32.1,18.12,Gemuk
8,L,121.5,27.3,18.52,Gemuk
10,P,131.1,34.1,19.86,Gemuk
8,L,125.1,24.6,15.74,Normal
6,L,113.8,17.0,13.13,Kurus
6,P,117.1,20.9,15.23,Normal
8,P,124.4,22.1,14.24,Normal
8,P,121.0,25.0,17.12,Normal
10,P,135.9,28.8,15.57,Normal
10,P,136.9,31.1,16.61,Normal
7,L,121.5,21.8,14.76,Normal
6,P,110.6,22.0,17.98,Normal
10,P,135.1,28.3,15.49,Normal
7,L,121.0,18.0,12.3,Kurus
8,L,124.2,20.0,12.96,Kurus
12,P,147.2,39.4,18.17,Gemuk
8,P,125.5,22.6,14.32,Normal
11,L,139.9,43.0,21.96,Gemuk
11,P,147.0,35.9,16.62,Normal
11,P,144.9,33.6,15.99,Normal
6,P,115.5,19.3,14.44,Normal
12,P,143.4,38.1,18.54,Gemuk
10,P,133.7,31.1,17.41,Normal
6,P,112.6,18.5,14.64,Normal
10,P,135.8,36.3,19.65,Gemuk
6,P,115.5,17.0,12.74,Kurus
7,L,118.0,22.3,16.04,Normal
7,P,114.0,18.0,13.85,Kurus
6,P,111.4,18.5,14.93,Normal
8,P,120.7,20.8,14.27,Normal
11,L,142.2,37.0,18.28,Gemuk
7,P,118.5,23.3,16.62,Normal
7,P,123.0,22.4,14.83,Normal
6,P,115.3,19.5,14.64,Normal
9,P,127.4,30.8,18.96,Gemuk
10,P,130.6,27.4,16.06,Normal
9,L,127.4,27.8,17.1,Normal
12,P,144.9,36.5,17.38,Normal
8,P,123.0,22.8,15.09,Normal
10,L,139.8,35.8,18.33,Gemuk
7,L,119.6,18.3,12.82,Kurus
9,P,128.7,22.8,13.78,Kurus
8,L,123.4,27.5,18.06,Gemuk
6,L,113.4,21.8,16.99,Normal
10,L,128.0,31.2,19.05,Gemuk
12,P,151.3,39.1,17.09,Normal
11,L,138.6,32.9,17.11,Normal
8,L,125.1,28.1,17.97,Normal
9,P,130.6,32.5,19.04,Gemuk
6,L,114.2,17.0,13.04,Kurus
6,P,113.7,22.0,17.01,Normal
10,L,133.5,33.1,18.57,Gemuk
7,L,119.7,18.0,12.56,Kurus
12,P,144.3,40.4,19.42,Gemuk
7,P,113.0,23.3,18.21,Gemuk
12,L,140.0,40.4,20.6,Gemuk
11,P,140.0,35.2,17.95,Normal
8,P,124.1,25.2,16.38,Normal
6,L,116.3,22.0,16.27,Normal
8,P,120.5,26.0,17.94,Normal
8,L,126.1,21.5,13.54,Kurus
6,L,118.0,22.0,15.8,Normal
6,P,116.0,19.6,14.57,Normal
11,P,143.6,31.3,15.18,Normal
9,P,133.0,31.9,18.06,Gemuk
8,P,125.3,23.8,15.12,Normal
10,L,138.4,28.0,14.63,Normal
7,L,118.6,21.0,14.93,Normal
7,L,119.3,25.0,17.57,Normal
8,P,122.4,29.0,19.36,Gemuk
6,L,116.8,22.0,16.12,Normal
7,P,117.6,24.3,17.55,Normal
11,P,140.3,35.1,17.85,Normal
6,P,114.5,18.3,13.92,Kurus
10,L,135.9,34.9,18.89,Gemuk
12,L,149.8,34.3,15.27,Normal
6,P,112.6,17.0,13.4,Kurus
8,L,125.8,22.4,14.2,Normal
9,L,127.3,31.1,19.19,Gemuk
6,P,112.3,21.8,17.32,Normal
12,P,146.0,40.9,19.21,Gemuk
7,L,114.7,25.0,19.0,Gemuk
6,P,112.5,17.5,13.8,Kurus
8,L,122.4,23.0,15.35,Normal
11,P,136.9,35.7,19.05,Gemuk
9,P,129.4,25.4,15.15,Normal
11,P,142.2,32.8,16.22,Normal
7,L,114.2,25.0,19.18,Gemuk
12,P,148.7,38.5,17.44,Normal
10,P,133.6,31.8,17.8,Normal
8,L,122.2,22.0,14.75,Normal
8,P,121.8,22.7,15.26,Normal
12,P,147.3,39.4,18.17,Gemuk
6,P,114.5,22.0,16.77,Normal
6,L,113.6,20.5,15.88,Normal
8,L,124.2,23.2,15.01,Normal
9,L,125.7,29.6,18.76,Gemuk
12,L,142.8,38.5,18.88,Gemuk
12,L,146.6,38.9,18.1,Gemuk
12,L,144.5,42.2,20.21,Gemuk
6,P,114.3,22.0,16.83,Normal
6,L,115.3,22.0,16.55,Normal
9,L,124.6,25.2,16.23,Normal
6,P,111.1,17.0,13.78,Kurus
10,P,135.1,29.3,16.07,Normal
6,L,114.7,19.8,15.01,Normal
9,P,130.7,28.4,16.64,Normal
8,P,121.6,23.2,15.71,Normal
9,L,125.5,25.9,16.43,Normal
10,L,134.4,31.6,17.49,Normal
12,L,145.5,37.5,17.73,Normal
7,P,122.5,24.6,16.41,Normal
7,P,119.7,18.0,12.56,Kurus
8,L,118.0,22.5,16.13,Normal
11,L,145.4,35.6,16.83,Normal
11,P,140.1,37.9,19.33,Gemuk
12,P,149.7,47.4,21.16,Gemuk
6,L,114.2,17.0,13.03,Kurus
11,P,143.1,35.3,17.22,Normal
7,L,116.8,18.0,13.18,Kurus
8,P,126.8,23.6,14.71,Normal
7,P,118.4,23.7,16.88,Normal
8,P,124.1,26.7,17.33,Normal
8,P,125.0,23.4,14.97,Normal
9,P,132.5,28.8,16.43,Normal
6,P,112.7,19.4,15.27,Normal
10,P,137.1,31.6,16.85,Normal
12,P,143.2,36.5,17.77,Normal
12,P,146.2,38.0,17.77,Normal
11,P,139.4,31.7,16.29,Normal
7,P,119.3,23.1,16.2,Normal
6,L,115.3,22.0,16.54,Normal
6,L,110.2,18.3,15.09,Normal
10,L,131.8,29.7,17.07,Normal
12,L,147.6,34.8,15.98,Normal
7,P,115.5,18.0,13.49,Kurus
12,P,147.0,37.8,17.48,Normal
10,L,132.9,32.2,18.24,Gemuk
8,P,124.3,25.2,16.28,Normal
7,L,116.9,18.0,13.17,Kurus
8,P,118.1,20.4,14.63,Normal
10,L,138.2,30.2,15.8,Normal
6,L,114.2,21.7,16.61,Normal
10,L,132.8,31.1,17.64,Normal
10,L,135.9,25.4,13.78,Kurus
7,L,118.3,24.9,17.79,Normal
10,L,134.0,32.7,18.22,Gemuk
8,L,123.0,25.2,16.63,Normal
6,L,111.5,20.5,16.49,Normal
10,L,134.0,36.1,20.12,Gemuk
6,P,113.4,20.6,16.06,Normal
6,L,113.9,20.1,15.49,Normal
6,L,111.6,20.3,16.27,Normal
7,P,114.3,18.0,13.78,Kurus
11,P,140.8,40.4,20.38,Gemuk
9,P,128.6,29.7,17.96,Normal
6,P,112.6,21.1,16.62,Normal
12,P,142.9,36.5,17.88,Normal
12,P,149.8,33.2,14.8,Normal
8,P,118.2,25.2,18.04,Gemuk
10,P,129.6,35.5,21.1,Gemuk
6,L,112.8,20.1,15.82,Normal
8,L,127.2,24.0,14.84,Normal
10,L,135.6,32.5,17.69,Normal
7,P,116.1,23.1,17.11,Normal
12,L,147.3,43.6,20.07,Gemuk
6,L,116.7,22.0,16.16,Normal
10,L,129.9,29.3,17.38,Normal
8,P,119.5,28.1,19.72,Gemuk
9,L,129.3,28.8,17.21,Normal
12,L,150.1,40.4,17.94,Normal
10,L,135.0,32.3,17.73,Normal
8,P,126.6,22.3,13.9,Kurus
11,L,140.8,32.0,16.13,Normal
9,L,123.9,25.4,16.54,Normal
6,P,117.0,21.6,15.78,Normal
10,P,134.7,35.9,19.8,Gemuk
12,P,143.9,39.0,18.82,Gemuk
10,L,130.0,29.4,17.42,Normal
10,P,133.3,30.5,17.18,Normal
8,P,122.6,24.0,15.95,Normal
11,L,140.1,38.2,19.46,Gemuk
7,L,118.1,25.0,17.9,Normal
10,P,138.1,37.8,19.84,Gemuk
9,P,127.3,29.2,18.04,Gemuk
9,P,126.9,22.0,13.66,Kurus
9,P,127.7,32.5,19.96,Gemuk
7,P,120.0,18.0,12.5,Kurus
10,P,135.9,30.0,16.23,Normal
6,P,114.8,21.3,16.18,Normal
12,L,149.0,37.9,17.1,Normal
11,L,143.2,33.3,16.24,Normal
8,L,125.8,23.7,14.98,Normal
10,P,136.5,31.3,16.79,Normal
7,P,118.6,22.9,16.28,Normal
9,L,131.1,28.8,16.78,Normal
12,L,145.3,36.6,17.36,Normal
7,P,117.4,20.6,14.91,Normal
8,L,121.8,24.2,16.29,Normal
8,P,124.9,26.5,16.98,Normal
11,P,136.6,30.0,16.09,Normal
9,L,125.9,26.8,16.9,Normal
11,L,139.1,28.0,14.48,Normal
6,L,116.2,18.9,14.03,Normal
7,L,118.4,19.5,13.92,Kurus
6,P,110.0,22.0,18.18,Gemuk
6,L,115.0,17.0,12.85,Kurus
7,P,119.0,18.0,12.72,Kurus
12,L,147.4,45.8,21.09,Gemuk
9,L,133.0,27.3,15.42,Normal
11,L,139.3,31.8,16.37,Normal
6,L,114.7,21.6,16.46,Normal
8,P,123.1,23.4,15.43,Normal
8,L,125.0,23.4,14.95,Normal
12,P,144.3,37.9,18.2,Gemuk
8,P,122.2,24.1,16.14,Normal
9,L,129.4,29.5,17.61,Normal
6,P,111.3,19.3,15.59,Normal
10,L,131.4,36.1,20.91,Gemuk
10,P,134.8,35.7,19.62,Gemuk
10,L,132.8,34.0,19.26,Gemuk
12,P,144.7,39.2,18.72,Gemuk
10,L,134.4,33.9,18.79,Gemuk
10,P,132.3,34.6,19.8,Gemuk
10,L,132.0,26.8,15.39,Normal
10,P,133.0,26.8,15.13,Normal
9,P,127.2,22.1,13.65,Kurus
7,P,119.5,20.8,14.53,Normal
10,P,133.3,32.4,18.26,Gemuk
11,L,140.7,31.7,16.0,Normal
6,P,114.3,18.2,13.92,Kurus
6,L,114.9,22.0,16.66,Normal
6,L,114.8,19.9,15.12,Normal
10,L,129.3,38.0,22.74,Obesitas
7,L,119.6,25.0,17.47,Normal
12,P,148.6,39.3,17.79,Normal
11,P,137.9,37.3,19.61,Gemuk
7,L,119.4,23.4,16.4,Normal
9,P,127.9,25.9,15.82,Normal
11,P,140.9,36.5,18.38,Gemuk
9,P,130.0,26.4,15.65,Normal
10,P,137.2,30.9,16.42,Normal
6,P,115.0,17.0,12.86,Kurus
7,P,119.6,20.8,14.51,Normal
7,L,120.6,22.5,15.49,Normal
9,L,129.9,24.5,14.55,Normal
6,P,117.2,21.8,15.87,Normal
10,L,135.5,30.8,16.76,Normal
8,L,124.8,20.0,12.84,Kurus
8,P,124.4,28.5,18.45,Gemuk
7,P,117.5,23.8,17.24,Normal
11,P,145.6,31.1,14.66,Normal
11,L,141.1,34.6,17.35,Normal
7,L,115.4,23.6,17.72,Normal
9,L,130.8,32.9,19.23,Gemuk
7,L,120.8,20.5,14.02,Normal
10,P,137.6,34.3,18.09,Gemuk
7,L,118.9,19.8,13.97,Kurus
6,L,110.0,20.1,16.58,Normal
6,P,114.4,19.6,14.98,Normal
7,L,118.4,18.0,12.83,Kurus
6,P,113.1,22.0,17.19,Normal
7,P,115.6,22.3,16.67,Normal
10,L,136.1,29.9,16.16,Normal
12,L,143.7,37.8,18.3,Gemuk
7,L,117.7,19.2,13.86,Kurus
10,L,135.9,25.0,13.53,Kurus
10,P,136.7,28.7,15.34,Normal
10,L,139.5,35.3,18.14,Gemuk
6,L,112.5,17.7,14.01,Normal
11,P,141.5,43.0,21.47,Gemuk
9,P,131.2,30.9,17.96,Normal
10,P,132.1,33.6,19.25,Gemuk
9,L,125.3,26.0,16.58,Normal
8,L,123.5,23.7,15.55,Normal
10,P,131.9,29.9,17.19,Normal
7,P,117.2,18.0,13.1,Kurus
9,L,132.4,30.7,17.54,Normal
10,P,133.5,31.7,17.8,Normal
12,L,149.2,40.6,18.25,Gemuk
11,L,136.5,33.6,18.05,Gemuk
10,P,135.3,37.0,20.22,Gemuk
6,L,118.0,19.1,13.74,Kurus
7,L,117.7,20.6,14.88,Normal
11,P,138.7,43.0,22.35,Obesitas
6,P,118.0,17.0,12.21,Kurus
8,L,124.5,22.7,14.67,Normal
8,P,120.1,20.0,13.87,Kurus
6,P,112.9,22.0,17.25,Normal
6,L,113.5,17.0,13.19,Kurus
10,L,132.1,30.4,17.42,Normal
11,L,140.8,35.4,17.87,Normal
6,P,114.3,17.0,13.0,Kurus
9,P,132.0,28.3,16.25,Normal
10,L,136.1,28.2,15.24,Normal
10,P,130.2,31.7,18.72,Gemuk
8,P,126.5,26.0,16.25,Normal
6,L,111.4,17.0,13.69,Kurus
11,P,142.2,39.7,19.64,Gemuk
9,P,128.2,31.4,19.13,Gemuk
9,P,124.3,27.3,17.67,Normal
8,L,119.1,27.4,19.27,Gemuk
7,L,119.9,21.2,14.77,Normal
8,P,128.0,20.4,12.46,Kurus
10,P,131.9,27.9,16.02,Normal
8,P,121.3,24.5,16.63,Normal
8,L,126.0,23.8,14.98,Normal
9,L,131.5,27.7,16.04,Normal
7,L,119.2,18.0,12.67,Kurus
9,P,128.4,28.8,17.51,Normal
9,P,130.2,28.5,16.78,Normal
9,L,129.6,25.8,15.38,Normal
12,L,141.4,41.3,20.67,Gemuk
7,L,117.9,21.4,15.39,Normal
7,L,118.1,19.5,14.0,Kurus
8,L,121.6,26.1,17.66,Normal
10,P,134.1,34.1,18.95,Gemuk
7,L,114.3,18.0,13.78,Kurus
8,L,123.4,20.8,13.63,Kurus
6,P,115.0,19.1,14.45,Normal
7,P,115.9,19.2,14.29,Normal
12,L,147.2,42.1,19.41,Gemuk
10,L,136.5,35.3,18.93,Gemuk
9,L,128.8,28.3,17.03,Normal
10,P,134.6,32.6,17.96,Normal
6,L,112.4,21.7,17.2,Normal
11,L,141.4,39.1,19.58,Gemuk
9,L,131.6,22.9,13.22,Kurus
10,L,136.8,35.0,18.72,Gemuk
6,L,111.5,21.9,17.64,Normal
8,P,120.3,26.1,18.02,Gemuk
10,P,134.8,30.9,16.98,Normal
6,L,114.1,21.5,16.54,Normal
7,P,118.1,18.1,12.99,Kurus
7,P,118.5,21.2,15.09,Normal
11,L,140.0,37.1,18.92,Gemuk
10,L,136.1,31.6,17.07,Normal
7,L,121.5,23.6,15.99,Normal
8,P,121.8,28.3,19.1,Gemuk
8,P,121.7,24.7,16.69,Normal
8,P,125.8,25.0,15.76,Normal
10,L,131.2,34.5,20.0,Gemuk
7,P,121.8,22.3,15.02,Normal
12,P,147.3,40.2,18.52,Gemuk
11,L,139.3,36.6,18.83,Gemuk
12,L,144.4,39.4,18.92,Gemuk
11,P,138.6,32.8,17.06,Normal
8,P,121.9,22.5,15.15,Normal
6,L,115.4,17.0,12.77,Kurus
7,L,115.5,22.2,16.66,Normal
11,P,142.2,36.1,17.86,Normal
11,L,143.6,37.8,18.32,Gemuk
8,P,123.7,28.1,18.38,Gemuk
9,L,130.4,30.7,18.05,Gemuk
6,P,114.2,18.8,14.42,Normal
9,P,130.8,34.0,19.86,Gemuk
9,P,130.9,22.0,12.85,Kurus
7,L,116.3,19.4,14.32,Normal
8,L,122.4,29.0,19.36,Gemuk
10,P,136.0,28.7,15.55,Normal
9,L,130.5,28.3,16.65,Normal
9,L,129.6,27.6,16.41,Normal
12,L,146.4,38.6,18.0,Gemuk
7,P,116.6,21.0,15.44,Normal
6,P,116.0,17.4,12.95,Kurus
10,P,133.4,27.9,15.67,Normal
7,P,113.0,19.2,15.02,Normal
7,P,118.0,18.6,13.37,Kurus
12,P,141.3,44.1,22.11,Obesitas
8,L,120.8,24.3,16.63,Normal
12,P,143.9,34.5,16.69,Normal
7,P,115.8,25.0,18.65,Gemuk
6,L,110.7,22.0,17.95,Normal
8,L,121.2,29.0,19.75,Gemuk
11,P,142.4,35.8,17.65,Normal
9,P,127.8,32.6,19.96,Gemuk
11,L,139.2,37.6,19.38,Gemuk
8,L,118.2,27.8,19.9,Gemuk
8,P,121.1,20.8,14.2,Normal
10,L,134.6,25.0,13.8,Kurus
8,L,118.0,29.0,20.83,Gemuk
10,P,135.0,35.6,19.53,Gemuk
11,P,144.3,30.4,14.61,Normal
8,L,121.1,25.7,17.54,Normal
9,P,127.0,23.0,14.28,Normal
12,L,148.2,41.0,18.66,Gemuk
10,L,130.8,32.3,18.88,Gemuk
7,P,123.0,23.4,15.45,Normal
12,P,143.4,40.2,19.53,Gemuk
12,P,145.4,43.9,20.77,Gemuk
7,P,120.2,22.3,15.41,Normal
11,P,145.1,28.7,13.65,Kurus
12,P,143.9,34.6,16.73,Normal
11,P,140.8,36.6,18.46,Gemuk
12,L,145.4,30.2,14.29,Normal
8,P,122.5,23.1,15.42,Normal
9,L,125.7,28.9,18.29,Gemuk
9,P,127.7,29.5,18.1,Gemuk
7,P,115.5,18.2,13.65,Kurus
7,P,115.7,24.1,18.0,Normal
9,L,124.7,28.1,18.08,Gemuk
9,L,128.4,29.5,17.89,Normal
12,P,142.8,41.5,20.33,Gemuk
6,P,115.6,22.0,16.46,Normal
11,L,135.6,35.4,19.23,Gemuk
8,P,119.8,23.2,16.14,Normal
6,P,115.9,20.9,15.59,Normal
6,L,113.2,22.0,17.16,Normal
9,P,133.0,31.1,17.58,Normal
12,P,147.4,35.7,16.45,Normal
8,P,122.4,23.1,15.39,Normal
7,P,114.9,21.3,16.13,Normal
7,L,117.3,20.9,15.22,Normal
9,P,126.8,27.3,16.97,Normal
9,P,131.6,24.6,14.21,Normal
10,P,131.0,31.1,18.13,Gemuk
7,P,117.8,22.7,16.33,Normal
6,L,111.2,20.1,16.25,Normal
8,L,120.6,29.0,19.95,Gemuk
7,L,118.1,20.4,14.62,Normal
7,P,118.3,25.0,17.87,Normal
8,P,123.6,24.6,16.13,Normal
7,P,120.3,24.9,17.22,Normal
7,P,118.6,21.1,15.0,Normal
9,L,128.9,30.6,18.45,Gemuk
8,L,123.0,26.4,17.42,Normal
9,L,130.3,31.0,18.27,Gemuk
6,L,110.9,22.0,17.9,Normal
7,L,120.0,23.0,16.0,Normal
11,P,137.3,38.5,20.45,Gemuk
12,L,148.6,40.0,18.11,Gemuk
11,P,141.5,36.8,18.35,Gemuk
11,L,138.8,32.6,16.91,Normal
7,L,115.3,20.8,15.61,Normal
9,L,130.1,31.4,18.53,Gemuk
11,P,141.8,36.5,18.12,Gemuk
10,P,130.9,36.3,21.2,Gemuk
7,P,115.5,25.0,18.75,Gemuk
6,P,117.2,18.8,13.65,Kurus
11,P,140.3,35.9,18.22,Gemuk
8,L,121.1,24.0,16.33,Normal
12,L,144.3,39.2,18.82,Gemuk
7,P,116.2,22.5,16.62,Normal
8,P,122.7,24.4,16.24,Normal
6,P,114.4,18.0,13.75,Kurus
10,P,136.7,34.5,18.46,Gemuk
7,P,116.3,20.3,15.03,Normal
8,P,126.5,20.0,12.49,Kurus
6,L,112.6,20.5,16.21,Normal
9,P,123.0,32.0,21.18,Gemuk
8,P,121.8,25.3,17.05,Normal
9,L,124.1,22.0,14.3,Normal
12,L,149.8,40.2,17.89,Normal
7,L,115.5,21.4,16.01,Normal
9,L,127.6,24.5,15.07,Normal
6,L,114.1,17.0,13.06,Kurus
12,L,145.1,41.7,19.79,Gemuk
12,P,149.1,40.3,18.11,Gemuk
6,L,111.0,19.6,15.89,Normal
7,P,121.0,24.0,16.37,Normal
7,L,114.1,25.0,19.21,Gemuk
10,L,133.0,31.9,18.02,Gemuk
6,L,114.2,21.2,16.22,Normal
9,P,129.7,25.0,14.88,Normal
9,L,132.4,30.7,17.49,Normal
12,L,149.5,37.6,16.83,Normal
7,L,118.9,24.5,17.29,Normal
6,P,112.2,22.0,17.49,Normal
11,L,143.2,35.5,17.3,Normal
7,P,118.3,20.2,14.41,Normal
8,L,127.4,21.1,13.0,Kurus
9,L,128.5,29.0,17.57,Normal
9,P,129.0,31.3,18.82,Gemuk
8,P,124.1,29.0,18.84,Gemuk
9,L,127.7,26.4,16.21,Normal
12,L,145.6,38.9,18.37,Gemuk
8,L,121.4,26.4,17.92,Normal
11,P,140.0,31.9,16.28,Normal
8,P,124.5,25.1,16.16,Normal
12,P,146.7,35.5,16.49,Normal
8,L,125.6,24.0,15.22,Normal
6,P,118.0,19.3,13.88,Kurus
7,L,119.3,21.0,14.72,Normal
6,P,114.8,17.0,12.91,Kurus
11,L,143.1,34.0,16.6,Normal
8,L,119.2,29.0,20.43,Gemuk
9,P,126.6,26.6,16.59,Normal
7,L,122.7,25.0,16.6,Normal
11,P,139.0,34.4,17.78,Normal
7,P,117.6,20.7,14.93,Normal
9,P,125.2,32.8,20.92,Gemuk
11,L,138.8,35.3,18.31,Gemuk
12,L,145.3,41.1,19.49,Gemuk
12,P,144.9,41.6,19.83,Gemuk
8,P,120.0,20.3,14.06,Normal
11,L,142.9,38.1,18.67,Gemuk
11,P,146.8,35.4,16.42,Normal
11,P,140.4,34.2,17.32,Normal
9,P,128.9,27.7,16.65,Normal
10,P,129.5,30.2,18.02,Gemuk
10,L,136.1,28.2,15.22,Normal
10,P,136.9,31.0,16.54,Normal
12,P,145.4,38.5,18.21,Gemuk
8,L,118.6,22.4,15.92,Normal
12,L,143.9,36.3,17.52,Normal
6,P,118.0,17.0,12.21,Kurus
8,L,119.5,29.0,20.29,Gemuk
11,L,141.7,37.3,18.55,Gemuk
9,L,129.6,28.1,16.7,Normal
6,L,117.0,19.6,14.3,Normal
8,P,122.6,22.1,14.72,Normal
11,L,140.9,38.5,19.41,Gemuk
8,P,124.7,22.1,14.2,Normal
9,P,131.6,25.8,14.91,Normal
6,P,114.3,17.6,13.47,Kurus
7,P,118.5,24.9,17.76,Normal
6,P,113.6,22.0,17.06,Normal
8,L,124.7,29.0,18.64,Gemuk
11,P,140.8,36.5,18.39,Gemuk
8,L,122.4,29.0,19.35,Gemuk
12,L,145.0,38.4,18.25,Gemuk
10,P,134.9,32.4,17.81,Normal
12,P,146.5,38.8,18.06,Gemuk
11,L,143.8,38.7,18.71,Gemuk
10,P,134.8,38.0,20.91,Gemuk
10,L,133.3,34.2,19.21,Gemuk
12,L,148.0,41.8,19.08,Gemuk
8,L,122.6,24.4,16.27,Normal
11,P,142.5,33.3,16.42,Normal
10,P,134.6,35.1,19.38,Gemuk
11,L,147.0,35.1,16.25,Normal
12,L,145.8,42.1,19.8,Gemuk
6,P,117.7,22.0,15.88,Normal
9,P,130.1,31.8,18.8,Gemuk
11,L,138.4,39.9,20.85,Gemuk
10,L,137.3,31.9,16.92,Normal
7,L,115.3,18.8,14.18,Normal
8,P,119.9,20.0,13.91,Kurus
9,P,128.6,32.9,19.9,Gemuk
12,L,148.3,43.5,19.78,Gemuk
6,L,115.5,21.3,15.98,Normal
11,L,144.1,37.3,17.98,Normal
10,P,136.3,26.5,14.24,Normal
10,L,132.1,30.2,17.3,Normal
8,L,125.4,21.1,13.4,Kurus
6,P,114.0,22.0,16.94,Normal
9,P,128.3,27.3,16.55,Normal
7,P,116.5,25.0,18.41,Gemuk
12,L,144.2,39.4,18.94,Gemuk
11,L,139.9,36.0,18.4,Gemuk
6,L,113.4,20.6,16.0,Normal
8,P,122.5,28.7,19.16,Gemuk
10,P,138.0,32.8,17.21,Normal
12,L,145.1,36.7,17.45,Normal
7,P,118.6,23.5,16.73,Normal
7,P,116.3,25.0,18.49,Gemuk
9,L,126.4,27.5,17.19,Normal
6,P,117.0,22.0,16.07,Normal
11,P,142.6,37.0,18.18,Gemuk
10,L,135.3,30.3,16.54,Normal
8,P,123.4,24.0,15.77,Normal
8,P,123.1,25.7,16.98,Normal
7,L,117.7,19.4,13.97,Kurus
8,P,121.2,24.0,16.32,Normal
10,L,135.2,34.4,18.84,Gemuk
12,P,146.3,36.7,17.12,Normal
7,P,115.6,23.2,17.33,Normal
12,P,148.7,42.6,19.26,Gemuk
10,P,136.1,33.4,18.02,Gemuk
6,L,110.4,22.0,18.06,Gemuk
8,P,125.2,24.9,15.86,Normal
11,L,145.3,36.6,17.34,Normal
6,L,110.0,19.5,16.15,Normal
9,P,126.0,27.7,17.47,Normal
8,L,122.1,20.0,13.42,Kurus
11,L,141.6,34.6,17.26,Normal
12,P,146.6,37.9,17.65,Normal
7,L,122.4,18.0,12.01,Kurus
7,P,117.1,19.1,13.91,Kurus
12,L,149.5,38.2,17.12,Normal
10,P,131.9,33.3,19.13,Gemuk
9,P,130.7,29.5,17.27,Normal
7,P,118.5,19.1,13.6,Kurus
12,P,143.9,37.8,18.24,Gemuk
12,P,143.6,39.8,19.27,Gemuk
8,L,123.6,26.0,17.03,Normal
12,L,143.4,34.0,16.52,Normal
10,L,134.4,26.8,14.87,Normal
11,L,139.0,32.8,16.98,Normal
12,L,143.7,42.0,20.34,Gemuk
8,L,122.3,25.1,16.77,Normal
8,P,120.9,26.2,17.89,Normal
12,P,146.2,42.6,19.9,Gemuk
12,L,149.7,32.2,14.37,Normal
6,L,114.0,17.1,13.13,Kurus
11,P,138.5,36.0,18.76,Gemuk
10,L,137.9,32.5,17.1,Normal
6,P,112.0,17.0,13.56,Kurus
7,P,118.5,23.4,16.68,Normal
11,L,141.1,35.0,17.55,Normal
9,P,126.9,26.9,16.71,Normal
11,P,141.4,39.9,19.96,Gemuk
6,P,113.2,21.4,16.69,Normal
7,P,120.2,19.1,13.19,Kurus
6,P,116.4,17.0,12.54,Kurus
10,L,132.2,32.8,18.74,Gemuk
6,L,111.9,17.0,13.58,Kurus
12,L,147.4,41.5,19.09,Gemuk
6,P,111.5,18.2,14.64,Normal
9,P,124.3,29.0,18.77,Gemuk
7,P,122.5,25.0,16.66,Normal
9,P,124.2,25.7,16.65,Normal
12,P,141.3,37.6,18.86,Gemuk
7,P,121.1,25.0,17.05,Normal
8,L,120.7,24.1,16.54,Normal
10,L,133.7,32.8,18.35,Gemuk
9,P,129.0,34.0,20.42,Gemuk
11,P,143.3,43.0,20.95,Gemuk
9,P,123.7,28.8,18.85,Gemuk
11,P,141.7,35.9,17.88,Normal
8,L,125.4,24.3,15.48,Normal
8,L,123.2,22.2,14.63,Normal
7,L,113.0,18.0,14.1,Normal
11,L,140.0,35.3,17.99,Normal
7,L,116.7,24.2,17.75,Normal
7,L,118.7,20.6,14.66,Normal
12,P,148.8,36.0,16.26,Normal
8,L,119.4,26.1,18.32,Gemuk
7,L,116.4,21.2,15.67,Normal
12,P,150.5,39.7,17.52,Normal
8,P,125.2,29.0,18.51,Gemuk
9,L,130.8,24.6,14.36,Normal
6,P,110.0,19.7,16.26,Normal
7,P,119.3,22.0,15.49,Normal
10,L,130.4,30.2,17.79,Normal
10,P,133.0,35.0,19.82,Gemuk
9,P,132.2,29.3,16.77,Normal
9,P,132.4,30.7,17.5,Normal
12,P,145.1,42.5,20.16,Gemuk
12,P,147.9,40.2,18.39,Gemuk
9,P,131.3,27.1,15.73,Normal
10,L,132.8,35.1,19.9,Gemuk
7,L,115.1,21.6,16.34,Normal
8,L,122.2,26.6,17.81,Normal
12,L,147.4,34.2,15.72,Normal
6,L,115.7,22.0,16.43,Normal
12,P,145.2,39.3,18.66,Gemuk
12,L,140.2,37.1,18.89,Gemuk
11,L,141.6,38.7,19.29,Gemuk
6,P,115.7,17.9,13.34,Kurus
12,L,148.8,32.7,14.76,Normal
11,P,142.6,36.4,17.9,Normal
10,L,128.0,27.9,17.03,Normal
7,P,121.9,25.0,16.83,Normal
8,L,126.0,25.2,15.9,Normal
11,P,143.3,35.5,17.3,Normal
9,P,129.1,32.1,19.29,Gemuk
10,P,137.1,29.4,15.65,Normal
7,P,118.8,21.9,15.52,Normal
10,P,134.1,34.0,18.92,Gemuk
6,L,111.6,20.7,16.67,Normal
8,P,120.6,25.0,17.2,Normal
8,L,122.4,22.8,15.21,Normal
8,L,124.4,22.4,14.45,Normal
11,L,138.5,34.2,17.8,Normal
8,P,121.5,22.7,15.38,Normal
7,P,116.5,18.0,13.25,Kurus
6,P,117.9,22.0,15.81,Normal
12,P,145.4,38.0,17.95,Normal
9,L,132.9,26.3,14.87,Normal
6,P,116.1,21.6,16.02,Normal
8,P,123.2,22.4,14.78,Normal
11,P,137.9,36.4,19.11,Gemuk
11,L,138.0,32.0,16.83,Normal
12,P,142.3,40.0,19.78,Gemuk
11,L,142.5,36.4,17.93,Normal
8,L,126.6,23.7,14.76,Normal
9,L,127.0,26.6,16.5,Normal
10,L,129.4,35.7,21.3,Gemuk
10,L,131.4,29.2,16.95,Normal
10,P,138.8,32.7,16.95,Normal
8,P,122.3,20.0,13.37,Kurus
7,P,116.7,20.4,15.02,Normal
6,P,114.1,22.0,16.9,Normal
10,P,134.0,37.7,21.01,Gemuk
11,L,141.4,30.0,15.01,Normal
9,P,126.7,30.0,18.67,Gemuk
7,P,116.7,19.7,14.44,Normal
8,L,119.3,21.2,14.91,Normal
6,P,111.9,17.0,13.58,Kurus
10,L,131.8,33.9,19.49,Gemuk
7,L,116.7,18.3,13.42,Kurus
11,L,136.7,36.2,19.35,Gemuk
11,L,141.0,35.4,17.77,Normal
12,P,146.8,41.1,19.08,Gemuk
7,P,114.3,25.0,19.13,Gemuk
7,P,114.6,23.0,17.54,Normal
8,L,120.6,23.2,15.97,Normal
10,L,134.1,32.9,18.27,Gemuk
11,P,140.0,35.9,18.31,Gemuk
10,L,131.1,32.6,18.96,Gemuk
7,P,118.6,20.4,14.54,Normal
9,P,133.0,30.8,17.43,Normal
11,P,143.1,35.1,17.14,Normal
7,L,119.3,23.3,16.35,Normal
10,L,133.5,33.5,18.82,Gemuk
6,L,117.5,22.0,15.94,Normal
6,P,113.0,17.3,13.58,Kurus
6,L,115.6,22.0,16.46,Normal
9,P,131.2,32.2,18.69,Gemuk
12,L,148.7,39.5,17.85,Normal
11,L,143.0,33.7,16.45,Normal
9,P,129.7,29.3,17.45,Normal
7,L,116.9,20.9,15.26,Normal
11,P,145.3,36.3,17.19,Normal
11,P,138.3,36.9,19.28,Gemuk
6,L,110.0,20.0,16.57,Normal
7,L,116.9,22.0,16.09,Normal
10,L,129.8,34.2,20.29,Gemuk
8,P,120.1,29.0,20.11,Gemuk
12,P,144.0,37.7,18.19,Gemuk
11,L,141.4,33.4,16.67,Normal
8,L,122.7,23.2,15.42,Normal
9,L,128.1,26.4,16.1,Normal
6,P,112.7,17.0,13.38,Kurus
8,L,122.7,26.4,17.54,Normal
7,P,119.5,23.2,16.26,Normal
6,P,111.6,20.5,16.46,Normal
6,P,111.7,17.0,13.61,Kurus
10,L,134.4,27.6,15.27,Normal
6,P,118.0,17.0,12.21,Kurus
7,P,119.8,19.6,13.63,Kurus
6,P,113.5,18.2,14.12,Normal
8,L,122.0,24.9,16.71,Normal
10,P,131.3,30.4,17.62,Normal
7,P,115.9,19.0,14.16,Normal
12,L,145.0,42.7,20.32,Gemuk
12,L,140.0,39.3,20.06,Gemuk
10,P,135.6,32.7,17.82,Normal
12,L,141.0,40.2,20.2,Gemuk
11,L,146.7,37.0,17.18,Normal
7,P,113.0,24.5,19.17,Gemuk
6,P,111.6,20.3,16.33,Normal
8,P,121.8,24.7,16.63,Normal
12,L,144.1,40.1,19.33,Gemuk
11,P,137.9,35.2,18.5,Gemuk
11,P,137.8,32.7,17.2,Normal
12,P,146.4,42.8,19.99,Gemuk
11,L,143.5,37.8,18.35,Gemuk
9,P,127.2,29.7,18.35,Gemuk
10,P,131.5,33.4,19.31,Gemuk
12,P,144.1,40.2,19.34,Gemuk
7,P,119.1,22.1,15.59,Normal
12,P,144.1,37.3,17.95,Normal
11,P,143.1,35.7,17.43,Normal
12,P,144.7,38.4,18.33,Gemuk
11,P,142.9,39.6,19.41,Gemuk
7,P,122.7,18.0,11.95,Kurus
7,P,115.8,19.2,14.33,Normal
9,L,128.3,23.5,14.29,Normal
9,P,125.7,31.2,19.77,Gemuk
11,P,139.2,31.5,16.26,Normal
8,L,127.3,23.5,14.48,Normal
6,L,112.6,18.0,14.19,Normal
10,P,135.2,31.2,17.08,Normal
11,P,142.1,33.9,16.79,Normal
9,L,126.2,30.8,19.32,Gemuk
6,P,117.5,17.0,12.31,Kurus
12,L,148.1,35.4,16.12,Normal
8,P,123.3,22.2,14.61,Normal
7,L,121.5,21.6,14.64,Normal
8,P,119.8,25.6,17.87,Normal
12,P,146.0,36.6,17.18,Normal
6,L,115.5,22.0,16.5,Normal
10,P,136.9,35.2,18.79,Gemuk
9,P,124.3,33.9,21.97,Gemuk
10,P,134.8,30.1,16.58,Normal
11,L,142.0,39.8,19.7,Gemuk
7,P,119.6,18.5,12.94,Kurus
9,P,130.1,30.8,18.18,Gemuk
8,L,122.5,28.2,18.82,Gemuk
9,L,130.2,26.7,15.77,Normal
10,L,133.7,27.5,15.4,Normal
8,P,120.1,27.9,19.39,Gemuk
6,P,116.3,17.0,12.56,Kurus
11,L,138.8,34.4,17.84,Normal
12,P,143.0,40.2,19.64,Gemuk
7,L,117.6,25.0,18.09,Gemuk
12,L,142.9,39.0,19.07,Gemuk
8,P,123.1,21.4,14.14,Normal
8,L,127.7,22.9,14.07,Normal
8,P,126.3,27.5,17.24,Normal
8,L,120.5,28.0,19.28,Gemuk
6,L,113.4,20.9,16.24,Normal
8,L,121.5,23.8,16.14,Normal
10,L,133.5,26.5,14.84,Normal
6,L,110.0,17.0,14.05,Normal
11,L,143.3,32.9,16.0,Normal
8,L,119.5,26.2,18.36,Gemuk
7,L,116.4,18.0,13.29,Kurus
8,L,127.7,21.2,12.97,Kurus
10,L,129.1,30.2,18.11,Gemuk
8,L,118.0,23.0,16.51,Normal
12,P,143.0,40.2,19.67,Gemuk
9,L,127.2,28.3,17.46,Normal
11,L,137.6,38.9,20.54,Gemuk
12,L,146.6,40.1,18.68,Gemuk
11,L,142.9,36.4,17.82,Normal
8,P,123.9,25.9,16.84,Normal
10,P,134.8,30.5,16.77,Normal
9,L,130.1,30.2,17.86,Normal
12,L,140.6,42.8,21.66,Gemuk
8,P,122.0,25.9,17.4,Normal
9,P,127.5,27.5,16.92,Normal
9,L,127.8,29.6,18.1,Gemuk
11,L,138.5,30.7,16.0,Normal
11,L,143.2,33.7,16.44,Normal
11,P,142.3,40.1,19.81,Gemuk
9,P,128.9,27.7,16.67,Normal
8,P,124.1,25.2,16.38,Normal
10,P,137.9,31.7,16.68,Normal
8,L,123.9,20.0,13.03,Kurus
9,P,129.9,29.2,17.31,Normal
11,P,141.4,36.1,18.07,Gemuk
10,P,135.8,28.5,15.46,Normal
6,L,113.8,18.7,14.45,Normal
6,L,111.6,22.0,17.66,Normal
6,P,111.4,21.1,17.0,Normal
7,P,119.2,20.9,14.73,Normal
12,P,146.3,36.9,17.24,Normal
9,P,129.5,34.0,20.27,Gemuk
7,L,116.6,22.9,16.8,Normal
7,P,121.3,21.6,14.68,Normal
8,P,123.8,22.3,14.51,Normal
6,L,112.2,18.1,14.41,Normal
12,L,144.8,33.0,15.75,Normal
6,P,111.8,22.0,17.61,Normal
9,P,129.5,28.0,16.71,Normal
6,L,112.6,22.0,17.35,Normal
10,P,135.4,28.9,15.78,Normal
10,L,138.7,28.0,14.56,Normal
8,P,122.1,23.0,15.44,Normal
6,P,112.7,22.0,17.34,Normal
12,P,148.6,37.8,17.12,Normal
9,P,126.9,25.2,15.67,Normal
11,L,138.5,35.7,18.59,Gemuk
7,P,119.1,23.3,16.41,Normal
7,L,118.5,18.0,12.82,Kurus
12,L,142.7,33.6,16.52,Normal
6,L,113.9,17.8,13.73,Kurus
7,P,115.7,25.0,18.69,Gemuk
9,L,128.4,24.3,14.75,Normal
11,P,139.9,33.5,17.12,Normal
12,L,145.0,37.1,17.63,Normal
6,L,112.8,18.0,14.15,Normal
12,L,146.1,43.4,20.35,Gemuk
7,L,117.4,25.0,18.15,Gemuk
12,P,149.0,43.2,19.46,Gemuk
7,L,119.8,18.0,12.55,Kurus
7,P,117.1,21.8,15.91,Normal
12,P,144.7,34.7,16.55,Normal
9,L,128.1,23.1,14.09,Normal
8,L,124.7,27.1,17.41,Normal
8,L,127.2,26.1,16.13,Normal
11,L,142.3,34.3,16.94,Normal
6,P,110.0,22.0,18.18,Gemuk
12,P,143.4,32.1,15.63,Normal
7,P,117.4,25.0,18.14,Gemuk
10,L,132.2,27.9,15.99,Normal
9,P,129.1,31.0,18.58,Gemuk
7,P,113.5,25.0,19.4,Gemuk
9,L,123.2,32.6,21.47,Gemuk
11,P,143.1,39.1,19.09,Gemuk
12,P,143.6,35.0,16.99,Normal
7,P,122.2,25.0,16.74,Normal
12,P,147.1,42.9,19.8,Gemuk
9,L,125.4,28.7,18.24,Gemuk
11,P,139.5,31.3,16.11,Normal
10,L,133.3,30.3,17.06,Normal
12,P,147.1,40.1,18.54,Gemuk
9,P,126.0,31.1,19.57,Gemuk
12,L,144.9,36.8,17.53,Normal
12,P,140.6,40.4,20.44,Gemuk
11,L,141.1,40.4,20.31,Gemuk
7,P,115.7,19.8,14.78,Normal
6,P,111.6,20.8,16.71,Normal
9,P,126.9,26.5,16.47,Normal
10,P,135.4,29.6,16.14,Normal
7,L,115.0,20.9,15.79,Normal
12,P,144.9,41.7,19.87,Gemuk
6,P,115.0,17.0,12.87,Kurus
6,L,114.2,22.0,16.87,Normal
10,P,135.8,28.8,15.63,Normal
12,L,143.4,39.1,19.0,Gemuk
9,L,128.0,25.5,15.59,Normal
11,P,142.5,38.3,18.84,Gemuk
6,P,113.3,22.0,17.13,Normal
10,P,134.4,30.0,16.61,Normal
6,L,114.8,18.5,14.02,Normal
12,P,145.5,43.4,20.49,Gemuk
7,P,115.5,23.6,17.65,Normal
10,P,134.8,28.7,15.76,Normal
8,L,124.9,22.2,14.21,Normal
8,L,124.9,23.7,15.21,Normal
12,L,144.5,32.8,15.72,Normal
9,L,128.0,26.3,16.04,Normal
11,P,138.1,28.3,14.85,Normal
7,P,121.0,21.9,14.99,Normal
9,P,127.8,33.5,20.55,Gemuk
9,P,129.2,25.8,15.46,Normal
10,P,133.0,33.0,18.65,Gemuk
8,L,125.4,29.0,18.44,Gemuk
12,L,148.1,40.6,18.54,Gemuk
9,P,129.1,24.7,14.81,Normal
6,P,112.7,19.6,15.47,Normal
10,L,134.8,35.2,19.39,Gemuk
10,L,134.8,35.4,19.51,Gemuk
11,P,142.1,37.4,18.5,Gemuk
9,L,125.8,23.6,14.88,Normal
7,L,114.0,19.7,15.15,Normal
12,P,140.8,37.5,18.94,Gemuk
10,L,131.9,31.5,18.12,Gemuk
10,P,136.4,29.7,15.96,Normal
10,P,135.1,29.7,16.27,Normal
11,P,139.0,31.3,16.2,Normal
8,P,119.1,24.0,16.91,Normal
10,L,132.1,30.3,17.38,Normal
10,P,132.2,26.5,15.16,Normal
12,P,151.1,41.7,18.28,Gemuk
9,P,133.0,26.7,15.08,Normal
12,P,146.0,35.9,16.81,Normal
6,L,115.5,20.5,15.33,Normal
7,L,119.0,18.9,13.35,Kurus
10,P,138.7,27.2,14.12,Normal
10,L,137.8,31.7,16.69,Normal
9,L,128.6,28.9,17.47,Normal
11,L,140.7,38.7,19.53,Gemuk
6,P,114.3,17.8,13.62,Kurus
6,L,110.0,17.6,14.56,Normal
6,L,114.8,21.7,16.44,Normal
11,P,139.2,41.2,21.25,Gemuk
9,P,130.2,28.3,16.69,Normal
10,L,133.4,29.3,16.45,Normal
9,P,127.0,25.7,15.96,Normal
10,P,131.6,31.1,17.97,Normal
11,P,144.8,38.3,18.29,Gemuk
7,L,117.3,22.5,16.34,Normal
10,L,132.8,28.9,16.36,Normal
12,L,147.1,39.1,18.05,Gemuk
6,L,116.0,19.3,14.37,Normal
11,L,140.0,32.0,16.31,Normal
9,L,125.1,26.1,16.66,Normal
6,P,115.7,22.0,16.42,Normal
6,P,112.5,20.4,16.08,Normal
6,L,118.0,20.9,15.0,Normal
10,P,134.9,38.0,20.89,Gemuk
7,L,116.9,21.3,15.57,Normal
8,L,121.3,24.1,16.37,Normal
9,L,127.7,26.7,16.4,Normal
7,P,119.8,18.0,12.55,Kurus
11,P,143.4,37.2,18.08,Gemuk
11,P,137.8,34.3,18.05,Gemuk
11,P,141.7,35.2,17.55,Normal
8,L,124.1,25.5,16.54,Normal
8,L,124.9,26.8,17.18,Normal
12,L,149.7,39.7,17.72,Normal
9,P,127.2,24.1,14.88,Normal
11,P,139.9,36.0,18.37,Gemuk
10,L,134.8,32.2,17.7,Normal
6,P,116.1,21.4,15.89,Normal
9,L,125.2,29.8,18.99,Gemuk
9,L,131.3,25.8,14.98,Normal
7,L,120.9,20.0,13.72,Kurus
12,L,143.5,37.7,18.31,Gemuk
9,P,130.3,28.8,16.97,Normal
11,P,144.8,30.0,14.29,Normal
7,P,119.4,21.5,15.08,Normal
8,L,123.3,24.6,16.16,Normal
10,L,132.8,32.4,18.38,Gemuk
8,L,124.8,24.8,15.93,Normal
8,P,125.7,29.0,18.36,Gemuk
9,P,129.0,25.0,15.03,Normal
6,P,112.5,17.0,13.44,Kurus
6,P,115.0,17.4,13.15,Kurus
8,P,127.0,24.1,14.94,Normal
8,L,122.2,26.3,17.61,Normal
7,L,115.2,18.0,13.56,Kurus
6,P,114.2,19.5,14.97,Normal
6,L,118.0,17.0,12.21,Kurus
11,L,143.1,36.3,17.76,Normal
7,P,116.5,18.0,13.26,Kurus
7,L,115.6,23.5,17.57,Normal
12,P,147.7,33.0,15.14,Normal
7,L,118.1,21.1,15.13,Normal
7,P,115.9,18.0,13.41,Kurus
9,P,128.3,29.0,17.62,Normal
10,P,131.4,27.4,15.87,Normal
10,P,132.7,34.2,19.41,Gemuk
11,L,144.5,34.3,16.44,Normal
7,P,118.2,22.0,15.75,Normal
11,L,139.2,34.6,17.87,Normal
6,P,114.9,18.8,14.25,Normal
8,P,119.0,25.4,17.94,Normal
7,P,122.3,21.8,14.61,Normal
6,P,110.7,18.1,14.77,Normal
8,L,122.8,23.9,15.84,Normal
9,L,128.1,22.4,13.61,Kurus
12,L,145.0,42.9,20.4,Gemuk
10,L,134.0,28.8,16.03,Normal
6,P,110.0,18.2,15.05,Normal
8,P,123.6,26.1,17.1,Normal
8,L,118.0,26.6,19.14,Gemuk
7,P,116.3,21.6,15.98,Normal
12,L,146.2,34.5,16.16,Normal
8,P,123.2,28.3,18.66,Gemuk
7,L,117.8,25.0,18.02,Gemuk
12,P,145.0,37.5,17.82,Normal
10,P,135.4,29.0,15.83,Normal
12,L,148.7,36.3,16.4,Normal
8,L,125.7,21.3,13.46,Kurus
10,L,131.3,34.3,19.88,Gemuk
6,P,114.3,17.0,13.02,Kurus
6,L,116.0,17.0,12.63,Kurus
8,L,124.9,25.1,16.1,Normal
7,L,115.9,20.4,15.18,Normal
6,L,115.3,21.6,16.25,Normal
7,L,120.2,21.9,15.18,Normal
9,L,126.0,28.9,18.22,Gemuk
12,L,148.2,40.9,18.6,Gemuk
8,P,119.5,25.4,17.8,Normal
11,P,138.6,35.0,18.23,Gemuk
7,L,115.9,24.4,18.2,Gemuk
6,L,114.8,17.4,13.19,Kurus
9,L,125.0,30.1,19.27,Gemuk
6,L,110.9,22.0,17.87,Normal
8,L,123.8,22.2,14.49,Normal
10,P,131.4,35.8,20.75,Gemuk
12,L,146.2,38.6,18.04,Gemuk
6,L,113.3,17.0,13.24,Kurus
7,L,118.7,21.7,15.41,Normal
11,P,145.2,38.5,18.25,Gemuk
11,P,141.1,39.3,19.75,Gemuk
10,L,133.7,30.1,16.84,Normal
9,L,129.9,29.4,17.42,Normal
8,L,119.6,20.0,13.99,Kurus
12,P,145.6,40.5,19.11,Gemuk
8,L,121.3,21.8,14.84,Normal
10,P,131.9,36.1,20.71,Gemuk
12,L,145.2,36.0,17.1,Normal
12,P,145.7,41.2,19.38,Gemuk
10,P,137.5,34.0,17.97,Normal
6,L,113.4,17.0,13.21,Kurus
10,L,136.0,29.3,15.82,Normal
10,P,131.7,35.6,20.53,Gemuk
8,P,123.0,25.8,17.05,Normal
12,L,144.8,39.5,18.86,Gemuk
10,L,136.2,33.9,18.31,Gemuk
12,P,144.8,39.5,18.84,Gemuk
7,L,116.3,25.0,18.49,Gemuk
6,L,115.1,22.0,16.61,Normal
7,P,116.5,23.1,17.04,Normal
7,L,118.9,25.0,17.68,Normal
6,L,113.3,18.5,14.45,Normal
9,L,130.2,28.1,16.57,Normal
7,L,119.9,24.6,17.11,Normal
11,L,143.1,35.6,17.36,Normal
9,P,124.9,26.8,17.19,Normal
10,L,133.0,29.0,16.36,Normal
8,L,128.0,23.2,14.18,Normal
12,P,148.4,37.2,16.89,Normal
12,P,151.5,35.3,15.37,Normal
10,L,133.7,30.1,16.81,Normal
8,P,124.1,26.8,17.37,Normal
10,P,135.6,34.1,18.52,Gemuk
7,L,117.7,24.3,17.52,Normal
12,L,146.6,37.0,17.23,Normal
6,P,115.9,17.0,12.67,Kurus
8,L,125.5,23.1,14.65,Normal
10,L,136.2,35.4,19.11,Gemuk
9,L,130.9,30.4,17.75,Normal
6,L,118.0,17.0,12.21,Kurus
8,L,121.0,29.0,19.79,Gemuk
10,P,133.4,28.6,16.06,Normal
6,P,110.0,21.5,17.79,Normal
7,L,115.7,19.9,14.86,Normal
6,P,112.5,17.8,14.08,Normal
10,L,136.6,34.8,18.67,Gemuk
7,L,119.5,25.0,17.49,Normal
6,L,115.3,21.6,16.28,Normal
6,P,112.9,17.8,13.94,Kurus
9,L,125.6,31.1,19.68,Gemuk
9,L,124.0,29.0,18.87,Gemuk
6,P,110.0,22.0,18.18,Gemuk
10,P,133.5,26.2,14.69,Normal
10,P,136.0,25.0,13.51,Kurus
11,L,138.7,38.3,19.88,Gemuk
11,L,144.0,38.6,18.65,Gemuk
11,P,141.1,32.4,16.26,Normal
12,L,145.2,35.1,16.65,Normal
11,P,139.2,39.8,20.56,Gemuk
10,P,136.6,26.3,14.09,Normal
6,L,110.0,19.7,16.25,Normal
7,L,120.9,18.0,12.31,Kurus
7,L,119.4,22.2,15.53,Normal
11,P,139.4,30.7,15.82,Normal
11,P,137.5,40.2,21.24,Gemuk
7,L,121.1,21.3,14.49,Normal
7,L,119.5,23.0,16.12,Normal
9,L,128.2,28.5,17.31,Normal
9,P,127.3,29.0,17.87,Normal
10,P,132.2,29.1,16.66,Normal
9,P,132.3,27.0,15.4,Normal
9,P,127.1,24.8,15.32,Normal
11,P,142.5,37.5,18.47,Gemuk
6,L,115.8,21.8,16.25,Normal
11,L,138.6,33.9,17.64,Normal
7,L,118.2,19.7,14.08,Normal
8,P,118.0,29.0,20.83,Gemuk
11,P,140.3,39.3,19.96,Gemuk
6,P,110.0,19.8,16.37,Normal
12,P,145.2,38.9,18.43,Gemuk
7,L,117.2,21.2,15.42,Normal
7,P,116.7,21.8,16.04,Normal
7,P,123.0,23.0,15.22,Normal
9,L,131.6,24.2,13.96,Kurus
10,L,135.8,35.5,19.27,Gemuk
12,P,144.8,43.0,20.49,Gemuk
6,L,117.8,17.9,12.91,Kurus
8,P,120.6,27.0,18.58,Gemuk
12,L,147.9,37.6,17.19,Normal
10,L,135.6,31.0,16.87,Normal
11,P,140.7,31.4,15.86,Normal
11,L,138.6,41.3,21.51,Gemuk
10,L,134.9,29.0,15.96,Normal
9,P,130.4,24.8,14.58,Normal
9,L,131.8,29.0,16.7,Normal
9,P,127.0,32.5,20.14,Gemuk
7,P,119.7,25.0,17.46,Normal
12,L,141.8,38.9,19.32,Gemuk
6,L,114.5,17.7,13.48,Kurus
10,P,135.9,31.0,16.76,Normal
12,P,146.1,42.0,19.69,Gemuk
9,P,125.7,30.0,18.99,Gemuk
11,P,144.1,34.1,16.43,Normal
8,L,119.2,28.4,19.99,Gemuk
11,P,141.2,35.2,17.67,Normal
10,L,134.0,35.1,19.58,Gemuk
11,L,139.3,31.8,16.36,Normal
8,L,123.4,23.6,15.53,Normal
7,L,120.8,22.1,15.17,Normal
6,P,112.4,19.1,15.09,Normal
11,L,140.1,31.1,15.83,Normal
8,P,125.8,24.1,15.24,Normal
9,P,123.0,26.7,17.66,Normal
8,P,127.2,21.6,13.36,Kurus
11,L,144.2,34.4,16.54,Normal
12,P,144.0,37.1,17.89,Normal
10,L,137.4,29.6,15.65,Normal
8,L,123.4,22.7,14.93,Normal
10,P,140.0,28.7,14.65,Normal
8,L,125.8,21.0,13.26,Kurus
8,L,126.7,26.6,16.56,Normal
6,L,115.3,21.0,15.84,Normal
11,L,142.0,35.8,17.76,Normal
6,L,112.4,18.4,14.59,Normal
8,P,126.9,20.0,12.42,Kurus
9,P,132.0,30.6,17.58,Normal
11,L,141.4,28.0,14.0,Normal
12,P,145.7,34.6,16.32,Normal
11,P,140.4,42.2,21.41,Gemuk
9,L,131.9,28.3,16.26,Normal
8,P,126.2,21.1,13.23,Kurus
12,P,146.5,35.5,16.54,Normal
6,P,117.1,22.0,16.05,Normal
11,L,139.8,35.4,18.11,Gemuk
10,P,129.7,32.6,19.39,Gemuk
8,P,124.2,25.4,16.44,Normal
7,L,117.0,22.9,16.71,Normal
6,L,112.0,21.5,17.15,Normal
11,L,139.4,32.2,16.55,Normal
11,L,139.4,36.2,18.61,Gemuk
8,L,124.8,24.3,15.58,Normal
8,P,126.3,25.3,15.85,Normal
12,L,148.6,44.2,20.02,Gemuk
11,L,144.7,36.5,17.43,Normal
10,P,132.0,27.4,15.7,Normal
8,P,123.9,23.6,15.41,Normal
11,P,139.7,32.0,16.41,Normal
11,L,142.8,35.6,17.45,Normal
6,L,110.0,19.0,15.74,Normal
11,P,140.8,42.6,21.51,Gemuk
12,P,148.8,41.2,18.62,Gemuk
12,P,149.0,40.4,18.21,Gemuk
8,P,124.1,24.0,15.59,Normal
7,L,115.6,22.6,16.95,Normal
12,L,144.9,39.7,18.9,Gemuk
11,L,140.9,37.2,18.74,Gemuk
12,P,148.2,42.7,19.44,Gemuk
11,L,144.9,35.3,16.83,Normal
7,L,116.7,24.8,18.24,Gemuk
10,L,133.9,37.4,20.88,Gemuk
11,P,142.6,37.2,18.28,Gemuk
7,P,121.0,21.5,14.68,Normal
10,P,133.0,34.2,19.33,Gemuk
10,L,134.0,34.2,19.08,Gemuk
12,P,152.0,42.5,18.39,Gemuk
6,L,117.8,19.1,13.81,Kurus
9,P,125.6,22.4,14.2,Normal
10,L,135.3,28.5,15.57,Normal
8,P,124.3,25.2,16.34,Normal
10,L,138.1,32.1,16.82,Normal
8,P,126.1,21.7,13.65,Kurus
12,P,146.9,35.1,16.3,Normal
11,P,138.0,32.8,17.2,Normal
11,L,142.4,31.2,15.37,Normal
8,L,120.9,22.9,15.64,Normal
11,L,141.0,33.0,16.61,Normal
9,L,129.1,29.9,17.92,Normal
11,P,141.7,29.6,14.75,Normal
11,L,145.3,35.7,16.91,Normal
8,P,119.5,29.0,20.31,Gemuk
9,P,126.6,26.4,16.47,Normal
12,P,149.2,37.2,16.69,Normal
6,L,118.0,18.3,13.13,Kurus
11,P,136.6,32.1,17.22,Normal
6,L,115.5,17.7,13.28,Kurus
11,L,138.7,32.9,17.09,Normal
6,P,115.3,22.0,16.54,Normal
6,L,110.3,18.3,15.01,Normal
12,L,147.3,37.4,17.24,Normal
6,L,116.9,20.7,15.17,Normal
6,L,115.1,22.0,16.6,Normal
12,L,147.3,39.1,18.01,Gemuk
12,L,144.9,38.7,18.43,Gemuk
6,P,113.1,19.7,15.4,Normal
9,L,128.7,23.2,13.99,Kurus
9,P,130.3,31.9,18.77,Gemuk
9,P,130.6,24.4,14.33,Normal
12,P,145.3,39.5,18.68,Gemuk
9,L,126.9,24.4,15.14,Normal
7,P,117.8,25.0,18.02,Gemuk
6,L,113.7,21.0,16.24,Normal
10,P,134.3,27.4,15.21,Normal
12,L,145.9,40.2,18.9,Gemuk
10,L,134.8,30.8,16.92,Normal
9,P,128.0,24.1,14.71,Normal
9,L,126.4,22.3,13.94,Kurus
12,L,143.6,42.9,20.81,Gemuk
10,L,133.7,31.7,17.71,Normal
7,P,117.2,23.7,17.25,Normal
7,P,116.2,24.1,17.86,Normal
8,L,122.1,24.2,16.27,Normal
9,L,128.5,27.0,16.35,Normal
10,L,130.2,34.2,20.15,Gemuk
10,P,135.3,34.0,18.6,Gemuk
12,L,146.5,41.3,19.25,Gemuk
12,L,140.5,35.0,17.72,Normal
11,L,147.0,36.2,16.75,Normal
10,L,133.3,31.4,17.68,Normal
11,P,143.2,35.5,17.3,Normal
8,P,121.7,24.2,16.34,Normal
8,P,121.8,29.0,19.55,Gemuk
6,L,110.1,17.0,14.02,Normal
11,P,145.5,39.8,18.81,Gemuk
11,P,142.4,31.3,15.42,Normal
12,L,147.9,36.3,16.62,Normal
8,L,123.0,26.0,17.21,Normal
7,P,114.4,23.1,17.63,Normal
7,L,122.0,23.0,15.46,Normal
12,L,141.1,33.8,16.97,Normal
7,L,120.6,25.0,17.2,Normal
11,P,141.3,33.4,16.7,Normal
12,L,149.9,39.0,17.35,Normal
7,L,122.9,25.0,16.56,Normal
11,P,143.7,38.3,18.57,Gemuk
9,L,128.8,26.5,15.99,Normal
11,P,143.8,32.7,15.78,Normal
8,L,118.8,24.5,17.35,Normal
10,P,136.5,30.4,16.34,Normal
8,P,120.8,21.6,14.82,Normal
7,L,119.9,23.1,16.08,Normal
11,L,138.2,36.0,18.85,Gemuk
8,P,120.4,26.4,18.25,Gemuk
7,L,114.6,23.3,17.72,Normal
9,L,129.9,32.8,19.45,Gemuk
10,P,132.9,27.4,15.51,Normal
6,L,111.6,22.0,17.66,Normal
6,P,114.5,21.1,16.09,Normal
6,P,117.4,19.8,14.34,Normal
12,L,148.9,41.1,18.55,Gemuk
8,P,124.8,20.0,12.83,Kurus
6,L,118.0,18.6,13.38,Kurus
8,L,119.9,23.1,16.09,Normal
12,P,143.7,41.3,19.98,Gemuk
7,L,116.5,20.5,15.1,Normal
11,P,139.3,35.8,18.47,Gemuk
10,P,131.1,31.2,18.15,Gemuk
6,L,114.2,17.7,13.55,Kurus
7,L,119.8,18.0,12.55,Kurus
7,L,123.0,24.7,16.34,Normal
12,P,146.3,40.2,18.8,Gemuk
9,L,128.5,26.6,16.12,Normal
6,L,116.6,19.4,14.26,Normal
9,L,123.6,24.8,16.24,Normal
10,P,135.3,28.8,15.76,Normal
7,L,116.0,18.0,13.37,Kurus
9,L,125.4,25.3,16.07,Normal
10,L,132.9,36.4,20.58,Gemuk
10,L,136.3,36.5,19.64,Gemuk
12,L,146.7,38.5,17.89,Normal
11,P,142.8,31.2,15.3,Normal
8,L,121.7,20.2,13.62,Kurus
6,L,117.2,19.7,14.36,Normal
11,L,141.3,36.9,18.47,Gemuk
8,P,118.2,23.0,16.43,Normal
6,P,110.0,19.8,16.36,Normal
7,P,113.0,21.3,16.64,Normal
7,L,121.2,25.0,17.02,Normal
9,L,128.5,30.6,18.54,Gemuk
9,L,125.1,27.3,17.45,Normal
10,P,133.6,36.1,20.19,Gemuk
6,P,113.2,17.6,13.72,Kurus
8,P,125.8,25.4,16.06,Normal
8,L,127.1,25.7,15.9,Normal
11,P,140.9,43.0,21.67,Gemuk
9,L,127.2,26.0,16.07,Normal
9,L,128.4,26.9,16.34,Normal
11,P,139.8,29.1,14.9,Normal
7,L,115.3,24.8,18.68,Gemuk
6,L,114.7,22.0,16.73,Normal
9,L,123.0,30.1,19.91,Gemuk
11,L,140.6,31.8,16.11,Normal
7,L,120.1,20.4,14.16,Normal
11,P,137.1,36.7,19.53,Gemuk
7,L,122.7,20.2,13.44,Kurus
12,L,142.0,41.5,20.57,Gemuk
6,L,113.4,17.0,13.22,Kurus
8,P,120.6,28.3,19.45,Gemuk
11,P,135.0,35.1,19.23,Gemuk
11,P,142.2,30.7,15.19,Normal
8,L,120.9,20.0,13.68,Kurus
7,L,114.9,22.5,17.02,Normal
11,L,136.4,33.1,17.77,Normal
10,P,134.6,32.9,18.18,Gemuk
7,L,117.6,22.5,16.29,Normal
9,L,130.6,28.5,16.74,Normal
6,P,115.6,17.0,12.71,Kurus
10,L,137.0,28.9,15.37,Normal
11,P,143.8,40.6,19.62,Gemuk
6,P,114.2,21.1,16.19,Normal
8,L,125.2,27.3,17.42,Normal
10,L,134.0,28.1,15.66,Normal
9,L,133.0,23.5,13.3,Kurus
8,P,122.5,24.9,16.62,Normal
10,P,135.3,27.2,14.86,Normal
8,L,125.5,24.0,15.22,Normal
8,P,119.6,26.5,18.52,Gemuk
10,P,132.7,30.5,17.33,Normal
8,L,121.5,26.4,17.88,Normal
6,L,111.6,20.5,16.46,Normal
9,L,132.8,27.3,15.5,Normal
7,L,114.9,18.0,13.64,Kurus
10,P,132.7,31.5,17.92,Normal
11,P,143.5,34.1,16.56,Normal
7,P,116.1,25.0,18.53,Gemuk
6,P,112.5,18.4,14.5,Normal
7,P,113.9,22.2,17.12,Normal
9,P,132.0,30.6,17.53,Normal
8,L,120.5,21.5,14.83,Normal
10,L,138.8,28.2,14.64,Normal
9,P,128.0,27.2,16.6,Normal
9,L,126.0,26.3,16.55,Normal
8,P,120.5,25.6,17.66,Normal
12,P,151.2,42.6,18.6,Gemuk
6,L,110.8,17.0,13.85,Kurus
10,L,137.5,32.1,16.97,Normal
7,L,117.6,25.0,18.07,Gemuk
7,L,120.8,18.0,12.34,Kurus
10,L,134.3,31.1,17.23,Normal
8,L,123.4,22.2,14.59,Normal
9,L,124.4,22.1,14.25,Normal
6,P,113.8,17.1,13.19,Kurus
8,L,121.7,21.3,14.37,Normal
10,L,131.4,28.6,16.58,Normal
6,P,114.1,17.6,13.55,Kurus
9,L,124.9,31.2,19.97,Gemuk
12,P,144.8,39.1,18.64,Gemuk
7,P,114.5,25.0,19.05,Gemuk
7,L,116.8,18.0,13.19,Kurus
8,P,118.3,27.2,19.4,Gemuk
8,P,122.1,21.2,14.19,Normal
8,P,124.1,23.5,15.24,Normal
10,P,130.4,28.1,16.53,Normal
7,P,116.7,25.0,18.36,Gemuk
10,P,132.6,29.1,16.54,Normal
10,L,134.1,37.1,20.66,Gemuk
8,L,125.3,26.3,16.76,Normal
7,L,114.8,18.0,13.66,Kurus
8,L,124.9,24.2,15.52,Normal
9,P,129.7,27.2,16.19,Normal
12,L,146.7,39.0,18.12,Gemuk
7,L,123.0,18.0,11.9,Kurus
7,L,118.5,19.0,13.54,Kurus
12,P,145.0,38.1,18.14,Gemuk
6,L,118.0,21.9,15.7,Normal
7,P,123.0,23.3,15.37,Normal
10,P,131.9,30.2,17.35,Normal
10,P,133.1,31.7,17.89,Normal
7,P,118.9,20.6,14.56,Normal
9,P,129.7,25.1,14.94,Normal
9,P,129.2,25.7,15.42,Normal
9,P,129.6,30.7,18.27,Gemuk
11,P,138.6,41.0,21.36,Gemuk
6,L,114.0,20.5,15.8,Normal
7,P,118.6,21.5,15.28,Normal
12,L,147.6,35.8,16.44,Normal
9,L,127.6,27.5,16.9,Normal
9,L,133.0,24.8,14.0,Kurus
11,P,138.7,33.8,17.56,Normal
8,L,122.1,22.3,14.97,Normal
8,L,124.1,23.9,15.5,Normal
7,L,120.0,24.3,16.88,Normal
6,P,110.0,17.0,14.05,Normal
11,L,138.4,37.8,19.72,Gemuk
7,P,118.3,18.0,12.87,Kurus
7,P,120.5,18.1,12.47,Kurus
9,L,128.1,27.3,16.62,Normal
12,P,143.4,37.8,18.38,Gemuk
8,P,122.0,23.6,15.85,Normal
11,P,137.9,33.5,17.6,Normal
7,L,119.9,18.0,12.51,Kurus
11,L,144.2,38.7,18.63,Gemuk
12,L,144.0,41.9,20.24,Gemuk
6,P,111.4,17.0,13.71,Kurus
12,P,150.9,38.2,16.77,Normal
9,P,131.0,27.4,15.97,Normal
8,P,126.5,29.0,18.13,Gemuk
9,L,124.9,26.8,17.16,Normal
10,P,133.5,28.4,15.92,Normal
7,L,113.5,24.8,19.29,Gemuk
8,L,127.3,21.8,13.46,Kurus
7,P,118.5,19.3,13.72,Kurus
12,P,146.9,38.1,17.67,Normal
9,L,129.6,27.7,16.49,Normal
12,L,145.4,32.4,15.33,Normal
12,L,147.9,37.2,16.99,Normal
11,L,144.2,42.0,20.2,Gemuk
10,L,137.3,30.6,16.21,Normal
12,L,146.2,40.1,18.75,Gemuk
10,P,134.8,28.3,15.54,Normal
11,P,146.4,35.7,16.66,Normal
8,L,120.8,28.6,19.62,Gemuk
7,L,118.1,18.0,12.9,Kurus
7,L,116.7,22.0,16.14,Normal
11,P,139.3,28.0,14.43,Normal
12,L,149.2,36.0,16.18,Normal
11,L,138.1,43.0,22.55,Obesitas
9,P,131.9,29.2,16.78,Normal
6,P,113.9,17.5,13.5,Kurus
8,P,120.4,20.9,14.41,Normal
8,L,121.1,23.7,16.15,Normal
8,L,124.3,21.6,13.98,Kurus
11,L,136.5,34.6,18.58,Gemuk
6,P,113.6,22.0,17.06,Normal
8,P,125.2,26.6,17.0,Normal
10,L,130.9,29.8,17.39,Normal
12,P,143.6,39.7,19.24,Gemuk
7,P,113.4,23.3,18.11,Gemuk
12,P,140.2,36.0,18.34,Gemuk
6,L,112.4,19.9,15.73,Normal
7,L,122.0,25.0,16.8,Normal
9,P,126.7,28.2,17.56,Normal
8,P,122.0,23.7,15.93,Normal
8,L,124.7,27.4,17.6,Normal
9,L,125.8,29.1,18.41,Gemuk
11,P,143.5,33.2,16.13,Normal
9,L,127.7,27.1,16.62,Normal
11,L,142.7,36.7,18.02,Gemuk
11,P,138.9,32.5,16.86,Normal
7,P,115.2,21.2,15.96,Normal
9,P,127.6,29.8,18.27,Gemuk
12,P,147.1,37.6,17.37,Normal
12,P,144.7,39.6,18.91,Gemuk
8,L,124.8,26.7,17.17,Normal
12,L,144.8,39.4,18.8,Gemuk
6,L,116.2,19.7,14.61,Normal
11,P,146.5,38.0,17.68,Normal
11,P,147.0,37.8,17.48,Normal
7,P,121.6,21.9,14.82,Normal
8,P,122.1,20.0,13.42,Kurus
6,P,114.8,18.3,13.92,Kurus
10,P,132.8,33.2,18.8,Gemuk
8,L,122.2,21.3,14.24,Normal
11,P,140.6,36.0,18.22,Gemuk
6,P,118.0,22.0,15.8,Normal
11,L,136.4,31.0,16.66,Normal
10,L,136.4,32.1,17.23,Normal
12,L,148.9,36.6,16.5,Normal
8,P,119.1,27.0,19.04,Gemuk
11,L,141.0,37.9,19.07,Gemuk
6,L,115.1,22.0,16.62,Normal
8,L,120.0,24.4,16.96,Normal
7,L,119.7,20.7,14.42,Normal
6,P,112.4,17.7,13.99,Kurus
9,L,130.8,27.8,16.24,Normal
10,P,132.3,34.3,19.57,Gemuk
12,P,144.3,42.6,20.46,Gemuk
6,P,114.2,22.0,16.87,Normal
12,P,146.5,34.5,16.09,Normal
10,L,134.2,32.4,17.97,Normal
12,P,145.5,40.9,19.31,Gemuk
10,L,135.9,34.2,18.52,Gemuk
11,L,141.4,29.8,14.88,Normal
12,P,146.4,36.2,16.87,Normal
10,P,136.3,27.9,15.04,Normal
10,P,132.4,29.6,16.85,Normal
11,L,141.7,33.4,16.61,Normal
8,P,121.2,27.8,18.92,Gemuk
12,P,143.2,40.3,19.64,Gemuk
6,L,118.0,17.0,12.21,Kurus
8,L,127.1,22.2,13.74,Kurus
9,P,124.8,27.8,17.85,Normal
8,P,121.4,26.7,18.16,Gemuk
12,L,149.1,37.1,16.69,Normal
8,P,123.8,22.8,14.89,Normal
9,P,125.8,29.1,18.39,Gemuk
6,P,110.6,21.9,17.87,Normal
7,L,119.0,20.9,14.74,Normal
9,P,130.8,25.8,15.07,Normal
12,L,140.0,46.8,23.88,Obesitas
12,P,143.2,43.8,21.34,Gemuk
6,L,113.6,22.0,17.06,Normal
12,L,141.4,43.0,21.51,Gemuk
12,L,145.9,41.8,19.63,Gemuk
9,P,130.4,29.7,17.49,Normal
6,L,117.9,22.0,15.83,Normal
12,P,147.6,35.3,16.18,Normal
12,L,148.9,39.6,17.84,Normal
8,P,120.9,25.6,17.54,Normal
9,P,125.2,31.0,19.77,Gemuk
7,P,118.1,24.5,17.59,Normal
12,P,143.6,42.0,20.35,Gemuk
8,P,118.0,25.1,18.04,Gemuk
12,P,147.1,37.5,17.34,Normal
11,L,143.4,35.5,17.26,Normal
8,L,124.7,26.4,16.96,Normal
8,L,118.4,21.2,15.16,Normal
11,L,143.2,36.6,17.86,Normal
11,L,143.3,31.2,15.19,Normal
9,P,126.9,33.3,20.7,Gemuk
12,L,149.4,41.4,18.56,Gemuk
7,L,118.8,19.8,14.05,Normal
7,P,116.0,18.0,13.37,Kurus
12,P,142.0,35.2,17.46,Normal
12,P,145.7,32.0,15.1,Normal
9,L,133.0,33.2,18.74,Gemuk
8,P,127.8,27.6,16.91,Normal
7,L,113.0,18.3,14.34,Normal
11,L,139.3,31.4,16.17,Normal
9,L,126.4,32.0,20.03,Gemuk
12,L,146.5,39.8,18.53,Gemuk
10,P,135.9,30.0,16.24,Normal
9,L,124.6,27.8,17.94,Normal
12,P,148.8,43.6,19.71,Gemuk
10,L,137.1,27.6,14.68,Normal
10,L,132.8,26.4,15.0,Normal
7,L,116.3,22.5,16.66,Normal
8,P,120.6,26.8,18.38,Gemuk
9,P,129.2,28.7,17.21,Normal
10,P,135.8,34.0,18.46,Gemuk
8,L,125.6,21.1,13.38,Kurus
11,L,141.3,37.1,18.59,Gemuk
8,L,126.4,20.0,12.53,Kurus
11,P,139.7,37.8,19.35,Gemuk
9,L,129.6,26.5,15.76,Normal
6,P,113.0,19.8,15.49,Normal
12,P,143.4,39.8,19.36,Gemuk
12,P,150.5,39.0,17.21,Normal
11,L,143.9,36.7,17.74,Normal
9,P,123.5,28.0,18.35,Gemuk
9,P,123.0,33.3,21.99,Gemuk
7,L,119.4,25.0,17.55,Normal
11,L,138.2,39.2,20.54,Gemuk
7,L,117.2,23.1,16.84,Normal
6,L,113.1,19.4,15.2,Normal
9,L,125.2,26.1,16.67,Normal
8,L,126.2,20.0,12.55,Kurus
8,P,118.9,22.6,16.01,Normal
6,P,110.0,19.6,16.22,Normal
9,L,124.9,28.0,17.95,Normal
11,L,143.9,32.6,15.76,Normal
10,L,130.4,31.8,18.71,Gemuk
11,L,141.6,37.5,18.69,Gemuk
8,P,120.7,26.6,18.26,Gemuk
8,L,126.8,24.9,15.49,Normal
11,L,139.1,34.2,17.67,Normal
6,P,110.8,22.0,17.92,Normal
9,P,126.6,28.2,17.6,Normal
6,L,117.6,17.9,12.94,Kurus
9,L,129.5,30.7,18.29,Gemuk
7,P,118.1,18.8,13.45,Kurus
7,L,116.1,23.4,17.33,Normal
11,P,142.4,36.0,17.75,Normal
6,P,114.1,19.0,14.56,Normal
8,P,125.6,25.5,16.14,Normal
10,P,132.0,35.5,20.34,Gemuk
11,L,138.9,39.5,20.46,Gemuk
12,P,146.4,38.3,17.89,Normal
8,L,121.0,23.3,15.89,Normal
12,P,143.4,36.7,17.86,Normal
10,P,139.0,29.8,15.43,Normal
9,L,124.9,26.3,16.83,Normal
11,L,142.4,36.4,17.94,Normal
9,L,123.0,26.2,17.32,Normal
6,P,115.8,20.8,15.49,Normal
11,P,145.4,33.6,15.89,Normal
9,P,124.8,33.8,21.68,Gemuk
9,P,126.9,25.3,15.68,Normal
7,P,117.4,20.9,15.12,Normal
7,P,116.0,25.0,18.59,Gemuk
6,P,115.2,17.7,13.35,Kurus
12,P,145.6,39.9,18.82,Gemuk
10,P,132.0,30.8,17.69,Normal
11,P,142.3,38.7,19.13,Gemuk
8,P,124.0,24.4,15.87,Normal
6,L,115.9,17.0,12.66,Kurus
8,P,127.1,22.1,13.67,Kurus
7,P,117.5,23.8,17.24,Normal
11,L,143.3,34.7,16.9,Normal
10,P,128.1,30.8,18.75,Gemuk
12,P,146.1,36.6,17.13,Normal
12,P,143.7,38.3,18.55,Gemuk
12,P,146.5,40.5,18.85,Gemuk
7,L,114.2,19.8,15.22,Normal
8,P,118.4,26.8,19.11,Gemuk
9,P,126.7,30.7,19.14,Gemuk
7,L,116.5,20.3,14.96,Normal
8,L,122.5,26.7,17.81,Normal
6,P,113.1,20.3,15.86,Normal
7,L,118.7,25.0,17.75,Normal
7,L,117.4,18.0,13.06,Kurus
12,L,145.2,41.9,19.86,Gemuk
10,P,133.7,35.2,19.7,Gemuk
8,P,123.8,27.3,17.82,Normal
7,L,116.3,18.0,13.3,Kurus
6,P,111.9,22.0,17.56,Normal
7,L,116.5,25.0,18.41,Gemuk
6,P,116.4,17.0,12.55,Kurus
10,L,132.6,28.9,16.45,Normal
10,P,137.2,25.0,13.27,Kurus
6,P,117.4,17.5,12.72,Kurus
7,P,121.1,22.0,14.99,Normal
10,P,133.3,28.5,16.03,Normal
10,P,131.0,34.7,20.22,Gemuk
10,L,136.7,32.5,17.36,Normal
11,L,139.1,37.2,19.23,Gemuk
9,L,126.5,24.4,15.27,Normal
12,P,142.1,43.8,21.7,Gemuk
7,P,121.4,21.8,14.79,Normal
6,P,115.7,17.2,12.84,Kurus
9,P,125.3,33.8,21.55,Gemuk
12,L,145.1,40.4,19.2,Gemuk
10,L,135.2,33.3,18.2,Gemuk
6,P,112.6,19.5,15.38,Normal
7,L,116.8,18.2,13.32,Kurus
11,P,144.9,34.4,16.4,Normal
6,P,112.7,22.0,17.34,Normal
8,P,123.2,25.8,17.0,Normal
11,P,138.6,34.6,18.03,Gemuk
9,L,126.1,29.1,18.32,Gemuk
8,L,123.3,25.7,16.93,Normal
9,P,129.0,24.5,14.71,Normal
7,P,114.2,20.6,15.82,Normal
6,L,111.9,18.2,14.57,Normal
9,L,124.3,31.1,20.14,Gemuk
11,L,141.5,38.1,19.03,Gemuk
10,L,136.0,31.6,17.07,Normal
12,P,146.2,38.0,17.79,Normal
6,P,115.3,17.0,12.78,Kurus
11,P,137.6,34.2,18.06,Gemuk
10,L,132.7,27.8,15.78,Normal
6,P,110.0,19.8,16.38,Normal
11,L,140.4,36.9,18.72,Gemuk
8,L,120.1,21.0,14.53,Normal
10,L,138.8,31.9,16.55,Normal
11,P,136.4,36.0,19.33,Gemuk
12,L,147.3,38.9,17.93,Normal
11,L,139.3,36.3,18.71,Gemuk
12,L,150.1,35.7,15.85,Normal
10,P,136.7,35.1,18.81,Gemuk
8,P,123.2,22.5,14.79,Normal
11,P,139.2,35.7,18.45,Gemuk
12,P,147.4,41.1,18.92,Gemuk
10,L,132.1,35.2,20.17,Gemuk
6,P,112.1,21.5,17.09,Normal
6,L,112.8,17.7,13.9,Kurus
10,P,134.4,25.0,13.85,Kurus
8,L,122.8,21.0,13.93,Kurus
10,L,137.5,33.6,17.76,Normal
6,L,115.8,20.1,14.96,Normal
6,L,111.5,17.0,13.72,Kurus
7,L,120.6,23.0,15.78,Normal
12,L,148.7,40.6,18.34,Gemuk
11,L,139.5,33.9,17.39,Normal
6,P,113.2,22.0,17.18,Normal
11,P,142.7,35.4,17.38,Normal
8,L,123.4,24.7,16.21,Normal
6,L,117.3,22.0,15.98,Normal
10,P,133.6,28.2,15.78,Normal
11,P,135.0,30.7,16.86,Normal
10,P,136.8,29.6,15.82,Normal
12,P,147.3,43.7,20.17,Gemuk
10,L,137.9,36.0,18.94,Gemuk
6,L,116.1,20.9,15.55,Normal
11,P,139.6,38.4,19.67,Gemuk
11,L,140.0,31.7,16.2,Normal
12,L,146.7,38.6,17.91,Normal
12,L,140.0,40.9,20.87,Gemuk
8,L,127.6,25.7,15.77,Normal
7,P,117.3,19.2,13.99,Kurus
7,L,119.7,20.2,14.11,Normal
6,L,112.5,19.6,15.5,Normal
12,L,148.0,40.0,18.27,Gemuk
12,L,141.5,40.3,20.13,Gemuk
9,P,133.0,26.2,14.83,Normal
9,L,126.2,22.0,13.82,Kurus
11,L,143.7,42.6,20.65,Gemuk
11,L,142.3,36.6,18.06,Gemuk
6,P,116.8,17.0,12.46,Kurus
12,L,148.5,33.1,15.02,Normal
9,L,128.0,26.3,16.06,Normal
7,P,118.7,22.1,15.69,Normal
8,L,125.6,25.3,16.02,Normal
9,P,128.0,32.2,19.66,Gemuk
9,P,127.2,27.0,16.71,Normal
10,P,133.6,30.3,17.0,Normal
12,L,148.2,36.1,16.46,Normal
12,L,150.6,41.0,18.09,Gemuk
6,L,114.1,17.0,13.07,Kurus
10,P,134.5,35.1,19.41,Gemuk
9,L,128.2,27.6,16.77,Normal
6,L,117.8,17.2,12.41,Kurus
8,L,128.0,28.7,17.5,Normal
9,P,127.9,28.2,17.22,Normal
11,P,135.9,28.5,15.45,Normal
8,P,124.4,21.2,13.71,Kurus
7,L,113.0,24.8,19.45,Gemuk
11,L,141.1,40.8,20.47,Gemuk
8,L,123.3,24.4,16.04,Normal
10,L,134.4,32.6,18.06,Gemuk
9,P,125.8,27.8,17.55,Normal
7,P,118.1,20.7,14.85,Normal
11,P,140.2,33.4,17.01,Normal
10,P,133.1,30.2,17.06,Normal
11,L,135.6,39.6,21.54,Gemuk
12,L,146.0,39.9,18.71,Gemuk
6,P,110.9,22.0,17.88,Normal
8,P,122.1,29.0,19.46,Gemuk
10,P,132.1,34.5,19.79,Gemuk
6,L,110.0,22.0,18.18,Gemuk
7,L,120.1,18.0,12.48,Kurus
7,L,121.7,22.2,15.01,Normal
8,P,126.2,23.5,14.76,Normal
11,L,146.3,37.1,17.35,Normal
6,L,114.1,17.3,13.25,Kurus
12,L,145.3,38.7,18.32,Gemuk
6,P,115.0,22.0,16.65,Normal
8,P,121.0,21.9,14.93,Normal
7,P,117.4,19.1,13.85,Kurus
9,P,126.8,34.0,21.15,Gemuk
6,L,115.9,22.0,16.37,Normal
7,P,118.2,23.7,16.97,Normal
12,L,146.2,42.2,19.74,Gemuk
11,P,145.1,31.2,14.84,Normal
7,P,117.8,19.8,14.3,Normal
12,L,146.1,40.0,18.74,Gemuk
7,P,115.3,24.4,18.34,Gemuk
11,P,141.0,36.0,18.12,Gemuk
12,P,146.1,35.2,16.5,Normal
11,P,141.4,33.4,16.7,Normal
11,P,138.3,36.7,19.2,Gemuk
8,P,120.3,26.8,18.5,Gemuk
12,L,148.6,37.1,16.79,Normal
11,P,138.1,32.5,17.05,Normal
8,P,119.1,24.9,17.51,Normal
11,P,141.9,40.2,19.96,Gemuk
10,L,130.8,32.3,18.9,Gemuk
6,L,110.0,17.0,14.05,Normal
10,P,132.7,32.7,18.58,Gemuk
11,P,140.5,37.3,18.92,Gemuk
10,L,132.6,30.6,17.41,Normal
10,P,132.2,30.2,17.28,Normal
6,L,113.0,17.0,13.31,Kurus
10,P,128.4,28.2,17.12,Normal
12,L,144.2,45.0,21.64,Gemuk
11,L,137.3,33.5,17.77,Normal
7,P,121.0,23.0,15.7,Normal
9,P,130.5,34.0,19.96,Gemuk
9,P,129.9,34.0,20.16,Gemuk
9,P,126.8,33.4,20.78,Gemuk
9,P,133.0,26.4,14.91,Normal
10,P,131.4,34.5,19.99,Gemuk
6,P,111.1,17.0,13.76,Kurus
8,P,126.4,26.1,16.33,Normal
11,L,140.1,31.0,15.79,Normal
6,L,112.7,20.3,16.0,Normal
12,P,148.2,38.7,17.64,Normal
9,P,128.8,27.2,16.36,Normal
12,P,145.3,42.8,20.29,Gemuk
8,P,125.5,27.8,17.65,Normal
7,P,117.4,25.0,18.15,Gemuk
11,L,140.3,34.2,17.38,Normal
9,P,124.9,29.0,18.59,Gemuk
11,P,139.4,36.8,18.95,Gemuk
6,L,111.3,19.0,15.36,Normal
11,L,141.2,33.4,16.75,Normal
10,P,132.7,31.2,17.73,Normal
7,L,122.5,25.0,16.66,Normal
12,P,149.1,38.0,17.07,Normal
7,P,122.7,25.0,16.62,Normal
12,P,142.9,40.0,19.6,Gemuk
11,L,140.4,30.7,15.6,Normal
10,P,135.4,27.1,14.8,Normal
11,P,137.7,30.2,15.94,Normal
7,P,116.1,21.1,15.62,Normal
8,L,123.0,22.6,14.93,Normal
7,L,119.4,22.4,15.71,Normal
11,L,141.6,37.3,18.6,Gemuk
9,P,128.7,27.9,16.82,Normal
9,L,126.2,26.1,16.37,Normal
12,P,146.7,37.2,17.27,Normal
9,P,133.0,22.0,12.44,Kurus
8,P,127.6,24.7,15.16,Normal
6,P,113.1,22.0,17.21,Normal
9,L,127.4,24.8,15.27,Normal
11,P,144.4,30.8,14.79,Normal
6,L,112.9,18.4,14.46,Normal
12,L,146.8,39.3,18.24,Gemuk
8,P,126.4,28.0,17.52,Normal
11,P,138.6,32.3,16.8,Normal
7,P,121.5,22.0,14.88,Normal
10,L,137.4,31.9,16.91,Normal
8,L,122.1,20.0,13.43,Kurus
12,L,144.1,33.5,16.16,Normal
10,P,129.9,34.2,20.24,Gemuk
11,P,144.4,36.9,17.72,Normal
12,L,148.4,38.9,17.66,Normal
8,P,125.8,22.9,14.48,Normal
9,P,128.5,24.5,14.82,Normal
8,L,126.0,28.3,17.86,Normal
10,L,130.4,33.2,19.53,Gemuk
10,P,133.3,36.4,20.47,Gemuk
6,L,110.9,22.0,17.89,Normal
10,L,129.5,28.3,16.86,Normal
12,L,147.7,40.7,18.67,Gemuk
6,L,115.3,19.5,14.66,Normal
9,P,130.0,27.9,16.5,Normal
9,L,127.6,26.1,16.05,Normal
11,L,142.0,37.5,18.6,Gemuk
6,P,114.3,21.4,16.41,Normal
8,P,122.7,25.0,16.58,Normal
9,P,127.1,25.6,15.83,Normal
7,L,116.9,24.7,18.06,Gemuk
10,L,137.5,34.8,18.39,Gemuk
12,L,145.3,40.8,19.34,Gemuk
8,P,128.0,27.4,16.71,Normal
7,L,118.7,21.5,15.24,Normal
11,L,141.1,30.5,15.3,Normal
12,P,143.0,39.4,19.27,Gemuk
10,P,135.5,29.3,15.94,Normal
12,P,145.3,43.3,20.49,Gemuk
7,L,118.5,21.5,15.29,Normal
9,P,123.0,26.0,17.21,Normal
7,L,119.1,18.0,12.69,Kurus
8,P,121.3,22.7,15.41,Normal
12,P,144.1,43.1,20.77,Gemuk
12,L,149.1,37.0,16.66,Normal
11,L,142.2,30.1,14.91,Normal
9,P,131.6,29.0,16.71,Normal
12,P,148.7,36.9,16.7,Normal
9,L,128.3,23.8,14.48,Normal
7,P,115.2,25.0,18.84,Gemuk
7,L,116.0,18.0,13.38,Kurus
8,L,123.7,26.6,17.41,Normal
11,L,138.4,36.9,19.24,Gemuk
10,P,131.3,30.9,17.93,Normal
7,P,118.0,25.0,17.95,Normal
8,P,119.0,22.3,15.76,Normal
11,L,141.5,34.2,17.08,Normal
12,L,145.2,40.1,19.01,Gemuk
10,P,137.3,27.7,14.71,Normal
9,L,126.3,27.4,17.16,Normal
9,P,127.9,31.4,19.22,Gemuk
9,L,126.7,27.2,16.93,Normal
10,L,132.4,29.2,16.63,Normal
11,P,137.6,36.1,19.08,Gemuk
9,L,125.9,29.7,18.76,Gemuk
6,P,115.9,17.0,12.66,Kurus
6,P,112.2,22.0,17.47,Normal
11,L,141.4,31.5,15.75,Normal
8,L,127.6,21.4,13.17,Kurus
8,P,120.1,24.7,17.15,Normal
12,L,145.4,37.0,17.52,Normal
8,L,126.6,25.2,15.74,Normal
9,L,126.2,28.8,18.12,Gemuk
10,L,130.9,28.3,16.54,Normal
8,L,122.5,20.0,13.33,Kurus
7,P,118.4,25.0,17.83,Normal
6,L,111.9,22.0,17.58,Normal
10,L,134.7,31.5,17.36,Normal
11,P,135.0,37.5,20.6,Gemuk
11,L,137.8,35.1,18.51,Gemuk
12,L,146.6,33.2,15.47,Normal
10,P,132.0,34.0,19.53,Gemuk
10,P,129.1,28.8,17.27,Normal
7,L,119.2,25.0,17.58,Normal
10,L,131.2,27.9,16.19,Normal
8,P,121.2,24.5,16.65,Normal
8,P,119.7,22.2,15.51,Normal
8,L,128.0,23.7,14.49,Normal
6,P,116.1,22.0,16.32,Normal
10,L,134.6,29.2,16.14,Normal
6,P,117.6,17.0,12.29,Kurus
10,P,138.6,29.7,15.45,Normal
8,L,124.1,26.9,17.49,Normal
8,P,119.6,25.0,17.51,Normal
10,P,136.1,29.5,15.9,Normal
10,L,137.3,31.8,16.89,Normal
7,L,116.7,20.5,15.01,Normal
6,L,112.6,19.2,15.15,Normal
10,L,136.3,30.5,16.4,Normal
8,P,123.3,26.0,17.08,Normal
11,P,135.7,36.1,19.6,Gemuk
9,P,131.4,29.4,17.01,Normal
6,L,110.0,20.0,16.56,Normal
6,P,110.0,19.0,15.67,Normal
7,P,118.1,20.3,14.58,Normal
6,P,110.0,19.5,16.14,Normal
7,P,115.0,21.2,16.05,Normal
11,P,139.5,38.6,19.8,Gemuk
6,P,111.4,19.3,15.59,Normal
11,L,138.0,39.2,20.6,Gemuk
7,L,119.0,21.5,15.2,Normal
9,L,129.3,25.4,15.2,Normal
6,L,116.2,20.2,14.99,Normal
11,L,139.5,32.0,16.46,Normal
7,L,114.8,21.9,16.59,Normal
6,L,112.7,17.0,13.39,Kurus
12,L,147.2,42.5,19.6,Gemuk
6,P,115.5,17.0,12.75,Kurus
10,P,133.9,33.9,18.87,Gemuk
7,L,115.8,21.9,16.31,Normal
8,P,124.9,29.0,18.6,Gemuk
6,L,115.9,21.2,15.77,Normal
12,P,140.7,39.2,19.79,Gemuk
9,P,127.1,28.2,17.46,Normal
10,L,138.6,29.5,15.37,Normal
10,P,136.2,32.6,17.56,Normal
12,L,143.6,37.2,18.03,Gemuk
6,P,116.4,22.0,16.23,Normal
9,P,128.9,27.3,16.44,Normal
8,L,122.8,23.1,15.34,Normal
6,L,110.0,17.0,14.05,Normal
12,P,147.2,33.5,15.47,Normal
11,L,139.0,31.4,16.22,Normal
12,L,143.9,38.3,18.49,Gemuk
10,L,131.9,29.1,16.7,Normal
7,P,115.9,25.0,18.62,Gemuk
12,L,145.1,41.5,19.72,Gemuk
6,P,113.9,17.0,13.1,Kurus
9,P,126.3,28.5,17.85,Normal
10,P,134.7,32.6,17.98,Normal
8,P,125.7,21.1,13.35,Kurus
7,L,113.7,20.2,15.59,Normal
11,L,144.7,33.7,16.08,Normal
12,P,143.6,38.3,18.6,Gemuk
12,P,147.0,43.6,20.16,Gemuk
6,P,110.0,18.8,15.54,Normal
10,L,132.5,25.6,14.58,Normal
9,L,125.3,29.0,18.5,Gemuk
6,P,111.7,19.0,15.24,Normal
11,L,138.4,36.6,19.12,Gemuk
12,L,144.3,40.6,19.53,Gemuk
12,P,149.4,36.5,16.35,Normal
8,P,126.3,22.3,14.01,Normal
11,L,135.5,34.3,18.65,Gemuk
6,L,114.3,22.0,16.84,Normal
9,L,129.8,29.2,17.36,Normal
9,P,126.6,29.6,18.48,Gemuk
8,P,121.2,24.6,16.76,Normal
7,L,117.1,25.0,18.23,Gemuk
12,L,146.0,40.3,18.89,Gemuk
9,P,127.2,31.3,19.37,Gemuk
9,P,131.2,28.0,16.28,Normal
11,L,138.4,35.6,18.57,Gemuk
8,L,121.6,21.7,14.66,Normal
8,L,124.9,24.3,15.55,Normal
12,L,150.4,35.5,15.69,Normal
11,P,139.7,38.7,19.83,Gemuk
12,P,146.5,31.7,14.77,Normal
9,P,126.2,28.8,18.08,Gemuk
7,P,115.1,20.8,15.67,Normal
7,L,118.2,18.6,13.28,Kurus
12,P,146.7,36.8,17.12,Normal
9,P,132.1,23.4,13.41,Kurus
7,L,114.6,22.7,17.3,Normal
11,P,140.9,33.2,16.74,Normal
9,P,129.5,28.6,17.06,Normal
8,P,124.2,24.3,15.76,Normal
11,P,144.2,41.7,20.02,Gemuk
11,L,139.5,35.3,18.14,Gemuk
7,P,115.1,24.2,18.29,Gemuk
7,L,119.0,19.0,13.41,Kurus
11,P,140.3,38.8,19.71,Gemuk
12,L,145.5,37.3,17.6,Normal
12,P,145.1,40.0,18.99,Gemuk
12,P,143.9,39.3,18.98,Gemuk
7,L,118.1,18.1,13.01,Kurus
9,L,130.4,34.0,19.99,Gemuk
10,P,135.8,30.0,16.29,Normal
10,P,132.3,33.2,19.0,Gemuk
10,P,137.9,32.7,17.22,Normal
6,L,112.5,21.6,17.06,Normal
6,P,114.2,22.0,16.86,Normal
9,L,126.8,29.6,18.42,Gemuk
6,L,118.0,20.4,14.65,Normal
12,P,146.0,38.6,18.12,Gemuk
12,L,145.5,38.6,18.25,Gemuk
12,L,144.0,36.5,17.59,Normal
11,L,144.7,37.3,17.83,Normal
6,P,115.7,19.0,14.19,Normal
8,P,121.2,24.8,16.88,Normal
8,P,118.0,20.5,14.69,Normal
11,P,140.6,35.9,18.17,Gemuk
12,L,144.0,39.2,18.9,Gemuk
6,P,115.3,18.2,13.72,Kurus
10,P,134.0,27.7,15.43,Normal
6,P,112.9,19.6,15.33,Normal
8,L,128.0,26.5,16.2,Normal
11,L,139.1,36.7,18.98,Gemuk
11,L,139.2,38.8,20.05,Gemuk
12,P,148.8,41.6,18.79,Gemuk
10,L,130.6,33.0,19.33,Gemuk
12,L,146.8,41.7,19.36,Gemuk
12,P,144.0,40.7,19.65,Gemuk
10,P,135.6,33.1,17.98,Normal
8,P,126.1,26.4,16.57,Normal
12,P,146.0,34.2,16.02,Normal
11,L,143.6,40.5,19.66,Gemuk
11,L,142.5,34.4,16.95,Normal
12,L,146.3,42.5,19.86,Gemuk
9,L,129.3,32.4,19.4,Gemuk
9,L,129.3,24.5,14.63,Normal
8,L,126.7,25.4,15.83,Normal
7,L,118.3,18.0,12.86,Kurus
11,P,139.3,34.9,18.01,Gemuk
8,P,123.0,23.2,15.31,Normal
7,P,118.1,23.1,16.52,Normal
6,L,113.7,22.0,17.02,Normal
9,P,127.8,25.1,15.38,Normal
8,L,124.9,24.7,15.82,Normal
7,P,114.7,20.8,15.81,Normal
12,L,148.7,42.4,19.16,Gemuk
6,P,113.2,17.0,13.27,Kurus
9,L,125.3,23.3,14.84,Normal
9,L,127.1,29.7,18.4,Gemuk
9,P,132.6,27.8,15.81,Normal
12,L,148.5,40.3,18.25,Gemuk
10,P,131.6,31.0,17.88,Normal
12,L,144.8,39.8,19.01,Gemuk
11,P,137.6,37.1,19.59,Gemuk
11,P,139.9,38.0,19.41,Gemuk
8,P,118.3,25.2,18.02,Gemuk
11,P,142.3,37.0,18.26,Gemuk
10,P,136.9,29.3,15.64,Normal
7,L,117.3,25.0,18.17,Gemuk
6,P,112.6,19.0,14.96,Normal
12,P,144.1,36.1,17.38,Normal
8,P,123.7,25.3,16.55,Normal
10,P,135.4,36.3,19.79,Gemuk
8,P,127.4,22.5,13.85,Kurus
8,P,128.0,26.5,16.2,Normal
10,L,129.0,34.4,20.69,Gemuk
10,P,136.3,37.0,19.92,Gemuk
6,P,117.3,21.1,15.35,Normal
10,L,138.7,35.6,18.53,Gemuk
9,P,130.6,26.1,15.29,Normal
9,P,129.7,27.6,16.42,Normal
8,L,122.7,29.0,19.26,Gemuk
8,P,123.1,24.0,15.8,Normal
11,P,137.5,35.2,18.64,Gemuk
12,P,145.8,40.1,18.88,Gemuk
10,L,130.6,29.1,17.04,Normal
8,L,125.1,29.0,18.53,Gemuk
11,L,135.8,36.3,19.69,Gemuk
7,P,119.6,25.0,17.47,Normal
10,P,134.3,30.4,16.87,Normal
7,P,121.1,25.0,17.04,Normal
12,L,149.3,34.8,15.59,Normal
8,P,120.5,23.0,15.85,Normal
6,L,113.2,18.6,14.5,Normal
9,P,127.8,25.0,15.29,Normal
6,P,114.7,17.5,13.33,Kurus
7,P,113.4,19.3,14.98,Normal
9,L,127.5,30.5,18.76,Gemuk
8,P,126.5,24.2,15.14,Normal
11,P,140.2,33.0,16.81,Normal
7,L,122.1,20.8,13.95,Kurus
7,P,117.9,21.0,15.13,Normal
8,L,122.5,25.6,17.06,Normal
12,L,143.9,40.3,19.46,Gemuk
8,P,121.2,25.9,17.65,Normal
12,L,149.7,40.2,17.92,Normal
9,L,127.8,30.0,18.35,Gemuk
9,L,128.8,29.2,17.59,Normal
7,P,118.5,21.9,15.62,Normal
8,L,122.9,28.4,18.77,Gemuk
7,L,118.0,20.6,14.8,Normal
6,L,114.6,18.8,14.3,Normal
10,P,132.4,32.5,18.54,Gemuk
8,L,120.5,23.9,16.43,Normal
9,P,127.4,25.1,15.44,Normal
10,P,136.1,33.9,18.29,Gemuk
6,L,113.6,19.7,15.27,Normal
9,P,125.7,28.7,18.19,Gemuk
12,L,145.9,36.3,17.04,Normal
6,P,114.1,17.7,13.59,Kurus
8,L,124.4,23.9,15.46,Normal
7,P,118.9,24.9,17.58,Normal
10,L,133.5,29.6,16.62,Normal
6,L,113.9,22.0,16.95,Normal
11,L,142.2,38.8,19.17,Gemuk
11,P,143.5,33.2,16.13,Normal
11,P,138.7,35.9,18.65,Gemuk
11,P,143.0,36.2,17.7,Normal
8,P,120.2,29.0,20.09,Gemuk
6,L,113.5,19.0,14.73,Normal
12,P,145.8,37.4,17.59,Normal
7,L,120.3,18.0,12.44,Kurus
11,L,139.0,36.7,19.0,Gemuk
6,L,114.0,22.0,16.94,Normal
11,L,137.1,30.7,16.35,Normal
6,P,116.4,17.2,12.72,Kurus
10,L,131.2,32.5,18.86,Gemuk
12,L,144.1,41.2,19.82,Gemuk
10,P,131.9,36.6,21.04,Gemuk
11,P,145.7,39.2,18.49,Gemuk
7,L,120.9,25.0,17.12,Normal
11,P,136.6,36.2,19.42,Gemuk
11,L,144.0,32.6,15.74,Normal
11,L,139.5,33.9,17.43,Normal
10,P,130.6,36.7,21.55,Gemuk
8,P,122.4,27.8,18.57,Gemuk
12,P,146.1,41.0,19.22,Gemuk
12,P,149.8,43.2,19.26,Gemuk
12,L,146.4,38.7,18.06,Gemuk
6,L,111.4,22.0,17.73,Normal
11,L,142.7,33.3,16.36,Normal
8,L,124.9,20.9,13.41,Kurus
6,L,115.2,17.2,12.97,Kurus
7,L,116.0,25.0,18.57,Gemuk
8,P,121.9,24.6,16.59,Normal
10,L,137.7,28.2,14.89,Normal
10,P,130.6,35.2,20.62,Gemuk
7,P,120.8,22.5,15.4,Normal
7,L,119.3,24.4,17.13,Normal
10,P,135.1,29.7,16.26,Normal
6,L,111.7,20.3,16.24,Normal
8,P,122.8,27.9,18.49,Gemuk
9,L,128.2,28.1,17.07,Normal
12,L,144.6,39.9,19.09,Gemuk
9,L,133.0,25.9,14.66,Normal
8,P,120.5,29.0,19.98,Gemuk
12,P,144.0,41.5,20.01,Gemuk
12,L,140.3,36.2,18.41,Gemuk
11,L,139.5,33.4,17.19,Normal
9,L,123.5,26.3,17.24,Normal
12,P,148.1,40.4,18.43,Gemuk
9,L,129.5,31.2,18.58,Gemuk
8,L,124.1,25.0,16.2,Normal
11,L,138.8,34.3,17.83,Normal
7,L,118.2,19.4,13.92,Kurus
11,P,139.2,34.3,17.71,Normal
6,P,114.4,22.0,16.81,Normal
6,P,113.4,18.8,14.6,Normal
7,P,117.0,20.8,15.2,Normal
6,P,117.7,18.6,13.46,Kurus
8,P,122.7,29.0,19.28,Gemuk
9,L,132.1,30.0,17.22,Normal
7,L,115.4,22.1,16.58,Normal
11,P,141.6,36.8,18.36,Gemuk
9,P,127.1,32.6,20.2,Gemuk
11,P,142.6,36.2,17.8,Normal
9,L,128.2,25.3,15.4,Normal
8,P,127.6,25.6,15.7,Normal
12,L,145.6,41.2,19.42,Gemuk
9,P,124.6,29.8,19.17,Gemuk
10,L,134.3,25.2,13.95,Kurus
8,P,120.6,25.3,17.43,Normal
11,L,146.0,29.8,13.99,Kurus
11,P,138.8,36.9,19.16,Gemuk
10,P,133.8,30.2,16.86,Normal
9,L,125.8,29.1,18.4,Gemuk
10,P,135.8,32.3,17.54,Normal
6,L,113.8,20.1,15.49,Normal
11,L,140.7,37.1,18.72,Gemuk
9,L,125.9,29.8,18.82,Gemuk
6,P,110.0,22.0,18.18,Gemuk
10,P,133.6,34.6,19.36,Gemuk
12,P,144.9,38.0,18.1,Gemuk
11,P,141.9,37.3,18.52,Gemuk
9,P,129.9,26.9,15.96,Normal
11,L,140.8,33.6,16.94,Normal
10,P,139.8,30.8,15.77,Normal
10,L,134.3,31.9,17.68,Normal
7,L,118.1,25.0,17.93,Normal
10,P,133.3,33.9,19.06,Gemuk
8,L,123.0,24.6,16.26,Normal
8,P,119.3,22.8,15.99,Normal
12,P,148.7,38.7,17.49,Normal
11,L,143.5,34.5,16.74,Normal
7,P,116.2,25.0,18.51,Gemuk
7,P,122.4,21.6,14.42,Normal
11,P,142.9,32.7,16.03,Normal
8,P,119.4,24.0,16.81,Normal
8,P,128.0,23.8,14.51,Normal
9,L,127.0,27.3,16.92,Normal
11,P,140.8,38.3,19.31,Gemuk
8,L,127.4,21.0,12.94,Kurus
10,P,130.7,33.7,19.71,Gemuk
12,L,144.4,34.9,16.72,Normal
6,P,112.9,21.9,17.2,Normal
8,P,119.6,25.2,17.65,Normal
8,L,127.0,21.1,13.07,Kurus
8,P,126.0,22.4,14.13,Normal
10,L,139.1,28.0,14.48,Normal
12,P,149.0,45.6,20.53,Gemuk
6,L,117.1,20.4,14.92,Normal
11,P,135.0,38.5,21.12,Gemuk
9,P,128.9,27.6,16.6,Normal
8,P,120.7,20.7,14.23,Normal
9,P,129.5,25.3,15.08,Normal
8,P,125.3,29.0,18.48,Gemuk
6,P,110.6,18.3,14.93,Normal
9,L,128.0,26.3,16.05,Normal
7,L,118.7,18.5,13.14,Kurus
11,P,145.5,32.2,15.21,Normal
11,L,140.8,41.7,21.02,Gemuk
12,L,144.3,37.8,18.17,Gemuk
12,L,147.1,39.9,18.43,Gemuk
12,L,146.9,40.0,18.55,Gemuk
10,L,130.4,32.1,18.85,Gemuk
11,P,144.3,38.2,18.32,Gemuk
9,L,125.9,28.4,17.92,Normal
7,P,118.9,25.0,17.69,Normal
9,P,132.9,29.2,16.54,Normal
9,L,128.4,31.3,19.02,Gemuk
7,L,114.5,20.5,15.62,Normal
7,P,117.0,25.0,18.26,Gemuk
8,P,125.1,21.9,13.97,Kurus
10,P,129.5,32.5,19.4,Gemuk
6,L,110.0,22.0,18.18,Gemuk
11,L,139.9,32.9,16.81,Normal
11,P,139.7,30.6,15.68,Normal
7,L,117.5,19.7,14.29,Normal
9,L,128.1,30.9,18.83,Gemuk
9,L,129.6,27.7,16.46,Normal
9,P,128.2,25.3,15.43,Normal
7,L,117.3,19.5,14.19,Normal
11,L,145.5,36.0,17.01,Normal
8,P,122.6,27.0,17.97,Normal
10,L,136.4,36.1,19.41,Gemuk
7,L,117.9,22.7,16.32,Normal
9,P,126.9,31.3,19.41,Gemuk
8,L,126.6,22.6,14.07,Normal
7,L,121.3,23.0,15.65,Normal
11,P,141.3,31.4,15.74,Normal
8,L,125.1,26.2,16.72,Normal
11,P,143.8,34.6,16.72,Normal
9,L,127.6,27.4,16.86,Normal
11,L,135.0,37.0,20.29,Gemuk
12,L,143.6,38.5,18.67,Gemuk
8,P,123.2,28.1,18.55,Gemuk
9,P,129.3,29.0,17.36,Normal
8,L,124.0,29.0,18.87,Gemuk
6,L,114.7,18.8,14.32,Normal
7,P,114.6,25.0,19.02,Gemuk
6,L,114.5,22.0,16.77,Normal
11,L,144.9,34.4,16.39,Normal
12,L,145.4,37.1,17.54,Normal
8,P,124.6,26.0,16.75,Normal
8,P,120.3,22.7,15.66,Normal
8,L,124.3,27.2,17.64,Normal
8,P,122.1,26.1,17.51,Normal
7,P,117.5,24.6,17.8,Normal
7,L,119.1,21.7,15.3,Normal
9,L,130.7,28.9,16.9,Normal
9,L,125.9,24.0,15.14,Normal
6,L,111.1,17.0,13.76,Kurus
12,P,147.0,36.3,16.83,Normal
9,P,123.7,25.6,16.72,Normal
8,P,121.2,23.3,15.87,Normal
6,L,113.4,19.9,15.48,Normal
10,P,136.5,32.1,17.24,Normal
9,P,129.9,30.5,18.05,Gemuk
12,P,146.6,40.0,18.6,Gemuk
6,P,111.4,17.0,13.71,Kurus
7,L,119.1,19.7,13.86,Kurus
6,L,110.1,17.4,14.38,Normal
10,L,133.4,25.0,14.05,Normal
11,L,145.8,30.2,14.19,Normal
7,L,115.9,20.9,15.53,Normal
9,P,123.0,24.5,16.17,Normal
12,P,150.1,39.5,17.53,Normal
7,L,119.0,22.2,15.67,Normal
10,P,135.0,32.0,17.55,Normal
9,L,130.2,26.0,15.31,Normal
9,L,124.7,29.5,18.93,Gemuk
6,L,112.6,17.0,13.41,Kurus
12,L,149.8,45.6,20.32,Gemuk
10,P,134.5,29.8,16.48,Normal
9,P,133.0,27.7,15.67,Normal
6,L,114.0,20.4,15.69,Normal
12,P,145.1,46.2,21.92,Gemuk
6,P,112.0,17.0,13.55,Kurus
6,P,116.1,17.0,12.61,Kurus
11,L,141.0,40.6,20.42,Gemuk
7,L,114.9,20.9,15.85,Normal
9,L,129.3,25.9,15.5,Normal
12,P,140.0,42.3,21.6,Gemuk
11,P,142.6,36.8,18.12,Gemuk
12,P,143.4,37.9,18.43,Gemuk
12,L,147.7,37.9,17.36,Normal
9,P,125.7,31.9,20.2,Gemuk
7,L,118.3,20.8,14.85,Normal
6,L,110.9,21.8,17.75,Normal
12,L,148.8,35.9,16.22,Normal
12,P,145.3,38.4,18.18,Gemuk
6,P,117.0,19.7,14.35,Normal
11,P,143.0,36.9,18.05,Gemuk
12,L,148.8,40.0,18.05,Gemuk
9,P,123.0,24.7,16.32,Normal
6,L,118.0,18.0,12.92,Kurus
10,L,136.2,32.4,17.46,Normal
8,P,125.5,24.1,15.34,Normal
9,L,127.0,27.8,17.23,Normal
10,P,134.2,26.8,14.86,Normal
7,L,120.4,25.0,17.24,Normal
7,L,117.5,21.5,15.61,Normal
9,P,127.8,29.5,18.05,Gemuk
12,L,148.2,37.8,17.22,Normal
9,P,125.5,29.7,18.86,Gemuk
10,P,135.4,33.6,18.32,Gemuk
6,L,116.9,17.5,12.79,Kurus
8,L,123.2,28.8,18.98,Gemuk
10,L,133.0,28.2,15.95,Normal
9,L,123.2,31.4,20.72,Gemuk
10,P,135.4,32.0,17.47,Normal
7,P,116.9,20.1,14.75,Normal
8,P,121.9,26.2,17.67,Normal
10,P,129.6,32.8,19.53,Gemuk
7,L,114.8,20.5,15.52,Normal
7,L,121.7,21.2,14.28,Normal
11,L,141.3,31.1,15.59,Normal
8,P,123.1,26.0,17.19,Normal
10,P,129.4,30.3,18.11,Gemuk
8,L,124.1,25.8,16.76,Normal
12,P,144.9,38.0,18.1,Gemuk
9,P,127.1,25.7,15.94,Normal
8,P,122.2,20.0,13.39,Kurus
6,P,114.1,17.0,13.06,Kurus
11,P,141.0,31.4,15.76,Normal
10,L,137.8,31.2,16.41,Normal
12,P,148.7,41.2,18.63,Gemuk
10,P,137.6,33.4,17.63,Normal
6,P,115.4,19.8,14.84,Normal
7,L,118.5,19.8,14.14,Normal
7,P,115.7,22.8,17.01,Normal
12,P,148.0,38.6,17.63,Normal
12,P,145.4,37.7,17.85,Normal
11,P,146.8,36.2,16.82,Normal
8,P,124.3,25.5,16.54,Normal
11,P,138.3,33.6,17.58,Normal
9,L,124.9,30.5,19.52,Gemuk
12,P,146.2,41.1,19.23,Gemuk
12,L,147.4,37.9,17.46,Normal
10,L,137.8,29.4,15.5,Normal
10,L,133.1,31.5,17.75,Normal
8,L,122.3,21.6,14.42,Normal
10,L,131.1,27.1,15.76,Normal
12,P,145.3,38.4,18.2,Gemuk
9,P,126.7,27.8,17.29,Normal
11,P,142.9,33.1,16.18,Normal
8,P,121.6,24.3,16.4,Normal
6,P,112.7,17.0,13.41,Kurus
8,L,121.3,22.0,14.94,Normal
10,P,133.9,28.9,16.14,Normal
11,L,144.1,39.0,18.76,Gemuk
6,P,116.2,21.3,15.8,Normal
7,P,117.9,23.6,16.94,Normal
12,L,145.2,37.2,17.62,Normal
11,L,145.2,35.9,17.01,Normal
11,L,141.1,28.0,14.06,Normal
12,P,146.5,38.5,17.95,Normal
9,L,124.8,28.0,17.97,Normal
11,P,141.9,35.7,17.7,Normal
9,L,127.1,29.1,18.03,Gemuk
10,L,134.8,36.1,19.85,Gemuk
7,P,117.5,22.4,16.23,Normal
6,P,116.2,17.0,12.58,Kurus
7,P,114.5,19.8,15.12,Normal
7,L,123.0,19.4,12.79,Kurus
6,L,110.0,20.3,16.76,Normal
9,L,123.0,31.0,20.52,Gemuk
7,P,118.1,21.6,15.47,Normal
12,L,146.8,39.0,18.09,Gemuk
9,L,128.4,34.0,20.64,Gemuk
7,L,116.8,22.8,16.71,Normal
7,L,118.3,25.0,17.88,Normal
9,L,129.0,27.2,16.36,Normal
7,P,114.9,21.6,16.34,Normal
12,P,145.3,38.9,18.41,Gemuk
7,L,116.3,22.4,16.57,Normal
6,P,112.4,20.2,15.98,Normal
10,L,132.7,32.6,18.52,Gemuk
10,P,133.7,34.2,19.17,Gemuk
9,L,126.9,31.0,19.24,Gemuk
8,P,124.2,25.8,16.72,Normal
9,L,130.1,28.5,16.83,Normal
11,L,143.0,39.9,19.52,Gemuk
8,P,126.2,20.9,13.09,Kurus
10,L,137.4,31.4,16.61,Normal
9,P,129.6,26.4,15.75,Normal
11,L,138.2,38.6,20.23,Gemuk
6,L,114.4,19.6,15.01,Normal
7,L,118.5,21.3,15.16,Normal
11,L,143.1,36.6,17.86,Normal
8,L,120.7,23.8,16.36,Normal
12,L,145.6,37.6,17.74,Normal
11,L,137.8,37.7,19.86,Gemuk
12,L,142.5,30.0,14.78,Normal
10,P,135.0,27.0,14.8,Normal
12,L,148.3,41.5,18.85,Gemuk
6,L,112.9,22.0,17.27,Normal
10,L,135.9,29.7,16.06,Normal
8,P,123.8,25.9,16.92,Normal
8,P,123.0,20.0,13.23,Kurus
7,P,118.8,24.8,17.55,Normal
9,P,126.3,24.4,15.31,Normal
10,P,131.6,33.3,19.24,Gemuk
8,L,127.2,22.2,13.75,Kurus
9,P,128.5,27.9,16.91,Normal
10,L,135.3,31.1,17.0,Normal
7,P,118.9,23.4,16.52,Normal
12,P,141.9,35.9,17.81,Normal
7,P,117.3,20.3,14.75,Normal
11,P,142.6,38.8,19.05,Gemuk
11,P,142.7,33.2,16.31,Normal
10,P,139.5,34.9,17.92,Normal
12,L,149.0,39.6,17.84,Normal
7,L,121.8,25.0,16.85,Normal
10,L,131.8,27.6,15.87,Normal
11,P,144.3,28.0,13.45,Kurus
10,L,135.4,27.1,14.77,Normal
11,L,142.6,32.7,16.08,Normal
11,L,142.2,41.8,20.68,Gemuk
7,P,115.2,20.2,15.27,Normal
6,P,113.7,18.5,14.34,Normal
8,P,123.0,23.0,15.2,Normal
7,P,119.2,21.5,15.16,Normal
8,P,128.0,24.7,15.06,Normal
7,L,119.6,25.0,17.48,Normal
10,P,129.0,28.1,16.91,Normal
6,L,113.2,17.1,13.38,Kurus
10,L,133.2,31.5,17.75,Normal
8,L,121.6,25.5,17.23,Normal
9,L,128.7,34.0,20.53,Gemuk
9,L,130.9,29.2,17.01,Normal
10,L,137.0,28.6,15.23,Normal
12,P,144.9,38.7,18.44,Gemuk
11,P,142.2,39.0,19.31,Gemuk
9,P,128.6,28.9,17.46,Normal
11,L,147.0,35.3,16.33,Normal
11,L,141.2,34.0,17.07,Normal
10,P,130.1,31.3,18.48,Gemuk
6,L,110.9,21.9,17.84,Normal
11,P,144.8,34.9,16.63,Normal
9,P,126.1,23.1,14.51,Normal
12,P,146.5,37.3,17.38,Normal
12,L,146.8,40.3,18.71,Gemuk
12,P,144.4,43.7,20.99,Gemuk
7,P,118.3,24.0,17.12,Normal
8,L,122.7,22.0,14.63,Normal
8,P,123.8,25.4,16.59,Normal
9,L,125.2,28.2,17.99,Normal
7,P,116.4,18.5,13.64,Kurus
9,P,128.3,30.8,18.7,Gemuk
6,P,112.4,20.3,16.03,Normal
10,P,131.7,28.9,16.63,Normal
11,P,144.5,37.6,18.0,Gemuk
9,L,127.2,31.1,19.23,Gemuk
6,P,116.1,20.1,14.91,Normal
11,L,139.1,37.0,19.11,Gemuk
12,L,148.0,30.0,13.7,Kurus
8,P,121.7,25.4,17.19,Normal
11,P,140.1,34.8,17.72,Normal
6,P,111.4,22.0,17.74,Normal
8,L,122.2,22.4,15.02,Normal
7,L,114.9,24.6,18.61,Gemuk
6,L,114.3,22.0,16.85,Normal
10,L,133.2,29.9,16.85,Normal
10,P,134.8,32.1,17.67,Normal
6,L,113.9,17.0,13.11,Kurus
7,P,113.0,21.0,16.43,Normal
12,L,143.2,38.0,18.51,Gemuk
10,P,136.8,27.1,14.46,Normal
10,L,138.8,27.3,14.16,Normal
7,L,117.3,21.7,15.8,Normal
6,L,114.8,17.0,12.9,Kurus
12,L,147.4,37.4,17.22,Normal
9,L,125.2,28.9,18.42,Gemuk
7,L,116.7,18.1,13.3,Kurus
12,L,147.9,37.4,17.07,Normal
8,L,122.3,26.3,17.6,Normal
7,L,113.8,22.9,17.7,Normal
8,L,122.0,22.4,15.09,Normal
8,L,120.6,27.2,18.7,Gemuk
7,L,118.8,19.3,13.69,Kurus
7,P,118.6,19.6,13.98,Kurus
8,P,122.1,24.5,16.43,Normal
8,L,119.9,26.5,18.42,Gemuk
11,P,143.8,37.1,17.93,Normal
6,L,113.5,20.0,15.52,Normal
6,L,114.9,18.8,14.21,Normal
12,P,149.4,39.5,17.69,Normal
6,L,117.6,22.0,15.9,Normal
6,P,115.5,21.5,16.09,Normal
7,P,120.8,20.9,14.36,Normal
9,L,132.4,27.4,15.63,Normal
10,P,140.0,31.3,15.99,Normal
12,L,146.7,40.3,18.74,Gemuk
12,L,146.7,37.4,17.37,Normal
12,L,146.0,37.3,17.51,Normal
12,P,144.6,36.6,17.52,Normal
10,P,135.3,30.5,16.66,Normal
11,P,143.3,31.4,15.26,Normal
6,P,114.3,17.2,13.2,Kurus
6,P,116.1,20.4,15.14,Normal
8,L,122.1,24.4,16.35,Normal
10,L,134.9,28.4,15.61,Normal
10,L,135.2,31.6,17.32,Normal
9,P,127.5,33.7,20.74,Gemuk
9,L,129.6,25.2,15.02,Normal
8,L,123.4,25.6,16.81,Normal
8,P,122.8,25.7,17.06,Normal
7,L,120.4,18.0,12.42,Kurus
9,P,129.4,25.7,15.33,Normal
8,P,124.1,22.1,14.34,Normal
12,P,146.5,42.2,19.65,Gemuk
7,L,120.8,22.3,15.29,Normal
11,P,144.7,37.7,17.98,Normal
8,L,124.0,20.0,13.0,Kurus
7,L,121.9,20.4,13.72,Kurus
10,P,133.8,27.9,15.59,Normal
10,P,133.4,29.7,16.67,Normal
7,L,118.5,21.5,15.29,Normal
10,L,131.9,31.7,18.23,Gemuk
8,P,123.0,29.0,19.16,Gemuk
10,P,130.2,30.3,17.9,Normal
12,P,144.2,36.2,17.41,Normal
6,P,113.2,22.0,17.17,Normal
6,L,115.1,17.0,12.83,Kurus
11,P,138.7,37.0,19.24,Gemuk
10,L,132.8,32.2,18.25,Gemuk
9,L,130.3,26.4,15.54,Normal
10,L,130.6,30.7,18.0,Normal
9,P,129.7,34.0,20.2,Gemuk
12,L,144.0,34.4,16.6,Normal
9,L,125.9,23.7,14.97,Normal
6,L,114.9,19.3,14.62,Normal
12,L,143.5,36.5,17.73,Normal
9,L,126.2,22.1,13.91,Kurus
12,P,145.2,39.8,18.88,Gemuk
10,P,132.4,29.7,16.95,Normal
7,L,121.8,24.4,16.46,Normal
12,L,149.9,37.2,16.56,Normal
7,P,119.3,21.1,14.85,Normal
6,P,111.4,22.0,17.74,Normal
12,P,147.5,37.8,17.35,Normal
7,P,113.3,19.4,15.08,Normal
10,L,130.9,33.6,19.58,Gemuk
9,P,129.0,26.5,15.91,Normal
11,L,142.5,38.3,18.84,Gemuk
11,P,138.4,41.1,21.44,Gemuk
11,L,143.0,35.0,17.1,Normal
7,L,117.4,23.6,17.09,Normal
7,P,118.4,23.4,16.71,Normal
12,P,143.4,41.1,19.99,Gemuk
6,P,110.5,17.0,13.91,Kurus
6,P,112.7,17.0,13.39,Kurus
6,L,114.0,17.0,13.09,Kurus
9,L,127.2,27.1,16.73,Normal
9,L,127.3,26.0,16.07,Normal
6,P,112.0,17.8,14.2,Normal
7,P,120.3,21.7,14.97,Normal
7,L,122.0,20.3,13.65,Kurus
10,P,131.7,33.9,19.51,Gemuk
12,P,141.1,32.7,16.43,Normal
8,L,122.0,23.9,16.08,Normal
7,L,117.5,22.2,16.05,Normal
10,L,139.2,33.7,17.38,Normal
8,L,118.2,23.7,16.92,Normal
11,P,140.4,33.5,17.02,Normal
7,L,119.4,24.5,17.17,Normal
12,L,146.8,36.5,16.96,Normal
9,L,131.9,32.5,18.65,Gemuk
11,P,141.8,39.8,19.78,Gemuk
9,L,128.9,25.8,15.56,Normal
11,P,138.0,33.4,17.54,Normal
9,P,126.9,27.0,16.77,Normal
7,P,123.0,22.9,15.12,Normal
9,P,127.7,27.1,16.6,Normal
7,L,116.8,20.6,15.09,Normal
12,L,146.8,42.1,19.53,Gemuk
10,P,136.5,30.6,16.4,Normal
7,L,115.3,23.3,17.54,Normal
10,L,131.7,33.9,19.55,Gemuk
10,P,133.9,34.0,18.97,Gemuk
11,L,139.7,32.7,16.74,Normal
9,L,129.9,24.3,14.38,Normal
10,L,133.2,35.0,19.75,Gemuk
6,L,113.4,22.0,17.1,Normal
8,P,125.0,24.4,15.6,Normal
12,L,146.4,37.5,17.52,Normal
11,P,138.6,42.4,22.07,Obesitas
8,P,119.8,29.0,20.2,Gemuk
9,L,128.9,26.2,15.76,Normal
8,P,118.6,20.0,14.22,Normal
7,P,117.7,18.0,13.0,Kurus
11,L,143.0,38.6,18.9,Gemuk
8,L,118.6,26.5,18.82,Gemuk
10,P,128.3,25.0,15.2,Normal
12,P,150.0,44.8,19.93,Gemuk
11,P,143.1,33.9,16.56,Normal
11,L,136.8,32.5,17.39,Normal
12,L,149.2,40.3,18.1,Gemuk
12,L,147.2,41.0,18.9,Gemuk
7,P,115.7,25.0,18.67,Gemuk
8,L,123.7,28.2,18.42,Gemuk
11,P,137.5,30.2,15.95,Normal
9,L,123.7,24.8,16.22,Normal
9,P,127.2,27.9,17.22,Normal
7,P,115.8,25.0,18.65,Gemuk
12,P,143.6,40.9,19.85,Gemuk
9,L,126.5,28.3,17.7,Normal
7,P,116.6,22.8,16.78,Normal
11,L,137.6,38.0,20.07,Gemuk
8,L,121.5,24.9,16.89,Normal
11,P,143.1,40.5,19.78,Gemuk
12,L,152.0,41.5,17.97,Normal
11,L,143.2,32.2,15.69,Normal
9,P,130.0,27.7,16.41,Normal
9,L,127.3,30.8,19.01,Gemuk
12,L,148.8,39.8,17.97,Normal
6,L,114.4,20.3,15.48,Normal
6,L,118.0,22.0,15.8,Normal
9,P,127.4,30.1,18.53,Gemuk
9,P,129.1,32.0,19.22,Gemuk
6,L,112.8,19.8,15.58,Normal
7,L,115.4,22.8,17.14,Normal
12,L,147.3,38.9,17.94,Normal
9,L,127.5,26.7,16.39,Normal
6,P,118.0,20.6,14.82,Normal
10,L,135.8,28.7,15.53,Normal
12,L,144.2,40.5,19.48,Gemuk
11,L,141.0,31.7,15.93,Normal
11,P,139.1,37.2,19.22,Gemuk
10,P,135.1,28.7,15.73,Normal
12,P,143.8,35.0,16.89,Normal
7,L,115.7,23.7,17.71,Normal
10,L,134.4,31.4,17.41,Normal
8,L,126.8,29.0,18.05,Gemuk
10,P,132.1,35.3,20.2,Gemuk
6,P,116.0,17.0,12.64,Kurus
8,L,120.4,28.0,19.31,Gemuk
12,P,144.1,39.9,19.23,Gemuk
7,L,117.2,19.9,14.51,Normal
6,L,112.8,20.9,16.45,Normal
11,L,142.7,31.4,15.4,Normal
12,L,148.7,39.8,17.99,Normal
10,L,131.6,32.1,18.55,Gemuk
10,L,135.7,27.9,15.13,Normal
11,L,140.3,39.7,20.17,Gemuk
6,L,114.4,19.8,15.11,Normal
7,P,117.3,21.0,15.24,Normal
6,L,114.5,19.2,14.66,Normal
11,P,138.5,43.0,22.41,Obesitas
8,P,120.7,26.2,17.98,Normal
9,P,126.5,24.0,14.99,Normal
11,L,142.4,34.9,17.22,Normal
10,P,135.2,31.0,16.95,Normal
10,L,137.3,35.8,18.98,Gemuk
12,P,145.4,35.2,16.64,Normal
10,P,136.6,29.4,15.74,Normal
12,P,148.7,41.6,18.81,Gemuk
9,L,128.3,24.4,14.83,Normal
8,P,118.0,22.9,16.42,Normal
6,L,117.2,17.0,12.38,Kurus
9,L,128.0,29.3,17.91,Normal
12,P,148.4,40.5,18.39,Gemuk
7,P,115.6,19.1,14.34,Normal
8,P,127.0,26.1,16.16,Normal
11,L,136.6,37.3,19.99,Gemuk
8,P,120.7,26.4,18.14,Gemuk
6,L,113.8,17.0,13.13,Kurus
10,L,133.8,30.8,17.18,Normal
7,L,119.8,23.5,16.39,Normal
8,P,122.2,29.0,19.43,Gemuk
7,P,121.3,18.0,12.23,Kurus
9,P,128.6,25.6,15.49,Normal
11,L,138.6,31.1,16.18,Normal
8,P,122.4,21.3,14.23,Normal
6,P,113.4,17.7,13.75,Kurus
10,P,135.2,30.4,16.62,Normal
9,P,132.4,26.0,14.82,Normal
6,L,113.3,19.5,15.17,Normal
6,P,117.0,22.0,16.08,Normal
9,L,128.2,27.0,16.42,Normal
11,L,139.7,36.2,18.56,Gemuk
9,P,127.6,29.0,17.81,Normal
9,L,131.0,27.8,16.19,Normal
9,P,127.6,31.5,19.31,Gemuk
9,L,133.0,26.7,15.1,Normal
8,P,125.5,20.5,13.02,Kurus
8,P,121.1,20.6,14.05,Normal
10,P,140.0,25.0,12.76,Kurus
8,P,124.6,29.0,18.67,Gemuk
6,L,114.5,22.0,16.77,Normal
9,L,127.9,27.8,17.01,Normal
7,P,119.0,18.0,12.7,Kurus
11,P,139.0,35.1,18.19,Gemuk
6,P,112.4,17.0,13.46,Kurus
8,P,124.2,25.8,16.7,Normal
11,P,143.6,33.5,16.27,Normal
10,L,137.0,27.9,14.83,Normal
11,P,141.2,36.0,18.05,Gemuk
8,L,127.2,27.1,16.72,Normal
6,L,114.8,17.0,12.9,Kurus
8,P,123.2,24.0,15.84,Normal
8,L,123.0,29.0,19.16,Gemuk
10,L,131.5,29.6,17.12,Normal
11,P,143.7,36.1,17.46,Normal
8,L,118.9,25.1,17.77,Normal
6,P,110.8,18.2,14.82,Normal
10,L,131.4,32.7,18.94,Gemuk
6,P,110.0,18.9,15.64,Normal
11,L,141.5,37.7,18.82,Gemuk
9,L,128.1,27.1,16.53,Normal
8,P,127.1,21.7,13.43,Kurus
11,P,142.7,34.7,17.06,Normal
6,P,113.9,22.0,16.96,Normal
11,P,140.8,42.7,21.55,Gemuk
9,P,127.9,26.9,16.43,Normal
7,L,118.3,18.1,12.92,Kurus
6,P,113.4,22.0,17.1,Normal
8,L,122.5,20.0,13.32,Kurus
9,P,128.7,31.8,19.22,Gemuk
10,P,136.6,32.5,17.4,Normal
12,P,141.9,40.6,20.15,Gemuk
6,L,114.8,17.0,12.9,Kurus
8,P,122.0,26.6,17.87,Normal
7,L,117.1,22.6,16.49,Normal
6,L,114.3,20.6,15.79,Normal
7,P,118.1,23.7,16.96,Normal
10,L,134.5,32.4,17.89,Normal
7,P,115.8,21.5,16.06,Normal
9,L,128.9,33.4,20.14,Gemuk
10,L,131.6,35.1,20.28,Gemuk
8,L,126.4,20.0,12.53,Kurus
7,P,114.9,19.2,14.53,Normal
6,L,111.9,19.5,15.57,Normal
10,P,132.8,33.7,19.12,Gemuk
7,L,117.8,18.3,13.17,Kurus
10,P,134.2,34.4,19.1,Gemuk
10,P,133.3,29.2,16.43,Normal
6,P,111.8,17.0,13.59,Kurus
9,P,126.5,28.7,17.94,Normal
8,P,120.7,22.7,15.56,Normal
12,L,146.9,39.0,18.06,Gemuk
7,P,116.8,21.7,15.9,Normal
10,L,133.1,26.5,14.96,Normal
6,P,118.0,17.9,12.87,Kurus
6,P,112.8,18.8,14.77,Normal
7,P,119.9,21.6,14.99,Normal
11,L,139.6,33.5,17.21,Normal
8,P,127.7,25.1,15.39,Normal
11,P,140.6,33.6,16.99,Normal
6,P,113.5,22.0,17.09,Normal
6,P,115.5,19.6,14.68,Normal
7,P,116.2,18.0,13.33,Kurus
11,P,140.7,37.5,18.93,Gemuk
6,L,115.8,17.3,12.9,Kurus
6,L,114.2,17.6,13.46,Kurus
8,L,125.2,24.9,15.85,Normal
12,L,143.3,41.2,20.04,Gemuk
10,P,131.9,34.5,19.86,Gemuk
6,L,114.1,17.0,13.05,Kurus
8,L,123.3,28.8,18.96,Gemuk
12,L,148.7,37.2,16.84,Normal
8,L,118.5,24.0,17.1,Normal
6,L,116.2,17.0,12.58,Kurus
8,L,124.0,23.9,15.54,Normal
11,L,141.5,31.8,15.89,Normal
8,P,122.2,24.7,16.51,Normal
6,L,115.2,20.2,15.23,Normal
10,P,135.8,28.9,15.65,Normal
10,L,130.6,31.1,18.2,Gemuk
12,P,147.4,35.8,16.49,Normal
10,L,134.8,31.8,17.51,Normal
12,P,146.9,38.1,17.68,Normal
11,P,139.8,32.2,16.48,Normal
9,P,131.6,26.2,15.11,Normal
8,P,124.0,24.3,15.81,Normal
8,L,121.5,20.9,14.13,Normal
6,P,113.4,18.6,14.49,Normal
7,L,117.2,24.0,17.48,Normal
8,L,124.9,28.2,18.07,Gemuk
9,L,127.1,23.7,14.68,Normal
10,P,133.3,31.4,17.65,Normal
9,L,128.8,27.4,16.5,Normal
12,L,143.5,33.8,16.4,Normal
8,P,125.7,28.0,17.7,Normal
9,P,123.9,24.0,15.64,Normal
12,P,147.2,42.4,19.59,Gemuk
11,P,135.7,31.9,17.34,Normal
8,P,122.1,23.5,15.74,Normal
10,P,133.4,27.2,15.31,Normal
8,L,120.0,20.0,13.88,Kurus
8,L,122.3,20.0,13.36,Kurus
7,P,115.7,22.5,16.78,Normal
6,P,116.1,17.0,12.61,Kurus
11,P,142.3,33.9,16.75,Normal
10,L,132.3,31.6,18.03,Gemuk
11,P,144.5,33.8,16.22,Normal
7,P,118.3,19.0,13.6,Kurus
9,P,128.0,32.1,19.59,Gemuk
8,P,118.3,29.0,20.72,Gemuk
7,L,118.4,20.4,14.56,Normal
11,P,146.4,43.0,20.07,Gemuk
8,P,126.2,22.4,14.09,Normal
10,L,134.3,28.3,15.68,Normal
11,L,137.4,38.2,20.27,Gemuk
7,L,118.5,20.4,14.5,Normal
6,L,114.9,21.3,16.14,Normal
8,P,123.3,22.9,15.08,Normal
9,L,130.8,30.3,17.7,Normal
9,P,123.8,32.8,21.4,Gemuk
12,L,147.8,45.6,20.88,Gemuk
12,P,146.8,33.8,15.7,Normal
12,P,146.5,39.6,18.46,Gemuk
12,L,143.4,39.0,18.99,Gemuk
10,L,136.1,32.5,17.57,Normal
8,L,123.2,20.0,13.18,Kurus
10,P,137.2,30.9,16.45,Normal
11,P,140.4,37.3,18.89,Gemuk
12,L,150.0,37.7,16.74,Normal
6,P,111.9,18.7,14.91,Normal
12,P,149.0,40.4,18.21,Gemuk
9,L,127.6,30.5,18.7,Gemuk
12,L,143.0,43.9,21.46,Gemuk
10,P,135.7,34.1,18.54,Gemuk
12,P,149.4,35.0,15.69,Normal
8,P,123.8,25.9,16.93,Normal
11,P,142.4,37.9,18.69,Gemuk
7,L,115.7,22.8,17.02,Normal
9,P,126.5,26.2,16.38,Normal
11,P,140.6,35.9,18.16,Gemuk
8,P,122.8,25.6,16.96,Normal
8,L,128.0,28.9,17.65,Normal
10,P,130.3,30.1,17.75,Normal
6,P,114.0,22.0,16.93,Normal
11,L,140.8,34.4,17.36,Normal
10,P,136.8,36.6,19.54,Gemuk
6,P,116.4,18.9,13.92,Kurus
12,L,144.9,35.6,16.96,Normal
8,L,123.7,26.1,17.08,Normal
10,L,135.9,29.1,15.78,Normal
7,P,114.7,18.3,13.95,Kurus
12,P,144.1,35.7,17.23,Normal
11,P,140.6,31.7,16.06,Normal
9,L,126.2,34.0,21.34,Gemuk
7,P,117.6,20.5,14.83,Normal
10,L,133.9,35.5,19.83,Gemuk
6,P,114.4,17.0,13.0,Kurus
12,L,145.0,37.1,17.67,Normal
6,L,112.4,21.3,16.86,Normal
10,P,134.4,29.7,16.47,Normal
8,P,123.2,24.4,16.11,Normal
7,P,118.9,23.2,16.41,Normal
7,L,119.5,18.4,12.9,Kurus
10,L,135.7,30.9,16.76,Normal
11,P,135.8,33.5,18.13,Gemuk
8,L,122.2,23.6,15.78,Normal
9,P,127.7,30.8,18.88,Gemuk
6,L,113.7,20.8,16.12,Normal
8,P,121.3,20.0,13.61,Kurus
10,P,135.2,35.0,19.14,Gemuk
10,P,130.6,32.6,19.11,Gemuk
9,L,128.5,29.6,17.91,Normal
7,L,119.1,22.6,15.94,Normal
7,L,113.8,20.7,15.96,Normal
11,L,136.3,32.3,17.39,Normal
8,L,121.7,23.7,15.98,Normal
11,L,138.8,42.7,22.16,Obesitas
6,P,114.0,19.9,15.31,Normal
11,P,140.4,37.9,19.26,Gemuk
6,P,110.0,22.0,18.18,Gemuk
12,P,146.8,34.1,15.82,Normal
9,P,126.7,26.0,16.19,Normal
12,L,147.5,34.8,15.99,Normal
9,L,123.8,32.2,20.99,Gemuk
11,P,137.5,35.3,18.67,Gemuk
11,P,141.5,34.2,17.08,Normal
7,P,121.3,24.5,16.67,Normal
7,P,118.3,18.9,13.5,Kurus
10,L,134.0,29.8,16.63,Normal
8,L,125.0,20.6,13.16,Kurus
9,P,129.9,29.3,17.34,Normal
8,P,118.8,22.0,15.58,Normal
12,L,141.2,40.3,20.23,Gemuk
10,L,134.2,34.0,18.89,Gemuk
8,L,121.0,20.0,13.65,Kurus
7,L,117.0,18.0,13.15,Kurus
8,L,120.8,23.8,16.27,Normal
9,L,124.5,29.5,19.05,Gemuk
12,P,140.7,43.2,21.85,Gemuk
9,L,127.6,28.5,17.48,Normal
11,L,137.2,33.8,17.97,Normal
11,L,136.4,36.6,19.64,Gemuk
8,P,120.2,25.8,17.84,Normal
11,P,140.5,36.6,18.54,Gemuk
8,P,124.1,23.7,15.4,Normal
7,L,117.6,23.1,16.71,Normal
12,L,145.3,37.8,17.93,Normal
6,L,111.4,17.0,13.7,Kurus
9,L,127.7,30.1,18.45,Gemuk
10,P,137.9,30.0,15.76,Normal
10,L,136.3,32.1,17.29,Normal
11,L,137.3,34.4,18.27,Gemuk
7,L,117.5,20.8,15.07,Normal
10,P,132.3,31.3,17.87,Normal
6,L,113.3,20.5,15.94,Normal
7,L,115.7,24.8,18.51,Gemuk
6,P,112.8,18.9,14.88,Normal
7,P,121.5,20.9,14.18,Normal
9,P,124.1,29.7,19.29,Gemuk
8,P,119.2,29.0,20.4,Gemuk
9,L,129.4,27.3,16.3,Normal
12,L,142.0,33.5,16.6,Normal
10,L,135.7,34.4,18.72,Gemuk
11,L,138.4,36.9,19.27,Gemuk
6,P,117.8,17.3,12.5,Kurus
7,L,115.0,18.0,13.62,Kurus
7,P,117.5,25.0,18.1,Gemuk
11,P,144.6,40.7,19.44,Gemuk
11,P,138.4,38.0,19.82,Gemuk
8,P,120.0,22.6,15.66,Normal
6,L,118.0,17.3,12.43,Kurus
11,L,140.2,34.1,17.34,Normal
12,L,144.2,41.0,19.72,Gemuk
7,L,117.9,19.9,14.29,Normal
11,L,138.8,33.8,17.57,Normal
9,P,129.5,27.9,16.62,Normal
12,P,144.1,39.5,19.0,Gemuk
9,P,126.5,34.0,21.25,Gemuk
7,P,115.8,23.7,17.7,Normal
8,P,127.1,21.3,13.18,Kurus
11,P,143.2,36.2,17.65,Normal
11,L,141.7,34.1,17.01,Normal
6,L,115.1,19.1,14.44,Normal
12,L,148.1,35.2,16.08,Normal
7,L,114.8,21.3,16.15,Normal
9,P,129.4,30.6,18.29,Gemuk
11,L,138.5,36.1,18.81,Gemuk
9,P,130.0,31.2,18.43,Gemuk
11,P,140.6,37.1,18.78,Gemuk
7,L,117.8,21.7,15.63,Normal
11,P,143.1,37.9,18.49,Gemuk
6,L,110.0,22.0,18.18,Gemuk
10,L,132.9,28.9,16.35,Normal
6,L,114.7,17.0,12.93,Kurus
11,P,140.5,35.5,17.99,Normal
8,P,123.8,24.5,15.99,Normal
6,P,110.4,17.0,13.95,Kurus
6,P,112.0,20.5,16.35,Normal
10,L,130.3,30.8,18.13,Gemuk
8,L,121.2,23.3,15.86,Normal
9,L,128.5,24.5,14.86,Normal
9,P,131.1,30.1,17.51,Normal
10,P,134.6,28.0,15.45,Normal
6,L,114.7,17.9,13.62,Kurus
10,P,132.1,30.5,17.5,Normal
7,L,117.9,20.7,14.93,Normal
7,L,117.4,25.0,18.15,Gemuk
7,P,119.9,25.0,17.39,Normal
8,L,122.7,23.1,15.37,Normal
8,L,127.0,26.3,16.29,Normal
12,L,143.5,35.6,17.32,Normal
9,L,125.1,24.1,15.41,Normal
9,L,125.2,32.8,20.96,Gemuk
11,P,139.3,33.6,17.35,Normal
6,P,112.4,20.5,16.23,Normal
10,L,130.2,32.7,19.32,Gemuk
12,P,146.6,38.8,18.05,Gemuk
7,L,120.2,20.7,14.29,Normal
6,L,115.6,20.9,15.67,Normal
9,P,127.7,26.7,16.38,Normal
7,L,119.1,25.0,17.63,Normal
11,P,141.2,38.9,19.54,Gemuk
6,L,113.4,22.0,17.1,Normal
11,P,138.7,28.0,14.55,Normal
6,L,118.0,20.1,14.42,Normal
11,P,140.5,35.4,17.92,Normal
12,P,142.3,40.0,19.74,Gemuk
6,L,114.0,21.3,16.35,Normal
11,L,137.1,34.4,18.32,Gemuk
12,L,140.5,39.8,20.16,Gemuk
7,L,120.0,21.9,15.2,Normal
12,L,147.1,33.6,15.52,Normal
7,L,113.5,25.0,19.39,Gemuk
7,L,119.0,18.2,12.85,Kurus
11,P,143.6,34.8,16.88,Normal
6,L,114.6,17.3,13.15,Kurus
7,P,116.5,18.0,13.27,Kurus
9,L,126.9,28.0,17.38,Normal
8,L,122.3,20.8,13.95,Kurus
7,P,119.8,21.9,15.26,Normal
11,L,142.3,35.5,17.56,Normal
10,L,134.1,29.2,16.23,Normal
8,P,126.8,20.7,12.88,Kurus
7,L,118.6,21.4,15.17,Normal
7,P,120.3,24.0,16.63,Normal
10,P,134.8,35.1,19.33,Gemuk
8,P,121.1,22.4,15.28,Normal
7,L,121.2,21.3,14.53,Normal
8,P,124.6,25.4,16.37,Normal
8,L,123.4,22.8,14.97,Normal
12,L,144.7,42.4,20.23,Gemuk
7,L,119.5,23.3,16.3,Normal
6,P,110.5,17.0,13.93,Kurus
6,L,115.3,17.0,12.78,Kurus
8,L,122.5,21.9,14.58,Normal
10,P,134.7,35.9,19.79,Gemuk
12,P,146.9,35.5,16.44,Normal
11,L,141.2,35.9,18.02,Gemuk
8,L,125.1,27.5,17.58,Normal
9,L,133.0,28.3,15.98,Normal
12,P,142.1,38.2,18.89,Gemuk
8,L,121.7,22.4,15.09,Normal
7,P,121.4,20.8,14.15,Normal
10,L,135.3,34.9,19.06,Gemuk
10,P,135.2,34.7,19.0,Gemuk
8,L,123.8,21.9,14.3,Normal
10,P,134.6,36.1,19.93,Gemuk
7,P,115.9,21.3,15.85,Normal
8,L,123.4,20.7,13.61,Kurus
12,L,146.1,39.8,18.63,Gemuk
12,L,150.6,38.7,17.05,Normal
7,L,119.1,23.2,16.36,Normal
9,L,127.8,28.9,17.7,Normal
6,P,116.3,22.0,16.27,Normal
12,P,148.2,39.7,18.06,Gemuk
10,P,133.7,34.1,19.11,Gemuk
8,P,123.9,29.0,18.88,Gemuk
10,P,134.2,33.6,18.65,Gemuk
10,P,133.0,32.7,18.46,Gemuk
11,P,142.7,34.5,16.93,Normal
8,L,119.1,26.5,18.7,Gemuk
9,P,125.7,26.9,17.04,Normal
7,P,116.8,19.8,14.5,Normal
12,L,150.5,36.1,15.92,Normal
7,L,116.8,20.5,15.03,Normal
12,L,146.4,37.1,17.29,Normal
8,L,124.5,25.0,16.13,Normal
11,L,142.2,33.6,16.61,Normal
7,L,117.7,24.2,17.48,Normal
8,L,120.9,24.6,16.83,Normal
11,L,139.5,29.8,15.32,Normal
6,P,113.5,21.3,16.52,Normal
10,P,136.5,29.9,16.03,Normal
12,P,143.5,41.3,20.07,Gemuk
12,L,147.8,42.1,19.25,Gemuk
6,P,116.1,22.0,16.32,Normal
6,L,110.5,22.0,18.01,Gemuk
6,P,113.1,22.0,17.19,Normal
8,L,121.2,25.5,17.37,Normal
11,L,142.5,35.8,17.63,Normal
9,L,128.4,28.0,16.98,Normal
9,L,125.7,29.3,18.53,Gemuk
6,P,112.0,19.9,15.89,Normal
8,L,124.0,29.0,18.85,Gemuk
11,L,139.2,34.0,17.53,Normal
7,P,121.8,22.4,15.07,Normal
12,L,143.4,39.4,19.15,Gemuk
12,L,146.1,38.5,18.03,Gemuk
11,P,140.3,37.3,18.94,Gemuk
8,L,123.8,28.1,18.32,Gemuk
10,P,136.4,31.5,16.94,Normal
6,L,112.6,17.1,13.46,Kurus
10,P,129.1,35.1,21.06,Gemuk
11,P,144.3,36.4,17.51,Normal
8,P,125.6,27.4,17.4,Normal
12,L,144.3,42.4,20.37,Gemuk
7,P,120.3,18.0,12.44,Kurus
11,P,140.2,38.8,19.74,Gemuk
11,L,137.5,28.0,14.81,Normal
8,L,127.2,29.0,17.92,Normal
9,L,130.0,25.9,15.35,Normal
8,P,124.5,21.3,13.76,Kurus
8,P,119.9,23.8,16.56,Normal
11,P,138.9,35.7,18.49,Gemuk
7,P,121.4,20.6,13.97,Kurus
12,P,142.8,35.3,17.32,Normal
11,L,141.3,41.4,20.72,Gemuk
9,P,129.1,28.3,17.0,Normal
12,P,146.1,42.6,19.95,Gemuk
7,P,114.9,18.0,13.64,Kurus
9,P,129.0,28.4,17.06,Normal
11,L,140.6,33.4,16.87,Normal
11,P,143.7,36.7,17.75,Normal
10,L,133.9,29.4,16.42,Normal
8,P,124.9,20.8,13.34,Kurus
11,P,140.4,28.5,14.45,Normal
10,P,133.5,30.5,17.13,Normal
10,P,136.5,35.0,18.76,Gemuk
11,L,140.4,36.1,18.3,Gemuk
10,L,135.1,27.7,15.18,Normal
8,P,120.6,25.3,17.41,Normal
6,L,117.1,19.6,14.32,Normal
12,P,144.4,30.5,14.65,Normal
9,P,129.0,24.6,14.78,Normal
7,P,113.6,24.6,19.09,Gemuk
10,L,131.4,29.6,17.16,Normal
11,L,143.8,32.3,15.64,Normal
11,L,141.4,35.6,17.81,Normal
12,L,145.8,41.1,19.33,Gemuk
6,L,113.1,20.4,15.9,Normal
12,L,150.5,39.7,17.54,Normal
7,L,119.7,20.3,14.19,Normal
7,L,118.5,22.3,15.88,Normal
8,P,128.0,22.6,13.82,Kurus
7,P,116.4,18.0,13.3,Kurus
7,L,118.6,19.7,13.99,Kurus
8,P,122.5,21.6,14.41,Normal
9,P,127.1,30.1,18.6,Gemuk
8,L,122.3,22.0,14.68,Normal
6,L,113.8,17.8,13.78,Kurus
10,P,131.6,32.2,18.61,Gemuk
7,L,117.4,19.3,13.97,Kurus
11,P,139.5,33.4,17.15,Normal
10,P,137.1,28.2,15.01,Normal
7,L,120.9,21.0,14.33,Normal
8,L,120.4,24.3,16.73,Normal
10,L,135.4,33.6,18.35,Gemuk
12,P,142.4,32.5,16.05,Normal
9,L,129.9,28.0,16.57,Normal
11,P,135.0,33.4,18.34,Gemuk
6,P,111.6,22.0,17.67,Normal
7,P,118.9,22.3,15.77,Normal
11,L,143.3,31.7,15.44,Normal
8,L,128.0,29.0,17.7,Normal
7,L,114.2,21.8,16.73,Normal
10,P,132.0,30.5,17.51,Normal
9,L,123.0,22.0,14.54,Normal
8,P,125.2,27.8,17.72,Normal
8,P,128.0,27.0,16.5,Normal
11,L,139.7,30.5,15.63,Normal
7,P,114.4,22.7,17.33,Normal
11,P,142.0,37.0,18.34,Gemuk
12,P,149.5,38.2,17.1,Normal
10,L,134.1,27.8,15.46,Normal
6,P,112.4,22.0,17.41,Normal
7,L,121.0,21.6,14.73,Normal
6,P,110.4,21.2,17.42,Normal
11,P,138.9,41.6,21.57,Gemuk
6,L,111.5,19.0,15.32,Normal
8,L,125.0,25.0,16.02,Normal
7,L,121.5,21.4,14.52,Normal
6,L,113.9,20.1,15.45,Normal
9,P,131.1,22.8,13.28,Kurus
10,L,131.5,25.5,14.78,Normal
10,P,136.6,29.1,15.59,Normal
11,P,144.3,35.1,16.84,Normal
8,P,123.5,25.1,16.46,Normal
11,L,140.6,33.2,16.8,Normal
9,L,130.7,24.2,14.19,Normal
10,P,133.8,33.1,18.47,Gemuk
7,P,118.7,18.0,12.77,Kurus
11,P,136.4,35.0,18.8,Gemuk
10,L,135.6,32.3,17.55,Normal
8,P,124.7,20.0,12.85,Kurus
10,L,130.2,33.7,19.9,Gemuk
6,L,114.2,21.0,16.11,Normal
7,L,116.8,22.2,16.31,Normal
8,P,126.6,23.5,14.68,Normal
7,P,116.0,20.6,15.29,Normal
6,L,112.7,20.2,15.89,Normal
10,L,135.3,31.5,17.23,Normal
12,L,142.4,39.3,19.36,Gemuk
12,P,141.0,40.8,20.53,Gemuk
11,L,139.7,33.2,17.0,Normal
9,L,128.0,25.6,15.61,Normal
6,P,114.1,19.3,14.84,Normal
7,P,119.1,25.0,17.63,Normal
8,P,121.2,24.3,16.53,Normal
10,P,132.0,37.2,21.33,Gemuk
8,L,126.2,27.3,17.11,Normal
10,P,135.3,33.8,18.47,Gemuk
10,L,137.8,33.0,17.38,Normal
6,L,114.7,17.1,12.96,Kurus
10,P,130.2,33.1,19.53,Gemuk
9,L,126.3,29.5,18.49,Gemuk
11,L,141.3,31.7,15.89,Normal
6,L,116.6,20.1,14.76,Normal
9,P,130.0,25.5,15.06,Normal
8,P,122.7,27.4,18.22,Gemuk
6,L,115.2,17.0,12.8,Kurus
7,P,113.0,23.5,18.38,Gemuk
7,P,120.3,25.0,17.28,Normal
6,P,115.9,22.0,16.39,Normal
6,P,112.4,17.0,13.46,Kurus
8,P,118.0,20.9,15.02,Normal
8,P,122.7,29.0,19.28,Gemuk
9,L,126.0,27.4,17.24,Normal
6,L,118.0,17.9,12.86,Kurus
6,P,114.0,20.5,15.78,Normal
10,L,131.6,33.7,19.44,Gemuk
12,P,145.2,37.6,17.86,Normal
10,P,133.7,33.0,18.47,Gemuk
8,P,127.5,21.8,13.42,Kurus
7,P,117.9,22.1,15.93,Normal
10,L,133.7,31.9,17.84,Normal
12,L,147.8,36.6,16.76,Normal
6,P,110.6,19.4,15.84,Normal
6,L,110.0,18.9,15.64,Normal
9,P,126.9,33.7,20.94,Gemuk
6,P,114.3,18.7,14.29,Normal
10,P,137.7,28.9,15.23,Normal
12,P,144.3,40.4,19.41,Gemuk
10,P,131.9,30.7,17.63,Normal
8,P,120.2,20.0,13.84,Kurus
11,P,141.1,38.9,19.56,Gemuk
9,L,131.6,28.9,16.67,Normal
10,P,133.0,33.3,18.8,Gemuk
8,L,126.2,26.1,16.36,Normal
11,P,143.1,39.8,19.45,Gemuk
10,P,135.7,30.8,16.72,Normal
10,P,135.8,33.6,18.21,Gemuk
8,L,120.8,20.8,14.25,Normal
9,P,131.4,27.5,15.9,Normal
8,P,125.0,23.3,14.9,Normal
7,P,116.2,21.3,15.74,Normal
12,P,147.7,41.0,18.8,Gemuk
7,P,117.9,25.0,17.97,Normal
9,P,133.0,25.6,14.49,Normal
11,P,140.7,38.6,19.52,Gemuk
7,L,117.9,20.4,14.67,Normal
7,P,113.0,25.0,19.58,Gemuk
11,L,140.5,35.2,17.82,Normal
10,L,134.1,32.1,17.87,Normal
11,L,141.6,31.6,15.76,Normal
9,P,128.4,24.4,14.78,Normal
9,L,127.3,25.5,15.74,Normal
10,P,137.7,32.7,17.22,Normal
11,L,140.9,31.7,15.95,Normal
8,L,119.4,27.0,18.96,Gemuk
6,L,113.1,20.6,16.07,Normal
6,L,112.8,19.5,15.37,Normal
8,P,120.3,27.9,19.31,Gemuk
10,L,138.0,29.8,15.63,Normal
12,P,145.8,38.0,17.88,Normal
10,L,134.8,35.0,19.24,Gemuk
9,L,127.7,27.8,17.01,Normal
12,L,147.0,40.2,18.61,Gemuk
12,P,145.3,42.0,19.91,Gemuk
7,P,117.8,19.9,14.33,Normal
7,P,114.8,24.3,18.4,Gemuk
8,L,125.3,27.0,17.21,Normal
12,L,147.0,37.7,17.42,Normal
6,P,113.8,22.0,16.99,Normal
8,P,122.8,25.8,17.11,Normal
10,L,133.1,34.8,19.62,Gemuk
6,L,115.0,17.0,12.89,Kurus
6,L,113.8,17.0,13.14,Kurus
8,L,118.1,29.0,20.78,Gemuk
8,P,120.6,23.7,16.28,Normal
11,P,141.5,35.9,17.95,Normal
6,L,111.4,17.0,13.71,Kurus
7,P,118.2,20.8,14.87,Normal
9,L,126.9,30.5,18.98,Gemuk
6,P,112.8,17.0,13.37,Kurus
12,L,148.5,44.7,20.28,Gemuk
11,P,142.0,32.2,15.96,Normal
11,P,136.5,34.1,18.29,Gemuk
10,L,136.4,26.8,14.42,Normal
8,P,124.7,20.0,12.85,Kurus
11,P,140.0,33.4,17.07,Normal
6,L,111.8,21.4,17.09,Normal
8,L,118.9,26.4,18.69,Gemuk
11,P,140.9,35.6,17.91,Normal
10,L,133.9,36.0,20.08,Gemuk
10,P,137.3,28.8,15.25,Normal
7,L,117.7,20.2,14.57,Normal
9,L,125.9,27.4,17.3,Normal
11,P,137.5,37.9,20.05,Gemuk
9,L,125.6,30.5,19.34,Gemuk
6,P,117.4,18.0,13.06,Kurus
7,L,116.9,19.1,13.95,Kurus
9,L,126.7,30.5,19.01,Gemuk
9,L,127.5,27.6,16.98,Normal
9,L,130.7,28.9,16.91,Normal
8,P,122.3,22.8,15.24,Normal
6,L,117.1,22.0,16.05,Normal
10,P,140.0,29.1,14.82,Normal
8,L,126.8,20.5,12.73,Kurus
6,P,110.5,19.8,16.18,Normal
9,P,132.6,30.9,17.56,Normal
6,P,118.0,22.0,15.8,Normal
8,L,125.4,23.0,14.64,Normal
7,P,119.1,20.8,14.69,Normal
7,L,120.1,24.2,16.8,Normal
6,P,115.2,22.0,16.57,Normal
8,L,123.4,27.8,18.29,Gemuk
12,L,146.4,40.2,18.77,Gemuk
10,P,131.2,28.6,16.62,Normal
10,P,139.1,32.6,16.88,Normal
7,P,119.1,18.6,13.13,Kurus
8,P,125.6,26.0,16.45,Normal
6,P,113.8,19.8,15.31,Normal
7,P,115.9,22.0,16.42,Normal
6,P,114.2,22.0,16.86,Normal
11,P,143.1,36.7,17.95,Normal
12,L,147.6,40.0,18.37,Gemuk
8,L,126.1,24.6,15.46,Normal
12,L,146.2,34.3,16.05,Normal
9,P,125.1,26.5,16.97,Normal
11,P,140.9,37.3,18.79,Gemuk
6,P,113.2,21.3,16.64,Normal
6,L,113.3,17.0,13.25,Kurus
9,L,128.1,28.8,17.57,Normal
6,L,113.9,19.3,14.87,Normal
6,L,114.2,17.0,13.03,Kurus
9,L,127.6,27.1,16.62,Normal
8,P,120.8,23.0,15.75,Normal
12,P,143.8,33.8,16.35,Normal
8,L,122.0,23.9,16.02,Normal
12,P,145.8,37.6,17.67,Normal
9,L,126.6,27.8,17.33,Normal
11,P,137.7,36.6,19.28,Gemuk
7,P,119.3,19.9,13.98,Kurus
8,L,125.0,27.6,17.67,Normal
10,P,137.1,33.3,17.74,Normal
11,P,140.6,37.7,19.08,Gemuk
10,P,131.9,30.5,17.55,Normal
6,L,116.5,17.0,12.54,Kurus
9,L,125.8,28.2,17.84,Normal
6,P,118.0,17.3,12.44,Kurus
7,P,115.7,20.6,15.38,Normal
6,L,116.3,18.8,13.93,Kurus
11,P,138.5,34.1,17.74,Normal
9,P,127.9,25.6,15.66,Normal
6,L,116.6,17.0,12.51,Kurus
8,L,125.0,22.9,14.64,Normal
9,L,126.2,29.4,18.45,Gemuk
11,P,140.1,29.0,14.77,Normal
7,L,113.0,25.0,19.58,Gemuk
8,P,122.3,25.6,17.13,Normal
9,L,131.6,27.9,16.12,Normal
12,P,148.4,36.6,16.6,Normal
12,L,145.2,37.2,17.61,Normal
7,P,116.3,25.0,18.47,Gemuk
12,P,145.2,35.6,16.88,Normal
8,P,124.2,21.5,13.93,Kurus
6,L,113.8,19.3,14.92,Normal
6,L,116.9,18.9,13.81,Kurus
8,L,122.9,25.3,16.73,Normal
6,L,111.6,19.0,15.24,Normal
9,L,128.5,31.1,18.81,Gemuk
12,L,142.3,41.0,20.25,Gemuk
7,L,114.4,22.4,17.14,Normal
8,P,124.9,29.0,18.58,Gemuk
10,L,137.7,30.9,16.28,Normal
9,P,125.5,28.6,18.15,Gemuk
7,P,119.7,21.0,14.66,Normal
9,P,126.0,31.0,19.52,Gemuk
12,L,144.5,41.0,19.64,Gemuk
8,L,120.8,29.0,19.88,Gemuk
8,L,126.1,29.0,18.25,Gemuk
9,L,129.7,25.4,15.12,Normal
9,P,123.0,25.7,16.97,Normal
7,L,123.0,18.0,11.9,Kurus
10,P,133.7,30.6,17.13,Normal
11,P,143.6,38.5,18.64,Gemuk
8,P,122.1,22.2,14.87,Normal
10,P,134.4,31.0,17.15,Normal
9,L,133.0,29.2,16.52,Normal
7,L,115.4,24.3,18.27,Gemuk
7,P,116.5,25.0,18.42,Gemuk
7,P,116.4,25.0,18.44,Gemuk
12,P,145.5,36.9,17.45,Normal
10,L,137.0,34.7,18.46,Gemuk
6,P,110.0,17.0,14.05,Normal
7,L,116.8,23.7,17.38,Normal
8,P,127.5,20.0,12.3,Kurus
9,P,130.5,24.1,14.17,Normal
12,P,144.8,33.6,16.02,Normal
11,P,141.2,31.6,15.86,Normal
12,L,145.2,38.2,18.14,Gemuk
9,L,126.5,25.9,16.21,Normal
7,P,119.0,23.6,16.65,Normal
8,P,125.3,26.2,16.68,Normal
6,P,112.3,19.7,15.58,Normal
9,P,127.2,26.1,16.12,Normal
8,P,123.0,22.7,15.02,Normal
6,P,113.4,18.3,14.26,Normal
8,P,121.2,22.5,15.28,Normal
6,P,110.5,21.6,17.69,Normal
12,L,146.0,43.8,20.56,Gemuk
6,L,110.0,18.6,15.4,Normal
9,L,129.7,25.8,15.32,Normal
6,L,114.6,22.0,16.75,Normal
12,P,148.3,43.2,19.64,Gemuk
8,P,124.7,26.7,17.15,Normal
8,P,123.2,23.2,15.27,Normal
10,L,132.7,33.8,19.18,Gemuk
10,P,134.9,33.3,18.31,Gemuk
6,L,110.0,21.4,17.67,Normal
12,L,143.7,45.8,22.18,Obesitas
9,L,129.1,27.3,16.39,Normal
6,L,112.8,20.2,15.87,Normal
6,L,118.0,20.5,14.73,Normal
7,P,120.5,25.0,17.21,Normal
6,L,114.3,20.8,15.88,Normal
10,P,132.7,37.4,21.27,Gemuk
9,L,124.9,22.5,14.42,Normal
6,L,112.7,17.0,13.39,Kurus
6,P,112.3,18.2,14.43,Normal
12,P,148.0,41.2,18.82,Gemuk
10,L,137.9,32.2,16.94,Normal
9,L,127.0,25.5,15.82,Normal
12,P,149.4,41.4,18.56,Gemuk
8,L,123.2,20.6,13.59,Kurus
7,L,116.8,23.9,17.49,Normal
10,P,133.4,31.0,17.44,Normal
9,L,124.0,30.7,20.0,Gemuk
12,L,146.6,34.6,16.11,Normal
7,P,119.0,18.0,12.7,Kurus
9,L,124.3,29.1,18.81,Gemuk
9,L,130.0,29.9,17.68,Normal
6,L,112.3,18.2,14.43,Normal
10,L,135.9,31.0,16.78,Normal
9,P,127.6,28.3,17.42,Normal
8,P,121.1,23.3,15.9,Normal
12,L,142.5,40.1,19.76,Gemuk
12,P,146.4,42.6,19.9,Gemuk
9,L,128.6,31.8,19.22,Gemuk
6,L,117.0,18.3,13.35,Kurus
9,L,127.7,34.0,20.85,Gemuk
7,P,116.7,18.0,13.22,Kurus
6,L,113.4,17.9,13.89,Kurus
8,P,122.1,20.4,13.68,Kurus
8,L,123.4,23.6,15.48,Normal
7,P,119.4,21.7,15.21,Normal
9,P,128.4,30.0,18.2,Gemuk
12,P,143.0,38.6,18.87,Gemuk
8,P,120.8,23.3,15.96,Normal
6,P,110.0,17.0,14.05,Normal
6,L,113.7,17.0,13.14,Kurus
6,P,111.6,22.0,17.68,Normal
11,P,147.0,37.3,17.25,Normal
6,P,113.5,17.0,13.2,Kurus
10,P,132.8,30.2,17.13,Normal
8,L,120.3,24.4,16.86,Normal
11,P,140.5,41.0,20.77,Gemuk
9,P,126.4,22.2,13.9,Kurus
10,L,136.2,29.0,15.62,Normal
6,P,113.6,17.0,13.18,Kurus
7,L,122.0,25.0,16.79,Normal
7,P,122.0,25.0,16.78,Normal
11,L,137.3,43.0,22.8,Obesitas
6,L,113.7,20.0,15.46,Normal
8,P,127.4,21.7,13.37,Kurus
7,L,119.9,25.0,17.38,Normal
10,L,135.0,32.0,17.57,Normal
12,L,148.5,38.5,17.46,Normal
6,L,116.6,17.0,12.5,Kurus
7,L,119.4,19.0,13.31,Kurus
11,P,144.7,37.3,17.8,Normal
11,P,143.9,29.7,14.36,Normal
12,P,150.9,37.5,16.49,Normal
6,P,118.0,17.0,12.21,Kurus
10,P,132.5,30.6,17.41,Normal
12,L,149.4,38.0,17.05,Normal
10,P,129.7,27.5,16.36,Normal
8,P,121.7,24.3,16.4,Normal
6,P,110.0,22.0,18.18,Gemuk
9,L,128.1,25.8,15.7,Normal
8,L,122.4,26.5,17.7,Normal
7,P,119.5,18.0,12.61,Kurus
12,L,143.1,32.9,16.08,Normal
7,L,115.1,22.0,16.64,Normal
11,P,141.8,36.5,18.14,Gemuk
9,P,125.9,24.8,15.64,Normal
6,L,115.6,18.4,13.75,Kurus
7,P,118.8,24.3,17.24,Normal
7,L,114.1,21.3,16.39,Normal
8,L,123.7,25.8,16.88,Normal
11,P,141.6,33.2,16.56,Normal
6,P,110.0,17.0,14.05,Normal
11,P,138.6,31.4,16.33,Normal
9,L,129.1,28.6,17.16,Normal
9,P,127.5,29.2,17.94,Normal
7,P,120.4,24.7,17.02,Normal
8,P,119.7,27.8,19.38,Gemuk
8,L,123.9,22.0,14.35,Normal
12,L,148.1,36.4,16.59,Normal
8,P,125.6,22.9,14.53,Normal
6,L,112.7,17.0,13.38,Kurus
12,P,146.4,39.0,18.19,Gemuk
11,L,141.8,28.7,14.27,Normal
10,P,133.7,32.6,18.21,Gemuk
8,P,123.4,28.0,18.36,Gemuk
7,P,118.9,21.9,15.47,Normal
11,P,138.8,36.4,18.89,Gemuk
8,P,123.5,27.5,17.98,Normal
10,L,132.2,25.0,14.31,Normal
11,P,140.7,35.4,17.86,Normal
9,L,127.0,29.2,18.08,Gemuk
10,P,136.5,32.8,17.62,Normal
7,P,116.5,21.9,16.15,Normal
8,L,125.3,26.0,16.56,Normal
11,P,141.9,39.9,19.84,Gemuk
7,L,120.2,20.6,14.24,Normal
7,P,116.5,23.1,17.06,Normal
11,P,135.8,36.9,20.0,Gemuk
12,P,146.9,41.5,19.25,Gemuk
7,L,117.1,23.2,16.89,Normal
6,P,115.1,17.0,12.84,Kurus
6,L,116.5,17.0,12.53,Kurus
7,L,118.7,18.9,13.44,Kurus
8,L,120.4,21.7,15.0,Normal
11,L,142.2,30.5,15.07,Normal
6,P,110.0,19.8,16.34,Normal
6,P,111.0,22.0,17.85,Normal
9,P,126.0,25.5,16.1,Normal
10,L,131.5,27.6,15.94,Normal
7,L,117.3,18.0,13.07,Kurus
7,L,114.7,21.2,16.13,Normal
10,L,134.5,30.1,16.64,Normal
11,L,141.0,29.7,14.93,Normal
8,P,124.1,24.9,16.17,Normal
10,L,129.8,32.8,19.47,Gemuk
9,P,128.0,22.7,13.83,Kurus
11,P,140.6,35.5,17.98,Normal
9,L,127.9,27.1,16.56,Normal
7,P,120.6,20.6,14.16,Normal
10,L,135.1,32.9,18.04,Gemuk
9,L,125.7,26.5,16.77,Normal
8,L,121.7,26.3,17.77,Normal
6,P,115.8,17.0,12.68,Kurus
7,L,114.2,20.1,15.45,Normal
9,P,125.0,23.4,14.99,Normal
12,P,142.8,38.4,18.83,Gemuk
8,P,126.6,23.4,14.58,Normal
12,P,146.2,40.7,19.06,Gemuk
12,P,146.3,39.6,18.51,Gemuk
12,L,147.0,37.8,17.47,Normal
9,L,126.9,27.1,16.84,Normal
12,P,143.9,41.8,20.19,Gemuk
12,P,144.8,40.6,19.36,Gemuk
10,P,133.2,27.5,15.51,Normal
12,L,145.2,31.1,14.76,Normal
11,P,143.1,35.4,17.28,Normal
12,L,148.6,48.0,21.75,Gemuk
6,P,118.0,22.0,15.8,Normal
6,L,113.8,18.3,14.1,Normal
7,P,117.4,23.7,17.17,Normal
11,P,142.5,35.7,17.57,Normal
7,P,117.8,22.0,15.81,Normal
10,P,135.3,36.7,20.02,Gemuk
6,L,113.9,17.0,13.11,Kurus
10,L,135.0,31.0,16.99,Normal
11,P,141.8,38.1,18.96,Gemuk
10,P,137.5,27.5,14.56,Normal
12,L,148.3,35.8,16.25,Normal
9,P,128.5,28.2,17.1,Normal
7,L,113.9,23.0,17.7,Normal
9,L,127.9,32.8,20.07,Gemuk
9,P,126.8,27.2,16.91,Normal
10,P,135.2,26.8,14.65,Normal
6,L,110.0,17.0,14.05,Normal
12,P,144.6,35.0,16.73,Normal
11,L,136.4,38.7,20.81,Gemuk
6,P,114.0,18.3,14.1,Normal
11,P,144.9,36.7,17.49,Normal
12,L,146.3,39.1,18.27,Gemuk
12,P,148.2,43.1,19.62,Gemuk
8,L,124.5,20.0,12.9,Kurus
9,L,125.4,25.8,16.4,Normal
12,P,148.4,41.9,19.04,Gemuk
10,L,132.8,31.1,17.65,Normal
12,P,145.9,46.8,21.99,Gemuk
8,P,120.5,27.2,18.74,Gemuk
8,L,124.7,20.0,12.85,Kurus
6,L,112.4,18.9,14.98,Normal
11,L,141.9,42.9,21.32,Gemuk
12,L,148.5,39.9,18.07,Gemuk
10,L,131.4,30.8,17.86,Normal
8,P,128.0,28.6,17.46,Normal
7,L,113.0,18.0,14.1,Normal
10,L,135.0,34.2,18.76,Gemuk
8,P,122.7,28.4,18.88,Gemuk
11,P,135.6,41.4,22.53,Obesitas
9,P,128.9,31.9,19.17,Gemuk
11,L,142.6,37.2,18.29,Gemuk
11,L,137.3,32.5,17.24,Normal
9,P,129.5,26.1,15.52,Normal
9,P,130.9,27.6,16.11,Normal
6,L,118.0,19.1,13.72,Kurus
12,L,144.2,39.6,19.03,Gemuk
12,L,146.2,34.6,16.17,Normal
12,L,146.0,41.9,19.65,Gemuk
11,L,141.4,37.7,18.87,Gemuk
9,P,126.2,30.6,19.24,Gemuk
6,L,118.0,20.3,14.56,Normal
9,P,130.6,29.8,17.44,Normal
9,P,127.2,29.4,18.18,Gemuk
8,P,127.0,24.2,14.99,Normal
10,P,136.0,32.3,17.44,Normal
11,L,140.8,28.0,14.13,Normal
8,P,126.1,29.0,18.24,Gemuk
9,P,124.2,27.8,18.06,Gemuk
9,L,129.0,27.0,16.2,Normal
9,P,124.7,24.5,15.73,Normal
7,L,116.8,21.3,15.59,Normal
6,L,117.5,17.7,12.81,Kurus
9,L,131.9,34.0,19.54,Gemuk
8,L,127.8,23.2,14.19,Normal
12,P,144.4,41.2,19.76,Gemuk
9,L,129.4,24.3,14.49,Normal
6,P,117.3,19.6,14.22,Normal
10,P,137.7,31.0,16.34,Normal
12,P,147.8,40.9,18.74,Gemuk
9,L,129.0,24.6,14.81,Normal
11,L,135.0,34.0,18.67,Gemuk
10,P,134.4,34.6,19.18,Gemuk
6,L,113.5,22.0,17.07,Normal
9,L,129.9,29.5,17.5,Normal
11,P,140.8,33.8,17.06,Normal
8,L,126.9,26.7,16.61,Normal
9,P,131.8,27.2,15.67,Normal
6,P,115.3,19.8,14.91,Normal
12,P,149.6,40.3,18.0,Gemuk
6,L,114.2,17.0,13.04,Kurus
8,P,123.6,26.2,17.14,Normal
9,P,128.1,26.1,15.88,Normal
8,P,124.3,26.4,17.09,Normal
11,P,139.7,28.0,14.35,Normal
6,L,112.4,17.0,13.46,Kurus
8,P,119.9,22.5,15.66,Normal
12,L,143.8,38.4,18.55,Gemuk
9,L,124.1,28.3,18.35,Gemuk
10,L,136.6,32.7,17.5,Normal
6,L,113.9,20.1,15.49,Normal
7,P,117.4,20.7,15.04,Normal
12,L,146.1,36.7,17.22,Normal
12,P,142.4,36.0,17.73,Normal
11,L,141.0,34.2,17.21,Normal
11,P,141.5,35.6,17.78,Normal
8,P,121.0,22.2,15.18,Normal
9,L,130.2,30.0,17.72,Normal
9,L,129.9,27.0,16.0,Normal
12,P,147.4,44.0,20.27,Gemuk
10,P,138.3,36.6,19.12,Gemuk
6,L,114.9,21.0,15.91,Normal
6,L,110.6,19.0,15.54,Normal
6,L,111.3,22.0,17.77,Normal
7,P,120.9,24.8,16.97,Normal
11,L,142.0,40.5,20.1,Gemuk
11,P,142.0,41.6,20.65,Gemuk
10,L,131.6,29.6,17.11,Normal
8,P,122.4,20.0,13.35,Kurus
12,L,143.4,36.6,17.77,Normal
7,P,116.8,24.1,17.7,Normal
8,P,125.9,24.8,15.64,Normal
9,P,132.5,32.2,18.35,Gemuk
9,P,130.9,24.3,14.2,Normal
12,L,145.8,37.5,17.63,Normal
8,P,128.0,23.4,14.29,Normal
8,P,125.5,25.6,16.28,Normal
8,P,124.3,20.7,13.39,Kurus
7,L,119.1,24.6,17.32,Normal
10,P,137.8,32.9,17.34,Normal
9,L,130.2,34.0,20.05,Gemuk
10,L,131.6,29.4,16.98,Normal
12,L,145.1,34.3,16.27,Normal
8,L,119.7,20.0,13.97,Kurus
6,P,115.3,18.7,14.04,Normal
11,L,141.1,38.3,19.22,Gemuk
11,L,140.1,36.4,18.54,Gemuk
12,L,147.5,35.5,16.32,Normal
6,L,112.9,17.0,13.33,Kurus
11,P,143.4,41.6,20.22,Gemuk
6,L,112.5,17.0,13.44,Kurus
9,P,130.0,29.4,17.42,Normal
6,P,111.1,20.4,16.57,Normal
6,L,116.7,22.0,16.15,Normal
12,L,150.7,37.4,16.45,Normal
9,L,124.7,26.6,17.11,Normal
9,L,131.0,28.6,16.65,Normal
9,L,125.2,30.5,19.48,Gemuk
12,L,149.6,36.3,16.22,Normal
7,P,116.5,20.5,15.14,Normal
12,L,146.2,38.5,17.98,Normal
12,P,147.1,42.9,19.82,Gemuk
6,L,112.5,17.0,13.43,Kurus
10,P,136.2,34.4,18.55,Gemuk
8,L,124.5,25.7,16.58,Normal
6,L,114.5,22.0,16.78,Normal
7,L,115.4,23.5,17.63,Normal
7,L,121.3,22.4,15.23,Normal
6,P,116.0,20.5,15.23,Normal
12,L,149.5,38.2,17.08,Normal
11,P,141.5,36.9,18.41,Gemuk
10,P,136.8,25.0,13.37,Kurus
9,P,124.4,29.9,19.3,Gemuk
12,P,147.4,39.8,18.29,Gemuk
10,L,137.0,36.4,19.41,Gemuk
8,L,123.7,22.8,14.91,Normal
6,P,113.6,19.8,15.32,Normal
12,P,145.1,38.0,18.05,Gemuk
8,P,124.2,26.3,17.06,Normal
12,L,143.2,43.0,20.98,Gemuk
11,L,143.3,32.7,15.95,Normal
6,P,114.5,17.0,12.97,Kurus
8,P,123.4,25.2,16.56,Normal
10,L,134.6,29.3,16.18,Normal
7,L,119.0,22.0,15.56,Normal
8,P,122.6,24.2,16.12,Normal
8,P,123.0,27.9,18.42,Gemuk
7,L,115.0,23.9,18.03,Gemuk
9,L,127.0,25.7,15.91,Normal
7,L,116.3,24.1,17.81,Normal
9,P,133.0,26.9,15.22,Normal
11,P,143.2,34.2,16.65,Normal
11,P,140.8,34.5,17.4,Normal
11,P,143.0,34.7,16.97,Normal
9,P,129.8,28.2,16.76,Normal
12,L,144.6,41.9,20.04,Gemuk
9,L,127.8,26.9,16.46,Normal
10,P,135.2,30.1,16.45,Normal
8,L,124.1,28.9,18.77,Gemuk
9,L,129.2,28.0,16.77,Normal
6,P,112.0,20.3,16.22,Normal
11,L,135.3,34.5,18.85,Gemuk
11,L,141.2,35.1,17.6,Normal
9,L,125.8,24.6,15.54,Normal
9,L,131.0,27.0,15.73,Normal
12,L,148.9,38.0,17.15,Normal
11,P,139.4,37.8,19.48,Gemuk
9,L,128.1,33.0,20.13,Gemuk
10,P,133.9,31.0,17.3,Normal
6,P,118.0,18.7,13.45,Kurus
12,P,147.9,41.6,19.0,Gemuk
11,P,137.7,37.5,19.76,Gemuk
12,P,148.2,42.2,19.22,Gemuk
7,L,120.2,20.8,14.37,Normal
6,P,111.2,20.2,16.31,Normal
9,L,126.5,22.0,13.74,Kurus
12,L,143.7,39.1,18.94,Gemuk
7,P,113.0,18.5,14.51,Normal
12,L,150.1,40.4,17.94,Normal
7,P,113.3,24.3,18.92,Gemuk
10,L,132.1,32.5,18.64,Gemuk
7,L,118.8,25.0,17.72,Normal
6,L,112.3,17.5,13.89,Kurus
9,P,129.4,30.0,17.93,Normal
12,P,146.0,38.2,17.94,Normal
9,P,126.0,22.0,13.85,Kurus
8,L,118.8,22.8,16.15,Normal
9,L,127.1,26.8,16.59,Normal
9,L,125.8,26.2,16.56,Normal
8,P,127.2,23.7,14.68,Normal
10,L,131.4,29.3,16.94,Normal
9,L,125.8,27.5,17.39,Normal
10,P,135.2,34.8,19.02,Gemuk
8,L,121.2,25.0,17.01,Normal
8,P,120.3,27.7,19.13,Gemuk
9,P,124.1,24.8,16.08,Normal
12,P,145.0,38.7,18.42,Gemuk
7,P,118.4,21.8,15.53,Normal
7,L,116.8,18.0,13.2,Kurus
7,L,117.0,20.3,14.84,Normal
10,L,131.2,35.2,20.45,Gemuk
9,L,129.3,29.1,17.39,Normal
6,L,116.0,17.7,13.17,Kurus
9,P,125.6,30.9,19.6,Gemuk
12,P,145.6,40.1,18.91,Gemuk
7,P,116.9,23.9,17.45,Normal
11,L,141.8,33.7,16.73,Normal
7,L,119.6,25.0,17.46,Normal
12,P,148.5,42.2,19.14,Gemuk
11,L,141.3,33.6,16.83,Normal
8,P,123.2,21.4,14.14,Normal
11,L,141.5,36.1,18.04,Gemuk
11,L,141.9,32.4,16.06,Normal
11,P,140.7,41.4,20.91,Gemuk
11,L,139.8,34.9,17.86,Normal
10,P,137.8,29.2,15.4,Normal
11,L,141.6,34.3,17.11,Normal
6,L,115.2,20.4,15.36,Normal
12,P,148.4,42.1,19.12,Gemuk
11,L,143.9,33.3,16.08,Normal
7,P,121.2,25.0,17.03,Normal
12,P,144.7,37.9,18.12,Gemuk
7,L,114.7,23.3,17.67,Normal
8,P,125.0,25.2,16.13,Normal
10,L,137.4,29.5,15.62,Normal
11,L,140.4,38.0,19.28,Gemuk
10,P,136.8,36.3,19.37,Gemuk
9,P,131.7,24.4,14.06,Normal
11,P,142.6,35.8,17.59,Normal
6,P,113.5,19.3,14.94,Normal
10,P,134.3,31.5,17.43,Normal
8,P,121.2,24.3,16.57,Normal
12,P,148.0,40.4,18.44,Gemuk
9,L,129.5,26.1,15.58,Normal
10,P,133.7,35.3,19.74,Gemuk
11,L,140.6,35.6,18.0,Gemuk
12,P,145.9,40.7,19.14,Gemuk
11,P,143.8,40.1,19.41,Gemuk
9,L,123.0,22.1,14.61,Normal
12,P,148.7,38.1,17.24,Normal
6,P,115.0,22.0,16.63,Normal
10,L,132.0,33.1,19.02,Gemuk
7,P,120.6,20.5,14.11,Normal
10,P,130.5,30.7,18.03,Gemuk
9,P,130.6,25.5,14.93,Normal
9,L,128.6,34.0,20.55,Gemuk
7,P,122.1,24.7,16.54,Normal
12,P,145.3,34.6,16.37,Normal
10,P,129.8,35.1,20.85,Gemuk
11,L,141.6,35.3,17.62,Normal
7,L,115.8,21.7,16.18,Normal
6,P,113.7,19.5,15.05,Normal
8,L,122.2,23.0,15.39,Normal
9,P,125.9,31.1,19.61,Gemuk
9,L,131.1,23.3,13.57,Kurus
10,P,135.6,31.1,16.9,Normal
8,P,124.3,25.8,16.7,Normal
9,L,127.1,31.1,19.25,Gemuk
10,L,135.4,35.0,19.08,Gemuk
8,P,120.7,26.9,18.42,Gemuk
11,L,139.9,35.3,18.01,Gemuk
11,P,141.2,37.6,18.87,Gemuk
6,L,114.4,17.0,12.98,Kurus
12,P,147.1,37.1,17.12,Normal
6,P,116.4,19.3,14.28,Normal
9,P,128.0,30.0,18.28,Gemuk
7,L,119.1,25.0,17.62,Normal
10,L,130.3,31.3,18.42,Gemuk
12,P,145.4,41.1,19.45,Gemuk
8,L,125.6,26.0,16.49,Normal
7,L,118.6,18.0,12.79,Kurus
12,P,144.4,43.8,21.01,Gemuk
7,L,117.5,20.3,14.7,Normal
8,P,122.0,20.4,13.67,Kurus
9,L,130.5,28.3,16.61,Normal
12,L,147.4,34.4,15.81,Normal
10,L,137.0,28.7,15.3,Normal
7,P,118.2,24.7,17.73,Normal
11,P,145.2,37.7,17.89,Normal
7,P,118.9,19.3,13.63,Kurus
8,P,125.1,25.5,16.29,Normal
9,P,127.7,28.3,17.34,Normal
10,L,129.7,28.4,16.87,Normal
12,P,147.6,40.1,18.4,Gemuk
6,L,118.0,18.3,13.16,Kurus
8,L,120.9,26.4,18.07,Gemuk
12,P,148.2,38.8,17.66,Normal
7,L,115.3,20.5,15.44,Normal
12,L,146.0,32.9,15.44,Normal
12,L,144.8,34.0,16.22,Normal
7,P,117.4,18.0,13.06,Kurus
6,L,116.6,17.0,12.5,Kurus
9,P,123.0,27.8,18.34,Gemuk
6,P,115.4,21.0,15.8,Normal
8,P,121.0,22.2,15.17,Normal
11,L,143.2,40.9,19.95,Gemuk
8,L,123.5,20.0,13.11,Kurus
7,P,116.3,25.0,18.5,Gemuk
9,P,124.6,25.5,16.41,Normal
7,L,113.0,20.1,15.77,Normal
11,L,140.7,40.2,20.27,Gemuk
12,L,144.5,45.1,21.59,Gemuk
8,P,120.5,26.0,17.93,Normal
12,P,145.0,42.7,20.31,Gemuk
11,L,141.1,34.0,17.07,Normal
8,P,120.3,24.4,16.87,Normal
10,L,134.8,31.2,17.16,Normal
7,L,122.8,21.4,14.21,Normal
11,P,140.5,34.2,17.35,Normal
12,L,143.6,35.9,17.4,Normal
10,P,133.9,35.1,19.57,Gemuk
11,L,141.5,38.7,19.34,Gemuk
7,L,121.0,19.4,13.23,Kurus
8,P,122.9,25.0,16.55,Normal
7,L,116.3,23.5,17.37,Normal
9,P,129.7,30.9,18.36,Gemuk
7,P,118.4,20.8,14.87,Normal
8,L,128.0,22.4,13.67,Kurus
8,L,125.2,25.7,16.38,Normal
10,L,131.5,31.3,18.09,Gemuk
7,P,116.6,25.0,18.4,Gemuk
9,L,124.7,24.3,15.61,Normal
12,P,147.7,43.7,20.02,Gemuk
12,P,148.3,30.9,14.05,Normal
11,L,137.1,42.9,22.83,Obesitas
12,P,148.8,37.3,16.83,Normal
9,L,126.0,22.1,13.95,Kurus
10,P,137.3,27.9,14.79,Normal
7,L,117.2,25.0,18.21,Gemuk
11,P,138.0,38.9,20.44,Gemuk
7,L,120.0,18.0,12.51,Kurus
6,L,115.0,21.0,15.85,Normal
6,P,110.4,17.0,13.94,Kurus
11,P,143.8,30.6,14.82,Normal
11,L,139.4,35.8,18.4,Gemuk
7,L,122.4,22.5,15.01,Normal
11,L,142.0,38.5,19.11,Gemuk
8,P,121.9,21.7,14.61,Normal
11,P,139.5,34.1,17.54,Normal
7,P,113.0,25.0,19.58,Gemuk
10,L,137.1,35.6,18.92,Gemuk
8,L,121.2,28.1,19.15,Gemuk
9,P,127.6,28.6,17.54,Normal
10,L,134.5,30.3,16.74,Normal
9,L,128.5,24.7,14.96,Normal
12,L,143.8,40.4,19.56,Gemuk
12,P,142.2,39.5,19.52,Gemuk
12,L,147.3,43.0,19.83,Gemuk
6,L,118.0,21.3,15.3,Normal
11,L,142.3,37.2,18.37,Gemuk
12,P,144.8,32.6,15.52,Normal
10,L,131.2,32.2,18.68,Gemuk
8,P,124.4,25.6,16.53,Normal
6,L,116.3,17.6,12.99,Kurus
10,P,133.3,25.5,14.34,Normal
12,P,145.4,41.7,19.72,Gemuk
7,P,123.0,21.6,14.27,Normal
6,P,113.3,17.0,13.24,Kurus
12,L,145.0,38.3,18.22,Gemuk
6,P,115.8,22.0,16.4,Normal
8,L,125.1,29.0,18.52,Gemuk
7,L,115.1,19.7,14.85,Normal
7,P,115.5,22.9,17.19,Normal
7,L,117.7,20.3,14.68,Normal
7,P,119.3,23.0,16.15,Normal
10,P,136.0,35.5,19.2,Gemuk
10,L,130.8,30.9,18.05,Gemuk
8,L,122.8,26.5,17.55,Normal
8,P,122.7,22.8,15.12,Normal
7,P,116.0,18.6,13.83,Kurus
10,L,136.0,25.5,13.78,Kurus
6,P,112.6,21.7,17.17,Normal
12,L,145.6,38.9,18.36,Gemuk
12,L,149.4,39.8,17.85,Normal
7,P,117.4,24.7,17.9,Normal
7,P,116.7,21.4,15.75,Normal
10,P,133.6,28.2,15.82,Normal
7,L,119.7,23.2,16.2,Normal
9,P,129.0,25.7,15.47,Normal
10,L,131.4,32.4,18.78,Gemuk
6,L,111.6,20.1,16.17,Normal
11,L,138.0,33.2,17.44,Normal
12,P,148.8,44.6,20.14,Gemuk
12,P,148.4,34.7,15.76,Normal
12,L,144.1,39.5,19.04,Gemuk
12,P,147.6,36.7,16.84,Normal
6,L,113.4,17.0,13.21,Kurus
6,P,118.0,17.8,12.81,Kurus
12,L,144.3,35.5,17.06,Normal
8,P,125.5,29.0,18.42,Gemuk
12,L,144.1,39.2,18.86,Gemuk
10,L,137.7,31.8,16.76,Normal
7,P,123.0,25.0,16.52,Normal
12,P,144.8,38.2,18.21,Gemuk
9,P,131.1,31.3,18.19,Gemuk
9,P,127.8,26.3,16.08,Normal
11,P,140.5,31.9,16.19,Normal
9,L,128.3,24.1,14.61,Normal
11,L,140.5,32.0,16.2,Normal
10,L,133.7,33.1,18.51,Gemuk
11,P,140.0,36.6,18.66,Gemuk
12,L,142.0,36.5,18.09,Gemuk
12,L,146.4,38.4,17.93,Normal
10,P,134.9,32.4,17.81,Normal
6,L,116.7,17.9,13.16,Kurus
8,P,120.8,26.4,18.06,Gemuk
7,L,119.9,18.0,12.52,Kurus
12,P,145.2,39.8,18.85,Gemuk
12,P,141.9,33.9,16.82,Normal
10,L,136.7,35.0,18.72,Gemuk
8,L,124.3,27.2,17.62,Normal
6,L,112.6,21.4,16.84,Normal
9,P,128.5,28.1,17.02,Normal
6,P,117.3,19.9,14.48,Normal
11,L,141.8,32.2,16.02,Normal
8,L,122.9,20.1,13.28,Kurus
10,L,134.1,34.0,18.89,Gemuk
12,L,150.5,38.3,16.92,Normal
6,P,113.6,18.1,14.07,Normal
8,P,122.1,26.4,17.7,Normal
7,P,119.4,18.3,12.85,Kurus
11,P,140.2,34.1,17.33,Normal
9,L,128.8,27.7,16.72,Normal
6,L,111.7,17.0,13.62,Kurus
8,L,121.8,29.0,19.55,Gemuk
6,P,111.0,18.1,14.71,Normal
12,P,149.0,39.6,17.85,Normal
6,L,110.0,18.7,15.41,Normal
12,P,147.0,45.0,20.85,Gemuk
8,L,124.1,26.3,17.07,Normal
10,P,134.1,30.3,16.83,Normal
7,P,118.8,25.0,17.7,Normal
7,L,118.2,22.3,15.94,Normal
12,P,152.0,40.7,17.62,Normal
12,L,146.9,41.6,19.29,Gemuk
10,P,131.6,34.6,20.02,Gemuk
8,L,122.6,26.1,17.37,Normal
10,P,134.7,30.7,16.9,Normal
11,L,141.9,32.8,16.27,Normal
6,L,112.7,18.0,14.13,Normal
11,P,141.0,36.1,18.18,Gemuk
6,P,113.6,17.0,13.16,Kurus
7,P,117.8,21.3,15.36,Normal
12,P,144.7,37.8,18.06,Gemuk
10,L,133.2,29.1,16.41,Normal
6,L,110.0,20.9,17.31,Normal
6,L,115.1,21.2,15.97,Normal
10,P,132.5,35.1,20.01,Gemuk
11,P,137.6,36.0,19.0,Gemuk
7,P,119.7,18.0,12.57,Kurus
7,P,118.5,25.0,17.81,Normal
10,P,137.3,29.7,15.76,Normal
11,P,135.0,39.4,21.63,Gemuk
8,L,121.6,26.6,17.98,Normal
9,P,128.4,25.9,15.73,Normal
12,L,147.9,39.3,17.96,Normal
7,P,117.8,20.5,14.77,Normal
12,P,142.9,39.0,19.11,Gemuk
9,P,127.0,28.7,17.78,Normal
8,P,126.7,20.0,12.47,Kurus
6,L,111.2,17.0,13.74,Kurus
7,L,119.3,25.0,17.58,Normal
7,L,116.6,24.8,18.28,Gemuk
9,L,130.6,30.2,17.7,Normal
11,P,140.7,34.8,17.59,Normal
10,L,133.9,25.6,14.31,Normal
6,L,114.3,17.0,13.01,Kurus
10,P,130.2,35.9,21.2,Gemuk
11,P,140.1,36.2,18.45,Gemuk
8,P,118.0,20.0,14.36,Normal
6,L,111.3,17.0,13.72,Kurus
8,P,127.3,25.7,15.88,Normal
7,P,117.4,20.0,14.52,Normal
9,P,123.3,26.5,17.44,Normal
8,P,128.0,27.1,16.52,Normal
11,P,137.8,39.9,20.98,Gemuk
6,L,116.8,22.0,16.12,Normal
9,P,131.6,30.7,17.7,Normal
12,P,145.2,31.3,14.86,Normal
11,L,137.2,38.5,20.46,Gemuk
11,L,137.9,34.8,18.31,Gemuk
8,L,123.2,27.2,17.92,Normal
11,P,142.7,40.0,19.64,Gemuk
8,L,123.6,24.7,16.15,Normal
8,P,120.5,23.9,16.44,Normal
6,P,112.8,17.0,13.35,Kurus
7,L,123.0,21.2,14.01,Normal
9,P,127.2,25.5,15.77,Normal
9,P,128.9,31.5,18.98,Gemuk
8,P,121.7,29.0,19.57,Gemuk
8,L,124.2,24.4,15.8,Normal
11,L,138.6,38.5,20.03,Gemuk
7,L,118.5,18.3,13.01,Kurus
7,P,120.2,22.4,15.5,Normal
6,P,115.5,17.0,12.74,Kurus
6,P,110.0,18.6,15.36,Normal
7,P,120.1,18.7,12.97,Kurus
9,P,128.3,28.0,17.01,Normal
10,L,140.0,29.1,14.84,Normal
10,L,133.0,35.5,20.07,Gemuk
7,P,120.5,24.1,16.56,Normal
10,P,133.3,33.1,18.64,Gemuk
12,L,145.9,40.4,18.97,Gemuk
9,P,127.0,28.9,17.9,Normal
7,P,119.8,18.0,12.55,Kurus
7,P,119.2,25.0,17.59,Normal
6,L,118.0,17.0,12.21,Kurus
7,L,122.7,22.1,14.69,Normal
11,L,143.4,34.6,16.81,Normal
11,P,139.3,38.0,19.58,Gemuk
8,L,125.1,29.0,18.53,Gemuk
10,P,136.5,35.4,19.04,Gemuk
10,L,132.1,32.2,18.47,Gemuk
9,L,132.7,28.1,15.96,Normal
6,L,114.4,19.3,14.74,Normal
11,L,144.3,36.2,17.42,Normal
8,P,125.2,20.6,13.12,Kurus
8,L,124.7,24.6,15.79,Normal
6,P,112.5,22.0,17.39,Normal
10,P,132.0,35.9,20.61,Gemuk
10,L,128.0,25.0,15.26,Normal
8,L,126.7,25.4,15.83,Normal
7,P,123.0,18.4,12.13,Kurus
10,P,128.0,30.0,18.28,Gemuk
10,P,135.5,30.7,16.7,Normal
6,L,115.2,17.0,12.8,Kurus
7,P,120.0,23.2,16.1,Normal
12,P,150.1,38.2,16.98,Normal
9,P,129.4,22.0,13.14,Kurus
6,P,110.0,17.0,14.05,Normal
7,P,117.6,21.6,15.6,Normal
7,P,120.9,24.1,16.48,Normal
8,L,126.6,29.0,18.1,Gemuk
12,L,144.4,40.0,19.2,Gemuk
12,P,143.9,40.0,19.32,Gemuk
8,L,121.6,23.5,15.87,Normal
11,P,140.4,36.9,18.73,Gemuk
6,L,113.4,18.3,14.25,Normal
9,P,130.3,23.4,13.79,Kurus
7,P,117.2,20.8,15.11,Normal
6,L,118.0,17.0,12.21,Kurus
10,P,130.0,35.1,20.77,Gemuk
10,L,133.7,29.1,16.29,Normal
9,L,129.6,27.7,16.51,Normal
12,P,148.2,37.5,17.05,Normal
6,L,115.6,18.4,13.79,Kurus
9,P,129.3,22.0,13.17,Kurus
6,L,114.4,22.0,16.81,Normal
9,P,128.6,30.0,18.14,Gemuk
9,L,128.0,29.4,17.96,Normal
7,P,116.6,24.7,18.15,Gemuk
6,L,116.2,17.9,13.27,Kurus
7,L,116.2,23.6,17.49,Normal
12,L,147.0,44.2,20.46,Gemuk
6,L,114.4,17.0,12.98,Kurus
12,P,148.4,35.3,16.02,Normal
10,L,135.0,34.5,18.91,Gemuk
7,P,119.3,21.9,15.35,Normal
7,L,114.8,18.4,13.96,Kurus
11,P,143.0,40.2,19.67,Gemuk
8,P,122.6,26.3,17.48,Normal
8,P,123.1,29.0,19.14,Gemuk
12,L,146.0,39.3,18.43,Gemuk
12,P,143.2,33.1,16.13,Normal
6,P,111.0,22.0,17.87,Normal
10,L,129.8,32.5,19.3,Gemuk
10,L,134.8,33.9,18.66,Gemuk
7,L,120.0,21.5,14.94,Normal
12,P,145.7,35.7,16.82,Normal
11,P,138.0,31.7,16.66,Normal
7,P,118.9,23.2,16.37,Normal
10,L,137.9,35.2,18.5,Gemuk
7,L,119.4,18.0,12.64,Kurus
11,P,141.3,33.7,16.9,Normal
6,L,114.1,17.0,13.06,Kurus
9,L,130.1,23.4,13.79,Kurus
9,P,128.5,29.7,17.95,Normal
6,L,113.9,19.0,14.61,Normal
8,P,121.5,20.0,13.54,Kurus
10,L,134.6,34.7,19.14,Gemuk
11,L,143.0,36.5,17.83,Normal
12,P,147.4,39.5,18.17,Gemuk
7,P,117.7,23.0,16.64,Normal
7,P,116.4,23.2,17.1,Normal
10,P,134.4,32.2,17.82,Normal
6,P,116.5,19.9,14.69,Normal
10,P,134.3,34.5,19.12,Gemuk
6,P,116.8,20.8,15.29,Normal
8,P,120.4,20.2,13.92,Kurus
7,P,116.2,21.7,16.11,Normal
6,P,113.4,20.9,16.26,Normal
12,L,143.7,39.5,19.12,Gemuk
11,P,139.7,30.3,15.55,Normal
7,P,121.8,18.0,12.14,Kurus
11,P,141.4,35.0,17.51,Normal
12,L,147.2,44.0,20.29,Gemuk
6,P,110.0,17.0,14.05,Normal
9,P,126.7,29.1,18.12,Gemuk
9,L,128.0,22.0,13.43,Kurus
10,P,134.0,29.7,16.53,Normal
11,L,143.5,38.4,18.64,Gemuk
8,P,120.6,20.9,14.38,Normal
11,L,140.9,33.2,16.71,Normal
8,L,123.7,23.6,15.4,Normal
12,P,142.7,39.3,19.3,Gemuk
6,P,116.1,17.0,12.6,Kurus
8,P,120.7,24.9,17.13,Normal
11,L,139.0,36.0,18.63,Gemuk
7,P,122.6,23.3,15.48,Normal
10,L,132.2,34.2,19.56,Gemuk
7,P,116.1,20.3,15.03,Normal
9,L,124.2,23.6,15.3,Normal
10,L,132.1,31.5,18.05,Gemuk
11,L,139.4,31.7,16.31,Normal
12,P,142.3,41.7,20.58,Gemuk
6,P,110.0,18.1,14.95,Normal
7,L,120.6,25.0,17.2,Normal
8,L,124.0,29.0,18.85,Gemuk
8,L,125.1,23.1,14.74,Normal
8,P,123.3,28.7,18.9,Gemuk
10,L,134.1,33.7,18.73,Gemuk
7,P,116.0,18.0,13.39,Kurus
10,L,135.5,32.6,17.78,Normal
10,L,134.6,31.0,17.13,Normal
6,P,110.2,17.0,14.01,Normal
12,P,151.0,41.4,18.18,Gemuk
8,L,122.7,20.0,13.28,Kurus
10,L,128.0,27.4,16.75,Normal
10,P,140.0,37.2,18.99,Gemuk
8,L,120.0,29.0,20.14,Gemuk
7,P,118.4,23.4,16.68,Normal
9,L,128.9,29.9,18.0,Gemuk
10,P,134.2,34.8,19.35,Gemuk
12,L,145.3,40.8,19.34,Gemuk
7,L,118.7,23.8,16.89,Normal
10,L,132.1,29.1,16.67,Normal
6,P,113.9,17.0,13.11,Kurus
8,L,128.0,20.0,12.21,Kurus
12,L,148.6,39.5,17.89,Normal
8,L,124.8,27.8,17.81,Normal
8,P,120.7,28.1,19.31,Gemuk
10,L,130.7,29.4,17.17,Normal
8,L,126.6,27.9,17.43,Normal
7,P,117.2,18.1,13.2,Kurus
8,P,121.3,23.5,15.98,Normal
8,P,125.0,26.1,16.71,Normal
8,L,119.0,25.3,17.87,Normal
10,L,133.8,28.7,16.03,Normal
11,L,141.2,35.7,17.9,Normal
7,L,117.3,18.6,13.53,Kurus
6,P,113.6,19.9,15.45,Normal
11,L,142.1,35.2,17.43,Normal
11,P,140.3,36.3,18.45,Gemuk
11,P,142.3,36.6,18.07,Gemuk
11,P,144.0,35.6,17.15,Normal
9,P,123.0,27.9,18.46,Gemuk
11,P,137.1,36.4,19.34,Gemuk
8,P,123.7,22.7,14.83,Normal
6,P,113.7,21.4,16.6,Normal
9,P,130.1,34.0,20.09,Gemuk
7,L,120.7,18.0,12.36,Kurus
10,L,134.3,32.9,18.21,Gemuk
10,L,131.6,30.4,17.53,Normal
7,L,117.0,22.8,16.64,Normal
8,L,118.0,25.9,18.6,Gemuk
11,L,139.3,38.9,20.02,Gemuk
7,L,118.0,22.9,16.41,Normal
10,L,135.0,34.7,19.06,Gemuk
6,P,110.9,18.0,14.62,Normal
11,P,143.7,32.4,15.71,Normal
7,L,119.3,25.0,17.58,Normal
12,P,142.1,43.8,21.69,Gemuk
8,P,120.1,26.1,18.1,Gemuk
8,L,121.8,25.2,17.01,Normal
9,P,130.0,27.6,16.32,Normal
6,L,112.0,22.0,17.53,Normal
8,P,126.9,21.6,13.42,Kurus
7,L,118.7,19.5,13.81,Kurus
10,P,133.8,35.8,20.01,Gemuk
12,P,147.5,37.8,17.36,Normal
11,P,143.3,41.0,19.99,Gemuk
12,P,148.6,40.3,18.28,Gemuk
11,L,140.7,38.5,19.46,Gemuk
6,L,114.1,21.1,16.19,Normal
11,L,141.7,35.8,17.81,Normal
11,L,139.9,33.4,17.06,Normal
7,P,113.0,22.6,17.67,Normal
12,P,147.3,38.8,17.87,Normal
10,L,135.2,36.9,20.21,Gemuk
11,L,139.3,35.8,18.43,Gemuk
9,L,130.2,29.1,17.14,Normal
9,L,126.3,33.1,20.73,Gemuk
6,P,112.4,22.0,17.41,Normal
11,L,144.2,38.5,18.54,Gemuk
11,L,142.9,33.5,16.41,Normal
6,L,110.7,22.0,17.95,Normal
8,L,122.2,24.7,16.55,Normal
10,L,131.8,31.3,18.02,Gemuk
12,P,145.3,41.9,19.83,Gemuk
8,L,123.9,25.6,16.66,Normal
6,P,111.9,20.7,16.54,Normal
8,P,125.4,27.4,17.41,Normal
10,P,130.6,30.1,17.64,Normal
11,L,139.4,36.8,18.96,Gemuk
8,P,126.4,28.0,17.55,Normal
11,L,146.8,41.1,19.05,Gemuk
7,P,116.5,20.0,14.72,Normal
9,P,129.1,34.0,20.4,Gemuk
6,L,116.4,17.0,12.56,Kurus
10,P,136.4,34.8,18.73,Gemuk
6,P,113.5,17.0,13.2,Kurus
9,L,130.8,28.2,16.45,Normal
9,P,128.1,24.3,14.83,Normal
8,L,122.8,28.5,18.93,Gemuk
8,L,119.2,29.0,20.4,Gemuk
11,P,137.8,31.7,16.69,Normal
9,L,124.3,27.3,17.64,Normal
12,P,146.2,38.0,17.81,Normal
11,P,144.8,33.0,15.72,Normal
6,L,116.8,19.8,14.48,Normal
10,L,133.5,37.8,21.19,Gemuk
11,P,138.1,38.4,20.15,Gemuk
8,L,122.2,24.5,16.42,Normal
6,L,116.3,19.6,14.46,Normal
7,P,123.0,22.9,15.13,Normal
7,L,117.2,22.7,16.48,Normal
8,P,120.8,25.7,17.61,Normal
10,P,134.6,29.4,16.22,Normal
7,L,113.0,24.3,19.0,Gemuk
8,P,122.2,26.1,17.48,Normal
7,P,117.7,20.9,15.05,Normal
8,P,127.0,24.8,15.38,Normal
7,P,118.1,18.2,13.02,Kurus
9,P,129.8,30.2,17.9,Normal
10,L,131.8,31.3,18.01,Gemuk
11,P,143.0,39.9,19.5,Gemuk
8,P,123.6,26.5,17.34,Normal
10,L,136.1,25.8,13.92,Kurus
12,L,146.6,41.0,19.07,Gemuk
6,P,115.7,20.8,15.55,Normal
10,P,133.1,30.2,17.06,Normal
10,P,136.1,33.0,17.78,Normal
10,P,134.4,29.2,16.15,Normal
12,P,148.1,33.8,15.42,Normal
6,L,116.2,17.0,12.6,Kurus
8,P,121.5,23.5,15.94,Normal
7,P,119.8,18.0,12.55,Kurus
6,L,114.0,22.0,16.91,Normal
12,P,142.7,43.1,21.14,Gemuk
12,P,142.7,39.5,19.4,Gemuk
10,L,134.3,32.9,18.23,Gemuk
10,L,136.4,31.4,16.85,Normal
8,L,124.7,22.5,14.48,Normal
10,P,135.4,32.6,17.78,Normal
8,P,123.9,25.9,16.84,Normal
10,L,132.4,30.7,17.54,Normal
7,L,117.5,19.9,14.45,Normal
11,P,139.7,36.7,18.82,Gemuk
12,P,145.3,38.9,18.44,Gemuk
10,P,137.4,30.0,15.88,Normal
12,L,148.7,37.7,17.03,Normal
6,P,112.1,18.4,14.65,Normal
7,P,113.4,19.3,15.03,Normal
8,P,124.5,27.8,17.94,Normal
10,P,131.5,31.1,17.97,Normal
6,P,116.1,20.7,15.32,Normal
8,L,120.6,24.5,16.84,Normal
11,P,146.7,37.5,17.42,Normal
6,L,115.6,22.0,16.45,Normal
10,P,135.2,37.1,20.28,Gemuk
6,P,111.8,18.5,14.83,Normal
9,L,126.2,30.1,18.91,Gemuk
10,L,136.2,33.9,18.3,Gemuk
12,P,149.6,38.5,17.21,Normal
7,P,122.2,24.3,16.25,Normal
10,L,133.3,35.5,19.96,Gemuk
11,L,140.2,36.6,18.59,Gemuk
11,P,142.8,37.9,18.56,Gemuk
8,L,125.5,24.0,15.26,Normal
11,P,140.2,40.7,20.7,Gemuk
10,L,135.0,31.2,17.15,Normal
8,L,122.5,24.1,16.09,Normal
7,P,121.0,19.1,13.06,Kurus
6,P,110.7,21.3,17.43,Normal
10,L,137.5,32.9,17.4,Normal
11,L,141.0,35.9,18.07,Gemuk
10,L,138.4,30.5,15.94,Normal
10,L,133.2,34.3,19.32,Gemuk
8,P,122.4,26.0,17.32,Normal
12,P,148.9,34.6,15.59,Normal
9,P,127.4,30.8,18.96,Gemuk
10,L,132.2,32.6,18.64,Gemuk
11,P,140.9,33.0,16.62,Normal
8,L,121.9,20.0,13.47,Kurus
9,L,130.1,29.7,17.53,Normal
10,P,137.0,29.3,15.64,Normal
8,L,122.7,21.2,14.04,Normal
12,L,144.2,39.3,18.91,Gemuk
9,P,130.1,23.3,13.75,Kurus
10,L,128.1,30.4,18.5,Gemuk
11,L,139.3,32.3,16.63,Normal
9,P,130.6,24.3,14.22,Normal
6,L,115.6,19.0,14.24,Normal
12,L,148.4,34.3,15.57,Normal
9,L,127.8,26.3,16.09,Normal
10,L,130.5,25.2,14.8,Normal
12,P,144.6,34.9,16.68,Normal
9,P,126.2,27.4,17.22,Normal
12,P,143.8,39.5,19.11,Gemuk
10,P,135.0,28.7,15.77,Normal
12,L,144.1,41.9,20.18,Gemuk
8,L,122.6,21.3,14.2,Normal
10,L,135.7,34.5,18.73,Gemuk
12,P,143.3,43.9,21.41,Gemuk
6,L,114.8,17.0,12.91,Kurus
10,P,136.1,30.3,16.35,Normal
9,L,130.1,29.2,17.25,Normal
6,L,113.0,22.0,17.22,Normal
7,P,117.2,21.3,15.48,Normal
6,L,113.0,17.0,13.31,Kurus
7,P,115.9,22.5,16.73,Normal
10,P,135.0,36.7,20.13,Gemuk
9,P,132.8,29.8,16.87,Normal
6,P,112.6,19.4,15.3,Normal
12,L,150.3,36.6,16.19,Normal
6,P,114.8,22.0,16.69,Normal
11,P,135.3,34.1,18.64,Gemuk
10,P,132.2,34.5,19.74,Gemuk
8,P,123.3,28.1,18.5,Gemuk
6,L,110.0,19.2,15.85,Normal
8,L,126.5,23.9,14.92,Normal
9,P,126.7,32.2,20.07,Gemuk
6,P,111.8,20.0,16.05,Normal
7,P,117.2,18.0,13.11,Kurus
12,L,146.1,40.6,19.0,Gemuk
9,P,128.3,28.5,17.28,Normal
10,P,133.9,27.8,15.49,Normal
11,P,142.5,31.9,15.7,Normal
12,L,144.2,42.7,20.51,Gemuk
6,L,113.1,22.0,17.21,Normal
8,L,119.7,27.3,19.09,Gemuk
11,P,142.8,37.5,18.37,Gemuk
6,L,113.2,17.0,13.26,Kurus
10,L,132.7,25.9,14.71,Normal
11,P,144.6,38.1,18.22,Gemuk
7,P,120.2,25.0,17.31,Normal
6,P,115.0,17.0,12.85,Kurus
7,L,118.3,24.8,17.68,Normal
7,L,113.3,25.0,19.48,Gemuk
8,P,123.1,24.1,15.91,Normal
8,L,119.9,25.4,17.66,Normal
8,L,121.2,27.0,18.37,Gemuk
8,P,121.9,22.8,15.35,Normal
9,L,128.4,28.9,17.51,Normal
11,P,138.7,36.9,19.18,Gemuk
9,P,126.2,32.6,20.49,Gemuk
9,P,126.6,25.6,15.97,Normal
8,L,119.3,27.3,19.17,Gemuk
10,P,132.9,32.9,18.63,Gemuk
8,L,124.8,25.2,16.18,Normal
12,P,144.5,40.2,19.26,Gemuk
10,L,132.5,34.3,19.55,Gemuk
10,P,134.8,32.5,17.9,Normal
8,L,122.8,22.7,15.04,Normal
10,P,132.5,33.5,19.05,Gemuk
6,L,110.0,17.1,14.14,Normal
11,P,136.3,34.8,18.71,Gemuk
8,L,121.0,21.2,14.5,Normal
7,P,120.3,24.3,16.81,Normal
10,P,130.7,27.2,15.9,Normal
8,P,124.0,24.6,16.0,Normal
6,L,114.8,19.7,14.96,Normal
10,P,133.0,33.8,19.14,Gemuk
7,L,114.8,22.5,17.04,Normal
7,P,119.1,18.3,12.89,Kurus
12,P,143.3,42.3,20.59,Gemuk
8,P,118.7,26.1,18.56,Gemuk
6,L,113.6,22.0,17.05,Normal
6,L,110.6,22.0,17.98,Normal
10,P,133.8,35.6,19.86,Gemuk
7,P,117.3,19.5,14.2,Normal
9,P,127.9,32.6,19.89,Gemuk
8,P,120.7,24.5,16.83,Normal
11,P,141.7,29.0,14.47,Normal
12,P,144.7,40.0,19.1,Gemuk
12,L,141.5,44.0,21.98,Gemuk
11,P,144.4,33.3,15.96,Normal
12,L,148.5,43.8,19.86,Gemuk
12,P,145.1,35.2,16.73,Normal
9,P,129.0,28.1,16.87,Normal
6,P,117.5,17.0,12.32,Kurus
12,L,146.8,36.1,16.73,Normal
12,L,145.7,37.3,17.57,Normal
8,P,120.4,24.6,16.98,Normal
10,L,132.3,34.1,19.52,Gemuk
9,L,123.0,31.7,20.95,Gemuk
7,P,121.1,19.9,13.59,Kurus
7,L,115.2,23.1,17.39,Normal
7,P,117.4,18.7,13.59,Kurus
6,P,110.0,19.2,15.85,Normal
10,P,135.5,29.4,16.01,Normal
7,L,115.0,19.7,14.91,Normal
8,L,126.5,27.1,16.9,Normal
9,L,128.3,26.5,16.09,Normal
7,L,120.0,19.5,13.56,Kurus
9,P,123.6,27.2,17.82,Normal
12,L,150.3,40.4,17.88,Normal
9,P,125.5,30.8,19.56,Gemuk
7,P,118.9,23.2,16.43,Normal
9,P,131.9,28.0,16.12,Normal
12,L,146.7,39.2,18.24,Gemuk
11,L,139.3,30.2,15.57,Normal
10,P,134.7,34.0,18.72,Gemuk
6,L,117.6,20.5,14.8,Normal
10,P,135.0,35.9,19.69,Gemuk
9,L,125.0,30.0,19.2,Gemuk
11,P,141.9,31.0,15.41,Normal
9,P,129.3,25.4,15.2,Normal
6,P,113.4,20.9,16.3,Normal
10,P,135.2,34.1,18.65,Gemuk
7,L,120.4,21.6,14.91,Normal
12,P,146.0,44.6,20.93,Gemuk
8,P,124.3,20.1,13.03,Kurus
9,L,128.7,30.9,18.64,Gemuk
10,L,132.8,31.1,17.64,Normal
6,P,115.2,21.8,16.43,Normal
6,P,110.3,22.0,18.09,Gemuk
8,L,126.1,27.0,16.98,Normal
9,P,133.0,27.4,15.47,Normal
12,P,147.2,38.5,17.74,Normal
12,L,148.3,40.6,18.45,Gemuk
7,L,117.8,22.1,15.91,Normal
11,L,142.6,35.5,17.45,Normal
12,L,142.6,34.6,17.01,Normal
6,P,112.5,22.0,17.39,Normal
12,P,148.3,31.9,14.53,Normal
11,L,140.8,33.0,16.63,Normal
7,L,116.0,18.6,13.84,Kurus
6,P,116.4,22.0,16.24,Normal
9,P,129.6,34.0,20.26,Gemuk
6,L,114.4,20.9,15.97,Normal
6,L,110.5,17.1,14.04,Normal
6,L,113.3,19.9,15.54,Normal
6,L,110.1,18.3,15.08,Normal
8,L,121.3,21.4,14.52,Normal
6,P,115.3,17.0,12.8,Kurus
7,L,119.4,24.2,16.94,Normal
12,P,147.8,38.8,17.77,Normal
8,P,124.2,20.0,12.97,Kurus
11,P,137.7,37.3,19.65,Gemuk
9,L,123.0,30.4,20.12,Gemuk
12,L,144.4,40.9,19.6,Gemuk
11,P,141.5,36.4,18.18,Gemuk
12,P,140.4,40.1,20.33,Gemuk
9,P,125.1,22.2,14.21,Normal
9,L,128.3,30.3,18.38,Gemuk
10,P,132.7,30.3,17.22,Normal
7,L,115.6,22.4,16.75,Normal
10,P,134.6,36.5,20.14,Gemuk
9,L,128.6,29.6,17.92,Normal
9,L,126.6,34.0,21.2,Gemuk
6,P,110.5,20.7,16.94,Normal
11,P,143.3,33.9,16.5,Normal
9,L,127.7,29.5,18.11,Gemuk
10,P,133.1,29.8,16.81,Normal
10,L,132.0,31.0,17.8,Normal
12,P,148.0,38.3,17.51,Normal
9,L,125.8,33.3,21.08,Gemuk
9,L,128.9,29.1,17.49,Normal
7,P,116.8,22.9,16.81,Normal
12,P,148.9,36.6,16.49,Normal
10,L,136.7,28.9,15.47,Normal
11,L,140.1,38.2,19.45,Gemuk
11,L,137.6,32.7,17.25,Normal
9,L,128.2,25.7,15.61,Normal
6,L,116.4,17.0,12.54,Kurus
7,P,118.1,25.0,17.92,Normal
9,L,127.0,23.0,14.27,Normal
8,L,123.2,20.0,13.17,Kurus
11,P,144.2,36.7,17.66,Normal
10,L,139.8,33.4,17.11,Normal
6,P,116.0,17.0,12.63,Kurus
7,L,115.3,22.7,17.06,Normal
9,L,126.6,26.9,16.81,Normal
8,P,125.5,27.5,17.48,Normal
7,P,117.4,24.2,17.56,Normal
6,L,113.9,18.8,14.48,Normal
10,P,131.4,27.5,15.94,Normal
10,P,137.3,31.4,16.66,Normal
8,L,122.9,22.9,15.18,Normal
7,L,120.9,24.2,16.6,Normal
8,P,125.8,26.3,16.63,Normal
9,L,128.2,27.2,16.55,Normal
6,L,110.0,18.0,14.92,Normal
8,L,122.9,25.7,17.02,Normal
8,P,119.6,26.0,18.19,Gemuk
8,P,122.3,27.6,18.46,Gemuk
12,P,146.9,37.2,17.25,Normal
6,P,113.4,17.4,13.52,Kurus
7,P,117.1,19.2,13.98,Kurus
12,L,149.9,40.0,17.81,Normal
11,P,140.8,35.8,18.06,Gemuk
8,P,123.1,22.7,15.01,Normal
10,P,132.9,32.8,18.57,Gemuk
10,P,133.5,32.1,18.0,Gemuk
8,L,122.2,29.0,19.43,Gemuk
8,P,124.0,24.3,15.81,Normal
12,L,148.4,39.2,17.8,Normal
10,L,134.4,33.5,18.54,Gemuk
6,P,117.9,20.8,15.01,Normal
9,P,129.0,28.7,17.25,Normal
7,L,118.8,22.2,15.74,Normal
12,L,143.8,36.6,17.72,Normal
6,P,111.3,19.4,15.69,Normal
10,L,136.5,31.2,16.73,Normal
10,P,134.3,25.8,14.3,Normal
6,L,110.0,20.2,16.67,Normal
8,P,120.9,21.3,14.55,Normal
7,P,117.9,18.0,12.95,Kurus
7,L,121.3,21.6,14.69,Normal
9,L,128.4,26.5,16.1,Normal
10,L,135.9,35.2,19.07,Gemuk
7,P,121.7,23.1,15.57,Normal
10,P,134.5,27.5,15.21,Normal
9,L,124.6,31.3,20.14,Gemuk
12,P,142.9,37.3,18.3,Gemuk
6,L,116.1,22.0,16.31,Normal
12,L,144.4,38.4,18.38,Gemuk
9,L,129.3,28.9,17.27,Normal
10,L,137.2,35.4,18.82,Gemuk
9,L,129.4,24.8,14.83,Normal
8,P,124.0,25.3,16.5,Normal
7,P,117.5,19.3,13.96,Kurus
6,L,112.2,21.5,17.04,Normal
8,P,120.6,23.2,15.93,Normal
6,P,114.3,19.5,14.89,Normal
8,L,120.7,23.8,16.34,Normal
9,L,123.1,23.4,15.41,Normal
9,L,129.3,26.1,15.59,Normal
9,L,127.5,26.0,16.01,Normal
8,P,120.4,21.7,14.95,Normal
10,L,132.8,32.1,18.21,Gemuk
6,P,114.7,22.0,16.71,Normal
9,L,125.8,29.9,18.88,Gemuk
7,P,117.6,23.3,16.85,Normal
12,P,144.8,39.1,18.62,Gemuk
12,P,152.0,39.6,17.15,Normal
7,P,120.8,24.6,16.87,Normal
9,L,127.1,29.3,18.14,Gemuk
6,P,112.4,20.0,15.8,Normal
7,P,115.7,18.0,13.45,Kurus
10,L,132.8,32.5,18.43,Gemuk
11,L,140.5,33.1,16.78,Normal
12,L,146.4,40.9,19.07,Gemuk
12,L,146.8,37.3,17.31,Normal
6,P,115.3,19.0,14.3,Normal
7,L,113.7,19.6,15.18,Normal
9,P,126.3,28.5,17.84,Normal
10,L,136.3,32.1,17.3,Normal
6,L,112.4,19.7,15.62,Normal
8,P,125.3,22.3,14.18,Normal
9,L,128.3,24.7,15.01,Normal
9,L,123.0,25.9,17.14,Normal
10,L,131.6,32.3,18.67,Gemuk
9,L,123.0,29.3,19.36,Gemuk
8,L,122.1,24.7,16.56,Normal
9,P,127.8,29.7,18.18,Gemuk
6,P,112.0,17.0,13.56,Kurus
6,L,110.8,17.7,14.41,Normal
10,P,134.4,32.2,17.84,Normal
11,L,136.7,31.4,16.77,Normal
11,P,138.5,35.7,18.59,Gemuk
6,L,114.8,17.0,12.91,Kurus
11,P,143.5,36.9,17.9,Normal
6,P,113.5,22.0,17.08,Normal
8,L,123.8,22.9,14.93,Normal
6,P,111.1,22.0,17.84,Normal
7,P,118.7,23.4,16.6,Normal
9,L,128.0,23.9,14.63,Normal
9,P,129.0,34.0,20.42,Gemuk
9,L,124.5,23.5,15.13,Normal
8,L,122.7,22.0,14.63,Normal
10,L,133.4,31.1,17.47,Normal
9,P,127.2,29.3,18.12,Gemuk
6,P,111.9,18.7,14.94,Normal
7,P,117.0,22.3,16.3,Normal
10,P,133.1,32.2,18.2,Gemuk
10,P,139.3,29.0,14.93,Normal
6,L,116.1,17.0,12.62,Kurus
9,L,128.9,26.9,16.18,Normal
10,P,130.5,31.0,18.17,Gemuk
8,L,123.2,20.3,13.39,Kurus
8,P,123.9,25.5,16.6,Normal
12,L,147.4,40.9,18.81,Gemuk
9,L,130.7,29.1,17.02,Normal
12,L,148.3,36.4,16.55,Normal
12,P,151.8,39.3,17.05,Normal
8,P,125.0,25.4,16.27,Normal
8,L,118.1,23.7,17.0,Normal
9,L,130.4,30.3,17.82,Normal
7,L,116.9,21.9,16.06,Normal
7,L,116.3,18.0,13.31,Kurus
10,P,133.4,31.0,17.42,Normal
9,L,131.3,22.0,12.77,Kurus
7,L,123.0,18.0,11.9,Kurus
10,L,136.7,29.4,15.72,Normal
10,L,131.9,33.0,18.93,Gemuk
9,L,129.3,34.0,20.34,Gemuk
7,P,119.5,23.8,16.69,Normal
8,P,122.9,25.0,16.55,Normal
9,L,124.4,22.0,14.21,Normal
11,L,140.6,34.3,17.36,Normal
10,P,136.9,27.0,14.39,Normal
8,P,123.1,29.0,19.13,Gemuk
9,L,129.5,27.2,16.19,Normal
10,P,133.8,26.0,14.51,Normal
7,L,119.3,21.7,15.21,Normal
9,P,126.5,27.7,17.33,Normal
8,P,125.5,23.8,15.1,Normal
12,P,149.1,35.7,16.05,Normal
9,P,123.0,27.6,18.25,Gemuk
10,P,137.4,25.0,13.25,Kurus
11,P,139.9,28.0,14.31,Normal
12,P,145.9,37.5,17.6,Normal
9,L,125.8,30.3,19.17,Gemuk
6,L,116.0,17.7,13.17,Kurus
12,L,143.6,39.8,19.28,Gemuk
6,P,112.2,19.9,15.82,Normal
12,P,148.2,45.3,20.64,Gemuk
11,P,141.0,30.3,15.26,Normal
7,P,117.2,20.4,14.87,Normal
10,L,137.3,33.4,17.73,Normal
11,P,142.7,35.0,17.18,Normal
9,P,130.8,28.2,16.46,Normal
9,L,132.0,24.8,14.25,Normal
6,P,111.1,17.0,13.76,Kurus
7,P,118.1,22.4,16.09,Normal
11,L,140.5,36.1,18.31,Gemuk
11,L,147.0,35.2,16.28,Normal
12,L,145.4,40.5,19.18,Gemuk
10,L,135.3,28.3,15.48,Normal
8,L,122.1,25.3,16.96,Normal
6,P,113.5,18.8,14.61,Normal
9,L,127.6,23.6,14.48,Normal
8,L,123.6,27.5,17.99,Normal
11,P,136.9,34.3,18.32,Gemuk
8,L,123.3,23.6,15.51,Normal
11,P,142.1,36.3,17.99,Normal
7,P,118.0,18.2,13.06,Kurus
12,L,148.7,41.2,18.62,Gemuk
6,L,113.4,17.0,13.23,Kurus
6,L,117.7,21.6,15.62,Normal
12,L,147.6,41.1,18.84,Gemuk
8,P,121.0,22.5,15.39,Normal
11,P,138.9,37.6,19.47,Gemuk
9,P,127.2,22.6,13.95,Kurus
10,P,133.4,31.7,17.8,Normal
9,P,128.3,24.6,14.92,Normal
11,L,142.1,32.1,15.92,Normal
12,L,147.7,34.1,15.64,Normal
12,P,148.1,41.2,18.78,Gemuk
8,P,123.4,25.4,16.72,Normal
7,L,118.5,19.6,13.96,Kurus
7,P,119.1,18.7,13.18,Kurus
6,L,113.5,19.9,15.48,Normal
8,P,121.0,28.5,19.47,Gemuk
7,L,114.3,23.8,18.19,Gemuk
10,P,134.3,30.5,16.91,Normal
9,L,123.0,28.5,18.82,Gemuk
8,P,124.3,22.4,14.5,Normal
6,L,114.1,18.1,13.91,Kurus
6,P,112.2,21.6,17.18,Normal
7,P,115.5,20.0,15.0,Normal
7,P,119.4,24.3,17.03,Normal
9,L,130.3,27.8,16.4,Normal
10,L,132.2,27.6,15.77,Normal
10,P,137.0,38.0,20.24,Gemuk
12,P,146.3,44.9,20.98,Gemuk
11,P,139.8,34.3,17.56,Normal
10,L,132.3,31.7,18.09,Gemuk
8,L,118.3,21.8,15.57,Normal
6,P,112.1,20.8,16.56,Normal
9,P,131.9,29.2,16.76,Normal
6,P,112.7,17.0,13.39,Kurus
6,L,110.2,21.5,17.7,Normal
6,P,112.5,19.4,15.31,Normal
11,P,142.3,40.5,19.98,Gemuk
8,P,122.7,29.0,19.28,Gemuk
11,L,139.3,37.0,19.08,Gemuk
11,L,140.4,39.5,20.06,Gemuk
10,P,135.8,26.6,14.43,Normal
10,L,134.7,31.1,17.16,Normal
12,P,141.4,38.5,19.27,Gemuk
10,P,138.6,31.6,16.43,Normal
7,P,113.0,18.0,14.1,Normal
8,P,123.5,25.4,16.68,Normal
7,L,113.3,23.5,18.31,Gemuk
10,L,137.1,30.7,16.37,Normal
11,L,140.5,35.6,18.01,Gemuk
8,P,121.1,20.0,13.64,Kurus
11,L,138.7,33.7,17.52,Normal
7,P,123.0,20.2,13.38,Kurus
8,L,123.3,23.5,15.45,Normal
6,P,114.0,19.0,14.61,Normal
12,P,141.8,37.8,18.79,Gemuk
10,L,132.5,30.1,17.14,Normal
8,P,120.7,24.1,16.57,Normal
9,P,126.0,30.8,19.38,Gemuk
6,P,114.1,21.9,16.85,Normal
7,P,115.3,25.0,18.8,Gemuk
7,P,121.9,18.0,12.12,Kurus
10,L,132.1,33.1,18.98,Gemuk
11,L,144.6,34.0,16.28,Normal
12,P,149.3,38.3,17.17,Normal
8,L,119.7,25.4,17.71,Normal
9,P,128.5,22.0,13.32,Kurus
9,P,130.7,26.4,15.46,Normal
8,P,123.3,23.5,15.46,Normal
11,P,145.3,36.0,17.06,Normal
12,L,146.6,36.0,16.73,Normal
6,P,113.0,17.0,13.32,Kurus
8,L,128.0,29.0,17.7,Normal
10,P,133.7,29.5,16.5,Normal
12,L,146.3,40.7,18.99,Gemuk
10,L,132.1,28.4,16.27,Normal
6,P,113.1,19.2,15.04,Normal
12,P,146.3,41.0,19.16,Gemuk
12,L,143.7,48.0,23.24,Obesitas
6,P,115.7,17.0,12.69,Kurus
11,L,141.3,36.5,18.29,Gemuk
10,P,137.1,33.2,17.63,Normal
8,L,125.0,26.3,16.82,Normal
11,P,142.0,35.1,17.42,Normal
7,L,120.8,18.0,12.34,Kurus
7,L,116.3,25.0,18.48,Gemuk
6,P,110.0,19.9,16.42,Normal
10,P,136.6,26.7,14.3,Normal
7,L,115.8,22.2,16.55,Normal
8,P,124.3,24.4,15.8,Normal
10,P,133.6,34.0,19.06,Gemuk
9,L,127.2,26.5,16.36,Normal
6,L,117.0,22.0,16.07,Normal
8,L,123.6,25.7,16.8,Normal
10,L,139.1,30.0,15.5,Normal
11,L,139.4,35.5,18.28,Gemuk
9,P,127.6,30.5,18.76,Gemuk
8,P,119.2,26.9,18.93,Gemuk
8,P,126.6,22.2,13.87,Kurus
7,P,116.8,18.0,13.19,Kurus
6,P,110.2,17.9,14.71,Normal
7,P,121.1,22.0,15.0,Normal
10,L,134.4,27.5,15.2,Normal
10,L,134.4,28.3,15.64,Normal
10,P,135.8,29.1,15.79,Normal
7,L,121.5,18.0,12.2,Kurus
8,L,123.7,28.1,18.38,Gemuk
6,L,115.7,19.3,14.4,Normal
11,L,144.5,40.9,19.59,Gemuk
10,P,133.3,32.3,18.17,Gemuk
9,P,132.5,29.4,16.77,Normal
10,L,133.8,27.8,15.51,Normal
11,P,143.2,33.9,16.53,Normal
12,L,145.0,38.2,18.17,Gemuk
11,P,144.1,39.3,18.92,Gemuk
9,L,123.0,26.0,17.16,Normal
6,P,111.3,22.0,17.76,Normal
10,P,133.2,34.3,19.31,Gemuk
6,P,113.3,17.0,13.24,Kurus
7,P,115.2,21.7,16.38,Normal
8,P,127.7,26.2,16.08,Normal
12,P,148.2,42.1,19.16,Gemuk
7,L,119.7,20.0,13.95,Kurus
12,P,146.8,37.4,17.35,Normal
11,L,143.3,35.8,17.43,Normal
9,L,123.0,25.4,16.75,Normal
6,P,113.4,21.7,16.89,Normal
6,L,114.9,17.0,12.87,Kurus
12,L,148.6,39.7,18.0,Gemuk
7,P,123.0,24.8,16.4,Normal
10,L,134.2,26.8,14.87,Normal
11,P,143.2,33.5,16.35,Normal
7,P,114.5,19.1,14.56,Normal
9,L,129.5,34.0,20.28,Gemuk
10,P,136.0,34.3,18.54,Gemuk
8,L,121.7,26.2,17.68,Normal
12,P,144.4,41.7,19.99,Gemuk
8,P,123.4,22.7,14.89,Normal
6,L,114.6,18.2,13.89,Kurus
9,P,123.0,26.1,17.23,Normal
10,L,130.6,31.7,18.58,Gemuk
6,P,112.7,17.0,13.4,Kurus
10,P,137.8,36.5,19.22,Gemuk
6,P,116.1,20.8,15.45,Normal
10,P,130.4,29.4,17.29,Normal
6,L,114.8,21.7,16.48,Normal
12,L,147.0,38.4,17.76,Normal
12,L,149.5,40.0,17.92,Normal
10,P,135.3,32.3,17.65,Normal
10,P,138.0,26.8,14.06,Normal
11,P,142.7,35.5,17.43,Normal
10,P,134.5,37.9,20.93,Gemuk
8,L,122.6,21.9,14.54,Normal
9,P,130.8,29.2,17.06,Normal
9,P,125.4,26.5,16.88,Normal
7,L,116.9,25.0,18.29,Gemuk
11,L,138.5,36.7,19.11,Gemuk
12,L,150.2,36.2,16.04,Normal
9,L,129.6,27.3,16.28,Normal
7,P,120.3,19.4,13.43,Kurus
12,L,142.7,36.5,17.9,Normal
8,P,126.2,25.0,15.7,Normal
8,P,121.6,22.5,15.2,Normal
12,P,152.0,36.4,15.75,Normal
6,P,113.5,18.0,13.93,Kurus
9,L,125.6,28.2,17.86,Normal
12,P,144.9,36.3,17.29,Normal
12,L,145.2,36.2,17.16,Normal
8,P,118.7,24.8,17.59,Normal
10,L,131.3,32.4,18.8,Gemuk
8,L,122.0,22.1,14.83,Normal
8,P,120.0,26.2,18.19,Gemuk
6,L,110.0,17.9,14.79,Normal
9,L,129.9,29.7,17.56,Normal
7,P,117.1,20.4,14.89,Normal
7,P,118.6,25.0,17.77,Normal
8,L,126.9,27.9,17.36,Normal
7,L,117.7,18.0,12.99,Kurus
10,L,130.4,30.1,17.69,Normal
7,L,122.9,21.0,13.92,Kurus
8,P,123.2,20.0,13.17,Kurus
10,L,136.4,32.8,17.63,Normal
6,L,114.9,17.6,13.3,Kurus
11,P,138.4,34.2,17.83,Normal
11,P,137.9,39.3,20.68,Gemuk
11,L,141.9,41.4,20.58,Gemuk
6,L,115.8,17.8,13.28,Kurus
11,L,143.7,37.0,17.93,Normal
12,P,148.4,40.0,18.14,Gemuk
7,L,116.9,22.3,16.36,Normal
9,P,124.6,27.9,18.0,Gemuk
7,P,115.9,20.6,15.29,Normal
12,L,146.8,36.1,16.75,Normal
9,P,124.3,28.2,18.26,Gemuk
6,L,113.5,20.2,15.68,Normal
9,L,131.3,30.9,17.91,Normal
7,L,115.7,23.0,17.18,Normal
8,P,118.8,23.4,16.59,Normal
9,P,127.1,30.6,18.96,Gemuk
10,P,132.5,38.0,21.63,Gemuk
9,P,126.0,32.7,20.61,Gemuk
7,P,117.1,18.0,13.12,Kurus
10,L,135.7,25.0,13.57,Kurus
8,L,122.7,25.2,16.72,Normal
10,P,137.7,32.6,17.19,Normal
7,P,116.3,18.5,13.68,Kurus
6,P,110.6,22.0,17.98,Normal
11,L,138.6,38.4,19.97,Gemuk
11,L,141.7,28.3,14.06,Normal
10,L,134.4,32.8,18.13,Gemuk
8,P,119.3,20.0,14.05,Normal
9,P,127.3,28.3,17.48,Normal
6,L,117.4,19.4,14.08,Normal
8,P,121.6,25.5,17.2,Normal
6,L,113.9,20.3,15.64,Normal
8,L,118.0,28.2,20.26,Gemuk
7,P,113.1,22.1,17.29,Normal
9,L,127.2,30.2,18.67,Gemuk
11,L,138.6,37.5,19.5,Gemuk
8,P,128.0,24.0,14.67,Normal
8,P,125.0,28.5,18.22,Gemuk
8,P,124.0,27.5,17.86,Normal
12,L,142.9,39.4,19.33,Gemuk
6,L,117.4,17.0,12.33,Kurus
11,P,141.1,33.9,17.01,Normal
12,L,146.1,43.2,20.25,Gemuk
6,P,117.6,19.3,13.92,Kurus
9,P,124.9,30.3,19.39,Gemuk
6,P,115.2,20.8,15.64,Normal
11,L,141.8,34.8,17.3,Normal
6,L,116.0,17.0,12.63,Kurus
6,P,115.0,22.0,16.65,Normal
8,L,124.7,20.0,12.85,Kurus
8,L,121.3,23.0,15.64,Normal
10,P,131.6,31.4,18.11,Gemuk
12,P,146.2,40.0,18.7,Gemuk
7,P,120.4,21.8,15.06,Normal
11,P,139.2,42.8,22.07,Obesitas
7,L,118.1,21.0,15.08,Normal
6,L,112.1,17.0,13.53,Kurus
11,P,140.1,32.6,16.61,Normal
8,L,125.2,21.7,13.82,Kurus
10,P,134.1,28.1,15.64,Normal
8,L,118.3,26.2,18.7,Gemuk
6,L,115.1,22.0,16.6,Normal
8,P,121.2,24.7,16.84,Normal
6,L,118.0,21.0,15.05,Normal
8,P,125.7,27.2,17.23,Normal
9,L,124.8,27.7,17.76,Normal
6,L,114.4,21.3,16.31,Normal
8,P,122.1,23.2,15.55,Normal
11,L,138.6,33.2,17.3,Normal
6,L,115.2,22.0,16.59,Normal
11,P,140.0,35.3,18.05,Gemuk
7,P,119.5,22.8,15.97,Normal
6,P,112.9,18.1,14.21,Normal
12,L,148.5,36.4,16.53,Normal
12,L,151.5,37.2,16.22,Normal
10,P,135.5,31.2,16.99,Normal
6,L,112.0,17.0,13.56,Kurus
10,P,132.1,31.8,18.2,Gemuk
9,L,125.9,31.8,20.06,Gemuk
9,P,127.6,28.3,17.4,Normal
11,P,136.8,32.6,17.4,Normal
9,P,125.1,32.8,20.96,Gemuk
6,L,117.4,19.1,13.85,Kurus
9,P,125.8,31.6,19.99,Gemuk
9,L,128.9,22.3,13.39,Kurus
9,P,126.7,22.6,14.11,Normal
7,L,117.8,20.5,14.79,Normal
10,L,133.5,29.1,16.34,Normal
10,P,132.0,36.4,20.93,Gemuk
7,P,116.9,25.0,18.29,Gemuk
10,L,134.4,30.3,16.78,Normal
11,L,141.9,35.3,17.52,Normal
7,L,113.0,24.6,19.29,Gemuk
6,P,110.0,19.4,16.02,Normal
12,L,145.0,37.4,17.8,Normal
7,L,117.2,20.1,14.63,Normal
6,L,117.2,17.4,12.69,Kurus
7,P,118.4,18.8,13.38,Kurus
11,L,139.0,33.8,17.48,Normal
6,L,116.1,22.0,16.33,Normal
10,P,138.5,29.7,15.46,Normal
10,L,136.2,28.4,15.29,Normal
8,P,120.2,24.2,16.78,Normal
7,P,117.1,23.6,17.24,Normal
7,P,119.2,25.0,17.59,Normal
8,L,124.1,23.7,15.43,Normal
10,P,136.5,31.0,16.64,Normal
10,P,136.0,29.1,15.72,Normal
11,L,138.7,33.6,17.45,Normal
6,P,113.8,22.0,16.98,Normal
11,L,144.4,35.1,16.83,Normal
9,P,123.5,25.2,16.52,Normal
12,P,149.0,38.2,17.2,Normal
6,P,112.5,22.0,17.37,Normal
9,L,133.0,32.8,18.57,Gemuk
8,P,118.7,25.3,17.97,Normal
11,L,141.5,34.7,17.35,Normal
12,P,142.9,40.9,20.01,Gemuk
11,L,140.9,40.9,20.61,Gemuk
10,L,134.2,27.9,15.49,Normal
10,L,131.7,30.3,17.45,Normal
6,P,111.8,22.0,17.59,Normal
8,P,120.8,26.4,18.06,Gemuk
7,L,121.3,25.0,17.0,Normal
10,L,130.6,38.0,22.27,Obesitas
8,P,121.0,27.0,18.47,Gemuk
6,L,111.5,19.6,15.79,Normal
12,L,146.0,38.7,18.14,Gemuk
7,L,118.1,24.4,17.48,Normal
9,L,127.7,24.4,14.97,Normal
8,P,120.8,23.3,15.92,Normal
8,P,122.6,27.6,18.33,Gemuk
12,P,152.0,41.3,17.88,Normal
9,L,127.1,24.8,15.35,Normal
9,L,131.9,34.0,19.53,Gemuk
11,L,139.9,31.2,15.93,Normal
6,L,112.9,17.0,13.34,Kurus
10,L,134.3,32.4,17.98,Normal
8,L,120.8,26.4,18.11,Gemuk
7,L,118.2,21.6,15.44,Normal
6,P,110.0,17.0,14.05,Normal
9,P,125.4,28.7,18.27,Gemuk
12,L,147.4,39.4,18.11,Gemuk
11,P,144.6,36.2,17.32,Normal
12,L,148.5,34.2,15.49,Normal
9,L,126.4,30.6,19.12,Gemuk
6,L,116.1,17.8,13.23,Kurus
8,P,120.3,23.6,16.29,Normal
12,P,147.7,35.5,16.3,Normal
8,P,121.0,25.6,17.52,Normal
12,P,147.1,35.7,16.51,Normal
8,L,119.1,22.4,15.77,Normal
9,L,130.7,24.0,14.01,Normal
7,P,116.3,19.5,14.45,Normal
7,L,120.7,18.0,12.35,Kurus
6,P,117.3,17.0,12.35,Kurus
7,L,115.7,18.0,13.45,Kurus
6,L,118.0,21.0,15.07,Normal
10,L,134.8,25.3,13.94,Kurus
8,L,123.7,29.0,18.97,Gemuk
9,L,126.9,22.0,13.66,Kurus
9,L,131.0,28.1,16.38,Normal
7,P,118.2,18.6,13.3,Kurus
9,P,130.7,25.5,14.93,Normal
11,P,139.3,34.9,17.98,Normal
8,P,125.5,21.6,13.68,Kurus
6,P,111.0,20.2,16.4,Normal
7,L,119.1,25.0,17.62,Normal
9,P,127.8,27.7,16.96,Normal
6,P,113.2,17.8,13.91,Kurus
6,L,111.4,19.4,15.62,Normal
10,P,136.5,25.0,13.42,Kurus
6,L,116.0,20.2,15.03,Normal
11,L,138.8,35.4,18.4,Gemuk
9,L,127.8,22.5,13.76,Kurus
11,P,138.2,33.8,17.69,Normal
8,L,122.2,20.8,13.95,Kurus
11,L,140.1,34.6,17.61,Normal
10,P,131.9,31.0,17.8,Normal
6,L,111.7,21.5,17.27,Normal
8,L,125.2,29.0,18.51,Gemuk
7,L,114.5,18.1,13.83,Kurus
12,L,140.6,38.2,19.31,Gemuk
8,L,123.9,27.2,17.71,Normal
7,P,118.5,22.6,16.06,Normal
7,L,113.0,23.9,18.75,Gemuk
9,P,130.4,32.0,18.8,Gemuk
12,L,150.2,38.7,17.18,Normal
10,L,134.2,29.6,16.42,Normal
6,P,113.6,21.6,16.71,Normal
10,L,134.1,34.5,19.17,Gemuk
10,L,138.6,30.4,15.8,Normal
8,P,122.8,22.2,14.74,Normal
10,L,132.7,28.9,16.42,Normal
9,P,130.8,28.0,16.35,Normal
10,L,133.7,29.1,16.25,Normal
6,P,115.1,20.2,15.27,Normal
6,P,111.6,17.0,13.64,Kurus
7,P,113.7,18.0,13.92,Kurus
11,P,139.1,35.3,18.24,Gemuk
9,L,133.0,23.3,13.15,Kurus
9,P,124.7,32.1,20.62,Gemuk
10,P,133.2,32.7,18.41,Gemuk
12,L,144.8,38.5,18.38,Gemuk
9,L,131.4,27.1,15.68,Normal
9,P,124.8,26.4,16.97,Normal
8,L,122.4,20.0,13.37,Kurus
12,L,146.5,39.4,18.36,Gemuk
10,L,135.4,33.1,18.05,Gemuk
12,P,147.6,41.9,19.23,Gemuk
7,L,121.0,21.6,14.76,Normal
11,P,137.2,32.5,17.26,Normal
6,P,116.6,18.4,13.57,Kurus
10,L,137.7,30.7,16.17,Normal
10,L,128.0,30.5,18.62,Gemuk
12,L,148.2,34.8,15.88,Normal
8,P,124.7,25.3,16.24,Normal
10,L,136.5,27.0,14.49,Normal
10,P,134.0,33.7,18.78,Gemuk
12,P,146.0,40.4,18.95,Gemuk
8,L,120.2,27.5,19.04,Gemuk
12,P,145.6,39.1,18.45,Gemuk
8,P,125.1,23.3,14.87,Normal
6,P,118.0,18.3,13.15,Kurus
12,P,142.6,33.7,16.59,Normal
9,P,128.1,26.0,15.86,Normal
10,P,135.8,32.6,17.65,Normal
9,L,129.5,27.3,16.28,Normal
6,L,112.3,18.9,15.04,Normal
9,P,130.3,22.5,13.25,Kurus
6,P,115.4,21.4,16.05,Normal
11,L,139.3,40.1,20.67,Gemuk
9,L,123.5,26.6,17.42,Normal
9,P,128.1,25.2,15.37,Normal
8,P,119.9,28.5,19.8,Gemuk
6,P,113.8,18.6,14.34,Normal
8,P,125.5,20.0,12.69,Kurus
6,L,111.2,20.5,16.59,Normal
9,L,126.0,28.9,18.22,Gemuk
7,P,120.0,19.7,13.71,Kurus
10,L,132.0,35.3,20.23,Gemuk
11,P,143.0,36.2,17.68,Normal
10,P,131.9,28.7,16.48,Normal
7,L,114.1,20.0,15.37,Normal
7,L,116.9,19.2,14.04,Normal
9,P,133.0,29.7,16.78,Normal
12,L,146.5,41.4,19.28,Gemuk
6,P,110.1,17.0,14.01,Normal
10,P,136.7,33.2,17.79,Normal
10,P,134.9,32.6,17.88,Normal
6,P,117.8,17.0,12.25,Kurus
8,L,121.7,24.9,16.84,Normal
8,L,123.1,27.8,18.38,Gemuk
9,P,131.1,25.1,14.62,Normal
10,P,132.8,35.5,20.13,Gemuk
10,L,135.3,29.4,16.06,Normal
8,P,123.1,25.0,16.5,Normal
10,P,128.8,36.5,21.98,Gemuk
9,P,125.9,28.7,18.13,Gemuk
7,L,119.1,19.6,13.82,Kurus
11,P,144.7,37.4,17.86,Normal
11,P,140.4,33.7,17.08,Normal
12,L,148.3,38.3,17.41,Normal
6,L,113.6,20.2,15.66,Normal
6,L,111.5,17.0,13.68,Kurus
8,P,123.4,24.2,15.86,Normal
12,L,146.7,41.3,19.16,Gemuk
8,L,120.0,23.2,16.1,Normal
7,P,121.8,19.6,13.25,Kurus
10,P,136.1,29.4,15.9,Normal
8,P,124.7,20.0,12.86,Kurus
11,L,142.3,38.2,18.85,Gemuk
8,L,121.8,20.6,13.88,Kurus
9,P,130.0,29.4,17.4,Normal
9,P,128.9,26.5,15.95,Normal
10,P,136.0,30.4,16.41,Normal
6,L,115.2,22.0,16.57,Normal
7,L,121.0,21.6,14.77,Normal
6,P,113.6,18.1,14.04,Normal
9,P,132.3,27.5,15.7,Normal
9,L,126.2,27.0,16.94,Normal
8,L,121.2,27.4,18.63,Gemuk
6,L,111.4,20.2,16.27,Normal
9,P,127.1,26.6,16.45,Normal
10,L,134.1,35.3,19.65,Gemuk
6,L,116.6,17.0,12.49,Kurus
11,P,144.0,36.3,17.48,Normal
12,P,144.0,38.9,18.73,Gemuk
8,L,121.9,20.0,13.46,Kurus
11,P,143.7,34.3,16.62,Normal
6,L,112.5,17.2,13.55,Kurus
11,P,144.9,36.6,17.47,Normal
12,P,148.4,38.2,17.36,Normal
11,P,140.7,41.4,20.91,Gemuk
12,P,143.5,36.7,17.81,Normal
12,L,147.4,44.1,20.3,Gemuk
12,P,145.1,36.4,17.27,Normal
10,P,137.2,31.9,16.92,Normal
6,L,115.5,20.5,15.34,Normal
9,L,130.2,27.3,16.13,Normal
9,P,133.0,23.5,13.26,Kurus
12,P,151.4,38.1,16.63,Normal
6,L,118.0,22.0,15.8,Normal
12,P,144.8,46.3,22.1,Obesitas
9,L,131.6,29.6,17.11,Normal
12,P,140.0,37.3,19.02,Gemuk
7,L,113.0,25.0,19.58,Gemuk
7,L,117.9,18.0,12.94,Kurus
6,L,115.2,20.4,15.33,Normal
10,P,134.4,30.0,16.61,Normal
9,P,129.5,28.8,17.19,Normal
11,L,142.8,34.0,16.67,Normal
8,L,121.4,26.5,17.99,Normal
12,P,146.4,39.5,18.43,Gemuk
8,P,125.2,20.0,12.75,Kurus
9,L,130.5,26.1,15.32,Normal
11,L,141.9,36.9,18.33,Gemuk
11,L,140.0,31.0,15.83,Normal
6,L,112.7,17.0,13.39,Kurus
11,P,139.8,36.8,18.83,Gemuk
12,L,146.6,40.9,19.05,Gemuk
6,L,112.2,17.0,13.5,Kurus
12,L,148.8,36.0,16.24,Normal
9,L,128.3,34.0,20.67,Gemuk
6,P,114.2,21.4,16.4,Normal
9,P,129.6,27.5,16.4,Normal
11,L,140.7,36.7,18.56,Gemuk
11,L,140.5,38.0,19.23,Gemuk
12,P,145.8,40.8,19.18,Gemuk
8,P,119.6,20.5,14.37,Normal
7,P,119.3,22.2,15.64,Normal
11,P,143.9,41.4,19.98,Gemuk
7,P,118.3,23.8,16.98,Normal
10,P,136.0,31.5,17.0,Normal
6,L,115.1,19.4,14.64,Normal
12,P,152.0,35.9,15.53,Normal
10,P,129.8,33.4,19.82,Gemuk
10,P,132.9,31.9,18.06,Gemuk
12,L,149.5,47.4,21.21,Gemuk
8,P,122.9,20.1,13.3,Kurus
7,P,116.2,20.9,15.47,Normal
10,P,134.1,34.3,19.07,Gemuk
6,L,114.3,22.0,16.82,Normal
11,P,140.5,38.0,19.23,Gemuk
10,P,132.1,29.2,16.72,Normal
9,P,130.3,28.9,16.98,Normal
9,L,129.4,25.6,15.27,Normal
7,L,115.5,20.9,15.67,Normal
7,P,118.1,24.9,17.87,Normal
6,L,111.5,17.0,13.68,Kurus
10,P,137.1,30.2,16.08,Normal
10,L,133.7,25.3,14.14,Normal
6,L,114.5,22.0,16.79,Normal
8,L,126.0,24.8,15.62,Normal
9,L,125.3,25.9,16.51,Normal
8,P,122.2,22.9,15.34,Normal
7,P,118.5,20.3,14.49,Normal
8,P,122.9,26.7,17.67,Normal
8,L,119.1,22.1,15.55,Normal
11,L,139.1,31.9,16.47,Normal
8,L,122.7,24.7,16.4,Normal
9,P,124.9,31.7,20.31,Gemuk
11,P,143.8,36.2,17.5,Normal
12,P,143.0,36.3,17.76,Normal
12,P,145.4,40.8,19.31,Gemuk
6,P,114.3,22.0,16.85,Normal
6,L,115.6,22.0,16.46,Normal
8,P,123.8,20.6,13.44,Kurus
9,L,129.9,29.8,17.63,Normal
9,P,130.0,22.0,13.02,Kurus
11,P,141.0,34.0,17.07,Normal
12,L,145.2,37.6,17.84,Normal
10,L,137.6,33.4,17.67,Normal
6,L,110.0,22.0,18.18,Gemuk
9,L,125.4,28.3,17.99,Normal
8,L,125.4,21.2,13.51,Kurus
10,P,133.6,30.3,16.97,Normal
8,L,122.5,29.0,19.33,Gemuk
8,L,118.0,27.1,19.49,Gemuk
6,L,110.8,20.9,17.0,Normal
7,L,116.8,18.0,13.2,Kurus
11,L,141.7,32.1,16.02,Normal
11,L,136.3,31.8,17.12,Normal
8,L,119.1,27.2,19.19,Gemuk
8,L,124.1,26.4,17.16,Normal
7,L,118.6,19.4,13.76,Kurus
11,L,140.1,39.3,20.03,Gemuk
12,L,141.9,38.8,19.26,Gemuk
9,P,128.8,30.3,18.28,Gemuk
11,L,139.3,37.2,19.14,Gemuk
9,P,128.3,26.6,16.19,Normal
9,L,128.2,30.3,18.45,Gemuk
10,P,130.4,33.2,19.51,Gemuk
8,P,128.0,26.7,16.31,Normal
8,P,125.7,20.0,12.66,Kurus
12,L,143.6,41.3,20.03,Gemuk
9,L,125.5,30.3,19.24,Gemuk
9,L,127.8,26.2,16.03,Normal
10,L,139.5,28.2,14.46,Normal
8,P,128.0,22.9,13.98,Kurus
7,L,113.7,25.0,19.33,Gemuk
10,L,132.1,34.5,19.79,Gemuk
7,L,118.7,21.8,15.46,Normal
8,L,122.5,24.8,16.55,Normal
10,P,133.3,27.7,15.57,Normal
9,L,124.9,22.7,14.53,Normal
9,L,133.0,22.5,12.71,Kurus
6,L,115.0,17.0,12.85,Kurus
6,L,117.3,22.0,15.99,Normal
8,P,119.2,27.0,19.04,Gemuk
11,P,143.1,41.0,20.05,Gemuk
8,P,120.2,27.1,18.74,Gemuk
12,P,144.9,40.7,19.38,Gemuk
11,L,142.2,34.0,16.81,Normal
12,L,140.0,39.1,19.93,Gemuk
11,L,135.4,34.1,18.59,Gemuk
7,P,116.1,18.0,13.36,Kurus
10,P,134.9,33.7,18.55,Gemuk
9,L,127.6,26.8,16.45,Normal
8,P,120.9,24.3,16.61,Normal
11,L,142.3,38.6,19.04,Gemuk
11,P,138.5,39.3,20.47,Gemuk
10,P,138.1,29.8,15.64,Normal
8,P,124.0,20.0,13.01,Kurus
6,P,115.7,20.4,15.22,Normal
10,P,133.6,30.1,16.88,Normal
8,L,122.5,26.9,17.93,Normal
7,P,122.5,22.2,14.81,Normal
6,P,111.3,22.0,17.76,Normal
7,P,119.5,18.0,12.6,Kurus
8,L,124.0,25.2,16.41,Normal
6,L,115.4,17.0,12.77,Kurus
12,L,142.6,37.5,18.47,Gemuk
11,P,139.5,34.0,17.45,Normal
9,L,126.8,29.2,18.18,Gemuk
9,P,126.2,30.2,18.95,Gemuk
8,P,123.4,29.0,19.03,Gemuk
11,L,141.2,39.1,19.6,Gemuk
10,L,135.3,34.0,18.61,Gemuk
8,L,123.1,22.2,14.68,Normal
11,P,143.6,34.1,16.52,Normal
11,P,139.2,33.0,17.01,Normal
8,L,126.1,26.8,16.84,Normal
8,P,120.5,26.3,18.08,Gemuk
10,P,133.5,25.0,14.03,Normal
11,L,142.1,35.6,17.66,Normal
12,P,145.8,36.7,17.25,Normal
8,L,120.2,20.0,13.85,Kurus
6,L,112.5,18.1,14.28,Normal
11,L,140.9,36.5,18.4,Gemuk
12,L,144.6,39.5,18.86,Gemuk
9,P,124.2,28.3,18.35,Gemuk
12,P,142.4,39.5,19.47,Gemuk
7,P,119.3,25.0,17.56,Normal
10,P,132.4,25.0,14.26,Normal
12,P,147.5,34.0,15.62,Normal
11,P,136.9,29.1,15.53,Normal
7,P,117.7,23.6,17.0,Normal
8,P,121.6,26.8,18.13,Gemuk
6,L,117.1,18.8,13.75,Kurus
6,P,113.9,19.4,14.95,Normal
9,P,128.0,26.9,16.41,Normal
10,L,133.4,32.2,18.07,Gemuk
10,P,134.5,33.8,18.69,Gemuk
11,L,141.9,38.1,18.95,Gemuk
10,P,134.1,30.5,16.99,Normal
8,P,124.2,24.1,15.63,Normal
11,L,141.4,37.3,18.63,Gemuk
10,L,129.9,28.4,16.83,Normal
7,L,117.7,18.0,13.0,Kurus
10,L,131.9,27.2,15.61,Normal
7,L,120.3,21.5,14.86,Normal
9,L,126.5,28.5,17.84,Normal
12,L,145.8,39.8,18.74,Gemuk
6,L,111.3,18.6,15.05,Normal
6,L,114.8,17.0,12.89,Kurus
6,P,115.5,20.9,15.65,Normal
8,P,120.5,22.1,15.22,Normal
8,P,122.9,29.0,19.2,Gemuk
8,P,124.6,21.0,13.5,Kurus
12,P,148.5,37.9,17.17,Normal
12,P,146.3,40.6,18.98,Gemuk
8,L,121.3,22.7,15.44,Normal
11,P,138.6,30.7,15.97,Normal
11,P,136.8,35.5,18.98,Gemuk
6,L,114.5,19.3,14.7,Normal
6,P,114.8,21.9,16.61,Normal
8,L,124.3,26.3,17.0,Normal
9,P,129.0,22.0,13.22,Kurus
9,L,128.3,30.7,18.67,Gemuk
12,L,144.7,43.6,20.83,Gemuk
9,P,124.6,28.0,18.02,Gemuk
12,L,142.8,37.8,18.51,Gemuk
11,P,145.8,33.0,15.52,Normal
9,P,126.5,23.4,14.64,Normal
8,L,119.6,20.9,14.61,Normal
6,P,110.2,17.0,13.99,Kurus
11,L,141.5,35.8,17.9,Normal
11,L,142.5,34.4,16.95,Normal
8,L,122.0,20.0,13.43,Kurus
8,P,124.2,22.8,14.81,Normal
6,L,112.4,18.0,14.27,Normal
8,L,122.0,23.7,15.95,Normal
11,L,138.8,34.1,17.69,Normal
7,P,116.6,21.7,15.96,Normal
11,L,136.3,36.4,19.59,Gemuk
6,P,117.3,20.0,14.5,Normal
11,P,139.8,37.6,19.22,Gemuk
11,L,143.9,38.8,18.74,Gemuk
12,P,143.9,36.3,17.52,Normal
11,P,140.1,39.5,20.13,Gemuk
8,L,121.9,21.6,14.51,Normal
6,L,115.6,22.0,16.47,Normal
8,L,119.3,23.9,16.76,Normal
11,P,143.2,39.8,19.4,Gemuk
11,P,144.2,36.1,17.35,Normal
6,L,116.9,22.0,16.1,Normal
11,P,140.6,38.2,19.34,Gemuk
11,L,141.8,37.2,18.52,Gemuk
6,P,113.4,18.0,13.99,Kurus
11,L,140.6,33.9,17.12,Normal
10,L,135.2,36.1,19.75,Gemuk
11,L,140.4,33.5,17.03,Normal
10,L,133.9,33.1,18.45,Gemuk
11,P,135.7,40.9,22.19,Obesitas
12,L,146.5,39.5,18.39,Gemuk
7,P,118.6,18.0,12.79,Kurus
9,P,131.0,24.6,14.31,Normal
9,P,128.0,28.5,17.39,Normal
8,L,123.4,26.4,17.35,Normal
10,P,134.6,37.9,20.92,Gemuk
8,P,120.9,23.4,15.99,Normal
8,L,126.8,23.6,14.7,Normal
9,P,127.3,26.4,16.32,Normal
8,L,122.8,20.9,13.85,Kurus
10,L,132.9,29.8,16.86,Normal
8,P,126.6,24.5,15.27,Normal
9,P,124.8,26.2,16.84,Normal
8,P,122.7,22.1,14.64,Normal
12,P,147.9,41.7,19.04,Gemuk
6,L,112.0,22.0,17.53,Normal
7,L,116.3,23.9,17.64,Normal
9,P,125.0,28.0,17.9,Normal
11,L,144.0,33.3,16.06,Normal
7,L,119.4,18.0,12.63,Kurus
9,L,126.3,30.5,19.11,Gemuk
11,L,140.6,39.0,19.74,Gemuk
12,L,147.2,36.9,17.04,Normal
9,L,130.2,22.1,13.07,Kurus
10,P,132.3,31.4,17.96,Normal
9,P,130.4,22.5,13.21,Kurus
7,P,116.7,20.9,15.33,Normal
7,P,117.4,20.7,15.0,Normal
8,P,121.1,25.9,17.67,Normal
12,L,146.9,38.8,17.99,Normal
8,L,127.5,24.2,14.87,Normal
11,L,140.1,36.4,18.57,Gemuk
11,P,137.8,32.4,17.07,Normal
9,L,128.5,28.6,17.31,Normal
9,L,132.2,32.3,18.49,Gemuk
11,P,138.0,40.7,21.38,Gemuk
8,L,123.7,27.4,17.9,Normal
6,P,112.4,22.0,17.41,Normal
11,P,144.4,35.3,16.9,Normal
7,P,116.5,24.8,18.3,Gemuk
11,L,139.5,35.7,18.35,Gemuk
9,L,126.4,24.4,15.3,Normal
8,L,123.0,29.0,19.18,Gemuk
11,L,143.6,34.7,16.81,Normal
10,L,132.6,32.7,18.6,Gemuk
6,L,118.0,22.0,15.8,Normal
7,L,120.6,19.7,13.53,Kurus
11,L,142.2,33.5,16.56,Normal
11,P,140.8,36.9,18.61,Gemuk
12,L,149.7,37.9,16.88,Normal
8,L,125.1,22.3,14.22,Normal
7,L,117.7,23.0,16.6,Normal
12,L,146.4,36.4,16.96,Normal
8,L,122.3,22.3,14.91,Normal
10,L,135.1,34.6,18.92,Gemuk
7,L,116.5,24.5,18.05,Gemuk
12,L,149.7,36.0,16.05,Normal
7,L,119.1,23.4,16.46,Normal
10,L,138.5,30.1,15.7,Normal
7,L,117.1,19.9,14.54,Normal
9,L,133.0,23.5,13.28,Kurus
12,P,143.2,38.9,18.97,Gemuk
9,P,126.9,26.4,16.4,Normal
11,L,135.0,33.7,18.5,Gemuk
9,L,124.8,24.1,15.5,Normal
10,L,133.9,33.4,18.64,Gemuk
9,P,127.2,28.9,17.89,Normal
6,P,113.1,21.1,16.52,Normal
12,L,145.1,38.7,18.4,Gemuk
10,L,132.4,31.7,18.09,Gemuk
8,P,122.8,21.8,14.43,Normal
6,L,115.0,22.0,16.63,Normal
7,P,119.5,22.8,15.94,Normal
6,P,114.6,21.7,16.53,Normal
9,L,128.8,28.8,17.34,Normal
9,L,129.2,32.2,19.31,Gemuk
9,P,127.5,31.3,19.25,Gemuk
6,L,113.9,18.8,14.5,Normal
6,P,110.5,19.3,15.77,Normal
12,L,142.6,39.3,19.31,Gemuk
12,L,145.9,39.4,18.5,Gemuk
9,P,130.3,28.4,16.73,Normal
6,L,112.7,20.1,15.86,Normal
7,L,121.0,25.0,17.08,Normal
11,L,142.9,29.8,14.59,Normal
7,L,121.6,22.4,15.16,Normal
6,P,114.8,19.3,14.65,Normal
9,P,128.4,22.0,13.34,Kurus
11,P,141.7,34.3,17.08,Normal
11,L,135.2,34.5,18.89,Gemuk
8,L,124.3,21.9,14.19,Normal
8,L,122.5,28.1,18.71,Gemuk
7,L,117.5,24.8,18.0,Gemuk
10,P,133.1,28.7,16.18,Normal
8,L,126.8,25.5,15.88,Normal
6,P,111.8,20.7,16.6,Normal
8,L,120.5,23.5,16.2,Normal
6,P,112.2,19.7,15.7,Normal
6,P,113.3,19.5,15.17,Normal
8,L,122.0,24.4,16.42,Normal
10,L,132.4,36.0,20.54,Gemuk
12,L,150.0,37.2,16.51,Normal
9,L,128.8,28.2,17.0,Normal
6,P,110.0,18.4,15.2,Normal
8,L,121.5,20.0,13.54,Kurus
10,P,135.2,33.7,18.44,Gemuk
7,L,119.8,24.3,16.95,Normal
11,L,135.4,33.0,18.0,Normal
10,L,136.9,26.9,14.38,Normal
6,L,112.0,17.0,13.56,Kurus
12,P,141.3,41.9,20.97,Gemuk
10,P,133.1,30.9,17.44,Normal
8,P,125.9,21.5,13.58,Kurus
6,L,115.5,19.2,14.35,Normal
8,L,120.8,26.7,18.3,Gemuk
7,P,119.0,20.6,14.53,Normal
10,L,135.7,37.4,20.29,Gemuk
9,L,130.4,30.6,18.0,Gemuk
11,L,139.5,38.0,19.54,Gemuk
11,P,137.5,37.6,19.87,Gemuk
11,P,143.4,31.6,15.35,Normal
9,L,126.9,27.0,16.76,Normal
12,L,140.8,39.8,20.04,Gemuk
11,P,143.5,38.4,18.65,Gemuk
9,L,126.4,23.3,14.56,Normal
7,L,115.6,19.5,14.58,Normal
10,L,133.3,31.8,17.88,Normal
9,P,129.7,32.1,19.1,Gemuk
8,P,118.3,26.2,18.7,Gemuk
8,P,126.1,26.5,16.69,Normal
6,P,113.2,20.0,15.6,Normal
7,P,119.5,23.4,16.4,Normal
8,P,124.6,22.9,14.75,Normal
8,L,120.4,25.2,17.37,Normal
12,L,142.0,38.5,19.12,Gemuk
10,P,136.2,30.3,16.34,Normal
8,L,126.8,24.9,15.46,Normal
9,P,123.0,31.6,20.88,Gemuk
7,L,118.8,23.3,16.5,Normal
6,P,113.9,18.4,14.15,Normal
11,P,144.8,34.2,16.34,Normal
10,P,132.5,32.9,18.76,Gemuk
10,P,133.3,32.6,18.33,Gemuk
6,P,111.6,17.0,13.64,Kurus
10,P,134.2,34.6,19.25,Gemuk
10,P,129.7,33.0,19.58,Gemuk
11,L,144.5,36.7,17.57,Normal
6,P,116.5,17.4,12.82,Kurus
10,L,137.0,31.6,16.84,Normal
12,L,145.8,38.1,17.91,Normal
10,L,136.3,29.5,15.9,Normal
11,L,137.7,33.9,17.89,Normal
8,P,125.0,23.0,14.74,Normal
11,P,143.3,33.3,16.22,Normal
9,L,125.2,24.9,15.88,Normal
7,L,118.9,19.0,13.46,Kurus
10,P,132.3,35.5,20.32,Gemuk
8,L,119.9,20.4,14.16,Normal
10,P,135.2,35.5,19.4,Gemuk
9,L,129.3,32.8,19.64,Gemuk
11,P,140.0,34.1,17.4,Normal
10,L,131.9,29.8,17.15,Normal
8,P,120.2,26.1,18.07,Gemuk
8,L,121.8,24.5,16.53,Normal
12,L,146.8,36.7,17.0,Normal
12,L,145.1,36.4,17.27,Normal
11,L,145.4,36.0,17.02,Normal
12,L,145.9,40.4,19.0,Gemuk
10,P,132.3,32.7,18.69,Gemuk
12,L,145.4,32.1,15.16,Normal
7,L,114.3,19.6,15.02,Normal
12,P,147.5,41.6,19.14,Gemuk
11,P,145.0,38.8,18.47,Gemuk
6,P,112.8,17.0,13.36,Kurus
6,L,110.0,17.0,14.05,Normal
12,P,148.6,45.0,20.37,Gemuk
11,L,141.6,40.3,20.08,Gemuk
6,L,118.0,20.5,14.73,Normal
12,L,145.3,41.8,19.82,Gemuk
12,L,151.2,40.7,17.83,Normal
11,L,137.7,37.7,19.9,Gemuk
10,L,137.1,28.2,14.99,Normal
11,L,141.9,29.3,14.54,Normal
9,P,123.0,24.4,16.14,Normal
12,P,146.1,35.5,16.62,Normal
8,P,119.8,26.9,18.76,Gemuk
6,P,112.2,19.4,15.42,Normal
11,P,141.8,37.2,18.49,Gemuk
6,L,118.0,22.0,15.8,Normal
10,P,130.7,30.2,17.66,Normal
10,L,138.5,31.7,16.54,Normal
8,L,121.4,25.4,17.24,Normal
6,P,112.9,18.0,14.1,Normal
11,P,141.6,39.2,19.57,Gemuk
12,L,146.5,36.4,16.97,Normal
6,L,115.6,21.5,16.05,Normal
9,L,127.4,29.3,18.04,Gemuk
12,P,144.9,36.4,17.33,Normal
7,L,116.1,21.6,15.99,Normal
7,P,118.1,24.8,17.75,Normal
11,L,137.1,38.1,20.24,Gemuk
11,L,142.5,37.2,18.33,Gemuk
12,L,147.2,37.6,17.34,Normal
12,L,146.8,38.1,17.68,Normal
7,L,119.1,19.7,13.9,Kurus
11,P,143.7,35.3,17.1,Normal
9,L,123.7,27.0,17.63,Normal
10,L,136.4,30.8,16.57,Normal
10,P,137.7,30.3,15.96,Normal
8,P,120.6,20.0,13.75,Kurus
12,P,142.5,37.1,18.28,Gemuk
7,P,117.8,19.3,13.91,Kurus
10,L,135.3,29.7,16.23,Normal
8,L,122.7,24.2,16.08,Normal
7,L,117.7,18.0,12.99,Kurus
6,P,116.2,18.7,13.85,Kurus
11,L,139.9,39.3,20.06,Gemuk
6,P,112.8,17.4,13.65,Kurus
10,L,133.8,33.0,18.44,Gemuk
6,P,112.6,17.0,13.41,Kurus
6,L,116.4,19.0,13.98,Kurus
10,L,136.5,32.4,17.42,Normal
9,L,128.0,30.0,18.3,Gemuk
7,L,120.3,18.1,12.5,Kurus
7,P,116.7,23.8,17.47,Normal
8,P,119.2,27.8,19.54,Gemuk
12,L,148.1,41.7,19.01,Gemuk
7,P,115.6,25.0,18.69,Gemuk
7,L,122.5,24.0,16.0,Normal
6,P,113.1,22.0,17.2,Normal
12,P,144.3,44.5,21.34,Gemuk
8,L,121.5,29.0,19.63,Gemuk
10,P,136.9,35.3,18.85,Gemuk
10,P,132.7,31.2,17.71,Normal
6,P,111.7,22.0,17.64,Normal
9,L,129.9,28.4,16.83,Normal
8,L,125.1,24.1,15.42,Normal
10,P,138.2,37.9,19.87,Gemuk
11,L,139.5,30.6,15.7,Normal
6,P,115.3,22.0,16.56,Normal
6,L,113.6,21.0,16.27,Normal
9,P,125.3,25.0,15.95,Normal
8,P,125.7,29.0,18.37,Gemuk
10,P,130.8,29.5,17.24,Normal
7,P,117.6,23.8,17.18,Normal
8,P,119.8,26.1,18.16,Gemuk
9,P,123.7,30.3,19.82,Gemuk
8,P,121.7,23.7,16.03,Normal
7,P,121.4,19.2,13.03,Kurus
12,P,141.1,41.6,20.89,Gemuk
11,L,139.9,38.4,19.61,Gemuk
8,P,124.2,25.3,16.39,Normal
12,L,146.2,37.7,17.64,Normal
12,L,149.1,38.0,17.07,Normal
8,P,120.8,24.2,16.57,Normal
10,P,135.1,35.8,19.59,Gemuk
8,L,123.1,22.9,15.14,Normal
10,P,132.8,30.5,17.32,Normal
9,P,128.3,27.1,16.47,Normal
11,L,144.9,34.2,16.31,Normal
12,P,145.4,40.8,19.28,Gemuk
8,P,121.7,20.3,13.71,Kurus
11,P,139.8,37.6,19.25,Gemuk
7,P,114.8,18.4,13.92,Kurus
7,P,119.3,19.0,13.31,Kurus
9,P,128.0,24.9,15.21,Normal
12,L,145.2,40.3,19.13,Gemuk
12,P,143.4,44.3,21.53,Gemuk
8,P,122.2,26.8,17.96,Normal
11,P,141.7,37.8,18.85,Gemuk
10,P,132.3,29.7,16.94,Normal
11,L,139.4,38.5,19.8,Gemuk
9,P,130.2,24.6,14.5,Normal
6,P,116.6,18.8,13.85,Kurus
9,P,128.9,27.8,16.73,Normal
12,L,144.6,41.9,20.04,Gemuk
10,P,129.4,29.3,17.49,Normal
9,L,129.5,28.2,16.84,Normal
9,P,125.9,27.9,17.61,Normal
7,P,118.7,22.1,15.68,Normal
10,L,136.9,30.6,16.36,Normal
6,L,114.5,19.5,14.88,Normal
10,L,134.1,29.3,16.28,Normal
8,P,120.3,22.8,15.78,Normal
9,L,130.2,29.3,17.27,Normal
11,P,143.7,39.3,19.02,Gemuk
7,P,116.8,18.0,13.22,Kurus
7,P,120.8,19.6,13.46,Kurus
11,P,144.3,28.7,13.79,Kurus
8,L,125.0,23.0,14.71,Normal
9,L,130.5,26.6,15.61,Normal
12,L,146.5,45.2,21.05,Gemuk
8,L,125.9,26.6,16.76,Normal
10,L,128.0,33.9,20.67,Gemuk
11,P,139.4,38.2,19.63,Gemuk
11,L,140.7,31.2,15.78,Normal
6,P,115.6,19.8,14.79,Normal
7,L,122.0,23.3,15.64,Normal
6,L,113.2,20.1,15.72,Normal
8,P,124.0,29.0,18.84,Gemuk
9,P,127.9,30.4,18.55,Gemuk
10,P,130.8,36.8,21.52,Gemuk
9,L,126.0,22.8,14.34,Normal
10,P,136.5,28.8,15.48,Normal
12,P,144.2,47.0,22.62,Obesitas
9,L,128.4,28.4,17.25,Normal
8,P,122.5,21.5,14.35,Normal
10,P,131.8,32.5,18.72,Gemuk
6,L,115.7,17.0,12.7,Kurus
7,P,118.3,22.3,15.89,Normal
9,L,125.1,27.1,17.3,Normal
12,L,148.7,38.1,17.25,Normal
10,L,133.4,28.0,15.71,Normal
8,P,120.7,25.8,17.68,Normal
6,L,111.8,17.0,13.59,Kurus
9,L,133.0,28.1,15.88,Normal
9,L,133.0,30.0,16.95,Normal
9,P,125.9,26.9,16.96,Normal
7,L,115.2,21.1,15.92,Normal
10,L,136.1,28.4,15.35,Normal
8,P,124.9,25.1,16.08,Normal
8,L,122.3,23.4,15.64,Normal
11,P,140.6,37.0,18.7,Gemuk
6,P,114.8,17.0,12.91,Kurus
7,P,116.0,22.7,16.87,Normal
6,L,113.9,17.5,13.47,Kurus
9,L,123.6,25.4,16.61,Normal
9,P,131.7,30.0,17.31,Normal
12,L,146.4,34.4,16.04,Normal
12,L,147.3,37.7,17.39,Normal
10,L,131.5,35.3,20.4,Gemuk
11,L,140.8,30.2,15.23,Normal
8,L,127.8,25.9,15.84,Normal
11,P,145.5,34.0,16.07,Normal
12,L,144.6,42.1,20.15,Gemuk
6,L,112.8,17.8,13.96,Kurus
9,L,129.0,27.4,16.44,Normal
12,P,144.8,36.9,17.6,Normal
9,L,129.3,29.6,17.68,Normal
6,P,116.5,22.0,16.22,Normal
9,L,130.1,28.6,16.89,Normal
11,P,143.3,35.8,17.43,Normal
8,L,121.1,27.5,18.78,Gemuk
8,P,118.3,26.9,19.24,Gemuk
9,L,128.2,26.9,16.34,Normal
10,L,132.3,28.2,16.1,Normal
8,P,124.7,22.6,14.52,Normal
8,P,123.4,26.8,17.61,Normal
12,L,145.4,39.2,18.54,Gemuk
9,L,128.7,29.9,18.04,Gemuk
10,L,132.9,31.6,17.87,Normal
10,P,133.1,32.7,18.43,Gemuk
10,L,133.0,33.7,19.08,Gemuk
12,P,141.3,43.2,21.65,Gemuk
10,L,135.4,29.0,15.82,Normal
7,P,113.0,22.4,17.58,Normal
11,P,141.9,37.4,18.57,Gemuk
10,P,135.4,34.3,18.73,Gemuk
6,L,114.8,17.0,12.9,Kurus
12,P,147.0,39.6,18.34,Gemuk
11,L,139.3,36.1,18.63,Gemuk
12,L,145.1,36.8,17.48,Normal
12,P,143.8,38.0,18.39,Gemuk
7,L,116.0,25.0,18.57,Gemuk
8,L,123.9,28.4,18.48,Gemuk
12,L,144.0,43.0,20.71,Gemuk
11,L,138.7,35.4,18.41,Gemuk
10,P,131.7,35.8,20.65,Gemuk
7,P,119.3,18.8,13.19,Kurus
7,L,118.3,18.2,12.98,Kurus
9,P,129.9,25.8,15.25,Normal
6,L,110.7,22.0,17.96,Normal
8,L,124.8,24.1,15.48,Normal
7,L,118.6,24.3,17.32,Normal
10,L,134.0,34.0,18.94,Gemuk
10,L,133.0,33.3,18.82,Gemuk
10,L,134.6,34.0,18.75,Gemuk
7,L,117.6,22.4,16.18,Normal
10,P,130.5,29.3,17.17,Normal
9,P,124.9,28.8,18.46,Gemuk
11,L,144.2,32.2,15.47,Normal
6,P,111.7,20.6,16.49,Normal
9,L,128.7,28.7,17.31,Normal
7,L,117.1,19.4,14.12,Normal
7,L,115.3,21.6,16.26,Normal
12,P,143.5,39.2,19.04,Gemuk
12,L,143.2,37.5,18.29,Gemuk
8,L,124.3,26.2,16.98,Normal
8,P,121.6,27.8,18.77,Gemuk
10,P,134.9,36.2,19.88,Gemuk
8,L,121.6,22.7,15.38,Normal
12,L,143.6,37.4,18.16,Gemuk
9,L,128.8,28.0,16.87,Normal
12,L,145.3,35.2,16.69,Normal
12,L,144.6,31.9,15.27,Normal
9,L,130.4,22.0,12.94,Kurus
9,P,127.2,27.5,16.99,Normal
9,L,126.9,28.2,17.5,Normal
11,P,136.7,29.7,15.9,Normal
6,P,113.6,17.0,13.17,Kurus
11,P,138.6,35.9,18.7,Gemuk
11,P,144.3,33.8,16.2,Normal
9,P,127.2,28.3,17.46,Normal
12,L,144.1,41.7,20.07,Gemuk
11,L,143.8,35.5,17.19,Normal
10,P,134.5,34.9,19.3,Gemuk
8,L,118.0,21.4,15.36,Normal
10,L,130.6,28.2,16.52,Normal
8,P,123.5,22.1,14.48,Normal
8,L,126.8,20.0,12.43,Kurus
6,L,114.5,20.5,15.61,Normal
6,P,115.9,17.6,13.09,Kurus
11,P,141.9,32.8,16.29,Normal
11,L,146.7,36.9,17.16,Normal
10,L,134.5,30.2,16.66,Normal
7,L,119.3,18.0,12.65,Kurus
11,P,140.7,32.0,16.16,Normal
10,P,135.6,30.0,16.28,Normal
11,P,137.6,38.0,20.04,Gemuk
7,P,118.0,25.0,17.97,Normal
9,P,124.4,29.5,19.07,Gemuk
11,P,143.0,31.6,15.45,Normal
11,L,142.5,39.8,19.57,Gemuk
6,P,112.5,19.4,15.31,Normal
12,P,147.7,43.0,19.69,Gemuk
6,L,118.0,17.0,12.21,Kurus
7,P,117.0,24.1,17.64,Normal
12,P,146.5,41.5,19.35,Gemuk
10,L,133.8,27.3,15.24,Normal
6,L,114.0,22.0,16.93,Normal
8,L,120.8,25.4,17.39,Normal
11,L,144.9,34.9,16.63,Normal
7,L,116.5,23.4,17.27,Normal
7,L,119.2,23.4,16.45,Normal
8,P,127.9,20.6,12.61,Kurus
7,P,122.5,21.8,14.52,Normal
8,P,118.9,28.2,19.92,Gemuk
10,L,132.5,30.5,17.37,Normal
12,L,145.5,42.0,19.83,Gemuk
7,P,119.8,25.0,17.43,Normal
10,P,132.9,30.5,17.29,Normal
8,P,120.1,21.1,14.65,Normal
7,L,122.5,18.0,12.0,Kurus
7,L,120.3,19.9,13.73,Kurus
7,P,119.9,18.0,12.51,Kurus
9,P,127.5,24.1,14.81,Normal
9,L,129.9,30.4,18.03,Gemuk
9,L,125.6,25.6,16.25,Normal
7,P,114.0,24.2,18.63,Gemuk
8,P,124.4,24.3,15.67,Normal
11,P,138.1,38.8,20.33,Gemuk
9,P,129.2,30.9,18.49,Gemuk
11,P,140.6,38.4,19.41,Gemuk
12,L,146.7,42.1,19.55,Gemuk
6,L,112.7,22.0,17.32,Normal
12,P,146.8,41.9,19.44,Gemuk
11,L,143.5,41.4,20.08,Gemuk
10,P,136.3,32.4,17.47,Normal
10,P,140.0,29.8,15.2,Normal
11,P,143.3,28.8,14.0,Kurus
11,L,139.1,32.6,16.82,Normal
6,P,114.1,17.0,13.06,Kurus
12,P,144.7,38.2,18.27,Gemuk
7,L,119.6,22.3,15.61,Normal
7,L,118.3,24.7,17.65,Normal
12,P,150.8,39.0,17.13,Normal
11,L,142.1,36.5,18.07,Gemuk
8,L,121.1,21.4,14.58,Normal
12,P,143.3,40.4,19.66,Gemuk
12,P,147.4,37.1,17.07,Normal
12,L,142.8,36.5,17.87,Normal
11,P,135.3,35.6,19.45,Gemuk
10,L,130.7,32.5,19.06,Gemuk
8,L,121.2,23.0,15.61,Normal
8,P,121.7,20.0,13.5,Kurus
9,P,126.6,23.6,14.74,Normal
9,L,131.3,30.0,17.43,Normal
12,P,143.6,40.5,19.64,Gemuk
8,P,120.4,20.0,13.8,Kurus
8,P,124.0,21.5,13.97,Kurus
9,L,126.2,25.7,16.11,Normal
9,L,129.8,27.8,16.49,Normal
8,L,125.1,23.7,15.15,Normal
7,P,119.3,24.4,17.15,Normal
9,L,132.3,29.3,16.76,Normal
7,P,119.2,18.8,13.28,Kurus
11,L,146.1,35.1,16.44,Normal
6,P,117.2,22.0,16.02,Normal
6,P,116.5,20.3,14.93,Normal
11,P,143.6,32.3,15.69,Normal
8,L,122.0,23.0,15.42,Normal
9,L,126.3,30.6,19.21,Gemuk
9,L,133.0,28.2,15.93,Normal
12,P,144.2,36.3,17.45,Normal
12,P,146.9,46.5,21.54,Gemuk
12,P,145.6,39.0,18.39,Gemuk
12,L,144.1,38.0,18.32,Gemuk
7,P,117.0,19.6,14.29,Normal
8,L,123.8,27.6,17.99,Normal
6,L,110.0,20.5,16.91,Normal
11,L,139.9,35.2,17.97,Normal
10,L,133.4,35.7,20.06,Gemuk
12,L,148.1,35.5,16.18,Normal
11,L,143.1,36.0,17.59,Normal
6,P,115.8,17.2,12.8,Kurus
6,L,115.2,22.0,16.57,Normal
11,L,142.5,31.3,15.43,Normal
7,P,115.7,20.4,15.25,Normal
9,P,131.3,28.3,16.45,Normal
10,P,134.3,35.0,19.41,Gemuk
12,P,141.2,41.6,20.89,Gemuk
6,L,112.3,22.0,17.45,Normal
7,L,115.4,18.0,13.51,Kurus
11,L,143.4,40.4,19.63,Gemuk
6,L,114.2,17.0,13.03,Kurus
7,P,113.9,19.6,15.13,Normal
7,P,113.0,20.4,15.96,Normal
12,P,151.7,36.7,15.94,Normal
10,P,137.3,31.1,16.53,Normal
10,L,134.9,33.6,18.45,Gemuk
10,L,136.7,31.7,16.99,Normal
8,P,123.5,20.0,13.11,Kurus
12,P,150.2,38.4,17.0,Normal
7,L,113.4,21.5,16.72,Normal
9,L,123.0,28.3,18.73,Gemuk
12,P,148.6,34.4,15.57,Normal
9,P,128.0,25.0,15.24,Normal
8,L,120.0,22.1,15.37,Normal
8,P,122.2,29.0,19.44,Gemuk
8,L,125.3,24.1,15.33,Normal
9,L,130.0,29.7,17.58,Normal
10,P,134.2,32.9,18.28,Gemuk
10,P,139.4,26.0,13.36,Kurus
7,L,118.6,21.6,15.33,Normal
8,P,126.2,24.3,15.27,Normal
12,L,150.8,41.9,18.4,Gemuk
6,P,115.8,22.0,16.4,Normal
10,L,133.8,31.1,17.39,Normal
9,P,129.2,29.1,17.41,Normal
6,P,110.8,18.1,14.74,Normal
12,L,148.9,44.1,19.89,Gemuk
12,L,143.6,34.6,16.78,Normal
12,L,151.4,40.3,17.6,Normal
9,L,129.9,30.3,17.97,Normal
10,P,128.8,31.6,19.08,Gemuk
6,P,110.0,22.0,18.18,Gemuk
12,P,146.7,37.0,17.21,Normal
7,L,119.7,23.7,16.56,Normal
10,P,135.0,25.0,13.72,Kurus
11,P,144.1,32.2,15.52,Normal
11,L,141.3,36.4,18.24,Gemuk
6,L,116.9,17.0,12.44,Kurus
7,P,114.2,20.1,15.45,Normal
10,P,135.3,30.4,16.59,Normal
8,L,124.6,24.7,15.88,Normal
10,L,129.7,29.3,17.43,Normal
11,L,141.2,40.0,20.07,Gemuk
8,P,120.1,23.5,16.26,Normal
9,L,127.4,34.0,20.95,Gemuk
12,P,141.5,38.0,19.0,Gemuk
12,L,147.0,30.6,14.19,Normal
8,P,120.6,27.2,18.67,Gemuk
8,L,127.4,23.0,14.2,Normal
10,L,131.9,35.0,20.11,Gemuk
7,P,117.9,22.7,16.35,Normal
12,L,145.3,39.6,18.75,Gemuk
8,P,121.4,25.4,17.2,Normal
9,L,128.8,27.2,16.36,Normal
8,P,120.9,23.4,15.98,Normal
10,L,133.7,32.4,18.15,Gemuk
7,L,117.3,20.9,15.15,Normal
10,L,135.1,30.7,16.81,Normal
8,P,124.0,23.4,15.26,Normal
11,P,138.6,37.5,19.52,Gemuk
9,P,128.4,26.4,15.99,Normal
9,L,129.1,29.2,17.55,Normal
6,P,112.7,22.0,17.31,Normal
8,L,121.3,26.3,17.86,Normal
8,L,123.1,29.0,19.13,Gemuk
11,L,144.8,35.3,16.84,Normal
8,P,125.4,25.0,15.88,Normal
6,P,118.0,22.0,15.8,Normal
9,L,124.5,29.9,19.29,Gemuk
6,L,110.9,17.0,13.81,Kurus
6,P,115.6,17.0,12.73,Kurus
12,L,145.3,41.4,19.64,Gemuk
9,P,129.6,26.5,15.76,Normal
9,L,128.1,29.5,17.97,Normal
12,L,143.2,38.5,18.8,Gemuk
8,P,119.1,26.0,18.35,Gemuk
10,P,135.6,34.3,18.62,Gemuk
11,L,145.8,37.5,17.66,Normal
11,P,140.4,33.0,16.75,Normal
10,P,131.1,32.6,18.99,Gemuk
11,L,145.6,40.5,19.11,Gemuk
9,P,126.1,25.2,15.85,Normal
11,L,140.6,36.8,18.62,Gemuk
6,L,115.6,17.0,12.73,Kurus
11,L,142.8,40.2,19.7,Gemuk
6,P,113.5,20.7,16.04,Normal
7,L,117.6,18.0,13.01,Kurus
9,P,129.8,27.0,16.03,Normal
11,P,140.6,35.5,17.98,Normal
10,P,134.8,30.9,17.01,Normal
12,P,146.8,40.4,18.77,Gemuk
9,P,123.0,30.6,20.23,Gemuk
10,P,135.8,34.5,18.71,Gemuk
8,L,123.0,20.6,13.61,Kurus
11,P,138.2,38.3,20.04,Gemuk
8,P,125.6,26.6,16.85,Normal
7,L,119.8,21.3,14.81,Normal
10,P,132.9,28.9,16.36,Normal
11,L,139.2,36.2,18.71,Gemuk
10,L,132.9,33.5,18.97,Gemuk
12,P,148.4,45.3,20.6,Gemuk
8,P,127.0,25.0,15.51,Normal
12,P,147.6,35.5,16.28,Normal
12,L,143.3,45.9,22.31,Obesitas
8,L,120.9,28.0,19.16,Gemuk
10,P,135.1,26.6,14.56,Normal
12,P,147.1,41.6,19.22,Gemuk
12,P,143.8,36.6,17.7,Normal
6,L,114.2,19.6,15.05,Normal
9,L,127.4,25.8,15.9,Normal
7,L,117.7,19.7,14.25,Normal
10,P,131.5,26.5,15.3,Normal
9,L,130.0,27.6,16.32,Normal
10,P,132.5,38.0,21.64,Gemuk
12,L,147.9,35.6,16.28,Normal
8,P,118.8,20.0,14.17,Normal
8,P,124.7,26.0,16.69,Normal
9,P,128.3,26.8,16.28,Normal
12,P,148.4,39.1,17.78,Normal
9,L,126.1,26.0,16.38,Normal
10,L,136.0,28.5,15.4,Normal
12,P,144.4,43.1,20.68,Gemuk
12,L,141.4,37.8,18.92,Gemuk
7,L,121.3,23.4,15.91,Normal
7,P,118.8,23.3,16.55,Normal
8,P,122.5,21.0,13.99,Kurus
12,P,144.1,39.7,19.13,Gemuk
12,L,142.3,39.3,19.42,Gemuk
8,P,119.1,26.0,18.35,Gemuk
10,P,130.3,35.8,21.09,Gemuk
7,L,121.4,18.5,12.53,Kurus
9,L,132.8,30.7,17.44,Normal
9,P,128.3,26.9,16.35,Normal
10,L,128.7,31.4,18.92,Gemuk
9,L,125.3,24.0,15.27,Normal
8,P,123.1,23.6,15.56,Normal
9,L,130.6,26.2,15.38,Normal
9,P,128.1,24.5,14.9,Normal
6,P,110.2,17.0,14.0,Kurus
11,L,144.4,35.1,16.84,Normal
10,P,140.0,35.4,18.06,Gemuk
9,P,128.6,28.8,17.4,Normal
12,L,142.6,36.5,17.94,Normal
7,L,121.7,22.6,15.28,Normal
8,L,123.5,25.7,16.84,Normal
9,L,132.5,33.9,19.34,Gemuk
10,P,137.1,35.3,18.79,Gemuk
12,P,148.8,41.9,18.9,Gemuk
8,P,123.2,25.2,16.6,Normal
9,P,131.7,26.1,15.05,Normal
10,P,134.7,29.9,16.48,Normal
11,P,140.1,37.6,19.15,Gemuk
12,P,144.9,39.2,18.69,Gemuk
10,P,130.5,27.7,16.28,Normal
12,L,149.0,35.7,16.08,Normal
12,L,144.0,38.8,18.72,Gemuk
8,L,122.3,21.5,14.39,Normal
10,L,137.4,26.6,14.09,Normal
6,P,110.0,22.0,18.18,Gemuk
7,L,113.6,22.4,17.32,Normal
10,L,135.2,29.5,16.15,Normal
8,P,125.9,28.5,17.96,Normal
6,P,114.8,17.0,12.9,Kurus
10,P,131.6,30.6,17.68,Normal
10,P,133.9,32.5,18.11,Gemuk
10,L,131.8,32.4,18.66,Gemuk
8,L,123.3,26.2,17.22,Normal
9,P,129.2,29.1,17.43,Normal
12,P,144.3,43.2,20.75,Gemuk
6,L,110.0,18.8,15.5,Normal
10,L,132.7,36.5,20.71,Gemuk
11,P,142.0,36.2,17.97,Normal
11,L,143.3,41.7,20.32,Gemuk
6,P,110.7,17.0,13.86,Kurus
8,P,127.3,29.0,17.9,Normal
10,P,137.0,29.5,15.71,Normal
7,P,120.0,23.6,16.34,Normal
11,L,144.4,39.4,18.87,Gemuk
10,L,132.1,38.0,21.77,Gemuk
6,L,110.3,18.7,15.37,Normal
8,L,122.2,23.4,15.64,Normal
11,P,140.7,35.2,17.8,Normal
9,P,127.2,30.5,18.85,Gemuk
7,P,118.1,25.0,17.93,Normal
8,L,128.0,25.1,15.34,Normal
7,L,118.7,22.9,16.27,Normal
10,L,132.6,30.7,17.46,Normal
10,L,136.7,31.6,16.94,Normal
10,L,131.9,30.9,17.75,Normal
12,P,149.7,41.8,18.64,Gemuk
9,P,126.8,27.6,17.19,Normal
7,L,121.2,18.0,12.25,Kurus
8,L,122.0,24.1,16.18,Normal
7,P,120.5,18.1,12.45,Kurus
8,P,124.8,22.0,14.13,Normal
12,P,146.3,43.3,20.24,Gemuk
11,P,140.9,35.8,18.05,Gemuk
10,L,133.4,28.1,15.79,Normal
6,P,113.2,19.7,15.36,Normal
11,L,144.3,33.7,16.2,Normal
7,P,123.0,18.1,11.98,Kurus
12,P,145.0,42.5,20.2,Gemuk
8,P,118.3,28.1,20.05,Gemuk
12,P,143.6,42.7,20.7,Gemuk
12,P,145.7,44.1,20.78,Gemuk
12,L,145.8,39.5,18.59,Gemuk
7,P,121.5,18.0,12.19,Kurus
12,L,145.4,43.6,20.61,Gemuk
12,L,143.0,35.9,17.53,Normal
6,L,114.7,18.2,13.84,Kurus
11,L,143.4,36.8,17.89,Normal
12,P,145.8,42.5,19.96,Gemuk
7,L,114.8,20.6,15.67,Normal
8,L,118.5,29.0,20.66,Gemuk
6,P,116.6,17.9,13.13,Kurus
9,P,127.1,26.6,16.46,Normal
9,L,128.3,30.2,18.36,Gemuk
8,P,124.8,24.9,15.99,Normal
7,L,117.8,19.8,14.26,Normal
10,L,131.4,31.9,18.5,Gemuk
8,L,121.5,20.0,13.55,Kurus
11,P,142.1,37.2,18.43,Gemuk
7,P,117.4,20.6,14.96,Normal
12,L,148.0,38.6,17.6,Normal
8,L,124.3,25.0,16.19,Normal
9,L,128.0,26.2,16.01,Normal
10,L,135.4,30.2,16.49,Normal
9,P,123.3,24.2,15.92,Normal
11,L,143.1,41.2,20.11,Gemuk
8,P,122.8,26.9,17.85,Normal
7,L,116.9,25.0,18.29,Gemuk
8,P,127.9,23.9,14.63,Normal
8,P,119.0,22.3,15.77,Normal
6,L,114.9,22.0,16.67,Normal
11,L,142.8,38.0,18.67,Gemuk
8,L,120.3,21.8,15.09,Normal
11,P,143.9,35.4,17.12,Normal
9,L,128.7,26.4,15.97,Normal
10,P,133.5,32.8,18.43,Gemuk
12,P,150.7,38.7,17.03,Normal
7,L,120.9,18.0,12.32,Kurus
10,P,132.2,30.4,17.39,Normal
8,L,123.4,23.2,15.26,Normal
6,L,110.0,20.8,17.18,Normal
11,P,139.5,37.2,19.11,Gemuk
9,P,124.7,26.8,17.24,Normal
8,L,120.3,23.1,15.97,Normal
12,P,148.1,41.4,18.85,Gemuk
9,P,130.9,26.4,15.42,Normal
11,L,141.0,38.7,19.47,Gemuk
11,L,140.5,35.7,18.11,Gemuk
11,L,137.0,38.7,20.61,Gemuk
8,P,123.4,20.0,13.14,Kurus
7,P,118.0,20.2,14.49,Normal
10,L,130.6,31.5,18.49,Gemuk
10,L,132.0,28.4,16.27,Normal
8,P,127.5,22.8,14.01,Normal
9,P,125.5,26.8,17.02,Normal
11,L,143.5,34.3,16.65,Normal
7,P,117.8,24.9,17.98,Normal
8,P,122.5,26.0,17.3,Normal
10,P,133.4,34.4,19.31,Gemuk
7,P,117.3,19.0,13.77,Kurus
6,P,117.4,22.0,15.97,Normal
10,P,136.9,31.6,16.84,Normal
10,P,132.8,25.8,14.62,Normal
10,L,135.9,31.9,17.27,Normal
12,L,145.6,37.0,17.44,Normal
8,P,121.2,25.2,17.15,Normal
6,L,116.4,18.1,13.34,Kurus
12,L,147.9,39.7,18.13,Gemuk
12,L,147.0,45.8,21.18,Gemuk
7,L,122.0,23.9,16.06,Normal
10,L,138.6,31.1,16.18,Normal
8,P,120.1,24.0,16.63,Normal
10,P,133.6,32.5,18.19,Gemuk
12,P,147.8,38.2,17.48,Normal
9,L,126.6,32.3,20.16,Gemuk
9,P,127.3,27.8,17.17,Normal
8,P,123.9,29.0,18.89,Gemuk
11,P,144.0,37.5,18.08,Gemuk
11,L,140.1,39.1,19.91,Gemuk
11,L,145.1,32.8,15.58,Normal
12,P,147.6,38.4,17.62,Normal
7,P,119.6,21.7,15.19,Normal
11,P,141.2,36.5,18.32,Gemuk
7,P,116.1,18.0,13.36,Kurus
7,L,118.6,18.0,12.79,Kurus
11,P,139.4,35.1,18.1,Gemuk
12,P,145.4,39.0,18.43,Gemuk
11,P,144.1,36.5,17.57,Normal
12,P,147.6,43.4,19.92,Gemuk
10,P,133.1,31.0,17.52,Normal
10,L,134.5,32.2,17.81,Normal
9,P,125.2,22.3,14.21,Normal
9,L,126.1,30.3,19.06,Gemuk
8,L,124.2,23.2,15.03,Normal
11,P,136.5,41.8,22.43,Obesitas
6,L,114.7,17.0,12.92,Kurus
9,L,125.2,30.4,19.36,Gemuk
11,L,140.8,33.4,16.82,Normal
9,P,129.9,24.1,14.31,Normal
12,P,148.1,42.5,19.38,Gemuk
11,L,141.4,37.2,18.61,Gemuk
12,P,141.4,42.6,21.29,Gemuk
12,L,147.7,43.3,19.85,Gemuk
12,L,145.0,40.5,19.26,Gemuk
8,P,120.6,24.4,16.77,Normal
9,L,126.3,31.7,19.91,Gemuk
12,P,143.6,41.6,20.15,Gemuk
9,L,129.7,23.5,13.97,Kurus
10,P,136.9,31.1,16.59,Normal
8,L,127.1,21.0,12.98,Kurus
7,P,115.9,22.3,16.65,Normal
8,P,118.0,25.3,18.17,Gemuk
8,L,124.7,28.8,18.52,Gemuk
12,P,148.0,39.8,18.18,Gemuk
11,P,140.2,38.1,19.4,Gemuk
10,P,137.7,32.8,17.31,Normal
10,P,135.8,31.6,17.13,Normal
7,L,121.7,18.9,12.77,Kurus
11,L,140.3,34.5,17.52,Normal
7,L,118.4,22.1,15.73,Normal
11,P,143.8,36.2,17.52,Normal
8,L,123.3,25.7,16.92,Normal
6,L,110.0,21.1,17.43,Normal
11,P,138.7,34.3,17.84,Normal
9,L,123.1,30.2,19.92,Gemuk
9,L,130.2,25.4,14.97,Normal
10,P,135.9,31.9,17.28,Normal
7,L,118.3,21.0,15.0,Normal
11,L,137.5,29.7,15.68,Normal
6,L,114.0,17.0,13.07,Kurus
7,L,119.1,19.2,13.56,Kurus
9,P,125.5,28.5,18.06,Gemuk
8,L,123.6,22.3,14.61,Normal
9,P,128.9,23.7,14.29,Normal
9,P,133.0,31.9,18.02,Gemuk
9,P,126.2,29.3,18.36,Gemuk
12,P,148.7,39.5,17.87,Normal
11,P,139.7,32.3,16.53,Normal
8,P,128.0,23.9,14.6,Normal
12,L,143.9,41.3,19.91,Gemuk
10,L,139.5,26.4,13.59,Kurus
9,L,130.5,22.7,13.31,Kurus
9,L,126.3,25.0,15.66,Normal
10,P,133.0,30.6,17.32,Normal
9,P,125.2,25.3,16.14,Normal
10,P,134.7,33.9,18.7,Gemuk
9,L,125.9,25.8,16.31,Normal
11,L,136.7,32.7,17.48,Normal
9,P,128.0,29.4,17.92,Normal
8,P,122.0,25.8,17.32,Normal
8,L,125.8,24.9,15.7,Normal
7,P,116.8,21.5,15.78,Normal
12,P,145.3,37.6,17.8,Normal
12,L,149.7,42.7,19.05,Gemuk
6,P,112.0,19.7,15.7,Normal
7,P,116.1,18.0,13.36,Kurus
10,P,133.5,38.0,21.31,Gemuk
6,L,114.9,22.0,16.65,Normal
12,L,152.0,41.0,17.76,Normal
10,L,131.9,35.0,20.08,Gemuk
10,P,137.0,31.8,16.97,Normal
11,P,140.0,33.6,17.16,Normal
6,L,115.7,22.0,16.43,Normal
7,P,119.7,21.9,15.3,Normal
10,P,133.6,30.8,17.27,Normal
12,L,142.9,38.2,18.7,Gemuk
9,P,127.4,24.7,15.21,Normal
7,L,120.6,19.2,13.17,Kurus
6,L,112.4,17.4,13.76,Kurus
8,L,123.3,20.6,13.55,Kurus
6,P,115.7,17.0,12.7,Kurus
6,L,114.4,17.0,12.98,Kurus
9,L,132.1,34.0,19.47,Gemuk
10,P,129.5,34.8,20.76,Gemuk
8,P,120.6,22.5,15.43,Normal
8,L,122.9,25.3,16.74,Normal
6,L,115.4,17.0,12.77,Kurus
8,P,121.6,26.0,17.58,Normal
12,L,141.8,38.6,19.19,Gemuk
6,P,116.7,17.0,12.48,Kurus
8,P,120.5,25.3,17.43,Normal
12,L,143.1,46.6,22.75,Obesitas
11,P,143.0,37.9,18.54,Gemuk
11,P,140.4,33.7,17.12,Normal
7,L,115.1,21.6,16.32,Normal
7,P,118.9,19.5,13.77,Kurus
12,L,149.6,34.8,15.53,Normal
8,L,124.4,20.1,12.98,Kurus
7,L,122.6,20.2,13.4,Kurus
7,P,120.9,20.0,13.72,Kurus
7,P,116.0,23.8,17.67,Normal
11,L,142.3,38.5,19.01,Gemuk
7,L,121.1,23.9,16.28,Normal
9,L,128.2,23.9,14.53,Normal
12,L,143.2,38.3,18.69,Gemuk
10,P,135.6,36.9,20.03,Gemuk
7,P,118.2,22.6,16.18,Normal
9,L,129.6,26.9,16.01,Normal
9,L,128.0,27.8,16.93,Normal
12,P,143.6,43.3,20.98,Gemuk
7,L,118.0,20.3,14.61,Normal
7,L,121.4,22.4,15.19,Normal
10,L,132.9,28.4,16.05,Normal
12,P,145.3,36.5,17.28,Normal
9,L,127.7,27.9,17.13,Normal
6,L,112.0,21.8,17.35,Normal
12,L,144.5,46.7,22.39,Obesitas
11,P,140.7,36.0,18.21,Gemuk
7,L,117.7,20.0,14.44,Normal
6,P,111.5,19.1,15.36,Normal
8,P,124.4,27.8,17.98,Normal
9,P,127.1,32.9,20.38,Gemuk
7,P,118.8,25.0,17.7,Normal
8,L,123.6,27.0,17.68,Normal
11,P,145.6,38.6,18.22,Gemuk
11,L,139.1,35.5,18.34,Gemuk
9,P,126.8,23.7,14.73,Normal
8,L,121.8,25.6,17.24,Normal
10,P,133.7,35.1,19.63,Gemuk
6,L,110.5,19.5,15.94,Normal
12,L,141.2,44.0,22.04,Obesitas
11,L,140.9,37.5,18.9,Gemuk
9,P,129.4,24.5,14.61,Normal
12,L,143.7,38.3,18.57,Gemuk
9,L,126.0,28.7,18.06,Gemuk
6,L,114.8,22.0,16.69,Normal
11,P,139.8,40.8,20.9,Gemuk
8,P,118.3,29.0,20.7,Gemuk
10,L,137.3,33.5,17.79,Normal
7,P,113.0,25.0,19.58,Gemuk
9,P,129.8,29.2,17.34,Normal
8,L,125.4,23.8,15.12,Normal
10,L,136.3,34.8,18.74,Gemuk
11,L,139.7,32.6,16.7,Normal
11,L,142.8,37.7,18.46,Gemuk
10,L,132.3,32.8,18.74,Gemuk
9,L,129.4,29.2,17.46,Normal
12,L,147.0,41.7,19.29,Gemuk
12,L,143.4,43.7,21.23,Gemuk
12,P,145.9,37.8,17.74,Normal
6,P,116.1,22.0,16.33,Normal
7,P,122.6,24.1,16.05,Normal
6,L,118.0,19.3,13.87,Kurus
7,L,120.0,18.0,12.5,Kurus
7,P,114.6,24.7,18.8,Gemuk
10,P,133.8,28.1,15.69,Normal
9,L,130.6,29.6,17.35,Normal
11,L,143.1,33.9,16.58,Normal
9,P,129.1,32.1,19.27,Gemuk
9,P,126.0,31.1,19.59,Gemuk
8,P,120.8,20.2,13.82,Kurus
10,P,132.7,28.9,16.44,Normal
9,L,124.6,29.9,19.27,Gemuk
11,L,142.3,37.8,18.69,Gemuk
9,P,126.3,26.9,16.86,Normal
7,P,114.5,21.7,16.55,Normal
10,L,132.4,36.5,20.81,Gemuk
8,L,124.3,26.3,17.06,Normal
11,L,137.8,36.0,18.99,Gemuk
6,L,116.1,22.0,16.33,Normal
11,L,140.6,31.0,15.68,Normal
8,L,120.9,24.5,16.77,Normal
6,P,115.5,22.0,16.49,Normal
11,P,140.0,36.8,18.77,Gemuk
10,P,133.8,28.9,16.16,Normal
9,P,125.7,31.2,19.77,Gemuk
10,L,137.6,32.9,17.36,Normal
10,L,130.8,27.5,16.09,Normal
10,P,134.3,28.9,16.02,Normal
9,P,128.6,23.0,13.92,Kurus
7,L,122.6,21.3,14.17,Normal
6,P,116.8,17.0,12.46,Kurus
8,P,123.0,24.0,15.85,Normal
12,P,145.5,33.3,15.75,Normal
9,L,124.9,26.9,17.21,Normal
8,P,122.1,22.6,15.14,Normal
6,L,114.0,18.7,14.37,Normal
9,L,126.1,29.8,18.76,Gemuk
12,P,141.7,37.4,18.61,Gemuk
10,L,136.0,35.6,19.24,Gemuk
7,L,115.2,22.0,16.58,Normal
8,L,122.8,26.2,17.4,Normal
11,P,140.5,32.3,16.33,Normal
6,P,114.4,20.9,15.96,Normal
9,L,126.2,28.0,17.56,Normal
8,L,121.2,28.3,19.26,Gemuk
6,P,114.3,18.2,13.93,Kurus
8,P,126.1,27.4,17.24,Normal
6,P,114.5,17.0,12.96,Kurus
12,L,146.5,36.7,17.1,Normal
9,P,131.6,24.1,13.94,Kurus
12,L,144.5,38.9,18.62,Gemuk
9,P,127.6,24.4,14.97,Normal
10,L,137.0,34.4,18.3,Gemuk
10,P,134.5,31.1,17.21,Normal
7,L,116.2,24.1,17.81,Normal
7,P,118.3,18.0,12.86,Kurus
6,L,114.1,17.6,13.54,Kurus
11,P,137.9,30.5,16.03,Normal
11,L,135.0,31.7,17.4,Normal
8,P,124.7,26.0,16.72,Normal
12,P,142.3,40.2,19.83,Gemuk
8,P,122.8,25.8,17.09,Normal
10,L,135.0,33.3,18.28,Gemuk
8,L,123.5,22.7,14.91,Normal
6,P,115.5,21.6,16.15,Normal
8,P,125.3,23.1,14.74,Normal
12,P,147.9,42.8,19.56,Gemuk
8,P,124.0,22.1,14.38,Normal
8,L,122.3,20.6,13.76,Kurus
6,L,114.0,22.0,16.94,Normal
6,L,110.0,20.4,16.88,Normal
12,P,143.7,39.8,19.27,Gemuk
6,L,118.0,17.0,12.21,Kurus
7,P,117.9,22.5,16.18,Normal
8,L,126.1,24.9,15.66,Normal
7,P,116.0,18.0,13.38,Kurus
10,L,133.2,31.1,17.52,Normal
12,L,145.7,37.7,17.76,Normal
7,L,119.0,23.1,16.3,Normal
9,P,126.0,22.0,13.86,Kurus
7,L,115.9,20.7,15.42,Normal
10,P,132.4,36.1,20.56,Gemuk
7,L,117.0,18.0,13.15,Kurus
12,L,147.7,42.1,19.31,Gemuk
10,P,131.2,28.9,16.75,Normal
9,L,129.8,30.4,18.07,Gemuk
9,P,130.8,31.8,18.6,Gemuk
10,L,133.3,27.7,15.6,Normal
7,L,121.5,25.0,16.93,Normal
11,P,142.7,35.7,17.5,Normal
7,L,115.5,19.6,14.67,Normal
11,P,140.7,35.5,17.92,Normal
6,P,112.4,17.0,13.46,Kurus
11,P,138.3,39.1,20.46,Gemuk
7,P,119.8,21.0,14.6,Normal
6,P,114.2,18.0,13.82,Kurus
11,L,139.9,36.8,18.79,Gemuk
10,P,134.7,33.8,18.63,Gemuk
6,P,116.6,17.0,12.51,Kurus
9,P,132.6,26.2,14.87,Normal
9,L,124.2,25.9,16.8,Normal
7,L,116.6,20.0,14.71,Normal
9,P,131.3,30.7,17.79,Normal
12,L,151.7,40.7,17.7,Normal
6,L,114.2,22.0,16.87,Normal
12,L,145.0,35.7,16.99,Normal
9,P,130.7,26.8,15.68,Normal
8,P,118.0,25.0,17.99,Normal
9,P,127.7,26.8,16.44,Normal
9,P,128.8,23.9,14.4,Normal
9,L,130.0,27.7,16.43,Normal
6,L,117.9,20.3,14.6,Normal
11,P,140.4,35.8,18.18,Gemuk
9,L,130.5,26.6,15.62,Normal
8,P,126.2,22.6,14.21,Normal
8,L,118.7,20.0,14.2,Normal
10,P,135.1,34.5,18.9,Gemuk
9,L,131.7,31.9,18.4,Gemuk
7,L,116.2,18.0,13.33,Kurus
7,P,117.5,20.2,14.6,Normal
6,L,111.0,20.0,16.26,Normal
7,P,119.1,23.8,16.81,Normal
6,P,117.2,20.7,15.06,Normal
12,L,148.3,37.0,16.84,Normal
6,L,116.2,17.0,12.59,Kurus
8,L,121.9,20.0,13.45,Kurus
6,P,112.5,19.5,15.41,Normal
6,P,110.7,17.0,13.87,Kurus
12,L,145.2,37.8,17.94,Normal
8,P,123.3,24.9,16.38,Normal
11,L,140.3,32.0,16.26,Normal
7,L,115.1,22.9,17.32,Normal
7,L,114.0,19.4,14.92,Normal
9,P,128.4,34.0,20.61,Gemuk
10,L,134.7,33.1,18.23,Gemuk
8,P,118.8,28.7,20.36,Gemuk
8,L,121.6,29.0,19.62,Gemuk
7,L,118.4,22.4,16.02,Normal
10,L,138.8,31.1,16.16,Normal
6,P,111.5,18.3,14.76,Normal
10,P,138.1,28.5,14.96,Normal
9,L,128.0,30.0,18.32,Gemuk
9,P,128.9,25.3,15.24,Normal
10,P,132.6,25.4,14.45,Normal
6,P,111.0,22.0,17.84,Normal
8,P,123.4,22.0,14.45,Normal
7,L,113.8,21.3,16.43,Normal
9,L,125.7,33.0,20.9,Gemuk
7,L,119.5,21.2,14.84,Normal
11,P,141.2,34.4,17.26,Normal
7,L,115.6,19.8,14.84,Normal
10,P,136.4,27.8,14.95,Normal
8,L,123.8,29.0,18.92,Gemuk
7,L,119.8,23.3,16.23,Normal
7,P,121.1,21.4,14.6,Normal
10,L,135.4,31.0,16.91,Normal
8,P,120.8,27.8,19.05,Gemuk
10,L,134.6,31.8,17.57,Normal
6,P,115.4,17.5,13.17,Kurus
7,P,122.7,24.4,16.22,Normal
12,L,149.3,31.8,14.28,Normal
12,L,143.0,34.7,16.96,Normal
8,L,127.6,20.6,12.64,Kurus
11,L,141.6,29.5,14.71,Normal
8,P,123.6,23.3,15.24,Normal
10,L,134.3,30.2,16.73,Normal
7,L,119.0,23.4,16.56,Normal
7,L,114.3,18.0,13.78,Kurus
6,L,118.0,22.0,15.77,Normal
10,L,131.4,30.6,17.74,Normal
7,L,122.8,18.0,11.93,Kurus
11,P,141.6,39.1,19.5,Gemuk
12,L,143.1,40.3,19.69,Gemuk
6,P,113.0,18.4,14.37,Normal
10,L,133.7,34.2,19.13,Gemuk
8,L,125.8,22.0,13.89,Kurus
11,P,140.3,36.1,18.32,Gemuk
7,L,121.3,25.0,17.0,Normal
7,L,117.5,18.6,13.44,Kurus
12,L,145.8,38.8,18.24,Gemuk
8,L,124.8,23.4,15.04,Normal
6,P,113.6,22.0,17.06,Normal
9,P,131.3,28.8,16.72,Normal
6,P,116.4,17.8,13.16,Kurus
8,P,122.9,26.7,17.67,Normal
8,L,121.0,27.9,19.04,Gemuk
10,L,133.5,36.1,20.22,Gemuk
11,P,143.6,34.9,16.92,Normal
8,P,128.0,26.8,16.35,Normal
6,L,110.8,17.4,14.19,Normal
12,P,147.4,34.6,15.95,Normal
11,P,143.8,41.3,19.96,Gemuk
7,P,117.6,22.4,16.19,Normal
8,P,125.6,20.0,12.71,Kurus
6,L,114.3,22.0,16.85,Normal
8,P,124.6,21.3,13.71,Kurus
12,P,148.7,33.8,15.28,Normal
12,P,142.4,36.2,17.84,Normal
12,P,148.3,41.9,19.07,Gemuk
9,P,125.0,31.3,20.01,Gemuk
11,L,142.9,31.5,15.4,Normal
10,P,134.3,36.8,20.41,Gemuk
12,L,149.7,45.5,20.33,Gemuk
8,L,128.0,29.0,17.7,Normal
11,P,143.5,38.2,18.55,Gemuk
11,L,136.2,35.7,19.23,Gemuk
8,L,119.1,20.9,14.75,Normal
11,L,143.9,35.2,17.0,Normal
10,P,133.7,30.2,16.88,Normal
9,P,131.2,24.7,14.37,Normal
9,P,126.3,28.3,17.72,Normal
9,L,127.8,29.6,18.14,Gemuk
12,P,146.1,36.5,17.11,Normal
12,L,149.8,39.4,17.55,Normal
8,L,121.8,22.3,15.0,Normal
10,L,133.8,31.9,17.83,Normal
12,L,143.4,36.9,17.95,Normal
12,P,141.7,32.2,16.05,Normal
10,P,131.7,33.7,19.44,Gemuk
9,L,126.5,29.2,18.25,Gemuk
7,P,117.1,22.4,16.36,Normal
7,L,115.8,25.0,18.63,Gemuk
8,L,122.5,22.6,15.06,Normal
7,L,121.8,21.2,14.28,Normal
8,L,125.3,27.5,17.51,Normal
11,P,135.0,33.2,18.23,Gemuk
6,P,115.0,21.2,15.99,Normal
11,L,141.0,35.5,17.85,Normal
6,P,111.5,17.0,13.67,Kurus
6,L,117.7,17.0,12.27,Kurus
8,L,124.0,25.2,16.41,Normal
8,L,123.8,20.0,13.06,Kurus
12,L,145.3,39.7,18.77,Gemuk
7,P,116.1,23.4,17.34,Normal
8,P,122.6,27.0,17.97,Normal
8,P,120.5,22.9,15.81,Normal
8,L,123.7,20.3,13.24,Kurus
10,P,137.7,28.9,15.24,Normal
11,L,139.6,32.5,16.69,Normal
10,P,133.0,36.3,20.53,Gemuk
12,L,145.8,38.2,17.96,Normal
8,P,125.9,21.4,13.5,Kurus
10,P,134.2,30.8,17.07,Normal
12,L,147.0,41.6,19.28,Gemuk
9,P,128.4,24.7,14.96,Normal
11,L,139.0,34.7,17.96,Normal
7,P,114.9,21.2,16.06,Normal
8,L,126.6,25.2,15.72,Normal
6,L,114.4,17.0,12.98,Kurus
12,L,152.0,34.5,14.93,Normal
7,P,119.2,22.2,15.63,Normal
12,P,148.1,37.9,17.29,Normal
11,L,142.3,38.7,19.12,Gemuk
8,L,124.7,20.0,12.86,Kurus
11,P,142.1,35.3,17.47,Normal
11,L,140.7,31.3,15.84,Normal
9,P,127.2,24.7,15.27,Normal
7,P,119.1,22.7,15.98,Normal
9,P,130.2,31.6,18.62,Gemuk
10,P,136.6,33.7,18.06,Gemuk
10,P,137.9,29.7,15.63,Normal
7,P,117.0,21.2,15.52,Normal
7,L,116.7,22.6,16.57,Normal
6,L,113.0,17.0,13.31,Kurus
11,P,139.5,33.8,17.36,Normal
7,P,118.1,25.0,17.94,Normal
8,P,126.4,22.1,13.8,Kurus
6,L,116.1,17.2,12.72,Kurus
9,L,126.2,22.9,14.36,Normal
9,P,133.0,26.1,14.75,Normal
9,P,125.5,25.1,15.94,Normal
11,P,141.0,35.1,17.68,Normal
8,P,120.5,24.0,16.5,Normal
9,L,129.2,31.1,18.65,Gemuk
7,L,117.8,20.7,14.91,Normal
6,P,114.5,22.0,16.77,Normal
12,P,143.7,40.4,19.56,Gemuk
7,L,118.9,22.2,15.69,Normal
7,L,119.2,24.3,17.1,Normal
6,L,118.0,22.0,15.8,Normal
9,P,128.7,29.7,17.95,Normal
10,P,131.5,33.0,19.07,Gemuk
6,P,112.7,22.0,17.32,Normal
10,L,140.0,34.2,17.45,Normal
8,L,127.0,25.3,15.67,Normal
12,L,146.8,38.5,17.88,Normal
9,L,129.3,30.6,18.31,Gemuk
12,P,151.0,41.1,18.05,Gemuk
8,P,122.0,25.9,17.36,Normal
11,L,144.7,33.3,15.88,Normal
9,L,123.0,23.3,15.39,Normal
12,L,152.0,40.6,17.59,Normal
8,L,125.2,22.5,14.35,Normal
11,L,139.5,38.1,19.58,Gemuk
6,L,113.9,19.5,15.03,Normal
11,P,139.4,31.8,16.35,Normal
7,P,116.3,18.7,13.8,Kurus
12,L,144.6,41.8,19.96,Gemuk
8,L,124.5,22.3,14.4,Normal
9,L,126.8,22.0,13.69,Kurus
11,L,142.0,29.1,14.45,Normal
7,L,116.8,23.4,17.16,Normal
10,L,137.1,30.4,16.19,Normal
10,L,133.9,29.7,16.57,Normal
6,L,114.0,17.0,13.09,Kurus
6,L,113.6,18.5,14.33,Normal
9,L,128.7,23.6,14.24,Normal
9,P,124.6,26.2,16.91,Normal
11,P,141.4,36.1,18.06,Gemuk
8,L,121.8,24.8,16.73,Normal
9,L,125.9,25.6,16.17,Normal
7,L,118.8,23.7,16.78,Normal
8,L,121.2,25.0,17.01,Normal
9,P,131.4,34.0,19.7,Gemuk
8,L,124.5,23.7,15.3,Normal
9,L,129.9,29.7,17.61,Normal
6,P,115.4,21.8,16.4,Normal
11,P,141.3,30.9,15.5,Normal
12,L,145.1,35.0,16.64,Normal
10,P,136.6,33.0,17.69,Normal
12,P,144.7,39.1,18.65,Gemuk
12,P,144.3,40.4,19.41,Gemuk
10,P,129.1,29.9,17.92,Normal
7,P,121.1,23.8,16.25,Normal
9,L,128.1,26.5,16.15,Normal
9,P,129.3,29.3,17.55,Normal
6,P,112.3,21.4,16.97,Normal
7,P,118.8,18.7,13.27,Kurus
10,P,134.0,30.9,17.2,Normal
9,L,126.0,26.9,16.94,Normal
6,P,111.7,18.9,15.15,Normal
12,L,147.6,41.4,19.02,Gemuk
6,L,115.1,18.0,13.55,Kurus
10,L,136.0,32.2,17.39,Normal
8,P,123.9,26.8,17.48,Normal
12,L,144.5,34.9,16.73,Normal
11,P,144.3,31.9,15.35,Normal
12,L,145.8,38.0,17.91,Normal
10,P,130.5,28.7,16.87,Normal
7,L,118.4,23.7,16.86,Normal
6,P,111.5,18.0,14.47,Normal
11,P,141.8,35.1,17.48,Normal
12,L,142.0,42.7,21.18,Gemuk
8,L,121.6,29.0,19.6,Gemuk
12,P,149.7,33.2,14.84,Normal
10,L,135.4,28.9,15.76,Normal
6,P,111.2,17.1,13.85,Kurus
10,L,134.2,28.9,16.04,Normal
6,P,114.4,17.0,12.99,Kurus
7,P,121.2,22.4,15.23,Normal
8,L,123.1,28.4,18.73,Gemuk
12,P,149.2,38.8,17.42,Normal
6,P,114.2,18.0,13.81,Kurus
12,P,143.9,39.9,19.29,Gemuk
6,L,110.5,20.6,16.87,Normal
11,L,142.6,35.0,17.23,Normal
6,L,114.6,22.0,16.75,Normal
8,L,118.6,23.6,16.76,Normal
8,L,124.7,20.0,12.85,Kurus
6,P,110.0,17.0,14.05,Normal
7,P,115.8,20.4,15.23,Normal
10,P,134.8,31.3,17.25,Normal
8,P,121.0,20.0,13.66,Kurus
10,L,129.8,35.2,20.85,Gemuk
7,P,117.9,20.1,14.46,Normal
8,P,124.1,29.0,18.84,Gemuk
9,P,130.4,30.0,17.65,Normal
8,L,126.0,23.5,14.79,Normal
8,L,128.0,29.0,17.69,Normal
7,P,116.8,22.3,16.35,Normal
6,L,111.2,20.9,16.91,Normal
7,P,116.8,21.3,15.59,Normal
6,P,116.2,20.5,15.13,Normal
8,L,122.0,27.5,18.48,Gemuk
12,L,143.1,36.2,17.67,Normal
8,P,126.2,21.5,13.49,Kurus
12,L,149.0,40.1,18.08,Gemuk
11,P,141.8,28.9,14.37,Normal
9,P,126.8,31.2,19.41,Gemuk
10,P,132.1,34.5,19.78,Gemuk
12,L,150.4,35.2,15.56,Normal
9,P,127.4,28.4,17.52,Normal
7,P,116.5,22.5,16.56,Normal
6,P,114.1,17.0,13.07,Kurus
8,L,122.3,27.8,18.59,Gemuk
7,L,118.3,23.8,16.99,Normal
10,L,132.6,30.6,17.4,Normal
7,L,115.2,21.7,16.36,Normal
8,P,122.8,29.0,19.23,Gemuk
7,L,117.2,21.7,15.76,Normal
8,L,122.5,22.4,14.95,Normal
12,P,143.9,43.4,20.96,Gemuk
11,P,136.4,35.1,18.88,Gemuk
9,L,127.4,33.4,20.59,Gemuk
11,L,141.1,31.3,15.73,Normal
6,P,115.2,21.2,15.94,Normal
6,P,113.3,20.3,15.78,Normal
10,P,134.1,33.2,18.44,Gemuk
12,P,147.3,37.0,17.06,Normal
11,L,143.8,38.8,18.74,Gemuk
11,P,139.8,35.7,18.26,Gemuk
12,P,146.3,40.5,18.92,Gemuk
7,L,117.8,21.3,15.33,Normal
7,L,117.3,18.0,13.08,Kurus
8,P,120.7,22.5,15.41,Normal
9,L,129.2,25.1,15.03,Normal
12,P,152.0,34.0,14.7,Normal
11,L,142.0,39.2,19.43,Gemuk
9,L,129.9,28.4,16.82,Normal
12,P,146.4,41.2,19.22,Gemuk
12,P,146.5,33.0,15.37,Normal
8,L,122.8,23.6,15.68,Normal
7,L,118.7,18.2,12.91,Kurus
9,L,123.6,33.4,21.83,Gemuk
9,L,128.6,31.5,19.01,Gemuk
12,L,146.0,34.7,16.3,Normal
11,L,141.0,34.4,17.32,Normal
11,P,140.1,38.9,19.81,Gemuk
12,P,145.6,43.8,20.65,Gemuk
7,L,120.1,22.4,15.55,Normal
10,L,136.0,31.8,17.16,Normal
9,L,125.2,30.2,19.28,Gemuk
8,P,122.6,27.2,18.14,Gemuk
6,L,112.1,18.5,14.68,Normal
7,L,115.7,23.3,17.46,Normal
8,P,122.9,22.9,15.14,Normal
10,P,132.4,33.9,19.36,Gemuk
10,P,132.7,32.2,18.27,Gemuk
12,P,149.0,41.8,18.83,Gemuk
7,P,118.4,22.0,15.73,Normal
8,P,123.2,25.9,17.08,Normal
10,P,137.2,31.2,16.58,Normal
12,P,146.3,31.1,14.56,Normal
8,L,118.2,24.1,17.28,Normal
12,P,147.3,35.3,16.28,Normal
11,P,137.9,34.5,18.13,Gemuk
8,L,122.9,25.9,17.13,Normal
7,L,116.0,25.0,18.58,Gemuk
12,P,147.3,44.2,20.4,Gemuk
9,P,125.0,27.1,17.37,Normal
10,L,135.1,37.2,20.37,Gemuk
12,L,147.5,41.4,19.06,Gemuk
9,L,125.2,27.3,17.43,Normal
10,P,128.7,29.7,17.94,Normal
7,L,115.0,18.0,13.6,Kurus
12,L,144.4,41.2,19.76,Gemuk
9,L,128.0,30.1,18.39,Gemuk
12,P,145.5,37.7,17.81,Normal
7,P,119.4,22.8,15.99,Normal
11,L,142.8,37.1,18.18,Gemuk
11,L,139.8,32.3,16.52,Normal
11,P,147.0,35.3,16.31,Normal
8,P,119.3,29.0,20.39,Gemuk
9,P,130.7,28.2,16.52,Normal
10,P,131.6,37.3,21.53,Gemuk
10,L,133.4,36.8,20.71,Gemuk
11,L,137.2,36.5,19.39,Gemuk
12,P,150.1,33.9,15.05,Normal
12,P,148.6,37.1,16.8,Normal
10,P,131.6,30.6,17.64,Normal
6,P,113.5,17.0,13.19,Kurus
7,P,117.9,20.7,14.91,Normal
7,P,119.1,23.1,16.3,Normal
6,L,117.5,20.9,15.13,Normal
12,P,145.4,36.7,17.35,Normal
11,P,136.3,38.0,20.45,Gemuk
11,P,138.0,37.1,19.49,Gemuk
11,L,139.1,35.9,18.52,Gemuk
7,L,118.6,18.6,13.21,Kurus
10,P,134.5,33.5,18.52,Gemuk
8,L,125.9,25.4,16.02,Normal
8,L,120.8,25.2,17.29,Normal
9,P,126.4,28.6,17.88,Normal
6,L,116.2,17.0,12.6,Kurus
6,L,111.6,22.0,17.68,Normal
12,L,143.6,38.5,18.68,Gemuk
8,P,122.4,20.8,13.87,Kurus
6,L,115.3,17.1,12.84,Kurus
10,P,137.9,31.6,16.64,Normal
11,L,139.9,33.7,17.22,Normal
10,L,135.3,28.3,15.46,Normal
12,L,144.7,45.1,21.55,Gemuk
7,L,120.0,20.6,14.29,Normal
7,P,118.0,25.0,17.97,Normal
10,L,135.7,32.7,17.77,Normal
11,L,143.6,35.7,17.3,Normal
10,P,130.1,29.7,17.54,Normal
10,P,135.3,35.4,19.35,Gemuk
7,L,123.0,20.4,13.49,Kurus
10,P,136.1,37.5,20.25,Gemuk
6,L,115.4,18.6,14.01,Normal
11,P,140.0,32.9,16.79,Normal
10,P,133.2,32.1,18.11,Gemuk
7,P,121.7,20.1,13.6,Kurus
9,P,128.2,30.1,18.32,Gemuk
10,L,136.0,38.0,20.55,Gemuk
7,P,118.3,22.0,15.7,Normal
8,L,123.3,20.0,13.15,Kurus
6,L,112.0,19.4,15.42,Normal
10,L,132.9,28.8,16.29,Normal
9,P,127.9,31.8,19.41,Gemuk
6,L,115.9,22.0,16.37,Normal
8,L,127.3,20.0,12.34,Kurus
7,P,121.6,18.0,12.17,Kurus
9,P,129.0,34.0,20.43,Gemuk
6,P,111.8,19.3,15.42,Normal
9,P,130.1,27.3,16.12,Normal
12,P,146.4,40.1,18.71,Gemuk
10,L,137.1,31.4,16.71,Normal
12,P,149.0,33.8,15.22,Normal
7,L,117.4,24.4,17.7,Normal
12,L,148.6,36.8,16.67,Normal
12,P,142.3,44.2,21.84,Gemuk
6,L,113.4,18.4,14.31,Normal
12,P,144.2,42.8,20.58,Gemuk
11,L,140.8,32.2,16.26,Normal
11,L,143.6,33.4,16.18,Normal
9,L,125.0,30.4,19.45,Gemuk
9,L,130.3,22.6,13.28,Kurus
12,L,144.0,37.0,17.84,Normal
11,L,143.3,33.4,16.27,Normal
10,P,134.5,36.1,19.95,Gemuk
7,L,115.9,21.4,15.94,Normal
7,P,121.5,18.7,12.7,Kurus
8,P,126.3,28.3,17.72,Normal
8,L,123.2,20.0,13.18,Kurus
7,P,117.4,18.0,13.07,Kurus
9,P,126.8,30.1,18.76,Gemuk
10,L,133.8,34.6,19.31,Gemuk
11,L,143.6,33.9,16.44,Normal
9,P,125.5,27.8,17.65,Normal
10,L,130.0,27.3,16.18,Normal
7,L,118.1,23.6,16.88,Normal
7,P,121.7,18.0,12.16,Kurus
11,P,137.4,36.4,19.29,Gemuk
9,L,128.8,28.7,17.32,Normal
7,L,122.6,25.0,16.63,Normal
9,L,132.2,30.8,17.65,Normal
9,P,127.2,26.8,16.56,Normal
6,L,118.0,22.0,15.8,Normal
6,L,115.1,19.0,14.39,Normal
11,L,140.1,31.6,16.1,Normal
11,L,145.0,37.6,17.89,Normal
7,P,119.2,24.9,17.51,Normal
10,L,135.0,28.3,15.55,Normal
12,P,147.6,38.0,17.42,Normal
6,L,115.0,19.1,14.48,Normal
9,P,129.2,28.7,17.18,Normal
10,L,137.7,30.4,16.03,Normal
6,L,114.7,18.1,13.79,Kurus
7,L,118.0,20.5,14.75,Normal
6,P,111.2,19.9,16.08,Normal
9,L,132.7,28.4,16.13,Normal
8,P,123.5,23.1,15.14,Normal
11,P,142.6,33.8,16.61,Normal
11,L,141.0,34.6,17.41,Normal
12,L,145.2,37.4,17.72,Normal
12,P,142.9,41.2,20.17,Gemuk
11,P,140.3,28.8,14.65,Normal
10,L,131.9,30.0,17.22,Normal
6,P,110.0,22.0,18.18,Gemuk
6,P,110.3,22.0,18.1,Gemuk
9,P,123.0,25.8,17.08,Normal
9,P,130.0,31.4,18.58,Gemuk
10,L,137.3,31.4,16.68,Normal
7,L,119.4,18.5,12.95,Kurus
9,P,129.9,25.0,14.8,Normal
6,L,113.1,17.0,13.3,Kurus
11,L,141.8,33.0,16.41,Normal
12,L,145.4,40.6,19.19,Gemuk
11,P,142.8,34.3,16.83,Normal
10,L,137.1,29.2,15.53,Normal
8,L,118.0,26.9,19.31,Gemuk
9,L,123.0,28.8,19.0,Gemuk
8,P,123.0,27.1,17.92,Normal
8,L,124.1,23.1,15.02,Normal
12,L,144.7,38.9,18.57,Gemuk
7,P,117.1,18.0,13.12,Kurus
6,L,115.4,20.8,15.61,Normal
7,P,120.9,18.3,12.51,Kurus
12,L,142.0,42.5,21.09,Gemuk
10,P,132.2,35.2,20.13,Gemuk
12,P,146.4,37.8,17.62,Normal
12,P,149.2,44.1,19.79,Gemuk
9,P,129.9,31.7,18.78,Gemuk
6,P,110.0,18.3,15.12,Normal
11,P,143.9,38.9,18.76,Gemuk
11,P,143.0,33.9,16.55,Normal
8,L,119.5,21.5,15.03,Normal
8,L,120.7,23.7,16.27,Normal
8,L,123.6,22.0,14.39,Normal
11,P,144.0,34.4,16.6,Normal
8,L,125.6,23.8,15.06,Normal
8,L,120.3,28.8,19.91,Gemuk
7,L,115.1,19.2,14.49,Normal
11,L,142.4,31.1,15.32,Normal
11,P,139.6,35.4,18.18,Gemuk
8,P,128.0,20.0,12.21,Kurus
6,P,115.3,18.7,14.07,Normal
12,P,149.4,39.0,17.47,Normal
12,P,148.1,36.5,16.63,Normal
6,P,111.4,17.0,13.71,Kurus
7,P,119.3,21.9,15.41,Normal
10,P,129.5,35.2,21.01,Gemuk
9,L,125.7,31.9,20.2,Gemuk
10,L,136.0,25.9,13.98,Kurus
6,L,116.3,20.9,15.47,Normal
8,P,119.7,23.8,16.6,Normal
11,L,140.8,40.5,20.4,Gemuk
7,L,121.1,25.0,17.06,Normal
11,L,139.9,35.0,17.85,Normal
6,P,114.5,17.6,13.44,Kurus
9,P,131.2,29.5,17.15,Normal
8,L,121.5,25.9,17.52,Normal
7,P,115.4,18.0,13.51,Kurus
8,P,124.6,20.0,12.88,Kurus
10,L,136.9,34.1,18.19,Gemuk
6,P,113.5,19.2,14.86,Normal
6,L,113.9,17.0,13.1,Kurus
11,L,139.4,35.3,18.18,Gemuk
8,P,123.5,24.5,16.08,Normal
9,L,126.0,25.3,15.93,Normal
12,L,143.0,36.1,17.65,Normal
11,P,140.4,37.0,18.74,Gemuk
7,L,113.0,19.2,15.06,Normal
7,L,119.3,18.0,12.65,Kurus
10,L,131.0,31.2,18.19,Gemuk
10,L,135.3,28.6,15.62,Normal
12,P,148.9,36.7,16.55,Normal
12,P,144.3,35.3,16.95,Normal
8,L,123.2,27.2,17.96,Normal
10,L,131.6,30.3,17.52,Normal
8,P,127.4,21.5,13.23,Kurus
7,P,116.2,18.0,13.32,Kurus
8,P,123.3,23.7,15.61,Normal
12,P,143.4,41.4,20.15,Gemuk
7,P,113.5,19.1,14.81,Normal
12,L,146.9,38.5,17.83,Normal
7,P,123.0,21.7,14.37,Normal
8,L,122.7,29.0,19.27,Gemuk
11,P,143.4,37.9,18.46,Gemuk
11,P,146.3,34.5,16.11,Normal
10,P,136.5,34.7,18.62,Gemuk
6,L,110.4,18.2,14.9,Normal
6,P,116.1,22.0,16.32,Normal
7,P,118.1,20.9,14.98,Normal
12,P,148.1,34.6,15.77,Normal
9,L,125.6,26.8,17.02,Normal
9,L,124.4,33.3,21.52,Gemuk
9,P,123.0,29.3,19.38,Gemuk
10,P,135.1,31.8,17.41,Normal
10,P,136.3,34.6,18.63,Gemuk
9,P,128.3,23.8,14.47,Normal
8,P,122.1,26.5,17.76,Normal
10,P,137.2,30.4,16.16,Normal
9,L,126.5,28.6,17.87,Normal
7,P,121.0,25.0,17.06,Normal
6,P,112.5,22.0,17.37,Normal
11,L,136.9,33.0,17.63,Normal
7,P,120.2,22.2,15.37,Normal
7,L,115.0,20.0,15.12,Normal
9,L,129.0,28.2,16.93,Normal
12,L,147.1,41.4,19.16,Gemuk
10,P,129.9,31.4,18.62,Gemuk
6,P,116.1,17.0,12.62,Kurus
8,L,125.6,22.1,13.99,Kurus
10,P,130.2,30.2,17.84,Normal
9,L,130.0,28.4,16.81,Normal
9,L,127.8,29.3,17.97,Normal
6,L,115.0,22.0,16.64,Normal
11,P,140.9,37.4,18.84,Gemuk
7,L,123.0,21.3,14.07,Normal
12,L,142.2,40.7,20.14,Gemuk
11,L,146.8,36.7,17.03,Normal
10,L,133.7,34.5,19.33,Gemuk
9,L,126.5,23.0,14.34,Normal
7,P,122.0,21.6,14.49,Normal
11,P,139.7,32.8,16.83,Normal
11,P,143.3,38.7,18.81,Gemuk
6,P,114.2,22.0,16.87,Normal
8,P,123.4,25.8,16.97,Normal
7,L,118.3,19.4,13.83,Kurus
6,L,113.2,17.2,13.41,Kurus
7,P,117.7,21.7,15.67,Normal
6,L,112.6,17.0,13.4,Kurus
8,L,120.0,25.6,17.75,Normal
12,L,146.5,37.3,17.37,Normal
6,L,115.4,22.0,16.53,Normal
8,P,122.7,26.1,17.31,Normal
8,L,120.9,29.0,19.83,Gemuk
9,P,126.4,27.5,17.22,Normal
9,P,123.6,32.6,21.37,Gemuk
7,P,116.4,20.9,15.43,Normal
8,L,124.2,26.1,16.94,Normal
7,L,115.3,21.0,15.82,Normal
8,L,122.3,23.3,15.62,Normal
7,P,121.2,18.0,12.25,Kurus
9,P,130.0,23.9,14.17,Normal
6,P,114.7,22.0,16.73,Normal
8,P,124.2,22.0,14.27,Normal
7,P,120.1,21.9,15.17,Normal
11,L,140.2,31.6,16.04,Normal
6,P,115.3,20.4,15.32,Normal
6,P,116.8,17.0,12.47,Kurus
7,P,122.3,19.9,13.32,Kurus
9,P,125.8,27.1,17.11,Normal
8,P,123.1,20.6,13.58,Kurus
8,L,125.7,23.7,15.02,Normal
12,L,141.3,36.1,18.07,Gemuk
8,L,123.5,24.7,16.19,Normal
8,L,120.7,28.0,19.23,Gemuk
11,L,141.1,31.1,15.61,Normal
9,P,129.0,24.6,14.78,Normal
9,P,128.1,26.6,16.21,Normal
6,L,115.6,20.4,15.28,Normal
11,L,142.7,32.0,15.69,Normal
12,P,148.0,36.7,16.74,Normal
10,L,133.0,33.0,18.67,Gemuk
7,L,115.4,22.1,16.57,Normal
6,P,114.3,22.0,16.83,Normal
12,L,149.3,44.3,19.88,Gemuk
10,P,132.8,31.2,17.7,Normal
8,L,120.0,22.0,15.28,Normal
6,L,113.2,22.0,17.18,Normal
8,P,122.9,20.0,13.23,Kurus
12,P,147.9,34.1,15.6,Normal
6,P,112.3,20.0,15.9,Normal
11,P,140.1,35.7,18.17,Gemuk
8,P,121.8,27.8,18.74,Gemuk
9,P,129.0,30.3,18.19,Gemuk
6,L,112.8,17.0,13.35,Kurus
6,L,113.7,22.0,17.01,Normal
8,P,123.3,28.8,18.96,Gemuk
6,P,118.0,22.0,15.8,Normal
8,L,125.6,20.0,12.68,Kurus
10,L,133.1,32.5,18.32,Gemuk
9,P,127.5,27.0,16.6,Normal
10,L,133.1,32.1,18.12,Gemuk
6,L,115.2,18.2,13.68,Kurus
12,P,142.4,39.8,19.63,Gemuk
12,P,147.5,46.5,21.36,Gemuk
9,L,125.3,29.3,18.66,Gemuk
8,L,123.1,21.2,14.0,Kurus
12,P,144.2,39.7,19.07,Gemuk
11,L,142.2,33.6,16.6,Normal
8,L,124.5,28.3,18.25,Gemuk
9,P,125.7,27.3,17.27,Normal
12,P,144.4,38.8,18.62,Gemuk
8,L,126.0,29.0,18.25,Gemuk
7,P,120.4,18.9,13.06,Kurus
10,L,130.5,36.7,21.53,Gemuk
10,P,138.9,33.8,17.54,Normal
6,L,115.8,19.3,14.42,Normal
12,P,140.0,33.1,16.87,Normal
10,P,130.0,31.5,18.6,Gemuk
7,L,120.8,21.9,15.0,Normal
8,L,122.4,24.5,16.35,Normal
6,L,113.0,21.5,16.86,Normal
6,P,115.9,17.0,12.66,Kurus
12,L,148.6,35.9,16.27,Normal
8,L,121.4,25.2,17.11,Normal
7,L,119.3,21.8,15.35,Normal
11,L,140.8,33.3,16.81,Normal
6,P,114.1,17.0,13.06,Kurus
10,L,132.6,31.7,18.01,Gemuk
8,L,120.2,23.6,16.32,Normal
6,P,117.3,21.3,15.5,Normal
10,L,133.3,38.0,21.39,Gemuk
12,P,141.7,39.5,19.66,Gemuk
10,P,130.3,31.6,18.62,Gemuk
8,L,120.2,26.9,18.63,Gemuk
9,L,130.1,26.5,15.68,Normal
12,P,142.7,40.5,19.9,Gemuk
7,P,121.5,23.0,15.57,Normal
8,L,123.4,26.3,17.25,Normal
6,L,118.0,18.7,13.43,Kurus
11,L,139.4,31.3,16.09,Normal
12,P,150.4,39.8,17.59,Normal
7,P,118.6,19.9,14.15,Normal
9,P,124.6,25.0,16.07,Normal
7,L,116.1,25.0,18.56,Gemuk
11,L,142.3,35.2,17.39,Normal
8,P,125.1,25.7,16.41,Normal
8,P,121.7,20.0,13.5,Kurus
11,L,142.1,32.9,16.31,Normal
11,P,136.9,33.8,18.03,Gemuk
12,L,143.6,38.8,18.82,Gemuk
11,P,141.5,35.1,17.54,Normal
9,P,133.0,24.4,13.81,Kurus
8,L,118.0,26.9,19.29,Gemuk
6,L,115.9,21.3,15.86,Normal
8,P,124.3,23.7,15.32,Normal
6,P,114.1,18.2,13.96,Kurus
8,L,125.3,27.0,17.22,Normal
8,P,124.5,20.0,12.9,Kurus
6,P,115.8,21.2,15.84,Normal
7,L,121.3,21.5,14.61,Normal
7,L,120.9,18.0,12.32,Kurus
6,P,115.9,17.0,12.65,Kurus
12,P,143.8,45.0,21.76,Gemuk
9,L,123.7,25.0,16.33,Normal
8,L,121.4,24.5,16.64,Normal
11,P,139.9,30.9,15.81,Normal
11,P,142.1,30.3,14.98,Normal
8,P,120.3,24.9,17.23,Normal
8,L,123.3,25.9,17.0,Normal
10,L,135.9,30.8,16.69,Normal
7,L,115.0,18.7,14.11,Normal
10,L,131.3,29.7,17.22,Normal
6,L,113.6,18.9,14.63,Normal
11,L,146.2,33.0,15.41,Normal
11,L,145.7,37.0,17.44,Normal
6,P,112.9,19.9,15.61,Normal
9,L,128.3,28.9,17.54,Normal
7,P,122.4,23.0,15.33,Normal
12,P,146.6,33.2,15.44,Normal
6,L,115.9,22.0,16.38,Normal
12,P,146.5,39.8,18.53,Gemuk
9,P,130.6,29.3,17.19,Normal
8,L,121.6,24.6,16.66,Normal
10,P,131.0,31.4,18.31,Gemuk
7,P,119.1,23.2,16.39,Normal
9,L,130.9,28.5,16.66,Normal
10,P,132.7,31.0,17.6,Normal
8,L,124.5,25.5,16.44,Normal
10,L,128.6,30.8,18.6,Gemuk
6,L,114.9,17.0,12.88,Kurus
11,P,141.9,35.0,17.4,Normal
11,L,138.7,33.6,17.48,Normal
11,P,140.4,35.1,17.81,Normal
9,P,130.9,25.1,14.66,Normal
10,P,134.1,30.7,17.09,Normal
9,L,128.5,29.3,17.72,Normal
9,L,123.4,28.9,18.99,Gemuk
12,L,148.0,39.9,18.22,Gemuk
6,P,112.5,17.6,13.89,Kurus
6,L,113.3,21.8,17.0,Normal
7,L,113.0,23.0,18.03,Gemuk
12,P,148.9,38.0,17.14,Normal
9,L,131.0,23.8,13.85,Kurus
10,P,138.6,33.6,17.51,Normal
12,L,147.8,34.8,15.93,Normal
11,L,144.8,34.9,16.67,Normal
11,P,137.0,31.6,16.81,Normal
6,P,111.3,17.4,14.04,Normal
7,L,113.0,19.8,15.54,Normal
6,P,114.7,20.7,15.74,Normal
12,P,147.6,37.2,17.07,Normal
8,P,124.9,27.8,17.85,Normal
8,L,122.1,23.5,15.77,Normal
10,P,129.3,31.6,18.89,Gemuk
11,L,141.3,37.9,18.99,Gemuk
6,L,111.9,17.2,13.71,Kurus
10,L,134.3,31.4,17.39,Normal
12,L,146.2,37.5,17.56,Normal
12,P,149.2,41.3,18.56,Gemuk
10,L,134.3,32.4,17.95,Normal
11,L,142.5,38.5,18.99,Gemuk
12,L,147.8,38.0,17.37,Normal
10,L,136.4,32.1,17.23,Normal
8,L,125.8,22.4,14.19,Normal
7,L,118.3,20.7,14.8,Normal
8,P,118.0,24.5,17.62,Normal
8,L,126.0,24.4,15.4,Normal
9,L,129.9,22.1,13.09,Kurus
10,L,135.4,31.1,16.93,Normal
6,L,113.6,17.0,13.18,Kurus
7,L,114.0,25.0,19.25,Gemuk
7,P,120.3,20.6,14.22,Normal
11,P,139.9,35.1,17.92,Normal
10,P,133.8,36.4,20.33,Gemuk
10,L,131.2,30.1,17.46,Normal
7,L,114.2,19.3,14.79,Normal
8,L,121.0,26.6,18.13,Gemuk
10,P,132.4,34.0,19.37,Gemuk
9,L,128.4,31.4,19.02,Gemuk
9,L,127.2,30.1,18.6,Gemuk
7,P,115.2,25.0,18.85,Gemuk
8,L,122.5,21.3,14.2,Normal
10,L,136.9,33.3,17.79,Normal
11,L,143.8,40.5,19.58,Gemuk
8,P,121.3,20.5,13.95,Kurus
6,P,113.3,22.0,17.12,Normal
8,P,123.5,28.8,18.86,Gemuk
9,P,123.0,30.2,19.98,Gemuk
11,P,135.0,37.7,20.69,Gemuk
12,L,151.2,34.2,14.98,Normal
7,L,118.0,20.5,14.72,Normal
9,L,125.0,23.3,14.91,Normal
10,L,133.4,30.8,17.31,Normal
11,L,140.9,37.5,18.91,Gemuk
7,P,121.0,21.4,14.63,Normal
8,P,121.7,24.8,16.76,Normal
12,P,149.2,36.1,16.19,Normal
8,L,123.5,20.0,13.12,Kurus
10,P,133.1,31.5,17.76,Normal
12,L,147.8,40.4,18.49,Gemuk
10,P,132.3,33.1,18.93,Gemuk
9,L,129.6,27.1,16.15,Normal
11,P,143.7,39.5,19.12,Gemuk
10,P,136.9,32.0,17.07,Normal
12,L,145.5,39.3,18.56,Gemuk
12,L,145.5,42.0,19.83,Gemuk
11,P,138.9,35.1,18.17,Gemuk
11,L,138.3,35.8,18.73,Gemuk
6,L,115.7,22.0,16.44,Normal
9,L,126.9,30.2,18.74,Gemuk
10,P,135.7,27.3,14.83,Normal
9,P,129.6,34.0,20.25,Gemuk
11,P,140.9,33.4,16.84,Normal
10,L,133.8,35.3,19.72,Gemuk
7,P,114.7,18.0,13.68,Kurus
7,L,119.7,20.5,14.33,Normal
10,L,132.9,29.6,16.75,Normal
8,L,125.0,20.0,12.8,Kurus
12,L,150.8,33.9,14.92,Normal
11,L,147.0,39.1,18.08,Gemuk
11,L,141.0,34.4,17.31,Normal
7,L,116.4,24.1,17.78,Normal
10,L,137.6,28.4,15.02,Normal
6,L,116.2,19.2,14.25,Normal
10,P,131.3,33.1,19.23,Gemuk
10,P,133.9,32.4,18.05,Gemuk
6,L,115.2,17.0,12.81,Kurus
9,L,129.3,31.7,18.97,Gemuk
9,L,123.1,26.9,17.75,Normal
8,P,124.7,22.0,14.17,Normal
8,L,123.6,22.9,14.98,Normal
12,P,151.3,35.4,15.46,Normal
9,L,129.9,29.2,17.27,Normal
6,L,114.0,17.0,13.08,Kurus
11,P,137.4,35.8,18.98,Gemuk
6,P,113.0,22.0,17.23,Normal
12,P,145.5,40.7,19.23,Gemuk
8,P,125.1,21.1,13.48,Kurus
7,P,123.0,20.7,13.67,Kurus
6,L,115.8,17.0,12.68,Kurus
11,P,137.5,37.9,20.05,Gemuk
6,L,111.0,17.0,13.8,Kurus
8,L,128.0,29.0,17.7,Normal
10,L,133.6,29.3,16.41,Normal
10,L,133.0,27.2,15.37,Normal
6,P,116.5,17.0,12.52,Kurus
11,L,139.5,34.9,17.93,Normal
10,L,130.8,34.7,20.28,Gemuk
8,L,121.3,21.9,14.85,Normal
6,L,113.8,21.2,16.39,Normal
6,L,114.9,22.0,16.65,Normal
7,L,115.4,22.8,17.13,Normal
7,L,119.6,23.8,16.61,Normal
8,L,118.4,23.2,16.53,Normal
6,P,112.4,18.7,14.79,Normal
11,L,141.6,40.5,20.18,Gemuk
9,L,124.4,30.9,20.01,Gemuk
8,P,119.2,22.3,15.66,Normal
10,P,131.6,33.0,19.06,Gemuk
9,L,128.7,28.3,17.09,Normal
7,P,115.9,23.9,17.75,Normal
6,P,114.4,19.9,15.23,Normal
6,P,110.8,22.0,17.92,Normal
9,L,128.8,25.6,15.41,Normal
8,L,120.7,29.0,19.89,Gemuk
9,P,126.7,29.6,18.47,Gemuk
8,L,119.8,22.9,15.96,Normal
7,L,120.5,19.4,13.37,Kurus
11,P,142.9,36.5,17.87,Normal
12,P,149.8,37.6,16.74,Normal
9,L,130.1,25.0,14.79,Normal
12,P,148.6,40.4,18.32,Gemuk
6,P,110.3,20.4,16.77,Normal
8,L,121.5,29.0,19.64,Gemuk
9,P,129.6,31.3,18.64,Gemuk
10,L,136.4,29.8,16.02,Normal
6,P,114.9,21.3,16.09,Normal
10,L,132.5,33.6,19.16,Gemuk
8,L,125.7,24.2,15.33,Normal
6,L,115.6,22.0,16.46,Normal
12,L,146.6,37.9,17.63,Normal
8,L,127.1,24.9,15.42,Normal
6,L,113.0,18.1,14.15,Normal
7,P,116.6,24.2,17.79,Normal
12,L,147.0,38.2,17.68,Normal
9,P,125.0,24.0,15.36,Normal
6,L,113.2,20.0,15.61,Normal
11,P,136.0,34.1,18.44,Gemuk
12,L,148.1,38.2,17.41,Normal
8,P,121.1,28.4,19.34,Gemuk
10,L,130.6,30.7,17.98,Normal
9,P,126.1,27.1,17.02,Normal
8,P,120.4,29.0,20.0,Gemuk
10,L,135.5,31.3,17.06,Normal
11,L,140.2,35.0,17.8,Normal
11,L,141.0,34.9,17.56,Normal
7,P,116.3,19.8,14.66,Normal
6,P,114.0,20.8,16.03,Normal
11,P,136.1,36.4,19.63,Gemuk
7,L,116.8,20.5,15.04,Normal
7,P,122.5,20.3,13.53,Kurus
8,P,118.5,26.5,18.84,Gemuk
9,P,131.1,27.7,16.13,Normal
6,P,115.1,22.0,16.61,Normal
9,L,128.1,33.5,20.42,Gemuk
8,P,121.7,22.8,15.36,Normal
12,P,146.5,38.0,17.69,Normal
11,P,146.0,35.4,16.59,Normal
8,P,123.5,25.4,16.64,Normal
11,P,139.8,30.9,15.83,Normal
9,L,124.8,31.4,20.14,Gemuk
10,L,138.6,28.2,14.68,Normal
10,L,134.6,29.5,16.31,Normal
10,P,129.5,30.8,18.38,Gemuk
12,L,145.5,39.3,18.54,Gemuk
8,P,123.2,21.7,14.3,Normal
10,P,132.2,26.9,15.39,Normal
11,P,147.0,32.7,15.12,Normal
12,L,145.1,37.5,17.83,Normal
7,L,117.4,21.6,15.63,Normal
9,P,127.0,32.3,20.03,Gemuk
9,P,129.1,32.3,19.4,Gemuk
10,L,134.3,38.0,21.08,Gemuk
11,L,139.1,32.9,17.03,Normal
6,L,111.7,17.0,13.63,Kurus
11,L,143.4,34.4,16.72,Normal
6,P,112.0,17.0,13.55,Kurus
8,P,127.5,21.3,13.09,Kurus
7,L,117.0,25.0,18.27,Gemuk
7,L,117.0,21.5,15.71,Normal
9,L,128.6,29.0,17.54,Normal
6,L,115.9,17.0,12.66,Kurus
6,P,116.3,22.0,16.26,Normal
9,L,127.8,22.1,13.55,Kurus
10,P,136.0,32.5,17.58,Normal
12,P,144.5,37.4,17.91,Normal
10,L,135.6,36.1,19.61,Gemuk
10,L,130.9,32.2,18.77,Gemuk
7,P,118.9,25.0,17.68,Normal
6,P,115.9,17.8,13.24,Kurus
12,L,144.3,39.6,19.02,Gemuk
10,P,134.7,33.1,18.25,Gemuk
7,P,119.4,19.5,13.66,Kurus
9,L,128.8,25.2,15.18,Normal
9,L,128.7,26.4,15.92,Normal
11,L,142.1,28.0,13.86,Kurus
12,L,147.1,41.3,19.06,Gemuk
6,L,117.8,18.0,12.99,Kurus
8,P,118.7,20.0,14.2,Normal
11,P,140.5,37.0,18.76,Gemuk
10,P,128.5,29.2,17.71,Normal
12,P,148.1,34.9,15.91,Normal
7,L,121.1,18.4,12.51,Kurus
10,L,138.3,36.8,19.22,Gemuk
9,P,130.3,30.8,18.15,Gemuk
10,L,133.3,27.3,15.4,Normal
9,P,128.1,29.3,17.85,Normal
7,P,117.5,19.9,14.39,Normal
11,P,140.7,34.3,17.3,Normal
10,L,135.3,34.0,18.55,Gemuk
7,P,116.3,20.8,15.4,Normal
8,L,124.9,20.5,13.14,Kurus
6,P,115.0,22.0,16.64,Normal
11,L,136.9,39.7,21.16,Gemuk
12,P,145.7,45.5,21.41,Gemuk
9,L,131.8,24.3,14.01,Normal
6,L,116.2,22.0,16.29,Normal
9,P,123.0,30.9,20.4,Gemuk
12,P,144.0,44.4,21.43,Gemuk
8,L,125.0,20.0,12.81,Kurus
7,L,120.2,20.9,14.48,Normal
9,L,125.6,27.1,17.16,Normal
11,L,142.9,37.5,18.37,Gemuk
12,P,145.8,39.1,18.4,Gemuk
8,P,127.9,23.5,14.37,Normal
12,L,144.8,36.3,17.29,Normal
7,L,121.2,21.8,14.86,Normal
12,L,145.1,39.2,18.61,Gemuk
9,L,129.7,31.3,18.63,Gemuk
8,L,121.8,21.7,14.62,Normal
6,P,114.2,19.3,14.79,Normal
12,P,149.1,38.1,17.15,Normal
9,P,133.0,26.1,14.73,Normal
11,L,141.3,37.6,18.82,Gemuk
9,P,133.0,33.4,18.87,Gemuk
10,P,134.2,32.6,18.1,Gemuk
8,P,120.6,27.4,18.86,Gemuk
6,P,111.3,17.0,13.74,Kurus
8,L,124.2,24.2,15.66,Normal
12,P,149.8,34.2,15.23,Normal
8,L,119.1,23.8,16.81,Normal
8,L,119.5,26.3,18.44,Gemuk
12,L,149.0,37.8,17.03,Normal
6,P,117.5,22.0,15.94,Normal
10,P,132.9,30.3,17.13,Normal
11,L,145.0,40.7,19.36,Gemuk
11,P,141.7,29.9,14.9,Normal
7,P,116.9,18.5,13.54,Kurus
7,L,120.5,20.1,13.82,Kurus
11,L,142.8,36.5,17.89,Normal
8,P,123.8,25.8,16.81,Normal
12,L,145.4,42.3,20.03,Gemuk
6,L,116.0,22.0,16.36,Normal
11,L,145.1,32.3,15.35,Normal
8,L,119.3,29.0,20.39,Gemuk
7,P,123.0,22.6,14.91,Normal
10,L,138.4,35.1,18.3,Gemuk
9,L,127.2,32.2,19.88,Gemuk
8,L,126.4,23.5,14.7,Normal
10,L,131.8,29.0,16.71,Normal
8,P,124.2,26.8,17.35,Normal
9,P,126.8,27.2,16.9,Normal
12,L,147.9,41.1,18.81,Gemuk
8,L,124.3,23.8,15.43,Normal
7,L,117.6,25.0,18.09,Gemuk
6,L,113.2,17.0,13.27,Kurus
11,L,137.8,39.5,20.82,Gemuk
9,P,124.9,31.7,20.32,Gemuk
11,L,139.7,34.8,17.83,Normal
10,P,136.5,33.0,17.72,Normal
9,L,133.0,31.1,17.59,Normal
10,L,137.9,34.9,18.35,Gemuk
8,L,125.7,26.0,16.46,Normal
10,P,136.5,32.2,17.3,Normal
9,L,131.4,31.0,17.93,Normal
9,P,127.6,29.2,17.89,Normal
9,L,130.3,27.6,16.25,Normal
7,L,118.2,18.0,12.88,Kurus
7,L,121.0,25.0,17.07,Normal
7,L,116.7,18.0,13.21,Kurus
12,P,144.7,35.1,16.77,Normal
6,P,111.2,22.0,17.79,Normal
8,L,122.0,20.9,14.05,Normal
7,P,115.2,24.3,18.3,Gemuk
11,L,145.5,34.7,16.37,Normal
6,L,110.4,22.0,18.05,Gemuk
6,L,110.0,17.0,14.05,Normal
9,P,127.0,26.0,16.13,Normal
10,L,130.7,32.6,19.1,Gemuk
11,L,141.0,35.8,18.01,Gemuk
9,P,130.5,25.9,15.23,Normal
10,L,134.6,29.3,16.18,Normal
8,L,124.4,21.2,13.72,Kurus
11,L,146.1,43.0,20.15,Gemuk
9,L,127.2,27.5,17.01,Normal
6,L,115.3,17.7,13.31,Kurus
10,L,134.4,30.1,16.69,Normal
10,L,134.4,33.7,18.69,Gemuk
9,P,130.7,29.6,17.33,Normal
12,L,144.4,39.5,18.94,Gemuk
9,L,129.7,34.0,20.22,Gemuk
12,P,150.0,47.4,21.08,Gemuk
11,P,135.3,29.7,16.19,Normal
11,P,139.7,32.5,16.66,Normal
8,P,125.6,24.7,15.65,Normal
12,P,143.7,38.9,18.81,Gemuk
12,L,145.6,42.4,20.01,Gemuk
6,L,114.1,17.0,13.07,Kurus
8,L,121.4,28.8,19.53,Gemuk
12,L,144.9,40.5,19.32,Gemuk
10,P,134.7,30.0,16.53,Normal
12,L,149.7,37.5,16.72,Normal
11,L,141.4,33.8,16.92,Normal
11,P,143.7,39.4,19.1,Gemuk
8,L,125.4,25.6,16.26,Normal
11,L,139.8,33.0,16.9,Normal
9,L,126.0,28.0,17.61,Normal
8,P,125.8,25.4,16.07,Normal
12,L,144.2,36.5,17.53,Normal
6,L,113.2,18.3,14.29,Normal
11,L,141.7,37.0,18.46,Gemuk
8,P,125.3,23.7,15.13,Normal
11,L,142.4,35.1,17.33,Normal
6,P,113.3,17.8,13.83,Kurus
12,L,148.2,42.0,19.13,Gemuk
11,P,142.9,33.2,16.24,Normal
12,P,144.4,32.0,15.37,Normal
9,L,129.0,27.1,16.27,Normal
10,P,133.4,29.0,16.32,Normal
11,L,139.7,33.4,17.11,Normal
10,P,133.5,30.7,17.25,Normal
9,P,128.4,28.7,17.38,Normal
7,L,113.2,18.3,14.25,Normal
11,P,141.4,38.6,19.3,Gemuk
7,P,117.9,20.5,14.72,Normal
6,L,111.2,18.6,15.04,Normal
12,P,145.1,43.4,20.63,Gemuk
6,L,110.6,17.0,13.9,Kurus
6,L,112.5,17.0,13.42,Kurus
11,L,140.9,39.4,19.86,Gemuk
7,L,118.5,18.7,13.34,Kurus
8,P,121.6,24.3,16.4,Normal
10,L,139.1,32.1,16.61,Normal
10,P,134.7,29.4,16.2,Normal
11,L,141.6,35.5,17.73,Normal
12,L,150.4,41.6,18.39,Gemuk
11,P,141.9,30.1,14.94,Normal
10,L,136.5,31.0,16.64,Normal
10,L,135.7,29.5,16.05,Normal
6,L,116.6,17.2,12.62,Kurus
7,P,117.9,18.3,13.15,Kurus
6,P,113.0,20.4,15.99,Normal
8,L,126.8,25.4,15.8,Normal
7,L,116.7,24.3,17.82,Normal
6,L,115.7,20.4,15.23,Normal
7,P,115.9,25.0,18.6,Gemuk
8,L,128.0,21.4,13.03,Kurus
10,P,136.2,34.0,18.33,Gemuk
10,L,133.2,31.9,17.98,Normal
11,L,139.3,34.1,17.55,Normal
6,L,115.5,22.0,16.5,Normal
9,L,131.8,22.0,12.66,Kurus
11,P,140.0,31.4,16.02,Normal
8,P,121.0,27.4,18.68,Gemuk
11,L,143.0,37.3,18.24,Gemuk
6,L,118.0,21.0,15.09,Normal
10,L,133.3,28.6,16.08,Normal
12,P,141.2,35.9,18.01,Gemuk
8,L,118.0,25.8,18.55,Gemuk
9,L,126.9,27.8,17.27,Normal
9,P,129.7,27.3,16.23,Normal
6,L,118.0,17.0,12.21,Kurus
7,P,122.0,23.5,15.8,Normal
11,P,140.9,39.2,19.76,Gemuk
6,L,110.0,17.0,14.05,Normal
11,L,142.6,37.9,18.65,Gemuk
6,L,113.5,17.2,13.32,Kurus
8,P,123.9,21.9,14.29,Normal
12,P,142.5,38.3,18.86,Gemuk
7,P,117.9,18.0,12.95,Kurus
12,P,147.6,36.5,16.78,Normal
10,L,133.6,35.7,19.98,Gemuk
8,L,119.1,22.5,15.88,Normal
6,P,112.0,18.9,15.06,Normal
8,L,123.8,21.5,14.03,Normal
9,P,129.5,29.9,17.82,Normal
6,P,118.0,22.0,15.8,Normal
6,L,112.8,22.0,17.29,Normal
7,P,116.8,21.7,15.91,Normal
9,P,127.9,28.2,17.26,Normal
7,L,122.9,24.4,16.17,Normal
11,P,143.8,33.7,16.3,Normal
9,P,126.1,32.0,20.13,Gemuk
10,L,133.5,27.3,15.32,Normal
12,P,146.7,40.5,18.85,Gemuk
11,L,140.7,30.8,15.58,Normal
10,L,136.2,29.6,15.96,Normal
9,P,130.2,27.9,16.43,Normal
11,P,143.8,40.2,19.44,Gemuk
9,P,127.8,24.0,14.72,Normal
10,P,134.6,27.4,15.14,Normal
10,P,131.2,31.5,18.28,Gemuk
11,L,143.0,32.8,16.01,Normal
8,L,121.8,24.3,16.34,Normal
7,L,117.2,22.2,16.16,Normal
12,P,146.7,37.8,17.54,Normal
7,L,119.2,20.8,14.62,Normal
12,P,146.4,42.4,19.79,Gemuk
9,L,127.4,28.8,17.76,Normal
9,L,124.9,31.4,20.15,Gemuk
6,P,115.1,20.9,15.77,Normal
8,L,122.7,23.8,15.83,Normal
10,L,136.0,31.5,17.01,Normal
8,P,123.0,28.9,19.07,Gemuk
9,L,126.4,30.7,19.19,Gemuk
7,P,119.3,18.7,13.11,Kurus
8,P,122.8,27.7,18.36,Gemuk
10,L,133.7,31.3,17.5,Normal
9,P,130.9,25.6,14.96,Normal
8,P,125.7,24.4,15.43,Normal
8,P,126.3,25.3,15.86,Normal
12,L,146.3,36.8,17.21,Normal
7,P,120.0,25.0,17.35,Normal
6,P,114.1,22.0,16.9,Normal
7,L,117.5,18.1,13.13,Kurus
10,L,137.4,34.2,18.12,Gemuk
10,P,135.5,29.0,15.78,Normal
6,P,115.6,22.0,16.45,Normal
9,P,132.1,26.4,15.15,Normal
9,P,123.3,30.3,19.9,Gemuk
6,L,112.9,19.4,15.19,Normal
10,L,131.8,29.7,17.11,Normal
11,P,143.7,34.8,16.84,Normal
10,P,131.4,33.5,19.38,Gemuk
11,P,140.4,36.7,18.64,Gemuk
11,L,143.6,35.3,17.11,Normal
6,L,116.4,22.0,16.24,Normal
11,P,139.8,35.8,18.31,Gemuk
10,P,133.9,31.2,17.39,Normal
10,P,131.8,33.3,19.17,Gemuk
9,P,130.2,30.0,17.68,Normal
11,P,144.6,35.6,17.01,Normal
6,L,114.8,20.5,15.54,Normal
8,P,126.3,29.0,18.17,Gemuk
12,P,146.1,31.7,14.87,Normal
12,L,150.3,43.3,19.17,Gemuk
12,L,145.9,43.1,20.27,Gemuk
8,P,124.3,22.6,14.63,Normal
11,L,138.0,31.6,16.58,Normal
9,P,129.0,24.1,14.49,Normal
9,L,129.0,27.1,16.3,Normal
7,P,113.0,18.9,14.76,Normal
7,L,120.0,19.6,13.61,Kurus
6,P,110.0,17.0,14.05,Normal
9,L,125.2,26.9,17.16,Normal
11,L,141.8,36.0,17.88,Normal
10,L,133.6,34.8,19.5,Gemuk
7,P,119.9,20.3,14.14,Normal
12,L,150.9,37.5,16.48,Normal
11,L,140.0,33.6,17.15,Normal
9,P,128.7,26.4,15.97,Normal
9,L,127.6,24.7,15.16,Normal
12,L,146.7,45.7,21.24,Gemuk
11,L,139.8,31.8,16.29,Normal
12,L,149.0,38.4,17.27,Normal
11,L,140.4,33.5,16.99,Normal
7,P,115.2,20.9,15.73,Normal
9,L,132.5,28.4,16.15,Normal
8,P,122.0,20.0,13.44,Kurus
9,L,131.4,32.8,19.0,Gemuk
9,L,124.1,29.3,19.03,Gemuk
9,L,128.2,27.2,16.52,Normal
7,P,114.4,20.6,15.75,Normal
9,L,131.2,27.7,16.1,Normal
10,P,133.2,32.6,18.4,Gemuk
8,P,118.6,29.0,20.63,Gemuk
6,P,110.9,21.7,17.64,Normal
12,L,142.3,37.2,18.4,Gemuk
8,P,121.5,26.8,18.18,Gemuk
7,P,117.6,21.5,15.56,Normal
9,L,128.0,28.3,17.26,Normal
8,P,122.5,22.9,15.29,Normal
6,P,112.7,20.5,16.12,Normal
11,P,142.5,34.8,17.12,Normal
11,P,146.6,33.8,15.74,Normal
6,P,114.5,22.0,16.79,Normal
9,L,129.7,29.5,17.55,Normal
9,P,131.2,28.6,16.6,Normal
7,L,117.2,20.4,14.88,Normal
12,P,148.5,38.2,17.33,Normal
11,P,139.2,37.5,19.36,Gemuk
12,P,144.7,38.4,18.36,Gemuk
9,L,127.3,29.1,17.93,Normal
11,P,138.7,32.1,16.69,Normal
9,L,126.5,29.8,18.6,Gemuk
6,L,118.0,17.4,12.47,Kurus
9,L,125.9,25.0,15.75,Normal
9,L,126.8,27.3,16.96,Normal
12,L,150.9,37.0,16.24,Normal
12,L,146.7,45.1,20.97,Gemuk
11,L,143.1,32.6,15.89,Normal
8,L,122.2,26.2,17.53,Normal
11,L,141.9,37.9,18.81,Gemuk
6,P,114.6,17.0,12.94,Kurus
7,L,119.2,19.3,13.58,Kurus
11,L,137.5,37.9,20.04,Gemuk
10,P,133.0,29.5,16.71,Normal
12,L,144.6,43.1,20.6,Gemuk
11,L,135.0,31.8,17.45,Normal
9,L,123.4,29.2,19.15,Gemuk
12,L,146.2,39.8,18.6,Gemuk
9,L,129.4,25.9,15.49,Normal
9,P,126.5,30.9,19.33,Gemuk
6,P,113.8,17.3,13.32,Kurus
8,P,121.7,25.1,16.98,Normal
7,P,116.0,22.6,16.8,Normal
9,P,127.2,29.5,18.21,Gemuk
9,P,128.2,25.3,15.41,Normal
9,L,124.4,29.1,18.79,Gemuk
8,P,125.4,25.0,15.88,Normal
12,P,145.6,40.2,18.98,Gemuk
10,P,133.2,32.1,18.09,Gemuk
7,L,113.1,18.0,14.08,Normal
8,P,121.6,20.0,13.52,Kurus
6,P,112.3,22.0,17.43,Normal
7,L,119.4,21.1,14.83,Normal
12,P,143.6,40.9,19.86,Gemuk
8,L,122.2,29.0,19.42,Gemuk
11,L,141.3,36.6,18.34,Gemuk
8,P,124.9,25.8,16.53,Normal
7,L,117.1,18.0,13.14,Kurus
6,P,110.0,22.0,18.18,Gemuk
7,P,123.0,20.3,13.43,Kurus
10,L,138.5,25.4,13.27,Kurus
9,L,128.7,26.8,16.18,Normal
7,P,117.9,21.5,15.5,Normal
7,L,120.0,20.1,13.94,Kurus
7,L,118.1,23.2,16.65,Normal
9,L,131.4,32.5,18.8,Gemuk
9,P,128.8,26.6,16.06,Normal
9,P,126.8,32.5,20.21,Gemuk
12,P,142.4,35.3,17.43,Normal
6,P,117.0,21.5,15.74,Normal
12,P,146.2,34.0,15.89,Normal
10,P,134.4,28.2,15.62,Normal
10,P,136.3,34.0,18.33,Gemuk
6,P,110.0,19.9,16.47,Normal
7,L,120.0,25.0,17.35,Normal
12,L,147.3,39.5,18.19,Gemuk
8,L,120.3,27.7,19.13,Gemuk
9,L,130.9,27.8,16.2,Normal
10,P,136.9,28.3,15.08,Normal
8,L,126.4,27.9,17.42,Normal
11,L,145.4,34.4,16.26,Normal
10,L,133.9,30.5,17.01,Normal
10,P,130.4,28.3,16.62,Normal
8,P,122.3,20.3,13.58,Kurus
11,L,140.6,35.1,17.74,Normal
12,L,144.9,41.1,19.57,Gemuk
8,P,120.6,21.2,14.55,Normal
11,L,147.0,28.1,13.02,Kurus
9,P,126.5,23.4,14.65,Normal
9,P,124.5,25.9,16.74,Normal
6,P,111.8,20.8,16.63,Normal
8,P,124.4,24.4,15.77,Normal
10,P,136.2,27.9,15.05,Normal
7,P,115.9,21.9,16.3,Normal
9,L,125.2,26.6,16.97,Normal
8,L,123.7,24.7,16.13,Normal
12,P,147.9,41.9,19.18,Gemuk
12,P,147.3,37.4,17.26,Normal
12,L,147.5,42.5,19.56,Gemuk
6,P,116.9,18.9,13.79,Kurus
10,P,136.9,34.2,18.26,Gemuk
6,L,112.1,20.5,16.29,Normal
11,L,140.3,42.6,21.62,Gemuk
10,L,136.8,32.2,17.21,Normal
12,L,146.7,41.6,19.31,Gemuk
9,L,126.8,24.7,15.33,Normal
10,L,132.5,35.6,20.28,Gemuk
6,L,116.2,18.3,13.56,Kurus
12,L,146.4,40.4,18.84,Gemuk
9,L,126.4,25.6,16.0,Normal
10,P,137.0,33.9,18.04,Gemuk
7,P,115.9,20.5,15.26,Normal
6,P,110.0,20.9,17.25,Normal
11,P,139.1,37.0,19.12,Gemuk
11,P,139.9,38.4,19.62,Gemuk
6,L,110.0,19.5,16.15,Normal
11,L,141.9,38.8,19.29,Gemuk
9,L,126.3,26.9,16.87,Normal
7,P,118.4,21.5,15.34,Normal
12,L,143.2,30.9,15.05,Normal
10,L,131.7,38.0,21.92,Gemuk
7,L,119.8,19.8,13.82,Kurus
9,L,125.1,25.2,16.12,Normal
11,P,142.9,39.8,19.48,Gemuk
7,P,120.3,21.9,15.15,Normal
6,L,110.0,17.0,14.05,Normal
11,P,141.7,33.3,16.6,Normal
9,P,129.5,30.0,17.85,Normal
8,L,122.7,23.8,15.81,Normal
9,P,131.6,29.6,17.12,Normal
12,L,143.3,42.6,20.76,Gemuk
9,L,126.8,32.5,20.22,Gemuk
11,P,136.0,32.5,17.59,Normal
10,L,128.5,35.6,21.58,Gemuk
7,L,114.4,20.9,15.96,Normal
6,L,112.2,17.3,13.75,Kurus
6,L,110.7,18.9,15.4,Normal
7,P,118.6,24.3,17.31,Normal
12,L,143.8,37.8,18.28,Gemuk
11,L,141.6,37.5,18.71,Gemuk
9,L,131.2,30.7,17.85,Normal
11,P,139.8,37.2,19.03,Gemuk
12,L,151.3,43.0,18.76,Gemuk
6,P,118.0,17.5,12.58,Kurus
12,L,144.5,37.0,17.73,Normal
9,P,127.7,23.2,14.27,Normal
7,L,119.3,21.8,15.34,Normal
6,L,114.6,22.0,16.76,Normal
12,P,148.1,36.9,16.85,Normal
6,L,117.5,19.5,14.13,Normal
6,L,114.0,20.7,15.92,Normal
8,P,118.9,24.1,17.05,Normal
7,L,115.3,20.7,15.55,Normal
10,P,131.2,33.3,19.33,Gemuk
8,P,123.9,26.9,17.54,Normal
7,L,118.6,20.0,14.22,Normal
12,P,146.5,36.4,16.99,Normal
12,P,148.3,40.5,18.43,Gemuk
7,P,114.2,24.8,18.98,Gemuk
12,L,142.5,37.8,18.59,Gemuk
8,P,121.6,20.0,13.52,Kurus
10,P,135.2,28.8,15.76,Normal
7,L,121.0,18.0,12.3,Kurus
11,L,143.4,31.1,15.09,Normal
8,P,124.9,27.0,17.32,Normal
9,L,125.5,23.8,15.13,Normal
10,L,130.5,33.3,19.55,Gemuk
6,L,117.5,18.3,13.25,Kurus
6,P,115.8,17.3,12.92,Kurus
12,P,148.6,38.2,17.29,Normal
6,L,113.7,22.0,17.01,Normal
10,L,133.4,29.0,16.3,Normal
7,P,122.4,18.0,12.01,Kurus
10,P,136.5,31.1,16.67,Normal
10,P,133.3,30.2,17.01,Normal
7,P,120.5,25.0,17.2,Normal
9,L,132.2,27.9,15.98,Normal
11,L,140.7,31.7,16.03,Normal
9,P,123.9,22.6,14.73,Normal
10,P,135.7,31.4,17.04,Normal
9,L,129.6,26.9,15.99,Normal
7,L,121.0,24.4,16.68,Normal
10,L,136.2,32.6,17.57,Normal
8,P,119.8,27.8,19.39,Gemuk
10,P,136.8,35.8,19.1,Gemuk
7,L,114.2,18.1,13.86,Kurus
12,P,140.8,35.0,17.65,Normal
6,P,110.0,20.9,17.3,Normal
10,L,137.0,28.3,15.11,Normal
10,L,137.6,35.4,18.67,Gemuk
10,P,128.7,35.1,21.16,Gemuk
10,L,134.5,28.6,15.82,Normal
10,P,136.6,32.5,17.44,Normal
9,L,130.0,26.8,15.86,Normal
10,L,139.9,34.7,17.73,Normal
12,P,148.5,36.2,16.41,Normal
7,L,117.7,19.9,14.35,Normal
8,L,123.8,24.5,15.98,Normal
11,P,142.0,29.2,14.46,Normal
9,L,130.4,26.9,15.83,Normal
12,P,142.9,40.2,19.68,Gemuk
6,P,110.0,19.3,15.91,Normal
8,P,124.3,23.3,15.1,Normal
7,P,113.5,18.6,14.43,Normal
10,P,137.1,34.0,18.07,Gemuk
8,P,122.8,20.0,13.27,Kurus
11,P,138.8,38.9,20.19,Gemuk
7,L,119.5,22.3,15.61,Normal
8,P,123.0,20.9,13.81,Kurus
11,P,140.2,31.9,16.22,Normal
8,L,128.0,24.7,15.09,Normal
9,L,127.2,30.8,19.02,Gemuk
10,L,137.2,31.4,16.69,Normal
6,L,110.9,19.1,15.49,Normal
7,P,115.9,25.0,18.62,Gemuk
10,P,136.8,29.3,15.68,Normal
12,L,143.5,42.1,20.43,Gemuk
10,L,133.4,33.3,18.69,Gemuk
8,P,123.7,21.8,14.27,Normal
8,L,123.2,21.7,14.29,Normal
6,L,116.0,17.0,12.64,Kurus
6,L,116.7,19.1,14.0,Kurus
9,L,126.4,22.0,13.78,Kurus
10,P,132.2,27.1,15.51,Normal
7,P,117.7,18.0,13.0,Kurus
12,L,148.0,38.7,17.68,Normal
12,L,144.8,31.3,14.96,Normal
10,L,135.2,31.1,17.03,Normal
6,P,112.0,17.5,13.94,Kurus
7,P,119.4,19.4,13.6,Kurus
7,L,114.4,18.0,13.75,Kurus
6,L,116.4,20.7,15.3,Normal
10,P,128.0,28.6,17.43,Normal
6,L,116.0,21.3,15.82,Normal
10,L,132.0,29.3,16.83,Normal
9,P,129.0,30.0,18.0,Normal
7,P,116.8,24.1,17.67,Normal
8,P,119.5,25.5,17.86,Normal
7,P,119.8,18.4,12.83,Kurus
7,L,119.3,23.5,16.55,Normal
6,P,110.3,19.2,15.78,Normal
12,L,150.0,43.1,19.15,Gemuk
11,L,141.7,38.3,19.09,Gemuk
10,P,136.3,29.6,15.91,Normal
8,P,123.1,23.5,15.49,Normal
7,L,123.0,23.0,15.22,Normal
6,P,115.5,19.7,14.75,Normal
9,L,127.9,26.3,16.06,Normal
10,L,134.3,32.5,18.04,Gemuk
6,L,113.5,21.7,16.85,Normal
12,L,143.8,39.3,19.01,Gemuk
9,L,126.0,25.7,16.18,Normal
8,L,125.4,28.7,18.24,Gemuk
9,P,129.9,29.2,17.32,Normal
10,L,132.1,32.1,18.38,Gemuk
7,P,115.6,22.8,17.03,Normal
7,L,120.9,18.0,12.32,Kurus
9,L,124.2,28.7,18.61,Gemuk
10,P,134.1,30.6,17.04,Normal
11,L,135.6,34.2,18.58,Gemuk
12,L,148.6,37.0,16.74,Normal
12,L,149.0,39.0,17.59,Normal
11,L,138.6,37.9,19.72,Gemuk
11,L,138.7,36.6,19.05,Gemuk
7,P,117.0,21.3,15.56,Normal
7,L,118.5,25.0,17.79,Normal
12,P,141.1,35.6,17.9,Normal
8,L,120.7,26.7,18.34,Gemuk
8,L,124.7,29.0,18.64,Gemuk
12,P,146.5,36.6,17.05,Normal
10,L,131.2,30.8,17.88,Normal
6,L,113.2,20.5,15.97,Normal
7,L,118.8,18.0,12.75,Kurus
11,P,141.1,31.1,15.64,Normal
6,P,114.6,22.0,16.75,Normal
6,P,118.0,17.0,12.21,Kurus
6,P,114.2,22.0,16.87,Normal
12,L,141.6,35.4,17.66,Normal
11,P,140.1,33.5,17.05,Normal
11,L,140.3,35.8,18.18,Gemuk
11,L,144.9,38.2,18.2,Gemuk
6,L,116.3,19.8,14.6,Normal
6,L,115.1,18.1,13.69,Kurus
11,L,143.2,33.7,16.42,Normal
7,P,116.6,22.5,16.56,Normal
9,L,130.6,28.4,16.66,Normal
10,P,129.7,32.2,19.13,Gemuk
8,L,119.9,25.3,17.64,Normal
10,L,139.1,28.0,14.49,Normal
6,L,114.4,18.4,14.07,Normal
11,L,138.1,32.3,16.95,Normal
12,L,148.9,39.8,17.93,Normal
6,L,112.2,21.7,17.22,Normal
12,L,146.2,41.0,19.19,Gemuk
10,L,131.5,30.1,17.41,Normal
11,L,135.9,33.9,18.36,Gemuk
6,L,110.8,17.9,14.57,Normal
10,L,130.1,25.0,14.77,Normal
11,P,139.9,31.1,15.89,Normal
8,L,123.6,23.8,15.59,Normal
8,L,123.8,20.8,13.6,Kurus
7,L,116.7,21.3,15.63,Normal
9,L,128.4,27.8,16.87,Normal
7,L,114.0,24.8,19.11,Gemuk
10,L,132.0,27.1,15.58,Normal
11,P,141.6,33.4,16.67,Normal
6,P,114.2,17.0,13.04,Kurus
6,P,117.5,17.0,12.31,Kurus
10,P,137.4,31.3,16.58,Normal
12,P,145.0,33.9,16.11,Normal
12,P,147.4,44.0,20.24,Gemuk
10,P,134.7,30.8,16.98,Normal
8,L,126.3,23.7,14.89,Normal
12,P,146.4,40.6,18.95,Gemuk
8,L,123.4,27.2,17.85,Normal
6,L,112.7,20.6,16.2,Normal
10,L,130.5,34.8,20.42,Gemuk
12,L,150.0,40.7,18.08,Gemuk
12,P,146.3,38.8,18.12,Gemuk
6,P,113.9,19.1,14.74,Normal
7,P,118.2,18.8,13.47,Kurus
10,L,135.6,30.4,16.56,Normal
6,L,112.2,17.0,13.49,Kurus
9,P,130.7,28.7,16.76,Normal
9,L,128.5,24.7,14.96,Normal
12,P,144.9,32.8,15.62,Normal
11,L,142.9,35.6,17.43,Normal
9,L,129.7,24.2,14.39,Normal
8,L,127.9,27.1,16.53,Normal
11,P,135.0,37.5,20.55,Gemuk
12,P,150.7,37.8,16.64,Normal
8,P,120.7,28.1,19.26,Gemuk
6,P,116.6,20.7,15.24,Normal
12,P,142.8,39.0,19.11,Gemuk
8,P,120.5,22.3,15.36,Normal
7,P,116.7,18.0,13.22,Kurus
12,L,147.0,39.4,18.26,Gemuk
8,L,123.7,23.8,15.57,Normal
8,L,125.6,20.8,13.18,Kurus
7,P,119.0,24.9,17.57,Normal
8,L,118.0,20.0,14.36,Normal
11,P,142.2,38.9,19.26,Gemuk
7,L,122.1,18.0,12.08,Kurus
12,P,146.8,37.0,17.19,Normal
8,L,118.8,20.5,14.51,Normal
6,L,114.1,18.4,14.14,Normal
9,L,127.2,22.9,14.14,Normal
7,L,117.4,19.9,14.46,Normal
9,P,127.2,24.8,15.34,Normal
12,L,149.1,40.3,18.13,Gemuk
9,L,127.8,28.3,17.32,Normal
12,P,148.8,39.4,17.79,Normal
9,P,124.6,25.4,16.34,Normal
6,P,113.2,20.9,16.3,Normal
10,L,137.3,30.4,16.14,Normal
10,L,137.1,32.2,17.11,Normal
11,P,139.0,29.9,15.49,Normal
12,P,147.5,40.6,18.64,Gemuk
9,L,133.0,27.9,15.75,Normal
8,L,122.4,25.6,17.11,Normal
9,P,126.8,28.0,17.41,Normal
6,P,112.6,22.0,17.35,Normal
7,L,118.7,18.3,12.98,Kurus
10,P,136.3,34.5,18.58,Gemuk
9,L,129.9,30.3,17.96,Normal
7,P,117.4,23.7,17.16,Normal
11,P,139.0,31.9,16.48,Normal
7,L,116.1,18.4,13.64,Kurus
11,L,141.2,37.7,18.92,Gemuk
7,P,120.7,25.0,17.16,Normal
9,L,125.3,27.2,17.37,Normal
10,P,138.9,29.1,15.06,Normal
10,L,137.8,31.7,16.67,Normal
10,P,132.9,38.0,21.52,Gemuk
8,P,121.6,26.1,17.67,Normal
12,P,144.2,42.8,20.59,Gemuk
10,L,132.6,27.6,15.68,Normal
9,P,127.1,25.2,15.58,Normal
10,L,131.0,32.1,18.7,Gemuk
12,L,147.1,42.1,19.43,Gemuk
9,P,130.6,22.7,13.31,Kurus
6,L,117.5,22.0,15.95,Normal
7,P,118.1,24.6,17.65,Normal
10,P,134.5,31.6,17.48,Normal
6,P,113.5,17.2,13.33,Kurus
11,L,138.8,43.0,22.33,Obesitas
6,L,114.7,18.4,14.0,Kurus
9,P,127.9,27.2,16.61,Normal
8,P,122.6,24.7,16.4,Normal
6,P,112.4,17.5,13.88,Kurus
9,P,129.6,31.2,18.55,Gemuk
10,L,131.2,28.6,16.59,Normal
6,P,110.0,22.0,18.18,Gemuk
12,L,145.2,44.4,21.03,Gemuk
9,P,128.4,31.7,19.25,Gemuk
10,L,139.2,32.2,16.6,Normal
9,P,123.0,27.2,17.98,Normal
12,L,148.7,39.4,17.81,Normal
11,L,144.1,34.1,16.41,Normal
12,L,148.6,41.1,18.59,Gemuk
6,P,118.0,21.1,15.17,Normal
8,L,122.6,25.0,16.65,Normal
9,L,124.2,25.1,16.26,Normal
11,L,137.5,37.1,19.64,Gemuk
7,P,115.0,21.1,15.99,Normal
8,L,123.6,25.3,16.57,Normal
9,P,127.1,23.4,14.48,Normal
10,L,132.9,29.7,16.85,Normal
10,L,130.7,32.5,19.05,Gemuk
7,L,119.6,22.9,15.97,Normal
9,L,126.6,26.7,16.66,Normal
8,L,123.1,23.7,15.62,Normal
9,P,127.9,31.1,19.0,Gemuk
9,L,126.3,28.3,17.73,Normal
9,L,133.0,23.7,13.39,Kurus
8,P,122.7,26.5,17.61,Normal
9,L,130.4,27.2,15.97,Normal
6,L,110.0,17.0,14.05,Normal
11,L,139.9,34.1,17.44,Normal
8,P,122.3,24.0,16.06,Normal
7,L,114.2,18.0,13.8,Kurus
9,L,130.1,29.9,17.68,Normal
7,P,119.0,25.0,17.64,Normal
6,P,110.0,20.0,16.57,Normal
7,P,117.0,21.5,15.67,Normal
8,P,122.0,22.0,14.76,Normal
8,P,122.1,25.1,16.82,Normal
7,L,123.0,21.1,13.96,Kurus
10,P,130.9,31.2,18.19,Gemuk
12,L,142.8,37.6,18.45,Gemuk
10,P,134.8,36.6,20.13,Gemuk
10,P,131.6,30.6,17.65,Normal
10,L,134.3,31.8,17.62,Normal
9,L,126.4,26.9,16.84,Normal
8,L,123.5,25.9,16.96,Normal
9,P,124.7,25.8,16.59,Normal
10,L,128.5,32.5,19.65,Gemuk
9,L,129.2,30.9,18.51,Gemuk
10,P,135.5,30.8,16.78,Normal
12,P,145.8,35.5,16.71,Normal
8,P,122.6,23.6,15.72,Normal
9,L,128.1,27.0,16.47,Normal
9,L,123.5,24.8,16.27,Normal
8,P,124.4,20.0,12.93,Kurus
10,L,133.8,29.7,16.58,Normal
9,L,128.7,29.8,18.01,Gemuk
11,L,145.3,33.5,15.85,Normal
11,P,141.7,33.8,16.83,Normal
11,L,139.9,34.6,17.65,Normal
10,P,136.5,28.3,15.18,Normal
9,P,129.0,23.2,13.95,Kurus
8,L,123.5,24.5,16.07,Normal
11,L,142.1,32.3,16.02,Normal
7,P,119.3,19.9,13.99,Kurus
6,L,114.5,20.6,15.7,Normal
12,L,147.9,37.5,17.11,Normal
12,P,145.9,40.4,18.99,Gemuk
11,L,138.1,35.5,18.61,Gemuk
11,P,141.0,38.9,19.58,Gemuk
11,P,143.2,30.4,14.79,Normal
9,P,128.3,30.2,18.34,Gemuk
6,L,110.0,21.0,17.38,Normal
6,L,115.5,17.0,12.73,Kurus
12,P,149.6,38.6,17.24,Normal
6,P,115.2,17.0,12.8,Kurus
8,L,119.0,29.0,20.47,Gemuk
9,P,128.7,33.6,20.29,Gemuk
8,P,123.1,25.4,16.73,Normal
7,P,118.0,21.7,15.59,Normal
11,P,139.9,31.8,16.26,Normal
7,P,116.2,21.7,16.1,Normal
12,P,147.1,41.5,19.17,Gemuk
10,L,132.5,32.0,18.24,Gemuk
9,L,124.0,28.6,18.57,Gemuk
6,L,112.6,22.0,17.35,Normal
6,P,117.2,17.0,12.37,Kurus
6,L,115.5,17.7,13.25,Kurus
9,L,127.9,29.5,18.06,Gemuk
12,L,147.5,44.9,20.63,Gemuk
10,L,132.8,31.6,17.91,Normal
10,P,130.3,33.2,19.53,Gemuk
8,L,127.1,25.1,15.52,Normal
12,L,143.2,39.9,19.47,Gemuk
8,L,124.2,26.2,16.95,Normal
7,P,115.9,18.6,13.89,Kurus
6,L,113.9,17.0,13.09,Kurus
6,P,113.3,17.0,13.24,Kurus
9,P,126.2,34.0,21.34,Gemuk
12,P,148.1,41.8,19.06,Gemuk
6,P,112.9,17.0,13.35,Kurus
12,L,142.2,33.0,16.3,Normal
10,L,132.5,33.5,19.09,Gemuk
8,P,121.5,25.4,17.23,Normal
6,L,111.3,17.0,13.71,Kurus
6,L,114.5,18.5,14.11,Normal
11,P,139.5,29.4,15.1,Normal
9,P,127.1,32.4,20.04,Gemuk
12,P,145.8,42.0,19.76,Gemuk
11,L,145.1,40.9,19.42,Gemuk
12,P,145.2,43.6,20.68,Gemuk
10,P,133.9,32.2,17.98,Normal
7,P,117.1,23.6,17.2,Normal
10,L,133.9,32.6,18.17,Gemuk
12,P,145.7,41.8,19.67,Gemuk
9,L,128.9,25.6,15.41,Normal
10,L,135.7,28.8,15.65,Normal
8,L,124.6,21.1,13.57,Kurus
10,L,131.6,33.4,19.27,Gemuk
11,L,136.1,34.5,18.64,Gemuk
11,L,141.1,32.2,16.17,Normal
9,L,128.5,33.4,20.22,Gemuk
8,L,125.0,24.7,15.83,Normal
9,P,127.5,30.0,18.43,Gemuk
7,L,117.2,25.0,18.19,Gemuk
11,L,135.3,38.2,20.83,Gemuk
7,L,121.5,19.2,13.03,Kurus
9,P,125.9,29.4,18.55,Gemuk
9,L,130.7,24.9,14.57,Normal
6,L,113.5,22.0,17.07,Normal
6,L,118.0,17.0,12.21,Kurus
10,L,131.2,30.9,17.97,Normal
9,P,127.6,30.4,18.64,Gemuk
9,P,126.5,24.4,15.23,Normal
6,P,117.0,18.2,13.29,Kurus
10,P,134.0,35.4,19.68,Gemuk
7,P,120.3,21.6,14.9,Normal
11,L,139.0,30.6,15.8,Normal
9,L,128.6,26.4,15.98,Normal
12,P,148.1,39.4,17.96,Normal
10,L,135.0,31.0,17.02,Normal
11,P,139.0,36.0,18.65,Gemuk
8,P,119.0,21.4,15.09,Normal
11,L,140.6,33.4,16.91,Normal
6,L,117.2,17.2,12.51,Kurus
12,L,150.7,38.1,16.78,Normal
11,P,138.5,43.0,22.41,Obesitas
6,L,115.0,20.3,15.33,Normal
11,L,140.8,35.2,17.76,Normal
8,P,123.0,25.8,17.05,Normal
6,L,114.1,20.8,15.95,Normal
12,P,148.3,36.2,16.47,Normal
12,L,147.6,38.9,17.86,Normal
8,P,126.8,28.6,17.79,Normal
8,L,124.4,22.9,14.8,Normal
10,L,132.8,32.6,18.5,Gemuk
10,L,135.8,27.9,15.11,Normal
6,L,110.0,19.6,16.22,Normal
10,P,132.3,28.1,16.06,Normal
10,P,132.5,30.0,17.08,Normal
10,L,133.3,32.8,18.45,Gemuk
8,P,120.7,23.8,16.3,Normal
12,P,148.7,38.6,17.47,Normal
10,L,138.7,32.0,16.66,Normal
10,L,132.6,30.7,17.48,Normal
7,P,119.7,25.0,17.43,Normal
8,P,121.7,24.0,16.21,Normal
8,P,126.2,20.0,12.56,Kurus
8,P,128.0,24.9,15.23,Normal
12,P,143.9,37.4,18.05,Gemuk
10,P,132.3,33.0,18.84,Gemuk
10,P,130.5,27.3,16.04,Normal
11,P,141.5,34.1,17.05,Normal
11,L,141.8,38.2,19.01,Gemuk
6,L,110.4,22.0,18.01,Gemuk
12,L,147.5,38.3,17.61,Normal
8,P,119.9,26.9,18.74,Gemuk
10,L,135.0,29.6,16.26,Normal
8,P,124.2,25.2,16.36,Normal
6,P,111.9,22.0,17.56,Normal
9,P,126.2,26.3,16.51,Normal
7,P,117.0,18.1,13.24,Kurus
8,P,126.9,24.9,15.49,Normal
8,L,123.1,22.7,15.0,Normal
9,P,125.0,27.0,17.24,Normal
8,L,119.9,25.8,17.98,Normal
7,P,118.8,18.0,12.74,Kurus
9,P,127.4,31.2,19.26,Gemuk
11,L,146.0,32.6,15.29,Normal
8,P,123.4,25.0,16.39,Normal
12,L,146.5,39.1,18.2,Gemuk
10,L,134.4,30.9,17.11,Normal
9,P,126.3,31.0,19.46,Gemuk
8,P,123.1,22.9,15.09,Normal
9,L,131.2,25.0,14.54,Normal
12,P,147.8,39.6,18.13,Gemuk
12,P,141.4,38.1,19.04,Gemuk
10,P,135.8,31.6,17.13,Normal
11,L,139.3,37.2,19.16,Gemuk
12,L,144.9,39.1,18.62,Gemuk
11,L,142.8,32.0,15.69,Normal
10,P,136.6,28.1,15.08,Normal
8,P,122.8,23.2,15.42,Normal
6,L,115.9,20.3,15.11,Normal
11,L,144.3,33.2,15.91,Normal
12,L,148.8,33.2,14.99,Normal
11,P,142.8,40.5,19.86,Gemuk
6,L,117.0,19.6,14.29,Normal
7,L,117.6,22.4,16.23,Normal
9,L,125.1,30.0,19.18,Gemuk
10,L,138.6,31.4,16.35,Normal
7,L,116.1,22.2,16.48,Normal
12,P,145.9,40.1,18.82,Gemuk
10,L,131.8,35.5,20.44,Gemuk
11,L,135.6,34.7,18.87,Gemuk
7,P,116.4,21.4,15.8,Normal
12,L,142.5,34.9,17.18,Normal
10,P,134.5,35.3,19.49,Gemuk
12,P,145.2,36.5,17.33,Normal
10,P,133.4,34.1,19.16,Gemuk
6,P,115.9,17.0,12.67,Kurus
6,L,116.3,18.9,13.98,Kurus
12,L,143.0,42.1,20.58,Gemuk
11,P,137.6,36.4,19.22,Gemuk
11,P,141.6,29.5,14.71,Normal
7,L,117.5,20.7,15.01,Normal
10,L,134.2,33.3,18.49,Gemuk
6,P,110.3,20.8,17.08,Normal
12,P,148.0,35.8,16.36,Normal
7,L,117.8,23.2,16.68,Normal
12,P,144.5,37.8,18.09,Gemuk
9,P,128.2,23.4,14.26,Normal
11,L,140.5,39.5,20.0,Gemuk
7,P,118.7,25.0,17.75,Normal
10,L,137.7,33.2,17.49,Normal
8,L,119.5,24.4,17.12,Normal
7,L,122.3,18.0,12.03,Kurus
8,P,123.9,24.4,15.87,Normal
6,L,113.7,18.8,14.58,Normal
12,P,144.5,40.9,19.62,Gemuk
6,L,111.5,17.0,13.67,Kurus
6,P,116.4,22.0,16.23,Normal
11,P,138.8,28.3,14.69,Normal
10,P,136.0,30.7,16.57,Normal
11,L,140.6,33.8,17.11,Normal
8,P,128.0,24.8,15.12,Normal
8,L,121.8,20.0,13.49,Kurus
11,L,141.0,38.4,19.33,Gemuk
8,L,121.4,22.9,15.51,Normal
9,P,127.9,27.9,17.04,Normal
9,L,126.4,27.3,17.11,Normal
11,L,140.2,32.1,16.32,Normal
8,P,119.2,27.3,19.19,Gemuk
11,P,144.3,42.2,20.24,Gemuk
7,P,122.2,20.2,13.5,Kurus
8,P,126.1,24.3,15.27,Normal
6,L,111.9,21.3,16.98,Normal
11,L,139.2,32.5,16.77,Normal
11,L,141.2,36.4,18.26,Gemuk
9,P,125.8,29.4,18.58,Gemuk
6,P,115.3,22.0,16.56,Normal
12,P,148.4,41.4,18.79,Gemuk
6,L,112.7,20.8,16.35,Normal
8,L,122.1,20.5,13.79,Kurus
11,L,143.4,33.3,16.19,Normal
12,P,148.0,37.5,17.13,Normal
11,P,141.0,36.5,18.39,Gemuk
12,P,144.3,35.7,17.13,Normal
9,L,130.3,29.7,17.51,Normal
7,L,115.1,21.7,16.39,Normal
8,P,126.6,27.5,17.12,Normal
9,P,128.5,26.5,16.09,Normal
7,P,119.5,21.1,14.78,Normal
10,P,131.9,35.0,20.13,Gemuk
7,L,119.8,22.5,15.66,Normal
6,P,113.1,19.6,15.31,Normal
12,L,146.6,39.0,18.13,Gemuk
12,L,148.5,44.5,20.2,Gemuk
12,P,144.4,38.7,18.57,Gemuk
7,P,117.4,19.6,14.23,Normal
9,P,130.1,29.3,17.3,Normal
7,L,119.6,18.2,12.7,Kurus
11,L,141.4,35.1,17.57,Normal
10,L,132.8,32.9,18.65,Gemuk
8,L,120.1,20.0,13.87,Kurus
10,L,130.9,27.6,16.1,Normal
9,P,127.0,30.4,18.86,Gemuk
6,L,116.0,22.0,16.35,Normal
10,L,138.1,35.1,18.37,Gemuk
6,P,116.7,22.0,16.17,Normal
6,L,117.3,17.6,12.81,Kurus
8,P,118.0,25.2,18.08,Gemuk
10,L,132.9,35.7,20.24,Gemuk
7,P,120.9,24.5,16.77,Normal
8,P,119.8,22.2,15.49,Normal
7,P,115.0,19.7,14.93,Normal
7,L,120.1,18.0,12.49,Kurus
8,P,122.2,21.9,14.68,Normal
10,P,134.1,32.5,18.06,Gemuk
11,L,137.9,38.1,20.0,Gemuk
11,L,139.2,33.1,17.06,Normal
7,P,115.9,18.0,13.4,Kurus
12,P,150.9,39.7,17.42,Normal
12,L,144.9,41.1,19.57,Gemuk
12,P,146.2,40.7,19.05,Gemuk
12,L,149.3,38.6,17.3,Normal
11,P,142.4,33.0,16.3,Normal
8,L,125.6,24.4,15.45,Normal
6,P,115.3,18.0,13.57,Kurus
12,L,147.7,44.1,20.2,Gemuk
9,L,126.7,28.7,17.87,Normal
11,L,143.4,35.0,17.02,Normal
10,L,130.6,34.1,20.02,Gemuk
10,P,134.6,28.5,15.76,Normal
8,P,119.6,22.9,16.04,Normal
12,L,145.9,35.1,16.47,Normal
9,L,129.4,34.0,20.31,Gemuk
9,P,128.2,27.4,16.68,Normal
10,P,135.9,27.8,15.04,Normal
8,L,125.1,25.3,16.19,Normal
6,L,111.2,17.0,13.75,Kurus
10,L,131.9,34.6,19.92,Gemuk
6,P,116.6,17.0,12.51,Kurus
7,P,113.0,23.5,18.4,Gemuk
6,L,114.8,21.1,16.02,Normal
11,L,144.8,35.9,17.12,Normal
11,P,147.0,34.7,16.07,Normal
7,L,117.3,18.0,13.07,Kurus
8,P,123.8,25.2,16.43,Normal
11,L,141.0,32.7,16.43,Normal
11,P,139.9,34.1,17.44,Normal
12,L,145.7,37.7,17.74,Normal
12,L,150.1,32.8,14.55,Normal
7,P,115.6,18.0,13.48,Kurus
11,L,140.9,28.7,14.46,Normal
11,P,143.5,41.5,20.14,Gemuk
11,L,142.4,36.5,17.98,Normal
7,L,116.2,21.5,15.9,Normal
9,L,131.9,26.8,15.38,Normal
8,L,121.5,21.2,14.35,Normal
12,L,145.1,40.7,19.32,Gemuk
8,L,120.0,25.7,17.83,Normal
7,P,120.9,18.0,12.32,Kurus
10,L,128.0,29.1,17.78,Normal
8,L,122.2,20.6,13.81,Kurus
7,L,116.9,18.0,13.18,Kurus
10,P,133.7,32.3,18.06,Gemuk
7,P,118.7,24.3,17.24,Normal
10,L,135.1,35.3,19.33,Gemuk
7,L,115.0,18.0,13.6,Kurus
7,P,117.9,21.1,15.16,Normal
9,L,127.2,30.8,19.02,Gemuk
10,L,139.1,34.6,17.89,Normal
9,P,130.7,31.1,18.24,Gemuk
9,P,126.9,26.9,16.69,Normal
7,P,115.8,22.4,16.69,Normal
6,L,114.8,18.9,14.34,Normal
11,L,141.4,42.9,21.46,Gemuk
7,P,119.2,20.7,14.54,Normal
11,P,139.3,36.9,19.01,Gemuk
12,P,144.9,35.7,17.01,Normal
9,P,129.7,29.6,17.6,Normal
7,P,118.4,20.6,14.72,Normal
9,P,132.5,31.2,17.75,Normal
6,P,117.7,18.9,13.64,Kurus
12,L,145.2,34.7,16.43,Normal
10,L,132.2,28.2,16.15,Normal
10,L,133.3,34.6,19.48,Gemuk
9,P,130.4,30.4,17.89,Normal
10,P,135.8,31.3,16.94,Normal
11,P,139.3,37.6,19.38,Gemuk
10,L,132.9,32.7,18.54,Gemuk
12,L,151.0,41.0,17.99,Normal
11,L,145.1,37.2,17.67,Normal
9,L,130.0,27.4,16.22,Normal
9,P,125.8,27.3,17.27,Normal
6,L,115.9,19.4,14.43,Normal
9,P,129.1,32.6,19.57,Gemuk
8,P,121.1,22.2,15.16,Normal
9,L,131.6,27.4,15.85,Normal
6,P,112.8,17.0,13.35,Kurus
7,L,118.5,19.7,14.05,Normal
6,P,113.3,17.0,13.25,Kurus
8,L,124.3,20.0,12.94,Kurus
12,P,146.0,38.6,18.09,Gemuk
10,L,137.3,28.6,15.16,Normal
6,L,112.1,19.2,15.27,Normal
8,L,124.6,23.5,15.15,Normal
7,P,119.5,20.8,14.56,Normal
6,P,114.8,17.0,12.91,Kurus
12,P,144.4,41.1,19.69,Gemuk
7,L,118.4,20.3,14.52,Normal
10,L,133.0,34.9,19.72,Gemuk
11,P,138.8,35.3,18.32,Gemuk
12,P,142.3,40.1,19.82,Gemuk
10,L,132.1,28.5,16.3,Normal
9,L,127.6,23.4,14.36,Normal
9,L,125.8,30.2,19.1,Gemuk
11,P,140.6,36.3,18.35,Gemuk
8,L,121.6,25.2,17.08,Normal
6,L,116.1,22.0,16.33,Normal
11,P,142.3,32.9,16.24,Normal
8,L,125.2,27.3,17.43,Normal
10,L,130.2,29.7,17.52,Normal
8,P,122.9,26.3,17.43,Normal
8,P,125.0,21.5,13.75,Kurus
12,P,145.0,43.3,20.59,Gemuk
6,P,110.0,21.6,17.87,Normal
6,P,115.5,19.6,14.67,Normal
6,L,118.0,20.8,14.94,Normal
11,P,146.2,33.7,15.79,Normal
6,P,118.0,17.4,12.49,Kurus
9,P,123.3,25.8,17.0,Normal
10,L,129.8,30.3,17.98,Normal
9,P,130.8,28.9,16.86,Normal
6,L,115.9,22.0,16.39,Normal
10,L,129.4,27.7,16.53,Normal
12,L,145.0,39.6,18.83,Gemuk
10,L,132.8,31.0,17.57,Normal
12,P,145.0,38.8,18.47,Gemuk
6,P,113.2,19.3,15.05,Normal
6,L,113.1,17.0,13.29,Kurus
11,L,140.4,36.7,18.63,Gemuk
7,P,120.3,19.3,13.35,Kurus
7,P,120.1,20.5,14.24,Normal
7,P,120.9,24.7,16.92,Normal
9,L,131.2,28.3,16.45,Normal
11,L,142.8,39.4,19.32,Gemuk
12,P,146.6,37.2,17.32,Normal
12,P,146.1,42.0,19.68,Gemuk
8,P,125.2,25.8,16.44,Normal
9,P,128.6,27.4,16.58,Normal
9,P,126.9,29.0,18.01,Gemuk
9,P,131.2,30.4,17.65,Normal
6,L,117.0,22.0,16.08,Normal
11,L,142.8,34.1,16.74,Normal
10,L,133.8,30.9,17.23,Normal
6,L,113.7,17.0,13.16,Kurus
11,P,143.4,30.2,14.69,Normal
12,P,147.4,38.8,17.88,Normal
7,P,118.4,22.8,16.28,Normal
6,P,111.3,22.0,17.76,Normal
8,L,122.1,23.7,15.93,Normal
11,L,139.5,39.3,20.2,Gemuk
8,P,120.1,29.0,20.12,Gemuk
6,P,113.9,17.0,13.11,Kurus
12,P,149.3,40.5,18.17,Gemuk
7,P,118.4,20.4,14.57,Normal
7,P,121.7,22.9,15.47,Normal
10,P,131.7,30.5,17.57,Normal
10,L,129.1,26.4,15.81,Normal
8,L,125.3,20.0,12.74,Kurus
9,L,126.6,26.7,16.68,Normal
8,P,123.0,21.8,14.4,Normal
7,L,117.4,18.2,13.23,Kurus
12,P,146.2,36.9,17.29,Normal
11,P,141.4,32.9,16.47,Normal
10,L,131.2,30.5,17.72,Normal
12,P,149.7,39.4,17.61,Normal
7,L,116.6,18.0,13.24,Kurus
7,P,116.7,19.9,14.64,Normal
7,P,113.0,22.2,17.42,Normal
7,P,122.2,25.0,16.74,Normal
8,L,120.1,24.7,17.12,Normal
11,P,140.4,33.5,17.0,Normal
6,P,110.0,20.8,17.19,Normal
10,P,134.4,35.3,19.52,Gemuk
12,L,144.1,36.7,17.66,Normal
8,L,123.4,25.4,16.69,Normal
12,L,141.1,36.2,18.2,Gemuk
6,P,116.1,21.1,15.63,Normal
8,P,123.9,29.0,18.88,Gemuk
9,P,123.0,22.9,15.12,Normal
8,P,122.6,24.4,16.23,Normal
12,L,146.0,39.4,18.5,Gemuk
9,L,131.6,26.3,15.2,Normal
7,L,118.1,20.1,14.44,Normal
12,L,147.9,40.6,18.57,Gemuk
12,L,148.1,35.0,15.97,Normal
10,P,138.8,28.6,14.84,Normal
10,L,136.0,33.6,18.19,Gemuk
8,P,121.3,27.2,18.5,Gemuk
12,L,145.1,40.3,19.12,Gemuk
6,L,113.7,17.0,13.16,Kurus
10,P,136.1,31.4,16.94,Normal
9,L,131.8,28.8,16.59,Normal
6,L,114.5,18.5,14.13,Normal
12,P,145.5,40.5,19.13,Gemuk
12,P,142.7,37.4,18.37,Gemuk
9,L,130.1,29.7,17.52,Normal
11,P,141.4,38.3,19.16,Gemuk
11,L,140.7,33.6,16.97,Normal
12,L,142.6,36.3,17.85,Normal
10,P,137.3,34.3,18.19,Gemuk
6,P,110.5,17.0,13.91,Kurus
9,L,128.1,26.2,15.98,Normal
9,P,126.9,31.8,19.73,Gemuk
12,L,146.6,42.8,19.89,Gemuk
7,L,114.9,18.0,13.63,Kurus
9,P,128.2,28.8,17.54,Normal
12,L,146.1,40.2,18.83,Gemuk
6,L,116.8,17.0,12.45,Kurus
6,P,112.7,22.0,17.33,Normal
11,P,141.9,34.7,17.25,Normal
8,P,124.6,23.1,14.89,Normal
6,P,114.6,22.0,16.75,Normal
12,P,143.7,37.0,17.93,Normal
8,L,118.7,27.6,19.61,Gemuk
7,L,116.0,21.5,15.95,Normal
9,P,128.1,27.1,16.48,Normal
6,P,116.0,17.1,12.7,Kurus
8,L,121.2,20.8,14.15,Normal
12,L,142.0,34.8,17.28,Normal
6,L,112.4,20.9,16.56,Normal
8,L,122.5,22.0,14.64,Normal
8,P,122.2,29.0,19.42,Gemuk
10,P,133.3,34.0,19.15,Gemuk
9,L,127.4,29.1,17.93,Normal
7,L,118.6,19.9,14.16,Normal
12,L,142.8,38.9,19.1,Gemuk
8,L,124.3,22.6,14.63,Normal
6,L,115.0,17.0,12.85,Kurus
6,L,112.8,22.0,17.29,Normal
12,P,149.0,40.0,18.03,Gemuk
10,P,134.7,33.7,18.57,Gemuk
9,P,130.2,26.9,15.86,Normal
8,L,119.6,23.8,16.62,Normal
10,L,133.5,33.6,18.86,Gemuk
7,P,116.9,25.0,18.29,Gemuk
8,L,123.0,26.4,17.49,Normal
10,L,137.9,35.4,18.64,Gemuk
12,L,149.6,42.1,18.84,Gemuk
11,P,136.3,35.0,18.83,Gemuk
7,L,113.0,24.5,19.16,Gemuk
10,P,135.3,31.7,17.3,Normal
12,P,145.6,40.2,18.97,Gemuk
10,P,135.1,31.7,17.35,Normal
6,P,111.9,19.1,15.26,Normal
10,L,136.4,33.5,18.02,Gemuk
8,L,124.9,25.0,16.05,Normal
10,L,130.9,30.0,17.49,Normal
7,P,115.7,20.1,14.98,Normal
10,L,134.3,31.3,17.33,Normal
11,L,140.7,38.7,19.53,Gemuk
12,P,145.6,38.6,18.19,Gemuk
11,P,142.3,39.7,19.58,Gemuk
7,P,116.9,23.0,16.83,Normal
11,P,142.9,33.7,16.53,Normal
8,L,122.9,26.9,17.77,Normal
10,P,132.0,33.6,19.29,Gemuk
8,P,125.6,21.7,13.77,Kurus
10,L,132.8,36.7,20.81,Gemuk
11,P,135.4,31.4,17.14,Normal
6,P,113.8,17.8,13.76,Kurus
9,L,125.8,27.0,17.07,Normal
6,P,118.0,21.5,15.43,Normal
7,L,113.8,22.5,17.37,Normal
10,P,133.2,38.0,21.41,Gemuk
11,P,142.6,37.1,18.26,Gemuk
9,P,126.0,24.0,15.11,Normal
7,L,116.8,21.8,16.0,Normal
12,L,147.2,43.7,20.17,Gemuk
6,P,114.4,17.0,12.98,Kurus
10,P,133.3,29.7,16.71,Normal
8,L,122.4,23.2,15.45,Normal
12,P,142.8,38.7,18.97,Gemuk
12,L,145.7,35.3,16.62,Normal
12,L,146.3,36.4,17.01,Normal
7,P,114.6,23.6,17.94,Normal
7,L,122.5,23.6,15.72,Normal
12,P,148.5,35.7,16.19,Normal
7,P,120.9,18.0,12.32,Kurus
12,P,145.9,35.7,16.75,Normal
8,P,122.2,22.7,15.2,Normal
9,P,124.8,28.7,18.46,Gemuk
7,L,117.1,19.8,14.44,Normal
11,P,143.1,33.0,16.13,Normal
7,L,114.1,20.9,16.06,Normal
8,P,120.6,25.8,17.76,Normal
7,L,118.5,21.2,15.11,Normal
11,P,138.6,38.0,19.76,Gemuk
8,L,120.9,24.3,16.63,Normal
10,P,131.4,34.4,19.92,Gemuk
7,P,114.3,20.4,15.63,Normal
8,P,118.0,24.2,17.38,Normal
11,P,142.4,33.5,16.49,Normal
8,P,124.2,23.5,15.26,Normal
9,P,133.0,29.1,16.47,Normal
6,L,116.0,17.0,12.64,Kurus
6,L,116.1,17.0,12.61,Kurus
12,P,146.0,33.9,15.9,Normal
6,L,113.4,22.0,17.11,Normal
12,L,147.1,45.5,21.04,Gemuk
12,L,148.6,36.8,16.66,Normal
7,L,115.6,25.0,18.7,Gemuk
7,P,118.8,20.9,14.83,Normal
7,L,120.4,21.8,15.02,Normal
9,P,127.6,29.3,18.01,Gemuk
7,L,118.5,25.0,17.81,Normal
12,L,147.3,37.7,17.35,Normal
7,L,120.0,21.3,14.76,Normal
6,P,112.7,22.0,17.32,Normal
9,P,125.7,30.7,19.43,Gemuk
12,L,148.8,42.0,18.96,Gemuk
12,L,144.4,30.4,14.55,Normal
6,L,113.2,20.1,15.73,Normal
10,L,131.6,30.4,17.57,Normal
11,L,141.9,33.7,16.73,Normal
8,P,120.5,28.5,19.63,Gemuk
10,P,133.7,28.8,16.1,Normal
6,L,118.0,18.4,13.19,Kurus
6,P,118.0,17.0,12.21,Kurus
8,P,124.5,26.5,17.12,Normal
11,L,141.1,35.1,17.65,Normal
6,L,114.8,22.0,16.68,Normal
7,P,113.9,25.0,19.27,Gemuk
11,L,142.6,37.1,18.24,Gemuk
12,L,146.7,43.9,20.41,Gemuk
10,L,132.9,30.3,17.17,Normal
7,P,114.7,19.0,14.44,Normal
6,P,111.7,22.0,17.63,Normal
6,P,111.8,17.0,13.6,Kurus
6,L,115.7,19.6,14.65,Normal
9,P,130.1,32.8,19.38,Gemuk
7,L,116.7,19.0,13.94,Kurus
11,L,140.9,37.3,18.79,Gemuk
7,P,120.6,25.0,17.19,Normal
7,P,120.9,18.0,12.31,Kurus
8,L,118.3,20.1,14.34,Normal
12,P,143.5,44.5,21.6,Gemuk
10,P,128.1,34.2,20.81,Gemuk
9,L,126.8,22.0,13.7,Kurus
10,L,130.8,33.8,19.79,Gemuk
10,P,138.1,27.9,14.62,Normal
11,L,143.3,37.1,18.07,Gemuk
9,L,127.5,30.1,18.49,Gemuk
9,P,125.9,26.2,16.53,Normal
6,P,115.2,17.0,12.81,Kurus
9,P,124.5,24.9,16.07,Normal
6,P,114.8,18.1,13.76,Kurus
9,L,127.8,27.3,16.72,Normal
9,L,127.2,34.0,21.01,Gemuk
10,L,132.5,35.7,20.35,Gemuk
11,L,141.0,35.2,17.74,Normal
9,P,128.2,23.1,14.05,Normal
11,P,141.8,37.3,18.55,Gemuk
12,P,143.8,37.5,18.15,Gemuk
6,P,111.2,18.1,14.65,Normal
12,L,147.5,35.1,16.12,Normal
6,L,110.4,17.0,13.95,Kurus
10,P,132.9,28.3,16.01,Normal
12,L,143.0,36.7,17.93,Normal
10,L,129.7,29.4,17.48,Normal
11,L,140.7,34.8,17.6,Normal
12,L,141.3,42.8,21.41,Gemuk
11,L,141.9,38.6,19.17,Gemuk
10,P,139.3,31.5,16.25,Normal
6,P,116.4,17.0,12.54,Kurus
8,L,122.1,23.8,15.95,Normal
7,P,116.4,19.9,14.68,Normal
10,P,132.5,32.7,18.61,Gemuk
7,L,116.8,21.4,15.67,Normal
12,L,144.6,41.2,19.67,Gemuk
11,P,140.0,34.7,17.69,Normal
8,L,123.1,20.5,13.51,Kurus
11,L,141.7,36.1,17.99,Normal
6,L,118.0,17.0,12.21,Kurus
9,L,129.5,30.1,17.95,Normal
7,L,113.7,25.0,19.32,Gemuk
11,P,142.7,28.7,14.09,Normal
12,P,147.8,38.2,17.47,Normal
7,P,115.4,22.4,16.85,Normal
9,P,125.6,30.0,19.03,Gemuk
7,P,114.0,18.8,14.51,Normal
7,P,117.2,18.0,13.11,Kurus
12,P,148.3,39.5,17.96,Normal
11,P,137.5,41.4,21.87,Gemuk
11,P,140.0,34.2,17.46,Normal
10,L,134.9,33.9,18.61,Gemuk
8,L,122.7,26.6,17.65,Normal
11,L,143.9,39.1,18.88,Gemuk
8,P,122.6,25.5,16.98,Normal
6,L,110.6,20.4,16.71,Normal
7,P,118.3,21.6,15.45,Normal
11,P,141.6,32.5,16.22,Normal
9,P,131.6,30.7,17.73,Normal
8,L,120.0,24.0,16.66,Normal
6,P,114.7,22.0,16.73,Normal
10,L,131.0,32.1,18.71,Gemuk
11,P,142.1,33.5,16.62,Normal
9,L,130.7,30.8,18.01,Gemuk
12,L,145.1,39.5,18.76,Gemuk
6,L,114.4,19.9,15.18,Normal
11,P,142.1,34.9,17.31,Normal
6,P,117.4,22.0,15.95,Normal
9,P,123.0,29.8,19.73,Gemuk
9,P,127.6,29.5,18.14,Gemuk
8,P,126.9,28.0,17.4,Normal
8,L,124.7,20.4,13.11,Kurus
6,L,110.6,22.0,17.97,Normal
11,L,142.4,36.0,17.76,Normal
9,P,126.5,28.0,17.51,Normal
7,L,117.2,21.5,15.63,Normal
6,L,111.9,18.5,14.77,Normal
6,P,114.1,22.0,16.89,Normal
6,P,110.0,20.2,16.66,Normal
12,L,142.0,35.3,17.54,Normal
11,L,141.9,36.0,17.89,Normal
11,P,140.7,34.1,17.21,Normal
9,L,126.9,27.7,17.21,Normal
12,L,147.6,38.2,17.51,Normal
6,P,112.3,17.6,13.96,Kurus
10,L,134.7,28.6,15.79,Normal
9,P,129.9,27.2,16.1,Normal
8,P,122.8,23.0,15.25,Normal
9,L,128.4,29.6,17.93,Normal
6,L,114.6,17.0,12.94,Kurus
10,P,132.2,33.0,18.88,Gemuk
9,L,130.0,25.1,14.85,Normal
7,P,123.0,23.1,15.28,Normal
12,P,148.7,39.7,17.94,Normal
8,P,120.0,23.2,16.09,Normal
8,L,121.0,27.2,18.6,Gemuk
7,P,121.8,25.0,16.85,Normal
6,P,114.2,19.7,15.12,Normal
11,P,139.5,32.9,16.89,Normal
6,L,115.7,17.0,12.71,Kurus
12,P,146.7,38.1,17.7,Normal
7,L,117.6,23.8,17.23,Normal
6,P,115.7,19.4,14.51,Normal
11,P,143.0,34.8,17.01,Normal
8,P,123.6,20.0,13.1,Kurus
7,P,115.9,25.0,18.6,Gemuk
12,L,143.9,41.7,20.1,Gemuk
6,P,117.9,18.3,13.17,Kurus
9,P,125.9,28.6,18.04,Gemuk
6,L,110.0,19.3,15.95,Normal
6,L,118.0,18.5,13.31,Kurus
11,P,140.1,35.4,18.06,Gemuk
10,P,137.3,33.9,18.01,Gemuk
12,L,146.2,42.7,19.97,Gemuk
6,L,114.7,22.0,16.72,Normal
6,P,111.7,17.2,13.77,Kurus
11,L,140.7,34.3,17.33,Normal
7,L,120.3,20.3,14.03,Normal
6,P,114.9,22.0,16.66,Normal
9,L,126.8,28.3,17.64,Normal
10,P,133.3,30.8,17.34,Normal
11,P,139.5,40.4,20.76,Gemuk
12,P,146.1,36.0,16.84,Normal
9,P,128.1,32.3,19.7,Gemuk
6,P,115.1,21.1,15.95,Normal
9,P,127.5,25.1,15.41,Normal
6,L,110.4,21.1,17.28,Normal
7,P,120.6,23.4,16.05,Normal
7,L,114.9,18.0,13.62,Kurus
10,P,135.3,38.0,20.76,Gemuk
10,P,132.5,30.0,17.09,Normal
8,P,125.4,29.0,18.44,Gemuk
8,P,123.7,25.2,16.46,Normal
8,P,119.6,27.4,19.11,Gemuk
10,L,128.0,31.6,19.31,Gemuk
12,L,144.2,43.6,20.96,Gemuk
11,P,138.9,31.9,16.55,Normal
8,L,121.2,23.8,16.17,Normal
8,P,119.5,27.0,18.95,Gemuk
8,L,123.8,23.3,15.2,Normal
9,L,128.5,29.5,17.84,Normal
6,P,115.8,21.3,15.9,Normal
10,L,129.9,27.5,16.3,Normal
7,L,116.5,22.3,16.42,Normal
8,P,123.5,23.6,15.47,Normal
12,L,141.7,45.6,22.72,Obesitas
6,P,111.7,19.2,15.36,Normal
10,P,130.4,33.1,19.46,Gemuk
11,P,135.0,34.5,18.93,Gemuk
10,P,130.6,32.0,18.78,Gemuk
6,P,113.4,18.0,13.97,Kurus
10,L,138.6,28.7,14.91,Normal
6,P,114.5,19.1,14.55,Normal
10,P,136.2,37.2,20.07,Gemuk
11,P,141.1,36.6,18.38,Gemuk
12,L,149.5,34.7,15.51,Normal
8,P,123.3,24.8,16.34,Normal
6,P,110.6,20.0,16.35,Normal
7,L,115.3,22.8,17.11,Normal
6,P,112.5,22.0,17.38,Normal
9,L,127.5,28.1,17.3,Normal
11,L,140.5,40.6,20.57,Gemuk
9,L,123.0,29.0,19.2,Gemuk
10,L,136.8,32.4,17.33,Normal
6,L,114.1,22.0,16.89,Normal
8,P,124.0,25.0,16.25,Normal
6,P,116.6,19.8,14.59,Normal
12,L,147.9,37.1,16.94,Normal
7,P,120.4,20.5,14.12,Normal
11,L,140.5,31.4,15.93,Normal
11,P,142.3,29.4,14.54,Normal
9,P,128.8,28.8,17.33,Normal
6,P,117.7,17.0,12.26,Kurus
9,P,132.4,27.3,15.59,Normal
11,P,145.8,31.5,14.83,Normal
12,L,146.3,36.3,16.97,Normal
8,L,123.5,29.0,19.02,Gemuk
6,L,115.0,19.2,14.53,Normal
10,P,136.6,34.5,18.5,Gemuk
6,P,117.6,17.1,12.37,Kurus
8,L,120.2,24.5,16.98,Normal
9,P,128.3,29.4,17.87,Normal
12,L,145.2,40.3,19.1,Gemuk
12,L,143.3,34.9,17.01,Normal
11,P,141.9,38.9,19.29,Gemuk
11,P,141.5,28.0,13.99,Kurus
9,L,130.9,22.3,13.03,Kurus
11,P,137.6,36.8,19.45,Gemuk
12,L,145.6,41.1,19.39,Gemuk
11,P,139.7,32.0,16.37,Normal
11,L,137.8,28.1,14.81,Normal
11,P,143.1,34.9,17.03,Normal
8,P,122.4,23.8,15.88,Normal
6,P,115.1,17.0,12.83,Kurus
10,P,132.5,27.9,15.89,Normal
7,L,117.9,25.0,17.99,Normal
11,L,144.6,35.6,17.03,Normal
7,L,119.5,18.5,12.93,Kurus
9,L,124.7,26.3,16.93,Normal
6,P,112.7,17.2,13.55,Kurus
11,P,142.7,37.0,18.16,Gemuk
11,P,142.3,38.4,18.99,Gemuk
7,L,115.6,21.9,16.4,Normal
7,P,117.8,20.7,14.89,Normal
7,L,116.4,21.1,15.58,Normal
6,L,112.5,17.8,14.06,Normal
9,P,132.1,26.5,15.15,Normal
12,L,148.2,41.1,18.69,Gemuk
11,P,139.7,38.5,19.71,Gemuk
9,P,127.3,22.7,14.0,Normal
9,P,125.7,28.5,18.08,Gemuk
10,L,135.2,30.4,16.62,Normal
9,P,128.3,29.9,18.18,Gemuk
7,L,116.1,25.0,18.55,Gemuk
12,P,144.4,37.5,18.0,Gemuk
7,L,121.8,18.0,12.13,Kurus
12,L,146.2,39.5,18.46,Gemuk
12,L,151.4,41.8,18.24,Gemuk
6,P,114.7,18.0,13.66,Kurus
8,P,119.8,24.3,16.91,Normal
8,L,124.3,23.6,15.28,Normal
9,P,125.2,29.8,18.99,Gemuk
11,P,141.2,35.4,17.73,Normal
6,P,114.2,17.0,13.04,Kurus
11,L,140.3,34.5,17.56,Normal
12,L,145.0,33.9,16.15,Normal
12,P,145.2,39.9,18.94,Gemuk
10,L,132.7,28.2,16.03,Normal
7,P,113.6,18.0,13.94,Kurus
12,L,145.2,38.7,18.35,Gemuk
9,L,131.8,28.3,16.28,Normal
12,L,143.4,44.9,21.83,Gemuk
10,L,133.6,27.6,15.48,Normal
8,P,122.3,26.6,17.77,Normal
7,P,118.7,18.0,12.78,Kurus
6,L,115.5,19.7,14.73,Normal
9,P,132.0,22.0,12.63,Kurus
10,L,135.9,30.3,16.4,Normal
10,L,130.3,31.3,18.44,Gemuk
11,P,138.6,38.9,20.25,Gemuk
6,P,113.6,22.0,17.05,Normal
6,L,114.9,17.0,12.89,Kurus
12,P,140.8,33.2,16.73,Normal
10,L,136.3,26.4,14.21,Normal
6,L,114.2,21.2,16.21,Normal
10,L,135.0,29.7,16.28,Normal
10,L,132.8,31.2,17.66,Normal
9,L,126.9,30.9,19.21,Gemuk
8,P,123.4,20.0,13.13,Kurus
7,P,115.8,19.1,14.22,Normal
11,P,139.5,38.2,19.64,Gemuk
12,L,145.4,40.3,19.06,Gemuk
12,P,142.9,41.7,20.39,Gemuk
7,P,119.4,18.4,12.92,Kurus
6,P,116.8,17.0,12.46,Kurus
11,L,138.8,33.9,17.6,Normal
9,P,126.9,26.2,16.28,Normal
12,P,144.8,37.1,17.67,Normal
7,L,118.8,25.0,17.71,Normal
9,P,126.1,25.5,16.03,Normal
8,L,118.1,21.5,15.42,Normal
8,P,125.0,22.8,14.6,Normal
11,P,141.8,29.5,14.66,Normal
12,L,141.8,36.6,18.19,Gemuk
12,L,145.3,43.7,20.72,Gemuk
11,L,138.0,31.1,16.35,Normal
8,P,123.8,26.3,17.17,Normal
9,P,128.2,23.6,14.34,Normal
9,P,123.6,33.7,22.02,Obesitas
10,P,135.5,30.9,16.82,Normal
9,L,130.5,32.5,19.06,Gemuk
9,L,129.8,26.7,15.84,Normal
12,P,142.3,34.9,17.23,Normal
10,P,133.2,32.9,18.53,Gemuk
10,P,133.9,37.4,20.88,Gemuk
7,L,118.1,22.5,16.15,Normal
11,P,143.0,33.5,16.39,Normal
7,L,119.5,22.0,15.41,Normal
9,L,127.6,30.3,18.62,Gemuk
6,P,113.0,20.3,15.93,Normal
11,P,143.0,32.7,15.99,Normal
10,L,129.7,30.3,18.05,Gemuk
9,P,128.8,24.7,14.88,Normal
10,L,135.1,29.9,16.38,Normal
7,P,116.8,20.7,15.15,Normal
8,P,124.8,24.3,15.61,Normal
11,P,140.8,36.4,18.35,Gemuk
7,P,118.1,22.5,16.11,Normal
8,L,124.4,26.1,16.85,Normal
10,L,131.8,33.9,19.48,Gemuk
7,L,114.4,21.8,16.69,Normal
7,P,119.9,22.8,15.85,Normal
9,L,127.5,28.2,17.37,Normal
6,P,110.8,17.0,13.85,Kurus
7,L,121.4,25.0,16.95,Normal
6,L,112.4,21.3,16.86,Normal
6,P,115.1,18.1,13.69,Kurus
11,P,138.8,35.9,18.63,Gemuk
11,L,142.5,39.9,19.64,Gemuk
10,L,132.4,32.4,18.44,Gemuk
9,P,124.2,24.2,15.7,Normal
7,P,114.1,19.9,15.33,Normal
10,L,133.8,27.9,15.58,Normal
10,P,128.0,25.3,15.43,Normal
6,L,114.7,19.8,15.08,Normal
6,P,110.5,17.0,13.92,Kurus
12,L,143.3,41.3,20.14,Gemuk
10,L,134.4,31.3,17.35,Normal
9,P,127.5,26.5,16.31,Normal
6,P,111.1,22.0,17.84,Normal
6,P,111.5,19.1,15.39,Normal
10,P,135.8,33.5,18.14,Gemuk
12,P,144.8,37.6,17.94,Normal
9,L,127.5,24.5,15.09,Normal
9,L,126.7,34.0,21.18,Gemuk
11,L,140.0,38.2,19.47,Gemuk
9,P,123.0,28.3,18.68,Gemuk
8,L,120.2,27.6,19.08,Gemuk
10,P,135.4,29.7,16.19,Normal
11,L,139.7,31.7,16.22,Normal
8,P,124.6,21.9,14.13,Normal
12,L,148.2,31.8,14.49,Normal
9,P,125.9,28.7,18.13,Gemuk
12,P,147.7,35.9,16.48,Normal
12,P,144.5,42.6,20.4,Gemuk
6,P,113.0,22.0,17.22,Normal
8,P,118.0,25.6,18.36,Gemuk
11,P,140.7,34.9,17.65,Normal
9,L,130.5,28.3,16.61,Normal
12,P,141.6,37.2,18.57,Gemuk
10,L,134.9,32.9,18.08,Gemuk
10,L,135.8,27.5,14.91,Normal
11,L,139.8,34.1,17.46,Normal
11,L,140.7,37.8,19.08,Gemuk
11,L,141.8,37.1,18.44,Gemuk
12,P,143.9,38.5,18.6,Gemuk
12,P,144.6,43.1,20.61,Gemuk
9,L,130.1,23.8,14.06,Normal
9,P,131.6,34.0,19.63,Gemuk
9,P,127.1,25.8,15.94,Normal
10,P,135.4,34.9,19.02,Gemuk
10,P,131.8,32.5,18.72,Gemuk
6,P,115.8,18.3,13.65,Kurus
8,P,127.8,22.6,13.8,Kurus
9,P,124.8,23.9,15.36,Normal
10,P,129.6,28.7,17.09,Normal
8,L,121.8,21.8,14.72,Normal
8,L,124.4,25.3,16.37,Normal
12,L,142.3,39.3,19.42,Gemuk
7,P,115.8,21.3,15.86,Normal
6,L,114.3,19.7,15.07,Normal
7,L,119.3,19.3,13.53,Kurus
6,P,113.0,22.0,17.24,Normal
7,P,120.3,24.3,16.79,Normal
7,P,120.1,25.0,17.32,Normal
10,L,134.9,33.9,18.64,Gemuk
12,L,150.7,38.8,17.07,Normal
8,P,123.7,26.7,17.44,Normal
7,L,117.0,19.1,13.92,Kurus
8,L,128.0,22.4,13.65,Kurus
7,L,120.3,22.9,15.8,Normal
12,L,148.5,35.3,16.03,Normal
8,P,122.2,20.2,13.54,Kurus
9,P,127.3,24.5,15.11,Normal
8,P,122.7,29.0,19.27,Gemuk
6,P,114.5,17.0,12.96,Kurus
11,P,141.9,29.5,14.62,Normal
7,P,118.9,19.5,13.79,Kurus
12,P,149.6,36.0,16.09,Normal
6,P,115.2,20.0,15.1,Normal
10,L,137.0,29.4,15.65,Normal
10,P,134.9,38.0,20.89,Gemuk
11,L,141.9,35.8,17.75,Normal
8,P,118.0,23.0,16.47,Normal
10,P,132.2,28.4,16.23,Normal
8,P,119.8,24.9,17.36,Normal
12,L,144.8,38.9,18.57,Gemuk
6,P,113.6,18.0,13.96,Kurus
9,P,129.4,25.3,15.09,Normal
7,L,113.5,18.6,14.46,Normal
12,L,150.9,39.6,17.38,Normal
11,P,144.7,37.6,17.95,Normal
7,L,119.3,18.0,12.65,Kurus
12,L,144.0,39.5,19.06,Gemuk
11,P,140.7,38.5,19.46,Gemuk
9,L,127.6,25.4,15.62,Normal
12,P,145.1,34.5,16.4,Normal
12,P,146.5,32.9,15.35,Normal
8,P,128.0,25.1,15.32,Normal
9,P,129.7,25.0,14.85,Normal
12,P,146.5,42.5,19.81,Gemuk
12,P,149.5,36.5,16.35,Normal
11,L,141.4,37.3,18.68,Gemuk
11,P,141.1,33.8,16.99,Normal
6,P,118.0,18.9,13.58,Kurus
7,P,116.4,25.0,18.44,Gemuk
9,L,127.7,29.6,18.17,Gemuk
10,P,129.3,32.0,19.17,Gemuk
11,L,142.9,35.4,17.35,Normal
7,L,115.4,22.3,16.76,Normal
10,L,135.8,29.2,15.82,Normal
8,L,124.6,27.5,17.7,Normal
12,L,146.0,33.1,15.54,Normal
7,L,118.3,18.0,12.9,Kurus
9,P,128.9,31.1,18.74,Gemuk
12,P,144.4,38.6,18.53,Gemuk
7,L,117.3,19.3,14.04,Normal
12,P,147.9,31.7,14.51,Normal
11,P,138.2,35.2,18.42,Gemuk
9,P,128.9,28.9,17.39,Normal
9,P,127.1,31.5,19.47,Gemuk
12,P,145.6,37.6,17.75,Normal
11,L,137.8,37.2,19.58,Gemuk
7,L,119.7,22.8,15.93,Normal
7,L,115.4,24.0,18.03,Gemuk
7,P,119.4,18.8,13.2,Kurus
8,P,121.4,20.8,14.07,Normal
7,P,119.1,19.4,13.64,Kurus
9,P,129.3,26.8,16.02,Normal
7,L,118.8,20.4,14.43,Normal
8,L,125.9,28.1,17.75,Normal
7,P,120.7,24.8,17.05,Normal
10,P,130.1,28.7,16.96,Normal
11,P,142.4,29.6,14.58,Normal
11,P,141.3,31.6,15.81,Normal
12,P,143.7,38.2,18.49,Gemuk
10,P,129.4,31.4,18.74,Gemuk
10,P,139.0,32.6,16.89,Normal
7,P,115.2,25.0,18.83,Gemuk
6,L,112.0,20.6,16.43,Normal
10,P,132.3,30.4,17.37,Normal
11,P,140.7,37.8,19.09,Gemuk
11,L,141.7,38.3,19.06,Gemuk
10,L,134.2,26.3,14.63,Normal
10,L,135.2,28.9,15.82,Normal
11,P,139.9,35.0,17.9,Normal
9,P,130.4,24.0,14.12,Normal
10,P,136.2,29.5,15.89,Normal
8,P,122.2,21.1,14.15,Normal
9,L,126.1,27.1,17.06,Normal
11,L,139.8,28.0,14.33,Normal
6,L,112.4,19.7,15.63,Normal
10,P,137.4,32.2,17.08,Normal
12,L,148.2,35.5,16.16,Normal
12,P,144.6,45.2,21.61,Gemuk
9,P,126.3,29.8,18.7,Gemuk
7,P,113.7,23.1,17.92,Normal
10,P,132.1,26.0,14.91,Normal
6,L,115.2,22.0,16.58,Normal
11,P,139.1,36.0,18.61,Gemuk
7,P,122.9,21.7,14.4,Normal
7,L,117.1,21.3,15.54,Normal
6,P,112.5,18.0,14.18,Normal
6,L,115.0,18.5,13.97,Kurus
12,L,147.4,42.0,19.32,Gemuk
9,P,125.7,28.3,17.91,Normal
10,P,138.0,33.8,17.77,Normal
8,P,122.3,26.0,17.36,Normal
8,L,125.0,20.0,12.8,Kurus
10,P,136.6,34.7,18.61,Gemuk
6,L,110.0,19.1,15.74,Normal
6,P,110.0,17.5,14.5,Normal
6,L,118.0,18.0,12.95,Kurus
7,L,116.2,25.0,18.51,Gemuk
12,L,144.7,40.4,19.32,Gemuk
9,L,128.9,28.4,17.11,Normal
9,L,132.7,29.0,16.47,Normal
9,L,126.8,33.7,20.97,Gemuk
12,L,141.6,36.7,18.33,Gemuk
12,P,146.4,45.2,21.08,Gemuk
11,P,135.7,33.5,18.21,Gemuk
11,P,135.0,34.5,18.91,Gemuk
9,P,124.6,26.9,17.32,Normal
12,P,147.3,37.5,17.28,Normal
11,P,140.2,34.6,17.58,Normal
7,P,116.8,20.5,14.99,Normal
7,L,118.2,25.0,17.9,Normal
12,L,147.1,39.2,18.13,Gemuk
11,L,137.4,36.8,19.51,Gemuk
11,L,140.4,32.7,16.59,Normal
6,L,116.7,22.0,16.15,Normal
7,P,118.1,22.2,15.92,Normal
9,L,125.0,31.4,20.09,Gemuk
6,L,111.3,18.8,15.19,Normal
8,L,124.7,20.0,12.87,Kurus
7,L,116.5,25.0,18.41,Gemuk
6,P,112.8,17.7,13.93,Kurus
6,P,112.2,17.0,13.5,Kurus
10,P,134.2,33.5,18.59,Gemuk
10,P,136.5,36.3,19.52,Gemuk
6,P,118.0,17.0,12.21,Kurus
9,P,125.1,27.1,17.3,Normal
7,P,121.3,19.6,13.34,Kurus
6,L,116.5,17.9,13.21,Kurus
9,P,133.0,28.7,16.23,Normal
10,L,134.3,34.2,18.99,Gemuk
7,P,120.1,21.9,15.19,Normal
9,P,127.9,34.0,20.78,Gemuk
9,L,127.9,27.8,16.97,Normal
6,P,114.0,17.7,13.63,Kurus
10,L,135.0,35.8,19.62,Gemuk
8,P,125.8,20.0,12.67,Kurus
7,P,118.3,21.2,15.15,Normal
6,L,110.5,21.0,17.2,Normal
9,P,130.4,26.3,15.46,Normal
9,L,125.9,26.8,16.9,Normal
10,P,130.5,33.9,19.93,Gemuk
9,P,132.0,31.4,18.03,Gemuk
10,L,136.3,29.8,16.06,Normal
6,L,112.8,17.0,13.36,Kurus
8,P,121.1,20.0,13.63,Kurus
7,L,116.2,22.7,16.8,Normal
6,P,112.6,20.5,16.16,Normal
7,P,115.5,19.1,14.31,Normal
9,P,129.2,29.2,17.48,Normal
12,P,144.1,33.9,16.33,Normal
7,P,115.7,22.3,16.64,Normal
10,L,132.0,27.2,15.62,Normal
9,L,128.5,28.1,17.03,Normal
12,L,141.8,36.2,18.01,Gemuk
6,P,113.7,20.4,15.76,Normal
9,L,127.2,27.7,17.14,Normal
11,L,142.2,33.7,16.68,Normal
12,L,147.5,38.7,17.79,Normal
6,P,115.8,22.0,16.4,Normal
10,L,130.7,28.0,16.38,Normal
10,P,131.8,34.9,20.08,Gemuk
7,L,118.0,24.8,17.8,Normal
7,P,118.4,21.2,15.12,Normal
12,L,149.5,39.2,17.51,Normal
11,P,144.7,29.8,14.21,Normal
10,P,135.3,33.2,18.12,Gemuk
9,P,125.5,27.4,17.4,Normal
9,L,126.9,30.1,18.68,Gemuk
11,P,135.0,34.1,18.72,Gemuk
12,L,145.2,38.1,18.07,Gemuk
10,L,131.9,27.1,15.58,Normal
8,L,122.8,24.3,16.11,Normal
8,P,121.7,25.2,17.02,Normal
12,L,145.5,37.1,17.51,Normal
10,L,132.5,33.6,19.16,Gemuk
9,P,124.2,26.7,17.33,Normal
9,P,127.8,27.8,17.04,Normal
9,P,126.0,28.3,17.85,Normal
7,L,120.4,21.2,14.64,Normal
6,L,118.0,22.0,15.8,Normal
8,L,125.4,26.8,17.04,Normal
10,P,134.4,30.4,16.83,Normal
12,L,144.5,31.7,15.17,Normal
10,L,136.7,27.1,14.49,Normal
10,P,134.7,29.7,16.36,Normal
7,P,116.6,21.6,15.92,Normal
10,L,133.2,31.3,17.67,Normal
10,P,132.3,33.8,19.32,Gemuk
7,L,114.3,25.0,19.12,Gemuk
7,P,113.0,18.0,14.1,Normal
8,P,122.6,26.3,17.52,Normal
11,P,140.5,35.3,17.91,Normal
7,L,116.3,22.8,16.81,Normal
10,L,138.3,34.3,17.93,Normal
8,L,121.0,27.1,18.53,Gemuk
12,L,147.0,36.9,17.08,Normal
11,P,141.7,33.8,16.81,Normal
11,L,141.5,37.7,18.82,Gemuk
11,P,146.5,35.5,16.54,Normal
6,L,114.7,22.0,16.73,Normal
6,P,115.6,17.0,12.71,Kurus
6,P,112.1,17.0,13.53,Kurus
8,P,121.6,20.0,13.52,Kurus
11,P,137.5,33.4,17.66,Normal
8,L,120.0,23.4,16.23,Normal
6,L,111.0,20.5,16.69,Normal
11,L,143.3,37.2,18.13,Gemuk
8,L,124.0,26.8,17.42,Normal
12,P,148.0,37.3,17.03,Normal
8,P,121.8,24.4,16.44,Normal
8,L,122.6,23.9,15.89,Normal
9,L,130.9,27.8,16.23,Normal
7,L,115.0,21.8,16.47,Normal
8,P,126.3,23.1,14.44,Normal
7,P,118.4,18.0,12.84,Kurus
8,P,120.4,27.7,19.11,Gemuk
12,L,145.4,40.2,19.04,Gemuk
10,P,134.5,32.1,17.72,Normal
8,P,125.2,22.5,14.34,Normal
6,L,114.1,18.3,14.02,Normal
6,P,115.7,19.0,14.21,Normal
6,P,117.2,19.5,14.18,Normal
10,P,133.9,35.5,19.79,Gemuk
11,L,137.0,35.4,18.85,Gemuk
6,P,113.2,17.0,13.26,Kurus
12,P,147.2,35.2,16.24,Normal
6,P,117.1,18.9,13.81,Kurus
10,L,134.7,34.6,19.08,Gemuk
11,P,145.5,35.8,16.91,Normal
7,L,121.0,19.3,13.21,Kurus
12,L,150.6,34.2,15.07,Normal
8,L,125.5,23.5,14.89,Normal
6,L,113.4,19.8,15.39,Normal
7,L,120.2,23.1,15.97,Normal
8,L,121.8,24.8,16.69,Normal
10,P,133.0,25.2,14.24,Normal
9,L,127.0,27.4,16.99,Normal
12,P,147.8,34.7,15.89,Normal
11,P,139.6,33.1,16.99,Normal
7,P,117.8,18.2,13.09,Kurus
12,P,145.2,40.2,19.09,Gemuk
11,P,139.6,37.6,19.27,Gemuk
8,L,124.6,27.5,17.72,Normal
12,L,146.1,41.8,19.56,Gemuk
11,P,145.3,35.5,16.81,Normal
11,P,147.0,43.0,19.9,Gemuk
8,P,123.6,24.5,16.05,Normal
11,P,141.0,32.4,16.32,Normal
12,L,141.2,37.5,18.8,Gemuk
12,P,146.0,43.5,20.41,Gemuk
10,L,133.4,35.7,20.07,Gemuk
12,P,146.2,35.5,16.62,Normal
11,P,136.4,37.1,19.96,Gemuk
10,L,132.0,31.7,18.2,Gemuk
10,P,132.5,35.7,20.33,Gemuk
10,L,137.5,28.6,15.15,Normal
8,P,122.2,25.1,16.83,Normal
8,P,123.0,24.6,16.24,Normal
7,L,119.1,19.8,13.95,Kurus
8,L,122.9,24.6,16.28,Normal
8,L,123.7,22.7,14.87,Normal
10,L,134.4,29.2,16.19,Normal
12,P,145.2,34.7,16.46,Normal
11,L,143.9,33.2,16.05,Normal
9,P,132.0,29.7,17.03,Normal
10,L,133.6,34.2,19.19,Gemuk
12,P,146.7,43.9,20.4,Gemuk
7,L,119.7,21.9,15.3,Normal
8,L,121.6,24.5,16.54,Normal
6,P,110.0,22.0,18.18,Gemuk
12,L,147.0,40.3,18.66,Gemuk
8,L,122.8,28.1,18.63,Gemuk
9,P,127.8,23.4,14.3,Normal
8,P,121.2,24.5,16.65,Normal
8,P,120.0,25.0,17.34,Normal
10,P,134.3,33.8,18.76,Gemuk
11,P,142.9,32.6,15.97,Normal
7,L,119.2,19.2,13.5,Kurus
7,L,118.5,25.0,17.81,Normal
11,P,143.5,35.9,17.41,Normal
7,P,120.4,18.0,12.42,Kurus
7,L,121.7,21.3,14.34,Normal
8,P,120.8,29.0,19.87,Gemuk
6,L,113.4,22.0,17.11,Normal
12,L,146.4,39.9,18.62,Gemuk
11,P,143.0,36.7,17.95,Normal
10,P,133.3,36.7,20.65,Gemuk
10,L,138.9,25.2,13.06,Kurus
7,P,118.9,24.8,17.54,Normal
6,L,113.7,21.1,16.28,Normal
12,L,148.7,39.4,17.81,Normal
12,L,147.2,39.3,18.13,Gemuk
9,P,129.5,26.5,15.8,Normal
10,P,128.2,30.4,18.5,Gemuk
8,L,123.3,26.1,17.18,Normal
7,L,118.3,21.4,15.29,Normal
10,P,131.5,33.6,19.44,Gemuk
9,L,133.0,32.0,18.08,Gemuk
12,L,144.7,34.6,16.55,Normal
6,L,114.8,21.6,16.41,Normal
10,L,135.4,29.9,16.3,Normal
7,L,118.0,21.2,15.19,Normal
7,L,115.5,22.6,16.95,Normal
6,P,111.0,19.4,15.72,Normal
11,L,144.1,31.9,15.37,Normal
6,P,113.4,17.5,13.64,Kurus
7,L,115.0,25.0,18.89,Gemuk
6,P,110.3,22.0,18.08,Gemuk
7,L,116.7,21.0,15.42,Normal
10,L,137.1,33.0,17.57,Normal
7,L,116.2,21.4,15.87,Normal
8,P,124.3,28.3,18.31,Gemuk
10,P,135.0,30.3,16.61,Normal
6,P,111.2,20.1,16.29,Normal
7,P,120.6,25.0,17.2,Normal
7,P,119.9,21.7,15.1,Normal
7,P,117.8,23.6,17.04,Normal
7,P,117.5,18.0,13.04,Kurus
9,P,128.3,28.4,17.25,Normal
12,L,145.2,41.5,19.7,Gemuk
6,L,118.0,20.9,14.99,Normal
7,L,119.1,18.9,13.35,Kurus
12,L,147.7,39.6,18.15,Gemuk
11,L,139.0,35.0,18.11,Gemuk
9,L,126.7,28.4,17.66,Normal
11,L,140.6,40.0,20.25,Gemuk
10,P,132.7,25.7,14.6,Normal
9,P,128.2,31.0,18.87,Gemuk
11,L,144.3,33.3,16.0,Normal
6,P,111.3,19.9,16.1,Normal
10,P,133.3,30.7,17.28,Normal
10,P,132.1,29.5,16.91,Normal
12,P,142.3,40.4,19.95,Gemuk
12,L,144.3,45.2,21.73,Gemuk
12,L,146.7,40.3,18.72,Gemuk
9,P,126.4,28.2,17.68,Normal
11,P,136.9,33.8,18.04,Gemuk
7,P,118.5,23.7,16.87,Normal
12,L,144.0,44.5,21.46,Gemuk
9,P,127.8,28.3,17.34,Normal
6,L,117.3,17.0,12.36,Kurus
8,L,123.4,26.9,17.66,Normal
6,L,114.7,17.0,12.93,Kurus
7,L,117.1,23.9,17.43,Normal
7,L,115.9,18.0,13.39,Kurus
6,L,116.4,21.7,15.98,Normal
8,L,122.9,26.0,17.21,Normal
12,P,145.5,39.1,18.48,Gemuk
12,L,146.4,37.9,17.69,Normal
10,P,132.9,27.5,15.54,Normal
11,L,142.7,37.1,18.24,Gemuk
9,P,127.1,27.2,16.86,Normal
11,P,142.9,32.3,15.85,Normal
9,L,130.5,31.7,18.61,Gemuk
6,P,113.2,21.7,16.93,Normal
10,L,129.0,28.9,17.4,Normal
6,L,111.2,17.0,13.75,Kurus
8,P,123.6,28.0,18.33,Gemuk
7,P,116.0,20.3,15.08,Normal
7,L,116.3,22.8,16.83,Normal
7,L,115.3,21.2,15.91,Normal
7,P,123.0,19.4,12.85,Kurus
11,L,139.3,35.1,18.12,Gemuk
11,P,142.2,36.1,17.88,Normal
10,P,134.8,27.1,14.94,Normal
7,L,119.0,20.5,14.48,Normal
7,P,119.4,21.6,15.15,Normal
12,L,144.0,42.8,20.67,Gemuk
10,P,128.0,29.4,17.95,Normal
7,L,115.8,25.0,18.65,Gemuk
7,L,118.9,22.2,15.7,Normal
12,P,152.0,39.2,16.97,Normal
8,P,123.9,24.0,15.65,Normal
11,P,145.0,33.1,15.73,Normal
11,P,138.2,36.3,18.99,Gemuk
9,L,129.3,30.3,18.16,Gemuk
6,P,113.4,21.8,16.94,Normal
9,P,130.0,25.7,15.23,Normal
6,L,118.0,22.0,15.8,Normal
9,P,124.8,26.9,17.25,Normal
9,L,128.7,26.4,15.91,Normal
6,L,112.7,22.0,17.31,Normal
11,P,136.7,34.3,18.36,Gemuk
10,L,137.2,33.6,17.85,Normal
7,P,116.0,21.8,16.19,Normal
12,P,146.8,38.9,18.04,Gemuk
8,L,124.5,26.1,16.81,Normal
6,L,111.1,21.0,17.0,Normal
9,P,128.3,29.2,17.71,Normal
7,L,116.1,25.0,18.56,Gemuk
7,P,121.0,21.3,14.53,Normal
11,L,140.3,35.9,18.24,Gemuk
10,P,135.6,33.8,18.4,Gemuk
9,L,128.3,31.7,19.25,Gemuk
7,L,118.2,21.0,15.06,Normal
11,P,139.3,34.0,17.49,Normal
6,L,113.3,18.1,14.12,Normal
7,P,119.2,25.0,17.58,Normal
10,P,131.0,34.5,20.12,Gemuk
9,L,126.0,31.9,20.07,Gemuk
11,P,143.2,37.4,18.26,Gemuk
9,P,126.2,23.1,14.52,Normal
11,P,141.0,34.3,17.27,Normal
8,P,122.0,20.1,13.47,Kurus
11,P,138.2,36.9,19.29,Gemuk
12,L,143.2,38.4,18.73,Gemuk
6,L,111.0,17.6,14.28,Normal
9,L,132.6,27.6,15.68,Normal
9,P,126.4,25.8,16.13,Normal
11,L,138.3,32.6,17.06,Normal
9,L,131.5,25.0,14.45,Normal
8,P,124.0,22.7,14.76,Normal
10,P,135.0,30.4,16.7,Normal
7,L,119.0,19.6,13.85,Kurus
7,L,120.8,20.5,14.05,Normal
11,P,140.7,35.8,18.09,Gemuk
11,L,140.0,37.0,18.89,Gemuk
9,L,128.5,31.7,19.22,Gemuk
8,P,124.9,29.0,18.59,Gemuk
10,P,137.3,34.1,18.1,Gemuk
7,L,123.0,21.6,14.3,Normal
12,L,146.5,47.4,22.12,Obesitas
11,L,139.7,36.0,18.46,Gemuk
6,L,113.3,20.9,16.3,Normal
12,P,143.5,39.2,19.01,Gemuk
10,L,134.3,33.0,18.31,Gemuk
8,L,128.0,22.2,13.52,Kurus
10,P,129.6,31.3,18.64,Gemuk
10,L,134.0,29.2,16.28,Normal
8,P,125.0,28.8,18.43,Gemuk
9,P,126.5,26.4,16.47,Normal
7,P,122.3,20.7,13.84,Kurus
11,P,139.6,39.2,20.09,Gemuk
7,L,118.8,20.8,14.73,Normal
8,P,124.7,24.5,15.74,Normal
6,L,115.5,17.0,12.74,Kurus
12,L,149.5,36.3,16.24,Normal
7,P,118.0,24.8,17.83,Normal
12,L,142.0,35.8,17.73,Normal
8,P,119.6,22.4,15.64,Normal
6,P,116.1,17.0,12.6,Kurus
9,L,126.8,28.1,17.44,Normal
7,P,119.2,19.7,13.86,Kurus
12,P,148.2,36.8,16.73,Normal
12,P,149.9,41.0,18.24,Gemuk
8,L,122.8,21.9,14.48,Normal
6,P,116.8,19.6,14.37,Normal
9,L,126.4,22.0,13.78,Kurus
11,P,137.2,38.1,20.24,Gemuk
6,P,115.3,21.6,16.26,Normal
7,P,117.8,18.0,12.97,Kurus
12,L,147.6,40.1,18.4,Gemuk
11,P,138.8,36.7,19.04,Gemuk
10,P,135.6,28.2,15.32,Normal
11,P,138.7,36.3,18.85,Gemuk
6,P,114.5,21.7,16.54,Normal
6,P,110.7,22.0,17.97,Normal
7,L,116.7,23.0,16.88,Normal
12,P,147.6,38.8,17.8,Normal
12,L,141.1,38.1,19.13,Gemuk
10,P,134.7,29.6,16.31,Normal
11,L,139.7,34.8,17.86,Normal
6,P,113.7,20.5,15.85,Normal
10,L,133.0,28.5,16.14,Normal
12,L,140.0,35.6,18.18,Gemuk
6,P,116.7,22.0,16.14,Normal
11,P,143.5,39.2,19.01,Gemuk
9,P,128.4,27.6,16.72,Normal
6,P,115.2,22.0,16.58,Normal
12,L,144.7,40.3,19.25,Gemuk
12,L,146.5,37.3,17.4,Normal
12,P,140.0,40.4,20.63,Gemuk
11,L,142.5,35.9,17.66,Normal
6,P,111.2,17.0,13.76,Kurus
8,L,126.3,22.5,14.13,Normal
6,P,116.8,21.5,15.75,Normal
7,L,122.0,24.5,16.47,Normal
8,P,124.8,24.4,15.69,Normal
10,P,134.2,30.5,16.93,Normal
11,P,137.5,37.9,20.04,Gemuk
12,P,145.3,39.4,18.66,Gemuk
11,P,139.6,33.6,17.25,Normal
10,L,137.3,32.5,17.25,Normal
9,P,131.0,30.7,17.9,Normal
11,P,138.5,38.0,19.81,Gemuk
9,L,126.1,29.7,18.72,Gemuk
9,L,127.5,31.2,19.17,Gemuk
7,L,115.3,22.8,17.18,Normal
7,L,118.8,20.2,14.29,Normal
6,L,110.0,17.0,14.05,Normal
12,P,143.4,45.5,22.12,Obesitas
6,P,118.0,17.0,12.21,Kurus
7,P,119.1,20.9,14.73,Normal
12,P,147.4,41.5,19.09,Gemuk
7,P,118.2,21.9,15.68,Normal
10,P,134.3,30.6,16.96,Normal
11,L,139.3,38.5,19.81,Gemuk
10,P,133.5,36.0,20.2,Gemuk
8,L,121.8,25.9,17.49,Normal
7,P,118.0,18.0,12.92,Kurus
8,L,126.1,25.5,16.07,Normal
6,P,112.1,22.0,17.52,Normal
12,L,148.8,41.9,18.94,Gemuk
12,P,150.3,39.4,17.46,Normal
11,L,140.4,32.8,16.66,Normal
7,L,118.4,18.0,12.85,Kurus
9,P,126.7,24.4,15.19,Normal
11,L,140.9,35.2,17.71,Normal
12,P,143.9,37.3,18.0,Gemuk
8,L,122.6,29.0,19.29,Gemuk
8,L,125.0,23.3,14.9,Normal
12,L,144.4,35.0,16.81,Normal
10,L,133.7,30.6,17.1,Normal
7,P,119.7,24.2,16.88,Normal
6,P,113.6,17.0,13.17,Kurus
6,L,112.3,17.0,13.49,Kurus
8,L,118.0,27.3,19.58,Gemuk
11,L,143.0,40.0,19.56,Gemuk
8,P,121.1,29.0,19.78,Gemuk
8,P,118.6,26.8,19.05,Gemuk
11,P,138.8,35.7,18.53,Gemuk
10,P,140.0,28.3,14.43,Normal
6,L,114.5,19.4,14.77,Normal
11,P,141.6,34.4,17.16,Normal
9,P,127.6,32.3,19.86,Gemuk
10,P,131.1,35.6,20.69,Gemuk
9,P,124.9,30.0,19.23,Gemuk
11,P,142.0,33.7,16.72,Normal
7,L,117.8,20.9,15.04,Normal
7,L,117.0,22.8,16.62,Normal
8,L,122.6,20.4,13.55,Kurus
10,L,132.3,33.8,19.33,Gemuk
8,P,123.4,24.0,15.76,Normal
9,P,123.6,25.6,16.79,Normal
6,P,114.7,17.3,13.19,Kurus
9,P,124.2,30.0,19.45,Gemuk
10,P,132.7,33.6,19.1,Gemuk
10,L,133.4,34.8,19.53,Gemuk
10,P,135.2,31.1,17.01,Normal
6,L,112.8,21.2,16.67,Normal
7,P,113.0,25.0,19.58,Gemuk
8,P,123.6,26.3,17.22,Normal
7,P,115.9,19.7,14.65,Normal
6,L,117.0,20.1,14.69,Normal
11,P,140.7,35.9,18.12,Gemuk
9,P,123.0,31.5,20.82,Gemuk
11,L,141.1,37.6,18.9,Gemuk
12,P,144.0,35.2,16.96,Normal
9,P,129.3,22.0,13.16,Kurus
10,P,138.4,34.9,18.25,Gemuk
11,P,141.9,35.3,17.55,Normal
9,L,126.5,33.2,20.75,Gemuk
7,P,117.1,23.3,16.96,Normal
12,P,146.1,37.2,17.45,Normal
6,L,113.2,17.8,13.85,Kurus
10,P,133.9,32.6,18.15,Gemuk
10,P,128.0,37.4,22.82,Obesitas
7,P,118.6,22.7,16.12,Normal
8,L,121.5,20.7,14.01,Normal
9,P,129.7,30.2,17.96,Normal
7,L,117.1,21.7,15.84,Normal
9,P,127.6,26.4,16.23,Normal
9,L,131.5,28.0,16.18,Normal
12,L,143.9,42.3,20.45,Gemuk
8,P,123.9,24.9,16.22,Normal
10,P,132.6,28.4,16.18,Normal
12,P,146.1,35.0,16.4,Normal
9,L,126.4,27.0,16.93,Normal
11,L,140.8,32.6,16.44,Normal
7,L,117.2,18.0,13.11,Kurus
11,L,136.4,34.3,18.43,Gemuk
10,P,131.8,31.5,18.12,Gemuk
7,P,120.3,24.8,17.15,Normal
6,P,116.2,22.0,16.3,Normal
10,L,137.0,32.0,17.05,Normal
6,L,112.1,17.0,13.53,Kurus
8,P,122.6,24.5,16.33,Normal
11,P,138.2,31.9,16.69,Normal
12,P,146.0,39.9,18.72,Gemuk
9,L,129.6,30.0,17.84,Normal
12,P,150.4,42.6,18.84,Gemuk
8,L,122.5,24.2,16.15,Normal
10,L,136.8,32.2,17.19,Normal
8,L,123.9,23.0,15.0,Normal
12,L,147.8,39.2,17.93,Normal
12,P,142.7,35.7,17.53,Normal
7,L,121.3,24.5,16.66,Normal
7,P,122.2,18.4,12.3,Kurus
6,L,112.6,18.9,14.91,Normal
7,L,118.1,22.0,15.8,Normal
9,L,124.9,29.0,18.58,Gemuk
12,P,144.8,39.7,18.93,Gemuk
7,P,119.0,21.6,15.22,Normal
11,L,143.1,32.0,15.62,Normal
10,L,137.2,32.5,17.27,Normal
9,P,128.3,28.1,17.09,Normal
6,P,114.2,19.7,15.14,Normal
8,L,121.5,23.6,15.95,Normal
6,L,112.5,20.0,15.77,Normal
9,L,130.0,30.0,17.76,Normal
12,P,144.8,33.5,15.98,Normal
9,P,127.9,31.0,18.96,Gemuk
8,L,124.9,25.5,16.38,Normal
11,P,136.5,34.1,18.33,Gemuk
6,L,114.2,18.5,14.21,Normal
11,P,137.6,32.7,17.3,Normal
10,P,137.0,27.9,14.87,Normal
10,L,133.9,31.5,17.58,Normal
7,L,117.8,20.3,14.64,Normal
10,L,133.4,33.4,18.75,Gemuk
10,L,133.9,30.8,17.19,Normal
7,L,116.9,25.0,18.31,Gemuk
12,L,147.4,35.9,16.55,Normal
7,L,119.0,19.0,13.44,Kurus
7,P,113.8,21.8,16.84,Normal
7,L,118.4,23.6,16.86,Normal
9,L,129.9,25.2,14.94,Normal
12,L,150.6,41.9,18.49,Gemuk
9,L,131.1,27.5,16.03,Normal
6,P,114.1,21.7,16.68,Normal
11,L,139.1,32.7,16.9,Normal
11,P,142.6,35.0,17.21,Normal
11,P,142.3,31.4,15.53,Normal
12,P,144.0,37.7,18.19,Gemuk
10,P,136.4,29.7,15.98,Normal
6,P,113.7,20.7,15.97,Normal
6,P,118.0,22.0,15.8,Normal
10,P,133.2,30.8,17.37,Normal
7,P,116.9,19.6,14.33,Normal
6,P,114.0,17.0,13.08,Kurus
12,P,145.2,41.2,19.54,Gemuk
7,L,116.9,19.7,14.43,Normal
10,L,134.3,32.9,18.22,Gemuk
7,L,121.3,22.4,15.19,Normal
10,L,135.2,30.6,16.77,Normal
8,P,124.6,24.4,15.69,Normal
11,L,140.6,38.1,19.3,Gemuk
10,L,134.4,31.9,17.63,Normal
9,L,128.4,28.1,17.03,Normal
11,L,139.6,34.7,17.8,Normal
6,P,113.5,17.8,13.79,Kurus
11,L,142.2,32.5,16.09,Normal
6,P,110.4,20.1,16.46,Normal
12,L,146.4,31.5,14.7,Normal
10,L,130.9,34.4,20.08,Gemuk
11,L,137.1,40.4,21.48,Gemuk
12,L,147.8,45.9,21.01,Gemuk
10,L,134.6,34.5,19.01,Gemuk
8,L,124.3,22.6,14.61,Normal
6,L,115.6,17.0,12.72,Kurus
8,P,119.1,24.7,17.43,Normal
12,L,146.2,37.0,17.32,Normal
6,L,112.6,17.0,13.41,Kurus
8,P,126.2,25.1,15.76,Normal
7,L,116.9,18.0,13.16,Kurus
7,P,120.2,24.0,16.61,Normal
8,L,121.4,23.5,15.93,Normal
9,P,128.2,22.9,13.92,Kurus
11,P,139.5,33.4,17.15,Normal
7,P,121.2,19.8,13.48,Kurus
6,L,114.2,21.2,16.23,Normal
9,L,124.2,22.5,14.56,Normal
10,P,133.6,32.4,18.16,Gemuk
9,L,126.8,31.8,19.78,Gemuk
8,L,125.8,21.5,13.61,Kurus
11,L,143.0,34.2,16.73,Normal
10,L,133.4,34.2,19.2,Gemuk
7,P,116.2,23.3,17.24,Normal
12,L,149.7,44.1,19.7,Gemuk
9,L,127.7,29.4,18.01,Gemuk
6,L,113.9,18.7,14.38,Normal
12,P,147.7,40.8,18.72,Gemuk
11,P,141.3,34.4,17.22,Normal
11,P,141.0,35.9,18.05,Gemuk
10,L,135.1,29.0,15.9,Normal
6,P,114.9,22.0,16.66,Normal
12,P,140.9,39.2,19.74,Gemuk
6,P,115.0,17.6,13.34,Kurus
7,P,114.4,22.6,17.26,Normal
10,P,136.5,27.0,14.51,Normal
6,P,111.8,18.3,14.65,Normal
12,P,142.7,35.5,17.44,Normal
9,L,133.0,29.5,16.68,Normal
7,P,118.8,21.5,15.21,Normal
12,L,148.7,39.6,17.91,Normal
10,L,133.1,32.0,18.07,Gemuk
6,L,117.9,21.5,15.47,Normal
9,L,126.2,30.5,19.13,Gemuk
6,P,112.8,22.0,17.29,Normal
8,P,123.4,20.0,13.14,Kurus
8,L,128.0,22.1,13.46,Kurus
11,L,140.6,28.0,14.17,Normal
12,L,144.4,36.1,17.31,Normal
9,L,129.7,29.4,17.49,Normal
9,L,132.0,25.5,14.67,Normal
9,L,123.1,27.9,18.37,Gemuk
6,L,110.7,18.6,15.19,Normal
12,P,143.1,42.9,20.95,Gemuk
7,L,115.1,20.9,15.78,Normal
7,P,115.6,25.0,18.72,Gemuk
6,L,112.1,21.5,17.11,Normal
12,L,146.5,37.5,17.48,Normal
6,P,113.5,18.6,14.42,Normal
10,P,132.8,29.2,16.57,Normal
9,L,130.3,28.0,16.52,Normal
12,L,145.4,39.7,18.79,Gemuk
11,L,142.7,34.0,16.69,Normal
8,L,126.6,23.8,14.82,Normal
11,L,142.5,30.9,15.23,Normal
7,L,116.6,22.6,16.65,Normal
12,P,148.4,33.9,15.39,Normal
12,L,142.1,43.5,21.51,Gemuk
9,P,127.5,24.3,14.94,Normal
6,L,110.6,21.0,17.18,Normal
8,P,119.9,24.5,17.06,Normal
7,P,121.2,24.2,16.48,Normal
6,P,115.7,17.2,12.85,Kurus
11,L,144.3,37.4,17.95,Normal
10,L,137.5,35.2,18.61,Gemuk
8,P,118.0,22.5,16.13,Normal
8,L,124.5,27.2,17.54,Normal
6,L,114.6,17.0,12.95,Kurus
12,L,148.6,36.8,16.68,Normal
12,P,147.7,39.3,18.02,Gemuk
11,L,141.4,33.4,16.7,Normal
9,L,130.1,30.1,17.76,Normal
12,P,146.1,37.3,17.47,Normal
8,L,126.4,20.0,12.52,Kurus
6,L,115.5,20.8,15.63,Normal
12,L,142.9,34.3,16.78,Normal
8,P,127.7,21.0,12.85,Kurus
10,P,135.6,35.7,19.4,Gemuk
12,L,146.7,40.4,18.76,Gemuk
10,P,134.2,33.0,18.34,Gemuk
10,P,136.1,27.3,14.75,Normal
6,P,113.0,21.8,17.06,Normal
9,L,128.7,24.9,15.07,Normal
11,L,138.6,39.3,20.44,Gemuk
10,P,134.3,33.4,18.48,Gemuk
6,L,113.8,20.8,16.03,Normal
7,L,119.8,23.4,16.3,Normal
10,P,135.6,27.5,14.93,Normal
12,P,144.8,42.8,20.44,Gemuk
7,P,117.4,24.5,17.8,Normal
8,P,119.8,20.0,13.93,Kurus
10,L,134.2,34.1,18.95,Gemuk
10,P,135.4,33.6,18.32,Gemuk
6,P,113.6,18.5,14.33,Normal
11,L,142.4,36.2,17.84,Normal
12,L,149.0,39.5,17.79,Normal
12,L,144.0,36.9,17.81,Normal
10,P,137.3,28.8,15.26,Normal
12,P,143.7,43.5,21.06,Gemuk
12,P,144.0,37.1,17.91,Normal
7,P,115.8,22.0,16.43,Normal
12,P,145.0,40.1,19.05,Gemuk
11,P,137.3,37.0,19.64,Gemuk
7,L,121.2,25.0,17.02,Normal
8,P,123.6,27.1,17.73,Normal
11,P,141.6,33.4,16.64,Normal
11,P,142.0,34.0,16.84,Normal
12,L,145.3,42.6,20.19,Gemuk
6,L,113.3,17.0,13.25,Kurus
9,L,126.1,34.0,21.37,Gemuk
11,P,139.1,38.8,20.06,Gemuk
6,L,115.7,18.3,13.63,Kurus
9,L,127.4,22.8,14.06,Normal
12,L,145.8,38.3,18.03,Gemuk
6,P,118.0,21.5,15.45,Normal
12,L,150.0,39.8,17.69,Normal
7,P,117.0,20.2,14.76,Normal
12,L,142.3,35.1,17.32,Normal
8,P,122.8,24.0,15.94,Normal
9,P,125.8,28.1,17.72,Normal
6,L,114.6,22.0,16.74,Normal
7,P,120.1,23.6,16.38,Normal
6,L,110.2,18.5,15.22,Normal
7,P,122.4,20.6,13.75,Kurus
7,P,116.9,21.8,15.97,Normal
12,L,150.2,36.9,16.36,Normal
9,P,129.5,32.7,19.49,Gemuk
10,L,135.8,27.2,14.74,Normal
7,L,117.8,18.0,12.97,Kurus
8,P,121.9,26.8,18.05,Gemuk
7,P,119.5,22.4,15.66,Normal
6,P,111.0,17.0,13.8,Kurus
10,L,133.0,30.0,16.92,Normal
10,L,131.2,29.4,17.08,Normal
10,P,133.1,30.6,17.28,Normal
9,L,124.4,25.5,16.51,Normal
9,L,127.4,30.3,18.67,Gemuk
7,L,119.8,20.4,14.25,Normal
11,L,141.1,29.1,14.63,Normal
8,L,124.2,28.6,18.54,Gemuk
7,L,114.5,25.0,19.09,Gemuk
9,L,127.9,31.6,19.31,Gemuk
11,P,143.1,34.8,17.01,Normal
9,P,125.4,33.4,21.23,Gemuk
9,P,128.8,32.2,19.43,Gemuk
6,L,112.5,22.0,17.38,Normal
11,P,139.9,34.0,17.35,Normal
7,L,117.4,18.9,13.75,Kurus
9,L,126.6,28.3,17.67,Normal
10,P,133.8,31.5,17.62,Normal
12,L,151.1,35.5,15.54,Normal
10,P,136.0,35.1,18.97,Gemuk
6,L,111.7,22.0,17.64,Normal
12,P,148.8,33.6,15.16,Normal
12,P,147.4,42.4,19.5,Gemuk
11,P,138.9,38.8,20.14,Gemuk
6,P,112.8,20.7,16.3,Normal
12,P,145.5,36.1,17.06,Normal
10,L,133.4,33.3,18.7,Gemuk
9,P,128.6,25.7,15.53,Normal
6,L,113.0,17.0,13.32,Kurus
11,P,143.3,29.6,14.43,Normal
10,P,134.4,26.3,14.56,Normal
9,P,127.9,28.2,17.23,Normal
9,P,126.5,22.3,13.95,Kurus
12,P,140.0,40.6,20.72,Gemuk
7,L,118.2,21.7,15.54,Normal
9,L,129.2,25.5,15.26,Normal
6,P,117.4,21.3,15.45,Normal
12,L,146.2,36.8,17.21,Normal
7,L,113.5,18.0,13.98,Kurus
7,P,119.8,24.9,17.31,Normal
7,P,115.0,23.7,17.91,Normal
7,P,116.2,22.1,16.37,Normal
12,P,143.8,41.1,19.87,Gemuk
8,P,121.2,29.0,19.76,Gemuk
10,L,132.3,32.3,18.46,Gemuk
8,L,120.1,23.6,16.34,Normal
8,P,122.0,23.7,15.96,Normal
6,P,112.4,18.8,14.88,Normal
11,P,142.7,38.2,18.74,Gemuk
11,L,141.3,37.4,18.74,Gemuk
9,L,126.8,25.4,15.79,Normal
8,P,124.4,27.9,18.01,Gemuk
11,P,139.5,38.3,19.69,Gemuk
9,P,131.9,26.6,15.32,Normal
11,P,143.0,32.8,16.03,Normal
8,L,123.4,25.2,16.53,Normal
11,L,140.8,31.3,15.8,Normal
7,P,120.0,24.2,16.79,Normal
9,L,126.0,25.9,16.3,Normal
7,L,122.0,19.9,13.35,Kurus
11,P,140.0,35.5,18.12,Gemuk
6,L,112.1,19.9,15.85,Normal
10,L,136.8,34.7,18.53,Gemuk
8,P,121.7,24.5,16.52,Normal
6,L,116.8,22.0,16.12,Normal
6,P,116.0,19.4,14.46,Normal
7,L,118.8,18.0,12.75,Kurus
12,P,148.0,37.8,17.27,Normal
12,L,151.1,36.5,16.0,Normal
10,P,132.1,34.0,19.51,Gemuk
9,L,126.0,30.5,19.18,Gemuk
9,L,130.2,28.9,17.04,Normal
7,L,120.4,25.0,17.25,Normal
7,L,117.9,19.4,13.99,Kurus
10,P,132.3,32.7,18.67,Gemuk
7,L,116.8,19.6,14.35,Normal
7,P,116.4,20.7,15.27,Normal
8,L,126.3,21.5,13.47,Kurus
6,L,112.1,19.1,15.2,Normal
9,L,129.3,29.5,17.68,Normal
9,L,125.3,28.5,18.13,Gemuk
12,L,145.7,35.4,16.67,Normal
8,P,123.1,20.5,13.51,Kurus
7,L,118.5,19.7,14.0,Normal
9,P,127.6,22.9,14.08,Normal
11,P,140.9,41.4,20.84,Gemuk
10,P,133.9,35.1,19.57,Gemuk
9,P,130.5,33.0,19.37,Gemuk
8,L,120.6,28.1,19.36,Gemuk
10,L,132.1,30.0,17.17,Normal
10,P,131.6,37.1,21.38,Gemuk
9,L,128.5,30.6,18.53,Gemuk
9,L,126.9,25.3,15.7,Normal
8,P,121.0,24.2,16.5,Normal
12,L,142.1,42.9,21.24,Gemuk
10,L,138.0,30.1,15.81,Normal
6,P,114.9,18.6,14.11,Normal
11,P,139.9,35.2,17.98,Normal
11,P,143.5,36.7,17.81,Normal
12,L,151.5,37.5,16.36,Normal
8,P,123.2,22.5,14.79,Normal
8,L,124.8,24.5,15.72,Normal
6,L,118.0,18.6,13.39,Kurus
6,P,115.1,22.0,16.6,Normal
10,P,133.9,29.5,16.47,Normal
7,P,114.4,25.0,19.11,Gemuk
9,L,124.4,22.4,14.45,Normal
11,L,140.5,38.8,19.69,Gemuk
8,L,122.5,25.5,17.0,Normal
7,P,115.1,18.0,13.6,Kurus
8,L,121.2,26.1,17.78,Normal
11,P,140.1,35.4,18.05,Gemuk
7,P,119.1,19.9,14.06,Normal
8,P,123.5,20.0,13.1,Kurus
9,L,131.2,26.9,15.62,Normal
9,P,128.2,28.9,17.61,Normal
9,L,130.0,30.4,17.97,Normal
11,L,139.2,35.2,18.15,Gemuk
6,P,118.0,18.1,12.97,Kurus
9,L,127.3,29.2,18.02,Gemuk
7,L,115.2,25.0,18.84,Gemuk
11,P,143.5,34.9,16.93,Normal
12,P,140.7,38.6,19.5,Gemuk
7,P,117.8,21.2,15.27,Normal
9,P,126.2,30.6,19.21,Gemuk
10,L,134.9,31.4,17.27,Normal
12,P,146.7,34.5,16.03,Normal
12,P,142.0,38.6,19.13,Gemuk
9,L,123.1,26.5,17.49,Normal
6,L,114.3,22.0,16.84,Normal
8,P,118.0,22.3,16.0,Normal
7,L,119.0,23.9,16.86,Normal
11,L,141.5,34.5,17.25,Normal
9,P,132.5,27.2,15.47,Normal
12,P,149.1,35.7,16.04,Normal
10,P,134.3,30.9,17.11,Normal
10,L,137.3,35.6,18.88,Gemuk
8,L,121.0,25.9,17.71,Normal
6,L,114.8,18.9,14.35,Normal
10,L,128.9,34.5,20.78,Gemuk
8,P,125.4,21.0,13.35,Kurus
10,L,134.9,33.4,18.35,Gemuk
10,P,131.7,36.2,20.87,Gemuk
9,P,124.9,33.4,21.4,Gemuk
8,P,122.7,24.6,16.32,Normal
6,L,113.1,17.0,13.29,Kurus
6,L,112.9,17.2,13.52,Kurus
9,L,128.4,28.0,17.0,Normal
11,P,137.7,36.1,19.02,Gemuk
9,L,130.1,32.8,19.41,Gemuk
9,L,128.9,26.6,16.04,Normal
9,P,123.0,27.6,18.21,Gemuk
6,P,110.0,17.0,14.05,Normal
6,P,110.0,22.0,18.18,Gemuk
8,P,119.4,23.2,16.24,Normal
8,L,122.0,24.6,16.55,Normal
6,P,110.6,17.0,13.9,Kurus
11,P,136.5,35.4,19.01,Gemuk
12,P,148.8,38.4,17.34,Normal
8,P,121.9,20.0,13.47,Kurus
9,L,128.6,26.3,15.89,Normal
11,P,141.3,38.7,19.37,Gemuk
7,P,120.7,19.0,13.03,Kurus
6,P,111.0,17.0,13.81,Kurus
8,P,122.4,25.4,16.94,Normal
9,L,125.9,30.0,18.95,Gemuk
6,P,115.9,17.5,13.03,Kurus
8,P,125.7,21.0,13.27,Kurus
10,L,131.8,28.7,16.54,Normal
6,P,115.7,19.5,14.56,Normal
6,L,110.0,21.1,17.41,Normal
7,L,122.2,21.6,14.47,Normal
11,P,142.6,36.8,18.09,Gemuk
9,L,132.5,27.0,15.4,Normal
11,L,137.7,35.4,18.69,Gemuk
8,L,123.9,23.2,15.13,Normal
11,L,145.5,35.0,16.55,Normal
6,L,110.7,20.8,17.01,Normal
10,P,130.7,31.9,18.68,Gemuk
9,L,130.2,27.6,16.31,Normal
12,P,148.7,40.2,18.19,Gemuk
6,L,113.7,22.0,17.03,Normal
10,L,134.7,32.9,18.14,Gemuk
9,L,131.1,30.3,17.61,Normal
8,P,124.8,29.0,18.61,Gemuk
7,L,120.0,25.0,17.36,Normal
8,L,126.0,22.4,14.09,Normal
10,L,136.6,30.4,16.29,Normal
9,P,129.1,22.0,13.2,Kurus
7,L,120.9,20.4,13.98,Kurus
6,L,112.3,18.4,14.57,Normal
11,P,143.6,38.4,18.64,Gemuk
11,P,137.7,40.0,21.08,Gemuk
8,P,123.0,22.4,14.82,Normal
6,P,116.2,22.0,16.31,Normal
7,P,119.5,21.0,14.71,Normal
6,P,115.0,22.0,16.62,Normal
11,P,143.8,36.6,17.68,Normal
10,L,133.0,32.0,18.07,Gemuk
8,L,122.4,24.1,16.06,Normal
6,L,116.1,17.0,12.62,Kurus
10,L,133.0,28.0,15.82,Normal
10,L,133.1,31.4,17.76,Normal
7,L,113.8,18.0,13.9,Kurus
11,L,139.9,36.4,18.62,Gemuk
11,P,140.7,39.7,20.09,Gemuk
6,P,112.0,17.0,13.56,Kurus
10,L,131.3,29.4,17.06,Normal
12,P,152.0,38.4,16.63,Normal
7,L,117.0,20.6,15.05,Normal
6,P,114.6,22.0,16.74,Normal
12,L,144.5,40.5,19.39,Gemuk
9,L,129.1,27.8,16.71,Normal
12,L,146.9,34.3,15.89,Normal
7,P,116.1,24.2,17.94,Normal
10,L,134.6,28.7,15.85,Normal
6,P,114.3,21.6,16.49,Normal
9,P,129.5,30.7,18.33,Gemuk
10,L,140.0,26.7,13.64,Kurus
11,L,140.6,34.1,17.26,Normal
10,L,133.4,29.9,16.8,Normal
10,P,131.9,31.9,18.32,Gemuk
8,P,120.6,21.0,14.4,Normal
12,L,146.1,36.8,17.25,Normal
8,L,120.0,29.0,20.15,Gemuk
7,L,121.6,25.0,16.92,Normal
7,P,117.1,18.1,13.19,Kurus
6,P,113.3,21.8,16.95,Normal
7,L,114.3,20.1,15.35,Normal
7,L,122.3,18.2,12.13,Kurus
8,L,118.5,27.0,19.22,Gemuk
10,P,138.3,34.5,18.03,Gemuk
8,P,125.4,28.9,18.39,Gemuk
12,L,148.6,40.7,18.45,Gemuk
8,P,125.2,25.2,16.11,Normal
9,P,132.7,26.8,15.23,Normal
11,P,137.1,38.0,20.22,Gemuk
6,L,118.0,22.0,15.8,Normal
7,L,118.4,18.0,12.84,Kurus
10,L,136.1,27.2,14.71,Normal
8,P,123.1,24.3,16.02,Normal
8,L,122.8,25.7,17.08,Normal
8,P,123.3,26.8,17.62,Normal
9,P,126.2,27.6,17.3,Normal
10,P,131.0,28.8,16.75,Normal
9,P,128.9,26.1,15.69,Normal
9,P,129.4,30.1,17.98,Normal
6,L,111.5,17.0,13.68,Kurus
10,L,130.1,34.3,20.25,Gemuk
9,L,130.1,27.1,16.02,Normal
6,P,115.6,22.0,16.47,Normal
10,L,131.6,35.7,20.6,Gemuk
11,P,147.0,36.7,16.98,Normal
12,L,142.3,32.6,16.1,Normal
6,L,116.3,22.0,16.25,Normal
12,P,143.7,38.5,18.62,Gemuk
9,L,127.6,28.4,17.44,Normal
10,P,137.1,28.1,14.96,Normal
11,L,141.5,38.5,19.21,Gemuk
12,P,144.5,37.5,17.98,Normal
7,P,119.2,21.7,15.25,Normal
11,P,141.5,33.6,16.8,Normal
8,P,125.1,24.4,15.61,Normal
6,P,114.2,22.0,16.87,Normal
7,P,116.5,18.0,13.25,Kurus
6,L,115.4,19.6,14.7,Normal
8,P,123.9,27.3,17.76,Normal
10,P,133.6,35.4,19.84,Gemuk
10,P,136.7,31.4,16.81,Normal
9,P,123.7,24.2,15.8,Normal
9,P,130.9,29.7,17.32,Normal
12,P,144.2,41.5,19.98,Gemuk
6,L,116.7,20.8,15.31,Normal
12,L,148.2,42.6,19.38,Gemuk
6,L,113.6,17.0,13.18,Kurus
9,L,126.1,30.3,19.05,Gemuk
7,P,120.8,18.8,12.9,Kurus
7,P,118.5,20.2,14.41,Normal
7,L,119.6,25.0,17.48,Normal
11,L,143.0,33.8,16.55,Normal
7,P,116.5,18.2,13.4,Kurus
8,P,118.6,20.0,14.22,Normal
6,L,115.4,20.9,15.7,Normal
11,P,144.7,36.7,17.52,Normal
12,P,144.3,30.8,14.78,Normal
10,P,130.2,35.9,21.19,Gemuk
8,L,124.7,20.3,13.03,Kurus
6,P,115.5,20.4,15.33,Normal
7,P,113.0,20.0,15.7,Normal
6,L,115.6,17.0,12.72,Kurus
7,L,119.6,19.9,13.91,Kurus
8,L,120.8,21.0,14.4,Normal
7,L,119.2,18.0,12.66,Kurus
7,P,119.1,25.0,17.62,Normal
6,L,113.9,22.0,16.97,Normal
11,L,141.3,36.1,18.09,Gemuk
7,P,114.4,23.1,17.66,Normal
10,P,131.4,31.4,18.19,Gemuk
9,P,127.1,31.6,19.57,Gemuk
6,P,112.4,18.6,14.71,Normal
9,P,128.3,29.4,17.85,Normal
7,L,114.6,18.0,13.7,Kurus
6,P,112.0,19.4,15.45,Normal
8,P,125.9,23.4,14.76,Normal
6,L,113.8,17.3,13.39,Kurus
8,L,124.2,27.1,17.59,Normal
6,L,116.3,22.0,16.27,Normal
11,L,144.3,34.4,16.55,Normal
12,P,145.1,40.1,19.03,Gemuk
7,P,115.4,20.5,15.42,Normal
7,P,117.6,22.1,15.98,Normal
12,P,148.3,35.2,16.03,Normal
12,P,145.5,43.6,20.6,Gemuk
9,P,129.4,27.3,16.29,Normal
6,P,111.9,20.7,16.56,Normal
7,L,115.3,18.0,13.55,Kurus
7,L,116.6,21.3,15.69,Normal
6,L,115.3,20.2,15.22,Normal
11,P,141.5,37.4,18.69,Gemuk
11,L,138.4,34.3,17.88,Normal
12,L,147.6,36.8,16.89,Normal
6,P,118.0,21.3,15.27,Normal
12,P,143.1,39.8,19.45,Gemuk
11,L,142.5,40.6,20.01,Gemuk
7,P,121.1,21.9,14.92,Normal
12,P,145.1,34.4,16.33,Normal
10,L,132.4,30.0,17.14,Normal
8,L,120.8,26.7,18.28,Gemuk
6,P,116.7,17.3,12.74,Kurus
8,L,126.5,22.3,13.94,Kurus
7,P,117.5,23.5,16.99,Normal
12,P,145.8,38.2,17.98,Normal
11,L,140.5,38.8,19.64,Gemuk
6,L,115.8,22.0,16.41,Normal
7,P,116.6,22.5,16.54,Normal
7,L,118.9,18.0,12.74,Kurus
6,L,117.0,17.0,12.41,Kurus
9,L,126.7,30.0,18.68,Gemuk
12,L,146.0,40.0,18.74,Gemuk
12,L,144.3,40.5,19.44,Gemuk
9,L,129.2,24.3,14.53,Normal
7,L,121.4,22.1,15.01,Normal
11,P,139.3,35.6,18.37,Gemuk
10,P,131.8,36.3,20.92,Gemuk
11,L,139.2,33.0,17.05,Normal
10,P,134.5,31.8,17.61,Normal
11,L,142.1,36.7,18.19,Gemuk
11,P,141.8,33.1,16.49,Normal
8,L,120.7,27.2,18.65,Gemuk
10,L,134.7,25.8,14.2,Normal
8,L,121.4,25.2,17.07,Normal
12,L,146.8,38.6,17.91,Normal
12,L,146.0,37.3,17.52,Normal
10,L,130.4,29.8,17.53,Normal
12,P,148.8,40.5,18.32,Gemuk
6,L,111.0,22.0,17.85,Normal
6,P,115.7,18.4,13.76,Kurus
6,L,110.0,20.5,16.95,Normal
11,L,140.0,38.1,19.41,Gemuk
11,P,146.0,36.4,17.06,Normal
6,L,113.7,18.4,14.24,Normal
6,P,113.6,17.0,13.16,Kurus
12,P,144.3,42.4,20.37,Gemuk
7,L,119.0,22.7,16.06,Normal
6,L,115.7,20.8,15.57,Normal
11,P,136.6,36.8,19.74,Gemuk
12,L,146.2,38.0,17.8,Normal
7,L,120.4,18.6,12.86,Kurus
6,L,110.5,21.8,17.86,Normal
10,L,132.2,29.2,16.72,Normal
12,L,142.9,42.3,20.73,Gemuk
6,P,111.4,17.0,13.71,Kurus
7,L,116.0,21.9,16.25,Normal
6,L,114.5,18.5,14.11,Normal
10,L,137.8,36.7,19.31,Gemuk
7,L,116.5,21.6,15.88,Normal
11,P,144.2,33.8,16.26,Normal
6,P,111.9,17.0,13.57,Kurus
9,P,125.1,27.0,17.25,Normal
7,P,121.6,22.1,14.94,Normal
11,P,136.3,40.0,21.55,Gemuk
9,L,123.0,27.9,18.45,Gemuk
8,P,125.1,26.1,16.69,Normal
10,P,135.3,33.1,18.09,Gemuk
8,L,121.7,24.1,16.26,Normal
9,P,131.6,25.4,14.65,Normal
9,L,128.4,24.4,14.79,Normal
10,P,132.7,28.0,15.92,Normal
10,P,134.2,31.5,17.48,Normal
11,L,142.1,30.9,15.3,Normal
6,P,114.4,17.6,13.45,Kurus
8,L,121.8,20.7,13.95,Kurus
12,P,148.8,40.8,18.4,Gemuk
6,P,115.0,17.0,12.86,Kurus
6,L,112.4,22.0,17.42,Normal
8,L,121.2,26.5,18.0,Gemuk
9,P,130.0,26.0,15.38,Normal
7,P,120.5,22.9,15.79,Normal
8,L,125.0,20.0,12.8,Kurus
9,L,130.8,23.1,13.51,Kurus
7,P,116.3,18.0,13.31,Kurus
9,L,128.8,28.5,17.21,Normal
12,L,142.8,35.9,17.61,Normal
12,P,151.1,36.8,16.13,Normal
11,L,138.6,36.0,18.72,Gemuk
9,L,124.3,29.4,19.04,Gemuk
6,L,113.5,22.0,17.08,Normal
8,L,120.1,24.9,17.29,Normal
12,L,149.6,36.1,16.15,Normal
7,P,117.3,23.2,16.83,Normal
12,L,144.9,38.0,18.11,Gemuk
7,L,118.9,25.0,17.68,Normal
8,L,122.4,23.8,15.88,Normal
6,P,116.6,17.3,12.71,Kurus
7,P,119.7,21.8,15.23,Normal
7,L,115.6,25.0,18.7,Gemuk
6,L,116.6,17.5,12.88,Kurus
9,L,128.9,28.2,16.96,Normal
9,L,129.0,24.6,14.79,Normal
6,P,113.5,21.6,16.79,Normal
11,L,139.8,36.0,18.42,Gemuk
9,L,129.2,27.0,16.17,Normal
7,L,115.9,19.0,14.12,Normal
12,P,141.9,39.8,19.77,Gemuk
8,L,122.3,28.0,18.72,Gemuk
9,P,123.3,34.0,22.36,Obesitas
8,P,126.4,20.0,12.53,Kurus
9,P,127.1,31.2,19.32,Gemuk
6,P,113.4,17.7,13.74,Kurus
10,L,130.5,29.1,17.1,Normal
12,P,145.7,41.2,19.4,Gemuk
12,L,145.2,35.9,17.05,Normal
8,L,125.1,25.3,16.18,Normal
10,L,134.7,29.5,16.23,Normal
9,P,130.7,32.7,19.14,Gemuk
9,L,125.5,30.0,19.07,Gemuk
9,L,129.3,24.7,14.76,Normal
6,P,110.4,17.9,14.7,Normal
11,P,144.2,35.0,16.82,Normal
6,L,110.0,19.0,15.69,Normal
11,L,142.7,35.3,17.36,Normal
7,L,120.0,18.0,12.5,Kurus
6,P,110.0,17.0,14.05,Normal
10,P,139.3,31.3,16.13,Normal
6,L,117.0,20.4,14.94,Normal
7,L,117.4,25.0,18.15,Gemuk
10,L,133.3,29.1,16.36,Normal
12,L,144.2,43.9,21.08,Gemuk
9,P,125.8,22.0,13.9,Kurus
9,L,132.0,25.2,14.43,Normal
7,L,115.1,18.0,13.58,Kurus
6,P,113.9,17.0,13.1,Kurus
10,L,130.7,29.0,16.95,Normal
7,L,116.0,23.9,17.74,Normal
9,L,129.7,24.0,14.24,Normal
11,P,142.3,31.5,15.55,Normal
6,L,115.4,21.3,16.01,Normal
10,L,130.6,33.0,19.33,Gemuk
7,L,118.0,22.1,15.86,Normal
9,P,129.6,27.9,16.59,Normal
11,L,146.0,36.4,17.1,Normal
11,P,135.6,37.0,20.13,Gemuk
7,P,123.0,25.0,16.52,Normal
7,L,116.8,18.0,13.2,Kurus
8,L,124.0,26.1,16.94,Normal
12,P,141.0,35.8,18.03,Gemuk
12,P,142.4,40.1,19.77,Gemuk
12,L,151.2,41.1,17.97,Normal
6,L,111.6,22.0,17.68,Normal
12,P,146.3,39.8,18.58,Gemuk
12,L,148.0,42.0,19.17,Gemuk
8,P,122.0,25.6,17.17,Normal
7,P,116.5,21.4,15.73,Normal
10,P,135.1,32.1,17.57,Normal
12,P,145.2,37.3,17.7,Normal
6,L,113.1,22.0,17.21,Normal
6,P,110.6,20.3,16.62,Normal
10,L,134.5,30.8,17.05,Normal
10,L,132.4,32.3,18.42,Gemuk
11,L,137.8,28.0,14.76,Normal
8,L,122.9,21.9,14.48,Normal
12,L,148.4,30.0,13.62,Kurus
10,P,133.3,33.4,18.78,Gemuk
8,L,121.8,24.6,16.6,Normal
7,P,115.0,23.9,18.07,Gemuk
9,P,123.5,34.0,22.28,Obesitas
6,P,115.4,17.0,12.78,Kurus
9,P,123.4,27.5,18.09,Gemuk
6,L,114.9,20.9,15.83,Normal
8,P,122.0,24.1,16.19,Normal
11,L,138.7,36.9,19.17,Gemuk
9,L,130.4,29.9,17.55,Normal
6,L,111.2,22.0,17.78,Normal
11,P,142.8,38.2,18.75,Gemuk
8,P,122.3,26.4,17.66,Normal
8,L,118.0,29.0,20.83,Gemuk
11,L,138.6,34.2,17.79,Normal
11,L,144.4,32.0,15.34,Normal
6,P,118.0,17.2,12.36,Kurus
9,L,128.4,27.6,16.72,Normal
8,L,125.5,21.9,13.91,Kurus
7,P,116.9,19.7,14.39,Normal
12,L,144.2,35.8,17.22,Normal
7,L,116.6,23.0,16.89,Normal
8,L,123.3,22.5,14.82,Normal
11,L,142.6,37.6,18.5,Gemuk
7,L,117.7,24.1,17.4,Normal
10,P,135.0,28.1,15.4,Normal
10,P,135.2,29.2,15.98,Normal
10,P,130.1,35.5,20.98,Gemuk
8,L,123.0,27.5,18.17,Gemuk
12,L,149.3,42.8,19.19,Gemuk
12,P,148.4,36.7,16.66,Normal
8,L,123.8,25.5,16.61,Normal
12,P,148.3,35.3,16.04,Normal
11,P,143.8,38.9,18.8,Gemuk
11,L,140.1,33.0,16.83,Normal
11,L,141.2,33.3,16.72,Normal
7,P,119.9,24.3,16.89,Normal
6,P,112.5,20.3,16.02,Normal
7,P,120.5,18.5,12.72,Kurus
9,L,127.2,26.0,16.04,Normal
9,L,131.9,26.4,15.16,Normal
12,P,147.0,40.3,18.65,Gemuk
8,P,121.4,21.8,14.8,Normal
10,L,136.6,27.5,14.71,Normal
8,L,127.9,26.8,16.39,Normal
8,P,123.4,20.8,13.65,Kurus
8,L,126.4,23.7,14.82,Normal
7,P,120.1,18.2,12.6,Kurus
11,L,140.6,37.4,18.92,Gemuk
10,P,131.9,29.1,16.71,Normal
10,P,130.1,27.3,16.13,Normal
6,P,111.8,19.6,15.67,Normal
9,L,129.7,24.4,14.54,Normal
8,L,120.4,24.8,17.1,Normal
10,P,134.4,34.7,19.24,Gemuk
10,P,133.9,32.8,18.28,Gemuk
6,P,116.0,18.7,13.89,Kurus
10,L,135.4,30.7,16.74,Normal
9,P,126.5,27.6,17.24,Normal
10,L,133.0,32.3,18.27,Gemuk
11,P,140.8,38.5,19.39,Gemuk
11,L,141.5,35.2,17.58,Normal
7,P,116.3,20.2,14.98,Normal
10,L,136.1,32.1,17.34,Normal
10,P,135.1,29.3,16.03,Normal
10,L,131.5,33.2,19.19,Gemuk
7,L,118.9,21.0,14.84,Normal
8,P,121.2,29.0,19.73,Gemuk
10,L,131.0,25.0,14.57,Normal
8,P,121.1,20.3,13.82,Kurus
11,P,144.8,37.4,17.82,Normal
9,L,131.9,29.1,16.7,Normal
8,P,123.9,27.3,17.77,Normal
12,L,144.3,40.2,19.29,Gemuk
6,L,115.8,22.0,16.4,Normal
6,L,110.3,22.0,18.09,Gemuk
7,L,121.3,22.8,15.5,Normal
10,L,132.0,27.3,15.7,Normal
7,P,122.4,18.0,12.02,Kurus
11,P,141.2,33.3,16.71,Normal
12,L,146.0,39.9,18.73,Gemuk
8,P,119.3,28.2,19.82,Gemuk
12,L,147.3,37.9,17.46,Normal
12,L,143.2,36.6,17.84,Normal
11,P,136.1,33.6,18.15,Gemuk
11,P,141.6,38.7,19.29,Gemuk
12,L,146.4,44.2,20.61,Gemuk
11,P,139.9,33.0,16.86,Normal
11,P,142.1,38.1,18.86,Gemuk
9,P,125.3,27.4,17.48,Normal
10,P,135.4,35.4,19.33,Gemuk
11,P,141.3,35.0,17.51,Normal
7,L,116.0,19.5,14.51,Normal
9,P,128.4,25.3,15.37,Normal
7,L,118.7,23.8,16.86,Normal
11,L,142.1,37.8,18.71,Gemuk
10,P,134.9,30.7,16.86,Normal
11,L,143.8,32.3,15.61,Normal
12,L,144.1,38.7,18.64,Gemuk
8,L,125.2,23.3,14.89,Normal
12,P,140.0,38.1,19.45,Gemuk
9,L,129.8,30.0,17.78,Normal
7,L,119.0,19.4,13.67,Kurus
11,P,140.3,36.2,18.38,Gemuk
11,L,143.3,37.6,18.33,Gemuk
12,P,140.0,35.8,18.24,Gemuk
9,L,128.8,32.4,19.55,Gemuk
8,L,120.6,23.6,16.24,Normal
8,L,125.5,20.3,12.9,Kurus
7,P,118.4,18.0,12.84,Kurus
7,L,115.9,18.7,13.9,Kurus
7,P,113.0,19.9,15.59,Normal
10,P,130.3,33.3,19.62,Gemuk
10,L,133.4,29.6,16.63,Normal
8,P,118.7,24.8,17.58,Normal
7,L,119.9,22.0,15.28,Normal
12,P,142.7,35.6,17.5,Normal
8,L,123.5,24.5,16.07,Normal
10,L,131.9,31.5,18.08,Gemuk
12,L,146.9,45.1,20.9,Gemuk
10,P,132.6,33.3,18.94,Gemuk
12,P,146.4,34.7,16.18,Normal
8,L,122.0,22.5,15.11,Normal
9,L,127.8,30.7,18.82,Gemuk
6,L,112.5,22.0,17.39,Normal
8,P,124.6,27.7,17.85,Normal
10,L,132.6,35.1,19.94,Gemuk
8,L,118.7,20.0,14.2,Normal
12,L,144.7,41.0,19.58,Gemuk
12,L,145.9,40.2,18.89,Gemuk
11,L,139.3,39.1,20.16,Gemuk
8,L,122.9,20.7,13.71,Kurus
10,P,134.5,35.8,19.78,Gemuk
8,L,125.0,24.0,15.34,Normal
12,L,148.1,42.1,19.21,Gemuk
11,P,143.9,36.6,17.67,Normal
10,P,133.9,35.2,19.65,Gemuk
10,P,138.9,26.7,13.82,Kurus
11,P,143.3,40.2,19.57,Gemuk
7,P,116.6,22.4,16.48,Normal
8,L,125.8,25.9,16.39,Normal
6,L,110.0,22.0,18.18,Gemuk
7,L,115.7,25.0,18.69,Gemuk
8,P,122.5,23.5,15.67,Normal
7,P,113.0,18.1,14.18,Normal
11,P,138.1,35.3,18.51,Gemuk
11,P,142.5,39.2,19.32,Gemuk
9,L,131.5,31.4,18.14,Gemuk
9,P,131.6,32.6,18.85,Gemuk
8,P,120.8,24.9,17.09,Normal
6,P,111.8,22.0,17.59,Normal
8,L,128.0,20.5,12.54,Kurus
11,P,140.6,33.5,16.95,Normal
12,L,148.2,37.0,16.84,Normal
8,P,124.0,28.3,18.39,Gemuk
8,L,124.2,28.8,18.66,Gemuk
10,P,135.3,38.0,20.75,Gemuk
6,L,114.3,20.1,15.38,Normal
11,L,136.1,35.9,19.39,Gemuk
7,L,117.6,18.0,13.01,Kurus
12,L,146.6,41.8,19.43,Gemuk
9,L,127.3,23.0,14.17,Normal
11,P,140.0,35.3,18.04,Gemuk
9,L,130.3,22.0,12.96,Kurus
9,L,129.9,28.7,17.01,Normal
10,P,132.0,30.6,17.58,Normal
7,L,118.8,25.0,17.73,Normal
12,P,144.0,35.4,17.09,Normal
12,L,142.3,43.1,21.27,Gemuk
6,L,110.4,19.4,15.9,Normal
7,L,121.9,23.4,15.78,Normal
8,L,121.9,20.0,13.45,Kurus
7,P,116.1,25.0,18.53,Gemuk
11,P,139.8,39.0,19.97,Gemuk
12,P,146.3,40.1,18.75,Gemuk
6,P,113.1,17.0,13.28,Kurus
11,P,145.5,37.9,17.89,Normal
9,P,126.1,23.1,14.51,Normal
10,P,132.0,28.1,16.16,Normal
6,P,116.1,20.7,15.33,Normal
11,L,139.1,38.5,19.92,Gemuk
9,P,125.0,22.6,14.46,Normal
6,P,113.2,21.3,16.61,Normal
11,L,142.7,41.1,20.21,Gemuk
12,L,149.2,37.5,16.85,Normal
9,P,131.9,29.8,17.17,Normal
6,P,117.2,17.7,12.88,Kurus
12,L,144.9,39.7,18.93,Gemuk
12,L,143.8,36.1,17.46,Normal
12,L,148.5,44.4,20.14,Gemuk
9,L,124.9,26.3,16.84,Normal
6,L,114.4,17.4,13.27,Kurus
7,L,115.6,21.2,15.83,Normal
6,L,116.2,20.4,15.09,Normal
9,L,131.0,31.2,18.16,Gemuk
9,P,126.3,27.3,17.1,Normal
6,P,115.3,20.0,15.02,Normal
12,L,148.4,38.8,17.61,Normal
6,L,117.4,22.0,15.96,Normal
11,L,140.6,33.0,16.72,Normal
7,P,114.7,20.7,15.7,Normal
10,L,135.2,34.0,18.59,Gemuk
10,L,133.4,35.7,20.07,Gemuk
10,L,138.5,35.2,18.32,Gemuk
11,L,137.5,36.0,19.06,Gemuk
12,L,148.4,36.1,16.42,Normal
11,P,138.3,36.7,19.19,Gemuk
6,L,112.6,21.6,17.0,Normal
7,P,119.8,21.9,15.28,Normal
6,P,114.6,17.0,12.94,Kurus
6,L,113.2,22.0,17.16,Normal
12,L,149.7,36.0,16.06,Normal
11,P,143.4,38.0,18.49,Gemuk
8,P,118.0,27.3,19.57,Gemuk
11,L,141.8,36.4,18.11,Gemuk
11,L,140.6,39.8,20.13,Gemuk
8,P,118.0,24.8,17.78,Normal
12,P,146.1,40.1,18.77,Gemuk
11,L,139.9,36.9,18.84,Gemuk
8,P,124.4,20.0,12.92,Kurus
12,P,147.5,36.6,16.84,Normal
11,L,144.6,38.0,18.17,Gemuk
8,L,124.3,23.2,15.0,Normal
7,L,117.5,18.0,13.03,Kurus
11,L,139.7,33.3,17.07,Normal
7,L,117.4,25.0,18.14,Gemuk
11,P,143.4,36.4,17.71,Normal
9,L,127.2,27.6,17.04,Normal
11,L,143.4,36.3,17.63,Normal
6,P,114.0,20.2,15.55,Normal
6,L,110.0,20.7,17.08,Normal
8,P,119.8,21.2,14.75,Normal
11,P,140.8,34.2,17.27,Normal
6,P,112.9,18.5,14.54,Normal
9,P,128.3,23.4,14.21,Normal
8,P,128.0,26.8,16.38,Normal
6,L,112.5,19.3,15.27,Normal
7,P,116.2,25.0,18.51,Gemuk
9,P,129.3,28.9,17.29,Normal
10,P,134.5,30.3,16.74,Normal
11,P,140.8,37.8,19.08,Gemuk
11,P,139.9,32.4,16.52,Normal
10,L,132.4,27.7,15.81,Normal
12,L,147.8,40.1,18.36,Gemuk
7,P,114.7,18.0,13.68,Kurus
8,L,118.0,29.0,20.83,Gemuk
7,L,115.1,24.2,18.28,Gemuk
12,P,145.2,37.7,17.88,Normal
8,L,126.3,29.0,18.19,Gemuk
9,L,129.8,30.9,18.36,Gemuk
6,P,111.1,17.0,13.78,Kurus
11,L,142.9,33.1,16.21,Normal
6,L,118.0,17.7,12.74,Kurus
10,P,131.4,26.0,15.07,Normal
11,P,139.4,34.3,17.66,Normal
9,L,129.8,25.5,15.16,Normal
12,L,149.2,39.7,17.84,Normal
6,L,111.0,22.0,17.86,Normal
6,L,113.7,17.0,13.15,Kurus
11,P,141.5,36.3,18.11,Gemuk
11,P,144.9,38.0,18.08,Gemuk
12,L,148.1,31.1,14.19,Normal
6,L,114.6,22.0,16.76,Normal
8,L,124.0,29.0,18.85,Gemuk
9,P,132.2,28.5,16.3,Normal
10,L,131.3,32.8,19.01,Gemuk
7,P,115.9,21.4,15.91,Normal
8,P,120.9,23.5,16.11,Normal
10,P,134.0,27.4,15.26,Normal
7,P,117.8,24.9,17.93,Normal
6,L,114.4,17.9,13.69,Kurus
7,P,116.6,20.7,15.2,Normal
11,P,139.9,35.4,18.1,Gemuk
6,P,116.2,20.9,15.46,Normal
9,L,130.5,27.0,15.85,Normal
12,P,144.6,38.5,18.39,Gemuk
12,L,147.9,42.5,19.44,Gemuk
12,L,147.1,36.0,16.63,Normal
11,P,139.7,34.9,17.88,Normal
10,L,133.9,28.8,16.05,Normal
8,P,123.6,22.9,15.0,Normal
8,P,126.2,24.7,15.48,Normal
10,L,131.0,28.0,16.32,Normal
6,P,114.4,21.8,16.67,Normal
7,P,116.7,23.0,16.9,Normal
10,P,137.9,34.2,17.98,Normal
12,P,141.3,34.3,17.19,Normal
10,L,136.2,29.2,15.74,Normal
6,P,115.3,22.0,16.54,Normal
10,P,134.7,31.7,17.47,Normal
11,P,142.0,33.9,16.8,Normal
12,L,147.9,41.2,18.85,Gemuk
8,L,126.4,29.0,18.14,Gemuk
9,L,127.7,31.0,19.0,Gemuk
8,L,122.5,28.8,19.17,Gemuk
10,P,132.6,36.7,20.84,Gemuk
11,L,137.9,30.0,15.76,Normal
11,P,142.9,36.7,17.97,Normal
10,L,134.4,36.5,20.2,Gemuk
9,P,128.1,31.0,18.9,Gemuk
12,P,148.6,38.7,17.52,Normal
8,P,124.3,22.7,14.69,Normal
12,L,145.7,37.5,17.69,Normal
6,P,115.2,19.0,14.29,Normal
11,L,140.7,36.7,18.53,Gemuk
9,P,128.7,33.9,20.48,Gemuk
6,P,110.9,21.3,17.32,Normal
8,P,119.8,26.9,18.69,Gemuk
11,L,143.0,43.0,21.04,Gemuk
7,P,116.4,24.9,18.36,Gemuk
11,P,145.2,34.2,16.24,Normal
7,P,118.8,25.0,17.72,Normal
9,L,130.0,25.2,14.9,Normal
8,P,123.0,20.3,13.44,Kurus
8,P,123.7,20.6,13.48,Kurus
11,P,140.3,31.2,15.87,Normal
11,P,144.0,36.0,17.36,Normal
7,L,117.9,19.4,13.97,Kurus
6,P,113.2,21.2,16.56,Normal
12,P,152.0,30.3,13.12,Kurus
6,L,114.0,20.8,16.0,Normal
8,L,128.0,25.9,15.84,Normal
9,P,129.9,30.7,18.21,Gemuk
7,P,123.0,23.4,15.44,Normal
7,L,115.2,18.7,14.12,Normal
12,P,147.7,40.5,18.55,Gemuk
7,L,119.0,20.7,14.62,Normal
9,P,130.9,28.9,16.88,Normal
11,P,145.3,34.2,16.22,Normal
11,L,144.7,41.6,19.9,Gemuk
8,L,127.1,29.0,17.96,Normal
6,L,114.9,17.0,12.88,Kurus
6,L,110.1,19.6,16.16,Normal
6,P,113.1,22.0,17.2,Normal
9,L,130.7,30.1,17.63,Normal
8,P,119.3,27.4,19.25,Gemuk
7,P,117.4,22.9,16.63,Normal
6,L,116.2,19.2,14.23,Normal
12,L,144.1,42.3,20.34,Gemuk
7,L,118.0,23.7,17.0,Normal
6,L,118.0,20.3,14.6,Normal
12,P,146.5,44.3,20.63,Gemuk
7,L,118.4,23.5,16.73,Normal
11,P,141.7,36.9,18.35,Gemuk
10,L,134.2,26.1,14.5,Normal
10,P,134.5,34.0,18.79,Gemuk
9,L,129.8,22.3,13.24,Kurus
9,L,130.3,34.0,20.04,Gemuk
8,L,120.1,23.9,16.59,Normal
11,L,139.7,40.6,20.79,Gemuk
9,P,124.4,32.5,21.01,Gemuk
7,L,117.3,23.6,17.12,Normal
8,P,118.6,24.3,17.3,Normal
6,P,117.1,22.0,16.04,Normal
11,L,140.0,35.6,18.13,Gemuk
9,P,126.7,22.3,13.91,Kurus
12,L,148.4,38.3,17.37,Normal
8,P,124.3,20.3,13.16,Kurus
10,L,131.2,29.0,16.88,Normal
6,P,117.1,22.0,16.05,Normal
6,L,118.0,17.3,12.44,Kurus
12,P,143.8,40.0,19.34,Gemuk
9,P,126.2,32.4,20.33,Gemuk
12,L,143.9,39.7,19.19,Gemuk
11,P,142.3,34.2,16.9,Normal
10,L,133.8,29.0,16.21,Normal
7,L,116.6,21.0,15.41,Normal
11,L,141.1,41.2,20.7,Gemuk
6,L,112.4,21.8,17.22,Normal
11,L,141.8,36.2,17.98,Normal
7,L,115.8,24.3,18.07,Gemuk
11,P,139.0,38.5,19.95,Gemuk
12,L,142.3,37.3,18.43,Gemuk
6,L,118.0,17.0,12.21,Kurus
9,P,125.8,28.2,17.8,Normal
7,L,116.7,19.3,14.2,Normal
7,P,122.9,23.7,15.7,Normal
10,L,134.2,29.5,16.37,Normal
8,L,128.0,23.1,14.09,Normal
7,L,118.7,19.0,13.47,Kurus
10,L,134.9,30.0,16.47,Normal
8,P,126.3,27.7,17.36,Normal
9,P,133.0,29.0,16.41,Normal
6,P,113.6,17.0,13.16,Kurus
12,P,142.3,40.6,20.07,Gemuk
11,L,137.1,32.0,17.05,Normal
6,P,118.0,17.0,12.21,Kurus
10,P,136.4,27.3,14.65,Normal
7,P,115.9,24.1,17.93,Normal
7,P,121.0,18.6,12.7,Kurus
6,L,113.7,19.8,15.35,Normal
11,P,143.8,35.7,17.23,Normal
9,L,130.8,28.2,16.5,Normal
8,L,124.7,28.6,18.4,Gemuk
6,L,112.0,19.3,15.41,Normal
10,P,128.3,29.2,17.75,Normal
7,L,117.0,25.0,18.26,Gemuk
11,L,142.8,35.4,17.35,Normal
12,P,146.5,41.6,19.4,Gemuk
6,L,115.9,22.0,16.39,Normal
11,L,141.2,32.7,16.39,Normal
7,L,117.3,22.2,16.12,Normal
6,L,118.0,20.8,14.93,Normal
6,P,118.0,17.0,12.21,Kurus
9,L,128.3,23.8,14.48,Normal
11,P,140.1,40.1,20.42,Gemuk
6,L,111.7,19.0,15.24,Normal
11,P,140.4,36.3,18.43,Gemuk
6,L,114.9,17.6,13.33,Kurus
6,P,114.3,20.0,15.29,Normal
6,P,112.1,17.0,13.52,Kurus
9,L,128.6,28.4,17.18,Normal
6,L,114.2,18.9,14.49,Normal
8,P,122.3,22.8,15.22,Normal
10,L,134.8,31.3,17.24,Normal
9,P,123.4,25.5,16.76,Normal
6,P,113.5,19.4,15.06,Normal
9,L,129.1,26.2,15.71,Normal
9,P,126.7,29.4,18.32,Gemuk
8,P,123.0,25.6,16.95,Normal
10,P,134.0,31.1,17.31,Normal
11,L,142.9,35.5,17.39,Normal
11,P,142.0,38.7,19.19,Gemuk
10,L,133.8,29.9,16.68,Normal
11,P,142.4,36.3,17.9,Normal
8,L,125.9,22.5,14.19,Normal
11,L,140.5,33.9,17.15,Normal
10,L,133.5,30.6,17.16,Normal
9,L,125.7,32.8,20.77,Gemuk
10,P,135.3,31.6,17.25,Normal
8,P,119.7,21.9,15.3,Normal
12,P,145.0,39.7,18.86,Gemuk
6,P,114.9,22.0,16.67,Normal
11,P,143.0,36.5,17.84,Normal
9,L,125.7,28.6,18.12,Gemuk
11,L,139.4,38.6,19.87,Gemuk
11,L,141.3,39.5,19.79,Gemuk
8,P,124.4,28.8,18.65,Gemuk
7,L,119.5,18.6,13.02,Kurus
6,L,115.3,20.0,15.06,Normal
10,P,134.9,26.6,14.64,Normal
6,P,110.8,17.0,13.85,Kurus
11,P,142.9,33.8,16.55,Normal
12,L,145.0,39.7,18.86,Gemuk
6,L,110.0,17.0,14.05,Normal
9,P,131.5,31.1,17.99,Normal
7,P,118.6,23.5,16.69,Normal
11,L,141.5,36.5,18.25,Gemuk
7,P,116.5,20.9,15.4,Normal
10,P,134.1,38.0,21.13,Gemuk
11,L,140.3,39.2,19.91,Gemuk
7,P,115.9,18.0,13.41,Kurus
6,P,111.1,18.3,14.82,Normal
9,P,124.3,27.3,17.7,Normal
12,L,146.1,41.6,19.5,Gemuk
10,L,133.4,28.0,15.73,Normal
9,L,133.0,26.4,14.91,Normal
12,L,146.1,38.0,17.81,Normal
9,L,132.4,23.3,13.31,Kurus
6,L,115.6,22.0,16.46,Normal
11,P,143.0,37.7,18.45,Gemuk
10,L,133.9,31.0,17.26,Normal
6,P,113.5,20.4,15.79,Normal
9,L,128.6,27.5,16.63,Normal
9,P,132.2,31.5,17.98,Normal
9,P,129.1,22.9,13.73,Kurus
9,P,125.9,28.6,18.04,Gemuk
7,L,118.2,23.0,16.5,Normal
12,L,145.7,34.0,16.0,Normal
7,L,118.9,18.1,12.79,Kurus
8,P,120.9,29.0,19.83,Gemuk
10,L,137.8,28.8,15.13,Normal
7,L,117.7,25.0,18.05,Gemuk
6,P,113.9,22.0,16.97,Normal
12,L,148.9,38.4,17.3,Normal
8,L,121.1,21.1,14.38,Normal
7,P,123.0,19.8,13.09,Kurus
10,L,132.3,33.9,19.38,Gemuk
10,P,138.9,32.8,16.99,Normal
9,P,127.9,22.0,13.45,Kurus
7,P,115.8,18.6,13.88,Kurus
11,P,136.7,39.3,21.05,Gemuk
9,P,125.5,24.3,15.44,Normal
9,L,126.5,34.0,21.24,Gemuk
7,P,122.6,20.3,13.49,Kurus
7,L,115.8,20.9,15.57,Normal
8,L,124.1,22.1,14.36,Normal
8,P,122.8,24.4,16.16,Normal
12,P,146.8,35.7,16.56,Normal
8,L,122.3,29.0,19.38,Gemuk
7,P,113.0,24.5,19.19,Gemuk
8,P,120.4,24.5,16.87,Normal
11,L,136.0,37.0,20.02,Gemuk
7,P,114.4,18.0,13.75,Kurus
9,P,125.9,23.6,14.85,Normal
9,L,130.8,30.9,18.03,Gemuk
12,L,145.6,38.4,18.09,Gemuk
8,P,126.7,27.1,16.89,Normal
11,P,142.4,31.4,15.47,Normal
6,P,111.8,17.0,13.61,Kurus
7,P,118.0,25.0,17.93,Normal
8,P,123.6,24.5,16.06,Normal
6,P,112.4,20.8,16.47,Normal
12,P,143.6,40.7,19.72,Gemuk
8,L,123.2,25.4,16.74,Normal
6,L,110.9,22.0,17.89,Normal
7,P,119.2,25.0,17.58,Normal
12,L,142.2,37.2,18.39,Gemuk
11,P,140.5,38.8,19.66,Gemuk
8,P,125.7,26.1,16.52,Normal
6,L,114.0,17.0,13.07,Kurus
7,L,120.8,25.0,17.14,Normal
11,P,141.6,35.5,17.68,Normal
9,P,129.8,29.3,17.39,Normal
8,P,120.3,24.9,17.17,Normal
11,P,143.6,36.6,17.76,Normal
12,P,148.4,36.1,16.38,Normal
10,P,131.7,31.2,17.97,Normal
6,P,111.3,17.0,13.72,Kurus
10,L,137.0,26.5,14.1,Normal
7,L,115.6,24.1,18.03,Gemuk
11,L,137.7,34.4,18.15,Gemuk
9,P,125.8,33.3,21.07,Gemuk
7,P,116.1,19.7,14.62,Normal
10,P,131.2,35.2,20.44,Gemuk
10,P,134.5,32.0,17.68,Normal
9,L,130.7,28.4,16.62,Normal
9,P,123.0,24.6,16.24,Normal
6,L,114.7,17.0,12.91,Kurus
12,P,148.1,36.9,16.84,Normal
8,L,118.0,21.0,15.07,Normal
8,L,123.4,25.2,16.58,Normal
9,P,129.6,31.5,18.75,Gemuk
9,P,128.2,26.0,15.83,Normal
9,L,127.8,29.2,17.89,Normal
12,L,144.6,38.9,18.59,Gemuk
7,L,113.7,20.9,16.14,Normal
8,P,124.8,20.9,13.4,Kurus
11,P,135.0,32.0,17.56,Normal
11,L,141.2,39.3,19.71,Gemuk
6,P,112.9,19.2,15.06,Normal
10,L,128.6,32.8,19.82,Gemuk
9,L,126.8,24.9,15.49,Normal
6,L,111.7,22.0,17.64,Normal
6,P,112.6,18.8,14.86,Normal
9,P,123.0,30.0,19.85,Gemuk
9,P,129.1,28.4,17.05,Normal
10,L,140.0,30.7,15.65,Normal
6,P,116.7,21.6,15.84,Normal
12,L,144.4,37.5,18.0,Normal
10,P,132.6,29.9,17.03,Normal
8,P,122.3,20.5,13.72,Kurus
9,L,128.6,29.0,17.55,Normal
7,L,114.6,25.0,19.05,Gemuk
7,P,120.1,25.0,17.32,Normal
6,L,112.6,20.3,16.01,Normal
11,P,142.6,33.0,16.23,Normal
11,P,145.3,32.7,15.48,Normal
8,P,121.0,25.4,17.35,Normal
10,L,132.4,30.6,17.46,Normal
11,P,141.2,35.8,17.98,Normal
10,P,134.7,34.9,19.21,Gemuk
11,P,140.9,40.2,20.25,Gemuk
6,L,113.2,18.9,14.77,Normal
11,P,140.3,33.6,17.07,Normal
6,P,117.4,17.0,12.34,Kurus
9,P,126.7,26.5,16.48,Normal
8,P,123.1,23.3,15.34,Normal
11,P,141.0,34.6,17.42,Normal
7,L,116.6,23.4,17.21,Normal
12,L,148.9,40.6,18.3,Gemuk
6,L,114.6,21.1,16.05,Normal
8,L,120.4,20.7,14.3,Normal
10,L,132.2,31.5,18.02,Gemuk
6,P,116.3,17.0,12.57,Kurus
12,L,146.6,38.5,17.9,Normal
12,L,147.1,35.5,16.43,Normal
8,P,119.9,22.3,15.52,Normal
8,L,127.1,26.0,16.11,Normal
6,L,110.4,18.6,15.25,Normal
7,P,120.5,23.3,16.03,Normal
8,P,121.9,20.0,13.47,Kurus
11,L,142.1,35.8,17.72,Normal
7,P,117.6,23.9,17.25,Normal
11,P,140.4,40.2,20.4,Gemuk
11,P,141.2,32.5,16.29,Normal
7,P,118.3,20.8,14.85,Normal
7,L,119.8,20.5,14.3,Normal
7,L,119.9,19.0,13.22,Kurus
11,L,139.7,41.8,21.41,Gemuk
6,P,114.2,19.4,14.86,Normal
8,L,126.8,24.0,14.94,Normal
12,P,149.3,41.6,18.67,Gemuk
7,P,121.7,21.5,14.5,Normal
9,P,125.7,24.3,15.37,Normal
12,P,140.0,39.9,20.36,Gemuk
10,L,136.4,28.9,15.52,Normal
10,P,132.8,30.3,17.2,Normal
8,P,119.5,23.5,16.46,Normal
9,P,129.7,25.1,14.95,Normal
7,P,116.4,25.0,18.46,Gemuk
11,P,139.5,34.4,17.7,Normal
7,L,120.4,23.1,15.96,Normal
6,L,111.9,17.2,13.73,Kurus
6,L,114.6,19.9,15.17,Normal
7,P,118.5,21.1,15.02,Normal
11,L,144.1,38.3,18.42,Gemuk
11,L,140.8,36.3,18.32,Gemuk
9,L,128.1,26.8,16.35,Normal
9,L,127.4,28.8,17.75,Normal
10,P,130.6,31.6,18.52,Gemuk
10,P,139.2,25.7,13.27,Kurus
10,P,129.9,33.1,19.6,Gemuk
11,P,141.6,37.0,18.44,Gemuk
11,L,144.7,29.2,13.96,Kurus
12,L,144.1,37.8,18.23,Gemuk
7,L,119.6,25.0,17.48,Normal
12,P,148.4,35.6,16.17,Normal
9,P,124.1,22.0,14.29,Normal
12,P,148.7,42.9,19.41,Gemuk
7,L,113.9,18.5,14.29,Normal
8,L,123.5,23.2,15.24,Normal
10,P,128.1,36.0,21.93,Gemuk
12,P,145.2,40.2,19.08,Gemuk
7,L,122.2,19.0,12.75,Kurus
9,P,124.1,24.4,15.84,Normal
8,P,122.5,25.4,16.91,Normal
12,L,148.7,35.2,15.91,Normal
11,L,142.0,38.6,19.15,Gemuk
7,L,115.5,23.0,17.25,Normal
6,L,114.2,20.8,15.96,Normal
9,P,127.3,34.0,20.98,Gemuk
7,L,116.3,21.3,15.76,Normal
12,L,147.3,41.7,19.19,Gemuk
12,L,149.4,41.9,18.8,Gemuk
7,P,118.1,20.2,14.44,Normal
12,L,148.7,37.5,16.95,Normal
9,L,123.6,32.8,21.47,Gemuk
8,L,120.2,22.2,15.35,Normal
6,L,117.2,17.0,12.37,Kurus
8,L,121.6,24.0,16.24,Normal
6,P,113.8,17.9,13.82,Kurus
8,L,125.1,22.8,14.53,Normal
12,P,146.8,38.1,17.68,Normal
8,L,124.8,23.0,14.76,Normal
12,L,142.0,37.6,18.66,Gemuk
8,P,122.1,27.4,18.41,Gemuk
12,P,150.4,38.8,17.17,Normal
6,L,117.8,18.1,13.03,Kurus
7,P,119.3,25.0,17.57,Normal
9,L,128.2,25.3,15.36,Normal
12,P,142.8,40.7,19.96,Gemuk
9,L,128.4,23.2,14.06,Normal
9,L,127.3,27.5,16.98,Normal
8,L,122.3,21.2,14.19,Normal
7,P,115.7,22.4,16.77,Normal
6,P,112.7,22.0,17.31,Normal
8,L,118.0,23.6,16.95,Normal
6,P,115.3,19.7,14.86,Normal
6,P,115.8,17.2,12.84,Kurus
9,L,129.5,31.9,18.99,Gemuk
7,P,115.1,23.4,17.69,Normal
10,L,130.7,25.0,14.66,Normal
9,L,127.1,27.5,17.05,Normal
8,L,120.0,29.0,20.15,Gemuk
11,L,139.3,34.2,17.65,Normal
11,L,145.1,36.8,17.49,Normal
11,L,135.4,35.5,19.37,Gemuk
6,P,112.2,17.0,13.5,Kurus
8,P,127.9,23.4,14.31,Normal
11,L,141.5,37.9,18.91,Gemuk
6,P,111.9,17.0,13.61,Kurus
6,L,114.0,17.6,13.55,Kurus
9,P,128.1,25.4,15.5,Normal
7,L,116.8,21.8,15.98,Normal
6,L,118.0,20.6,14.8,Normal
9,P,133.0,25.1,14.2,Normal
12,L,142.5,38.5,18.97,Gemuk
10,P,134.8,29.9,16.48,Normal
7,P,113.0,21.1,16.54,Normal
8,P,127.1,20.9,12.95,Kurus
6,P,112.5,22.0,17.37,Normal
11,L,140.8,42.2,21.3,Gemuk
9,P,123.0,30.3,20.05,Gemuk
6,L,117.5,20.0,14.51,Normal
9,L,129.4,30.3,18.1,Gemuk
11,P,136.7,37.1,19.83,Gemuk
6,P,114.0,22.0,16.92,Normal
12,P,146.5,39.9,18.61,Gemuk
12,P,146.3,39.1,18.28,Gemuk
8,P,123.3,23.9,15.74,Normal
11,P,142.0,33.3,16.51,Normal
10,L,133.2,35.6,20.08,Gemuk
12,L,145.4,37.1,17.56,Normal
9,L,123.9,27.0,17.57,Normal
7,L,116.0,20.5,15.21,Normal
10,L,133.9,32.3,18.0,Gemuk
8,P,126.3,23.3,14.61,Normal
6,L,117.1,21.8,15.91,Normal
7,P,113.0,21.0,16.48,Normal
9,P,127.3,27.9,17.21,Normal
11,L,135.6,31.0,16.83,Normal
9,L,129.5,31.0,18.5,Gemuk
8,P,124.4,29.0,18.73,Gemuk
10,P,134.5,35.0,19.34,Gemuk
12,P,141.6,43.1,21.5,Gemuk
6,L,114.2,17.0,13.03,Kurus
11,P,139.2,38.9,20.06,Gemuk
9,P,127.1,31.1,19.25,Gemuk
7,L,116.4,23.0,16.97,Normal
11,P,138.4,36.6,19.09,Gemuk
11,L,140.0,35.7,18.22,Gemuk
12,L,145.2,37.8,17.95,Normal
6,L,116.1,21.9,16.26,Normal
8,P,122.1,22.6,15.15,Normal
10,L,133.2,28.6,16.1,Normal
7,P,117.9,18.0,12.96,Kurus
11,P,138.1,38.6,20.23,Gemuk
11,P,144.6,35.0,16.76,Normal
6,L,116.5,17.7,13.02,Kurus
6,L,117.1,21.3,15.54,Normal
10,L,132.3,28.8,16.47,Normal
6,P,114.0,17.1,13.16,Kurus
10,L,137.2,31.3,16.6,Normal
9,L,127.2,28.7,17.75,Normal
12,P,143.8,38.0,18.4,Gemuk
8,L,123.1,21.1,13.94,Kurus
7,P,114.8,22.0,16.69,Normal
10,P,137.9,27.5,14.47,Normal
8,L,120.3,21.3,14.74,Normal
10,P,133.5,25.4,14.27,Normal
11,P,142.5,33.2,16.33,Normal
6,L,116.6,17.0,12.51,Kurus
6,P,110.8,19.8,16.15,Normal
11,P,139.2,35.6,18.4,Gemuk
8,P,125.4,25.9,16.48,Normal
6,P,115.3,18.6,13.99,Kurus
10,L,128.0,32.0,19.53,Gemuk
8,P,125.3,22.3,14.22,Normal
6,L,110.6,17.0,13.89,Kurus
9,P,133.0,27.5,15.56,Normal
8,P,118.6,25.4,18.04,Gemuk
12,P,148.0,34.8,15.88,Normal
8,L,119.0,29.0,20.49,Gemuk
6,P,113.1,17.0,13.29,Kurus
6,L,113.6,17.0,13.17,Kurus
11,P,140.8,30.9,15.57,Normal
8,L,125.5,29.0,18.41,Gemuk
8,P,119.2,23.1,16.28,Normal
10,L,130.4,30.1,17.73,Normal
11,L,141.4,37.1,18.55,Gemuk
9,L,128.6,25.1,15.2,Normal
10,L,133.8,32.4,18.08,Gemuk
10,L,131.0,26.7,15.56,Normal
12,P,142.7,35.3,17.32,Normal
7,P,120.1,25.0,17.34,Normal
6,P,113.1,17.0,13.28,Kurus
6,L,111.3,17.0,13.72,Kurus
10,L,132.8,34.0,19.3,Gemuk
8,P,127.6,21.2,13.01,Kurus
12,P,142.7,45.7,22.45,Obesitas
11,P,140.2,37.8,19.23,Gemuk
11,P,139.4,36.8,18.97,Gemuk
10,P,135.9,29.4,15.91,Normal
11,P,140.9,43.0,21.67,Gemuk
12,L,147.0,43.0,19.87,Gemuk
10,P,131.9,31.4,18.07,Gemuk
10,P,139.3,38.0,19.6,Gemuk
11,P,140.4,41.0,20.81,Gemuk
12,L,142.8,38.6,18.94,Gemuk
9,P,125.7,26.8,16.99,Normal
6,P,113.1,18.9,14.81,Normal
10,L,133.3,33.9,19.06,Gemuk
12,L,147.1,38.1,17.6,Normal
6,L,115.4,19.2,14.42,Normal
12,L,149.6,42.4,18.97,Gemuk
11,P,143.0,37.0,18.09,Gemuk
9,L,132.7,32.8,18.63,Gemuk
11,L,135.9,35.5,19.2,Gemuk
9,P,131.7,28.0,16.16,Normal
11,P,142.0,32.8,16.26,Normal
11,P,140.5,32.9,16.66,Normal
10,L,129.0,34.2,20.53,Gemuk
11,P,141.4,37.9,18.96,Gemuk
11,L,142.4,39.3,19.4,Gemuk
10,P,132.2,30.4,17.37,Normal
9,P,126.5,28.8,18.04,Gemuk
7,L,118.6,19.3,13.72,Kurus
6,L,111.0,17.0,13.79,Kurus
12,P,147.4,44.9,20.69,Gemuk
10,P,134.0,29.1,16.22,Normal
8,P,123.1,24.3,16.01,Normal
10,P,134.1,35.1,19.52,Gemuk
11,P,144.9,31.6,15.04,Normal
8,P,125.0,23.3,14.91,Normal
8,L,121.3,21.5,14.59,Normal
11,L,139.5,33.7,17.33,Normal
9,P,131.0,29.4,17.16,Normal
8,P,123.6,23.8,15.58,Normal
9,L,129.9,27.7,16.45,Normal
10,L,133.6,33.7,18.87,Gemuk
11,L,138.5,41.2,21.49,Gemuk
11,L,140.9,33.4,16.84,Normal
6,P,116.0,22.0,16.36,Normal
8,P,126.1,26.2,16.49,Normal
6,L,112.7,18.3,14.42,Normal
11,P,139.2,34.2,17.64,Normal
12,L,146.0,37.8,17.72,Normal
10,P,135.4,29.0,15.82,Normal
10,P,133.2,30.0,16.92,Normal
10,L,139.6,28.1,14.43,Normal
10,L,135.1,35.2,19.31,Gemuk
7,P,115.8,18.0,13.42,Kurus
7,P,119.1,18.0,12.69,Kurus
12,P,146.4,41.7,19.48,Gemuk
10,L,135.5,34.3,18.68,Gemuk
10,P,137.9,35.0,18.39,Gemuk
8,P,124.4,24.8,15.99,Normal
7,L,119.1,22.8,16.07,Normal
6,P,112.0,17.0,13.56,Kurus
10,L,137.1,30.5,16.25,Normal
11,L,139.5,32.6,16.73,Normal
9,L,128.3,29.9,18.19,Gemuk
6,L,112.3,17.9,14.22,Normal
11,L,140.6,35.0,17.68,Normal
7,L,116.6,18.0,13.23,Kurus
6,P,111.1,22.0,17.82,Normal
8,P,123.0,28.9,19.09,Gemuk
6,L,110.0,21.3,17.6,Normal
7,L,120.9,18.0,12.32,Kurus
6,P,110.9,22.0,17.88,Normal
9,P,128.6,23.3,14.09,Normal
6,P,114.6,18.4,14.04,Normal
9,P,129.7,29.1,17.28,Normal
11,L,140.7,34.4,17.38,Normal
7,L,120.6,21.2,14.6,Normal
10,L,129.7,28.5,16.9,Normal
10,L,136.8,32.3,17.25,Normal
11,P,139.2,33.7,17.37,Normal
6,P,110.0,22.0,18.18,Gemuk
9,L,127.6,32.1,19.7,Gemuk
10,L,134.2,27.5,15.25,Normal
12,L,143.8,36.1,17.46,Normal
7,L,120.5,22.2,15.3,Normal
8,P,120.4,20.0,13.79,Kurus
11,P,138.5,33.0,17.22,Normal
8,P,124.0,26.9,17.51,Normal
8,L,123.6,21.4,13.99,Kurus
6,P,115.7,22.0,16.43,Normal
10,P,134.6,34.1,18.85,Gemuk
10,L,132.8,38.0,21.55,Gemuk
10,P,129.9,37.2,22.05,Obesitas
12,L,143.8,40.0,19.35,Gemuk
9,P,128.9,32.0,19.28,Gemuk
6,P,114.1,21.0,16.1,Normal
12,P,144.8,38.7,18.46,Gemuk
11,L,140.4,36.7,18.62,Gemuk
6,L,116.6,19.6,14.39,Normal
8,L,123.4,24.3,15.97,Normal
9,P,123.8,26.5,17.31,Normal
9,P,127.8,31.6,19.34,Gemuk
6,P,115.9,17.8,13.26,Kurus
8,P,123.7,22.0,14.39,Normal
9,P,129.4,31.0,18.48,Gemuk
10,P,134.5,32.6,18.01,Gemuk
7,L,119.2,25.0,17.59,Normal
7,L,122.6,23.9,15.89,Normal
7,L,120.4,18.0,12.42,Kurus
12,L,145.5,36.9,17.44,Normal
6,P,113.6,17.0,13.18,Kurus
8,P,122.3,20.8,13.94,Kurus
7,P,118.6,25.0,17.78,Normal
7,L,118.6,25.0,17.77,Normal
12,L,145.4,35.6,16.82,Normal
9,P,125.4,32.4,20.6,Gemuk
8,L,118.9,28.2,19.95,Gemuk
8,P,126.9,26.8,16.64,Normal
7,L,115.9,21.5,15.98,Normal
6,L,112.0,17.0,13.55,Kurus
9,L,130.3,28.3,16.66,Normal
8,P,121.1,28.0,19.09,Gemuk
7,P,122.1,22.9,15.36,Normal
10,L,132.5,37.4,21.3,Gemuk
11,L,141.1,32.3,16.22,Normal
11,L,142.8,33.4,16.41,Normal
10,P,133.0,35.0,19.8,Gemuk
9,L,126.9,25.4,15.81,Normal
12,L,149.6,38.1,17.04,Normal
8,P,122.9,23.2,15.35,Normal
11,L,144.4,41.7,20.0,Gemuk
7,L,123.0,21.8,14.42,Normal
6,L,115.3,17.4,13.07,Kurus
8,L,127.8,25.8,15.78,Normal
9,L,132.9,32.0,18.1,Gemuk
7,P,118.9,21.2,14.99,Normal
11,P,139.1,33.1,17.14,Normal
10,P,133.0,37.2,21.07,Gemuk
7,P,119.8,23.5,16.39,Normal
12,L,146.2,34.3,16.02,Normal
8,L,122.7,27.5,18.28,Gemuk
9,L,125.7,32.5,20.56,Gemuk
7,P,117.9,19.1,13.71,Kurus
10,P,135.9,35.5,19.22,Gemuk
10,P,131.7,30.2,17.4,Normal
10,P,134.2,33.2,18.4,Gemuk
10,L,137.4,25.4,13.45,Kurus
7,P,117.5,19.9,14.39,Normal
9,P,126.1,23.7,14.87,Normal
9,P,129.8,22.0,13.06,Kurus
6,P,111.4,18.0,14.48,Normal
10,L,136.8,28.1,15.04,Normal
12,L,147.9,35.5,16.24,Normal
10,L,133.3,32.2,18.14,Gemuk
9,L,124.0,27.4,17.82,Normal
12,P,145.8,39.0,18.33,Gemuk
12,P,145.1,37.9,18.0,Normal
11,P,141.1,35.2,17.67,Normal
6,L,111.2,17.0,13.74,Kurus
10,L,135.0,31.1,17.08,Normal
12,L,148.0,43.4,19.81,Gemuk
12,L,144.8,37.4,17.86,Normal
8,L,126.4,23.5,14.73,Normal
11,P,142.0,40.1,19.89,Gemuk
6,L,115.7,18.3,13.69,Kurus
7,L,117.4,23.1,16.73,Normal
12,L,146.5,35.7,16.62,Normal
12,L,149.8,40.8,18.21,Gemuk
9,L,127.0,22.0,13.64,Kurus
7,L,120.6,18.0,12.37,Kurus
8,P,123.7,25.8,16.84,Normal
7,L,119.0,19.3,13.62,Kurus
7,L,122.2,24.5,16.42,Normal
7,P,117.7,18.4,13.27,Kurus
12,L,145.9,45.1,21.17,Gemuk
7,P,116.4,23.5,17.34,Normal
10,L,129.9,30.5,18.12,Gemuk
8,L,125.7,24.3,15.37,Normal
7,P,116.3,22.7,16.81,Normal
7,L,119.5,23.2,16.25,Normal
10,P,134.9,36.7,20.2,Gemuk
10,L,132.4,27.2,15.53,Normal
6,L,112.6,18.0,14.16,Normal
7,P,118.8,22.0,15.56,Normal
9,L,128.3,29.8,18.08,Gemuk
8,P,119.4,25.8,18.09,Gemuk
11,P,139.8,38.9,19.87,Gemuk
8,L,121.9,20.0,13.45,Kurus
7,L,120.6,24.4,16.78,Normal
7,L,120.2,21.6,14.94,Normal
11,P,138.1,40.2,21.06,Gemuk
6,P,113.6,21.4,16.61,Normal
11,P,145.6,37.3,17.6,Normal
12,P,144.1,42.7,20.55,Gemuk
12,P,151.4,38.6,16.85,Normal
10,L,128.5,25.9,15.72,Normal
7,L,115.4,24.9,18.72,Gemuk
8,P,125.5,28.2,17.87,Normal
8,L,126.4,29.0,18.14,Gemuk
8,P,122.3,27.0,18.09,Gemuk
8,L,119.9,21.6,15.04,Normal
12,P,142.3,37.7,18.63,Gemuk
11,P,140.5,34.8,17.63,Normal
8,P,119.7,24.2,16.86,Normal
6,L,115.8,19.6,14.65,Normal
11,P,143.1,40.3,19.67,Gemuk
9,P,129.6,28.2,16.81,Normal
9,L,131.5,24.1,13.91,Kurus
9,L,129.7,31.9,18.97,Gemuk
9,L,126.9,27.3,16.97,Normal
10,P,132.0,29.2,16.76,Normal
8,P,120.0,26.0,18.07,Gemuk
9,L,129.7,30.0,17.86,Normal
12,L,143.1,42.5,20.76,Gemuk
10,L,134.8,29.6,16.31,Normal
6,P,114.0,17.8,13.68,Kurus
6,P,111.4,21.6,17.42,Normal
6,P,113.4,22.0,17.09,Normal
12,L,145.4,38.8,18.34,Gemuk
7,L,118.9,21.2,15.01,Normal
7,L,119.4,25.0,17.53,Normal
8,L,126.9,27.3,16.95,Normal
12,L,143.9,39.8,19.2,Gemuk
10,P,134.1,26.8,14.9,Normal
7,L,121.5,23.4,15.83,Normal
6,P,114.3,17.0,13.02,Kurus
7,L,117.5,18.0,13.04,Kurus
10,L,135.7,33.2,18.03,Gemuk
10,P,136.8,28.2,15.07,Normal
10,L,134.7,29.4,16.2,Normal
11,L,147.0,32.6,15.07,Normal
9,L,129.2,29.3,17.57,Normal
7,P,121.4,25.0,16.96,Normal
10,L,136.9,32.3,17.25,Normal
8,L,119.1,22.7,15.99,Normal
9,L,129.8,31.0,18.38,Gemuk
8,L,122.4,29.0,19.36,Gemuk
9,P,128.7,31.0,18.69,Gemuk
9,L,130.6,31.1,18.24,Gemuk
7,L,115.5,25.0,18.73,Gemuk
6,P,116.1,20.5,15.21,Normal
10,P,131.0,30.4,17.72,Normal
12,P,145.8,35.8,16.84,Normal
12,L,147.6,37.1,17.01,Normal
10,P,133.8,25.1,14.04,Normal
8,L,119.6,24.7,17.26,Normal
8,L,123.7,26.1,17.03,Normal
11,P,142.8,38.1,18.7,Gemuk
9,P,125.3,26.3,16.75,Normal
6,P,111.3,17.0,13.71,Kurus
6,L,112.2,22.0,17.46,Normal
11,L,144.5,31.7,15.18,Normal
8,P,124.0,29.0,18.87,Gemuk
10,P,137.6,31.0,16.38,Normal
8,L,125.2,24.1,15.36,Normal
11,L,135.0,42.1,23.12,Obesitas
10,P,137.4,30.6,16.2,Normal
10,L,134.6,25.0,13.79,Kurus
11,L,139.0,35.4,18.3,Gemuk
8,P,124.1,24.3,15.81,Normal
9,L,128.9,27.4,16.52,Normal
11,P,139.2,34.9,18.0,Gemuk
9,P,131.2,27.6,16.03,Normal
9,L,131.2,26.3,15.26,Normal
6,L,113.9,18.3,14.12,Normal
10,P,139.4,30.6,15.75,Normal
11,L,138.5,35.6,18.53,Gemuk
8,L,126.0,25.2,15.83,Normal
8,L,128.0,20.7,12.65,Kurus
8,L,122.0,26.4,17.75,Normal
11,P,136.9,33.0,17.6,Normal
10,L,132.1,31.1,17.83,Normal
10,L,136.7,32.1,17.16,Normal
7,P,122.9,23.6,15.65,Normal
6,L,112.3,17.0,13.48,Kurus
6,P,112.5,20.9,16.47,Normal
11,L,142.6,37.0,18.23,Gemuk
9,L,127.9,28.6,17.49,Normal
9,L,126.6,28.1,17.57,Normal
6,P,116.3,20.9,15.45,Normal
6,L,115.9,17.0,12.66,Kurus
11,L,141.9,34.6,17.21,Normal
7,P,121.2,19.7,13.39,Kurus
7,P,116.6,23.9,17.55,Normal
8,P,121.1,21.8,14.87,Normal
6,P,116.1,18.6,13.81,Kurus
8,L,123.8,26.0,16.97,Normal
7,P,122.3,18.0,12.04,Kurus
12,L,144.9,40.1,19.1,Gemuk
11,L,141.8,34.5,17.17,Normal
6,L,115.9,17.0,12.66,Kurus
10,L,130.7,30.1,17.65,Normal
11,P,143.5,37.9,18.41,Gemuk
8,P,126.4,20.0,12.52,Kurus
9,P,127.6,29.8,18.34,Gemuk
10,L,134.9,32.9,18.05,Gemuk
7,P,121.9,18.6,12.52,Kurus
12,L,148.6,40.5,18.31,Gemuk
7,P,117.5,18.0,13.03,Kurus
9,P,126.5,29.3,18.31,Gemuk
8,L,121.0,27.7,18.94,Gemuk
10,P,134.6,31.3,17.25,Normal
10,L,131.3,35.7,20.72,Gemuk
9,L,126.3,34.0,21.3,Gemuk
11,L,140.2,34.9,17.73,Normal
7,L,122.3,23.1,15.48,Normal
8,P,121.4,25.4,17.26,Normal
12,P,140.9,34.2,17.25,Normal
10,L,134.2,35.4,19.68,Gemuk
8,P,122.6,22.4,14.9,Normal
7,L,114.4,22.3,17.01,Normal
12,L,147.2,38.0,17.54,Normal
11,L,141.4,31.6,15.83,Normal
11,P,142.5,35.9,17.67,Normal
10,P,131.6,32.8,18.93,Gemuk
6,L,112.9,22.0,17.25,Normal
12,L,144.6,45.0,21.5,Gemuk
10,P,132.8,28.8,16.34,Normal
10,L,134.0,32.7,18.22,Gemuk
8,P,124.0,21.9,14.25,Normal
10,P,136.9,32.6,17.42,Normal
9,L,128.3,27.8,16.89,Normal
6,P,115.1,17.0,12.84,Kurus
10,P,134.5,35.1,19.42,Gemuk
7,P,120.9,21.8,14.93,Normal
12,P,147.2,38.0,17.53,Normal
12,L,146.7,45.7,21.23,Gemuk
12,P,145.8,37.3,17.55,Normal
8,P,127.1,26.3,16.26,Normal
12,P,143.1,41.4,20.21,Gemuk
11,L,142.6,34.3,16.86,Normal
9,P,132.7,27.4,15.56,Normal
11,L,140.0,35.6,18.17,Gemuk
9,L,127.0,22.8,14.12,Normal
12,P,143.6,40.0,19.43,Gemuk
10,P,132.1,32.8,18.83,Gemuk
9,L,129.0,23.8,14.31,Normal
6,L,117.3,20.0,14.52,Normal
10,L,135.6,30.6,16.65,Normal
7,L,117.3,25.0,18.18,Gemuk
9,L,125.4,27.3,17.36,Normal
8,P,121.6,20.1,13.6,Kurus
10,P,134.3,32.0,17.74,Normal
8,L,125.5,27.0,17.13,Normal
10,L,135.0,29.2,16.02,Normal
9,P,127.2,27.9,17.26,Normal
12,P,147.1,33.3,15.4,Normal
11,P,145.4,40.0,18.94,Gemuk
10,L,128.8,33.8,20.39,Gemuk
10,L,134.0,25.1,13.97,Kurus
7,P,113.5,25.0,19.41,Gemuk
11,P,141.0,38.6,19.44,Gemuk
7,P,119.1,18.0,12.7,Kurus
12,P,146.1,44.4,20.81,Gemuk
6,P,114.6,18.6,14.14,Normal
7,P,113.0,18.9,14.77,Normal
10,L,134.5,33.9,18.73,Gemuk
9,P,132.9,27.5,15.55,Normal
7,P,119.0,24.6,17.37,Normal
10,L,133.6,27.8,15.57,Normal
6,L,115.6,21.5,16.11,Normal
11,L,143.4,31.2,15.16,Normal
7,P,118.5,19.9,14.2,Normal
7,P,120.5,21.9,15.1,Normal
7,P,120.4,19.8,13.69,Kurus
9,P,130.7,23.6,13.8,Kurus
11,P,144.0,36.1,17.42,Normal
12,P,145.2,39.6,18.78,Gemuk
8,L,122.2,23.7,15.85,Normal
12,L,147.1,39.1,18.09,Gemuk
10,L,131.6,28.3,16.33,Normal
7,P,115.8,25.0,18.63,Gemuk
10,L,134.5,30.8,17.05,Normal
7,L,117.0,20.4,14.86,Normal
11,L,139.1,28.0,14.47,Normal
9,L,126.2,24.5,15.37,Normal
7,P,118.4,24.1,17.17,Normal
12,L,143.4,42.1,20.46,Gemuk
12,P,142.7,42.4,20.83,Gemuk
6,L,114.1,18.7,14.4,Normal
6,L,113.4,17.3,13.49,Kurus
8,P,122.4,29.0,19.37,Gemuk
9,P,127.3,22.2,13.72,Kurus
7,L,115.5,24.1,18.04,Gemuk
9,L,129.0,22.1,13.25,Kurus
12,P,148.6,37.4,16.94,Normal
7,L,115.2,25.0,18.84,Gemuk
8,L,125.0,20.0,12.81,Kurus
11,L,142.8,32.0,15.7,Normal
12,P,146.0,41.7,19.55,Gemuk
11,L,140.3,33.7,17.1,Normal
10,P,137.0,38.0,20.23,Gemuk
9,P,124.2,27.6,17.9,Normal
6,P,114.5,21.2,16.16,Normal
12,L,146.0,36.3,17.03,Normal
11,L,142.6,35.3,17.36,Normal
9,P,129.2,27.2,16.26,Normal
7,P,120.1,23.0,15.95,Normal
7,P,114.8,22.1,16.75,Normal
12,L,144.1,34.4,16.58,Normal
11,L,139.9,34.4,17.6,Normal
7,L,117.1,22.1,16.12,Normal
9,L,127.1,25.2,15.62,Normal
12,P,145.4,37.5,17.74,Normal
6,L,113.2,20.3,15.84,Normal
11,P,140.8,36.0,18.15,Gemuk
12,P,150.2,42.3,18.75,Gemuk
7,L,119.6,18.0,12.58,Kurus
8,P,124.1,29.0,18.84,Gemuk
9,P,127.9,34.0,20.78,Gemuk
12,P,143.6,44.2,21.44,Gemuk
10,P,128.0,27.6,16.85,Normal
6,L,114.5,19.0,14.46,Normal
7,L,115.9,18.0,13.39,Kurus
12,P,145.8,37.2,17.52,Normal
11,L,137.7,36.9,19.49,Gemuk
10,P,132.1,26.7,15.29,Normal
8,L,119.5,28.6,20.04,Gemuk
11,L,142.7,31.4,15.39,Normal
12,P,148.9,40.1,18.08,Gemuk
7,P,121.4,25.0,16.96,Normal
12,L,147.8,39.7,18.19,Gemuk
12,L,141.6,40.4,20.15,Gemuk
11,P,138.7,36.6,19.03,Gemuk
9,P,126.3,26.7,16.71,Normal
7,L,119.0,25.0,17.64,Normal
8,L,123.9,29.0,18.89,Gemuk
10,L,135.3,34.8,19.02,Gemuk
9,P,128.9,30.2,18.2,Gemuk
11,L,141.0,33.4,16.78,Normal
10,L,131.7,26.4,15.21,Normal
12,P,149.3,34.2,15.33,Normal
10,P,134.4,31.3,17.32,Normal
8,L,126.0,25.4,15.99,Normal
8,P,124.1,23.8,15.42,Normal
11,P,147.0,42.7,19.75,Gemuk
12,P,144.9,39.6,18.85,Gemuk
12,L,148.5,36.7,16.65,Normal
7,P,118.3,20.6,14.7,Normal
9,P,126.9,27.3,16.97,Normal
9,P,132.7,27.1,15.41,Normal
9,L,130.8,32.4,18.95,Gemuk
7,L,117.7,22.7,16.39,Normal
6,P,110.0,18.7,15.47,Normal
10,P,133.2,26.3,14.81,Normal
11,L,143.6,32.1,15.55,Normal
10,P,131.0,32.8,19.12,Gemuk
8,P,121.4,20.0,13.57,Kurus
12,P,143.0,41.7,20.37,Gemuk
12,L,145.0,39.1,18.58,Gemuk
12,P,146.1,36.1,16.91,Normal
6,P,116.6,19.7,14.46,Normal
7,P,120.6,23.9,16.42,Normal
10,P,136.2,31.2,16.8,Normal
6,P,113.1,17.4,13.58,Kurus
8,P,120.9,23.9,16.34,Normal
6,P,112.3,17.0,13.48,Kurus
12,L,149.0,41.9,18.88,Gemuk
7,P,120.3,23.9,16.51,Normal
10,L,133.2,30.3,17.07,Normal
7,P,115.2,18.9,14.24,Normal
9,P,130.0,27.6,16.37,Normal
9,P,129.5,24.8,14.8,Normal
11,L,141.7,35.8,17.84,Normal
11,P,139.4,32.0,16.47,Normal
11,L,138.8,37.2,19.29,Gemuk
9,P,126.9,22.0,13.66,Kurus
11,P,138.0,32.7,17.17,Normal
9,P,126.2,31.5,19.78,Gemuk
6,P,113.3,18.6,14.51,Normal
6,P,112.5,18.8,14.84,Normal
8,P,118.9,24.6,17.41,Normal
6,P,112.1,20.4,16.25,Normal
7,L,115.5,18.0,13.5,Kurus
10,P,134.6,31.7,17.51,Normal
12,L,144.7,40.4,19.27,Gemuk
6,P,112.8,18.8,14.78,Normal
6,L,114.6,22.0,16.74,Normal
8,P,121.3,20.9,14.23,Normal
11,L,137.2,37.9,20.13,Gemuk
11,L,138.5,41.6,21.7,Gemuk
6,L,113.5,17.4,13.48,Kurus
11,P,144.3,33.3,15.99,Normal
11,L,139.8,35.2,18.0,Gemuk
12,L,145.2,37.5,17.79,Normal
8,L,123.7,25.7,16.78,Normal
12,P,148.3,36.4,16.56,Normal
7,L,116.9,25.0,18.3,Gemuk
8,L,124.2,27.0,17.53,Normal
8,L,126.0,24.1,15.19,Normal
8,L,127.4,20.0,12.32,Kurus
6,L,117.8,17.0,12.25,Kurus
9,P,129.6,25.8,15.33,Normal
11,P,139.6,39.8,20.44,Gemuk
9,P,129.4,26.9,16.05,Normal
8,P,124.3,20.6,13.32,Kurus
6,L,114.3,19.4,14.83,Normal
6,P,110.0,19.8,16.37,Normal
7,P,117.4,24.9,18.08,Gemuk
8,L,123.0,22.3,14.74,Normal
12,P,145.1,40.4,19.18,Gemuk
8,P,119.9,20.0,13.92,Kurus
12,P,147.5,35.6,16.37,Normal
8,L,121.5,27.4,18.56,Gemuk
8,L,123.7,21.2,13.84,Kurus
6,L,114.5,19.6,14.98,Normal
10,L,131.7,32.2,18.57,Gemuk
8,P,119.5,23.5,16.46,Normal
12,P,146.8,35.0,16.22,Normal
7,L,118.2,20.0,14.31,Normal
10,L,133.8,36.9,20.59,Gemuk
10,L,136.3,30.5,16.45,Normal
10,L,134.6,29.7,16.42,Normal
8,P,122.6,25.8,17.14,Normal
12,P,148.9,40.8,18.38,Gemuk
7,L,122.0,23.2,15.61,Normal
7,P,116.7,24.3,17.86,Normal
12,P,143.1,36.5,17.86,Normal
9,P,132.0,30.4,17.47,Normal
9,L,128.2,24.6,14.98,Normal
9,P,128.3,26.0,15.8,Normal
10,P,128.0,34.1,20.79,Gemuk
10,P,131.5,31.4,18.16,Gemuk
12,P,146.0,37.7,17.67,Normal
11,P,137.9,35.9,18.9,Gemuk
10,P,136.3,35.8,19.25,Gemuk
9,P,125.2,29.5,18.81,Gemuk
11,L,142.9,39.2,19.21,Gemuk
10,L,133.7,29.2,16.35,Normal
8,L,121.7,29.0,19.59,Gemuk
10,P,130.1,38.0,22.47,Obesitas
7,P,116.6,24.5,18.02,Gemuk
10,P,136.7,30.8,16.49,Normal
8,L,126.5,25.6,15.98,Normal
9,L,125.8,29.7,18.79,Gemuk
7,P,117.4,20.8,15.11,Normal
9,L,124.0,22.0,14.3,Normal
8,P,122.4,26.0,17.39,Normal
9,P,126.8,30.3,18.82,Gemuk
6,P,112.4,19.0,15.02,Normal
12,L,141.2,34.4,17.28,Normal
6,P,112.5,19.3,15.23,Normal
7,P,117.2,20.2,14.73,Normal
10,L,135.4,36.6,19.97,Gemuk
10,L,135.8,32.9,17.82,Normal
11,P,139.9,32.9,16.82,Normal
6,L,110.0,22.0,18.18,Gemuk
10,P,136.3,30.0,16.18,Normal
11,L,143.5,36.8,17.87,Normal
8,P,121.0,20.0,13.66,Kurus
6,P,112.6,17.0,13.4,Kurus
12,P,141.5,42.7,21.33,Gemuk
6,P,115.7,18.3,13.64,Kurus
7,P,118.4,18.0,12.84,Kurus
6,L,118.0,22.0,15.8,Normal
10,P,137.5,25.0,13.23,Kurus
6,P,111.9,21.3,16.96,Normal
7,L,117.0,18.9,13.83,Kurus
6,P,111.1,17.1,13.88,Kurus
12,L,148.0,40.4,18.44,Gemuk
9,P,130.1,26.6,15.71,Normal
7,P,116.8,23.4,17.18,Normal
6,L,118.0,17.0,12.21,Kurus
7,L,115.5,21.1,15.83,Normal
7,L,113.8,18.6,14.36,Normal
8,P,119.9,20.9,14.51,Normal
11,L,140.8,33.2,16.77,Normal
8,L,124.8,29.0,18.62,Gemuk
11,L,140.6,37.5,18.99,Gemuk
12,L,140.0,37.9,19.34,Gemuk
9,P,128.5,25.2,15.28,Normal
8,P,121.6,23.9,16.16,Normal
9,L,131.3,30.9,17.92,Normal
10,P,136.3,26.3,14.12,Normal
10,P,135.0,34.1,18.7,Gemuk
12,P,149.4,37.4,16.73,Normal
6,P,114.1,19.6,15.08,Normal
7,L,117.0,20.7,15.14,Normal
12,L,143.2,34.4,16.77,Normal
12,P,148.0,40.3,18.41,Gemuk
8,L,120.5,25.9,17.85,Normal
11,L,138.7,36.6,19.04,Gemuk
11,P,145.0,34.6,16.47,Normal
11,L,140.1,37.2,18.94,Gemuk
11,P,143.5,35.6,17.3,Normal
11,P,139.7,36.0,18.47,Gemuk
9,P,128.0,32.0,19.55,Gemuk
11,P,140.6,40.0,20.25,Gemuk
10,L,131.0,33.6,19.61,Gemuk
7,P,115.5,18.0,13.5,Kurus
10,L,133.4,31.1,17.49,Normal
6,L,116.4,20.1,14.82,Normal
11,P,137.9,36.4,19.13,Gemuk
11,P,141.9,34.6,17.19,Normal
6,L,112.5,22.0,17.38,Normal
12,L,147.8,41.7,19.1,Gemuk
11,P,138.9,37.8,19.59,Gemuk
9,L,129.7,25.3,15.01,Normal
7,L,117.1,20.6,15.04,Normal
8,P,123.8,25.9,16.88,Normal
7,L,116.6,25.0,18.4,Gemuk
12,P,143.5,38.5,18.71,Gemuk
6,P,116.6,21.1,15.52,Normal
9,P,125.9,28.2,17.81,Normal
8,P,124.5,27.7,17.84,Normal
12,L,141.4,40.5,20.23,Gemuk
6,P,113.7,17.0,13.14,Kurus
6,L,116.3,21.9,16.18,Normal
8,L,123.2,24.7,16.29,Normal
11,P,140.3,30.4,15.43,Normal
7,L,119.7,21.2,14.77,Normal
12,P,142.6,38.4,18.87,Gemuk
7,L,119.6,18.7,13.1,Kurus
11,P,138.9,36.2,18.75,Gemuk
12,P,145.0,38.5,18.32,Gemuk
8,L,119.2,20.9,14.7,Normal
6,L,111.8,20.4,16.34,Normal
12,P,147.0,38.5,17.83,Normal
12,P,149.3,40.6,18.23,Gemuk
8,P,119.3,28.1,19.76,Gemuk
7,P,118.0,22.4,16.1,Normal
6,P,114.0,21.3,16.4,Normal
12,P,148.5,42.6,19.33,Gemuk
12,L,151.2,40.5,17.72,Normal
6,P,111.3,19.3,15.59,Normal
7,P,117.6,20.2,14.64,Normal
7,P,117.0,22.2,16.24,Normal
12,L,141.5,38.1,19.01,Gemuk
9,P,130.3,26.3,15.48,Normal
6,P,110.9,20.7,16.85,Normal
12,L,143.5,38.6,18.75,Gemuk
9,L,128.3,29.4,17.83,Normal
12,P,144.2,42.4,20.38,Gemuk
11,P,139.2,35.7,18.44,Gemuk
12,P,146.5,38.5,17.91,Normal
7,P,118.7,21.7,15.4,Normal
6,P,116.1,17.0,12.61,Kurus
12,P,149.9,37.9,16.89,Normal
9,L,127.3,28.5,17.57,Normal
9,L,123.0,22.7,15.02,Normal
9,P,125.9,27.2,17.18,Normal
7,L,118.7,19.3,13.69,Kurus
11,P,140.7,34.8,17.61,Normal
6,L,113.2,17.7,13.8,Kurus
6,P,112.0,17.0,13.55,Kurus
6,P,113.8,18.4,14.23,Normal
11,L,144.5,39.9,19.11,Gemuk
10,L,131.1,30.6,17.8,Normal
12,P,144.8,38.4,18.33,Gemuk
7,L,114.2,18.0,13.79,Kurus
8,L,121.1,22.1,15.07,Normal
9,L,128.3,25.5,15.48,Normal
12,P,143.5,38.8,18.83,Gemuk
12,L,146.2,35.1,16.42,Normal
12,L,146.6,34.7,16.12,Normal
7,L,115.3,22.9,17.24,Normal
9,P,127.3,22.5,13.9,Kurus
12,P,141.9,41.0,20.36,Gemuk
9,L,128.8,22.8,13.73,Kurus
6,L,116.8,17.4,12.75,Kurus
9,P,128.8,32.7,19.7,Gemuk
9,P,127.4,26.4,16.26,Normal
6,P,110.1,22.0,18.14,Gemuk
12,L,147.3,40.0,18.42,Gemuk
10,L,134.1,33.9,18.87,Gemuk
11,L,143.2,35.5,17.3,Normal
6,L,113.6,17.0,13.18,Kurus
11,P,140.4,35.4,17.98,Normal
11,L,145.3,32.0,15.18,Normal
9,P,128.7,32.8,19.77,Gemuk
8,P,124.4,21.9,14.18,Normal
9,L,126.4,25.5,15.97,Normal
11,L,144.9,34.3,16.35,Normal
7,P,117.9,21.7,15.6,Normal
12,P,149.2,40.7,18.28,Gemuk
9,L,129.4,23.7,14.17,Normal
12,P,146.3,37.1,17.35,Normal
11,P,144.3,35.9,17.23,Normal
6,P,115.0,17.0,12.86,Kurus
6,L,110.0,17.0,14.05,Normal
10,L,133.3,28.6,16.13,Normal
6,L,116.4,17.0,12.54,Kurus
7,P,118.6,19.0,13.49,Kurus
11,L,138.1,35.3,18.49,Gemuk
11,L,140.1,34.6,17.6,Normal
10,P,137.6,27.7,14.63,Normal
8,L,118.4,25.4,18.07,Gemuk
10,L,136.6,30.6,16.39,Normal
9,L,126.6,26.5,16.53,Normal
7,L,120.1,19.9,13.79,Kurus
7,P,120.1,20.0,13.85,Kurus
7,L,117.2,22.4,16.33,Normal
6,L,113.9,17.0,13.1,Kurus
6,P,110.0,19.3,15.97,Normal
11,P,141.5,36.2,18.08,Gemuk
11,L,140.9,37.2,18.74,Gemuk
8,P,125.4,28.5,18.09,Gemuk
7,P,122.5,18.8,12.52,Kurus
9,P,131.5,27.9,16.13,Normal
7,P,120.6,23.3,16.02,Normal
8,L,123.7,20.5,13.42,Kurus
6,L,112.0,17.6,14.03,Normal
11,P,138.0,37.1,19.47,Gemuk
12,P,145.7,41.9,19.72,Gemuk
6,P,111.8,17.0,13.61,Kurus
8,L,123.2,27.7,18.25,Gemuk
11,P,144.0,39.7,19.14,Gemuk
12,P,147.1,39.7,18.36,Gemuk
8,L,121.2,23.8,16.22,Normal
11,L,141.7,36.1,17.96,Normal
9,L,123.6,25.5,16.69,Normal
12,L,147.8,40.4,18.46,Gemuk
10,L,134.0,31.8,17.71,Normal
7,P,116.4,20.9,15.41,Normal
10,L,133.4,31.2,17.52,Normal
7,P,118.8,21.8,15.47,Normal
6,P,111.4,22.0,17.73,Normal
6,L,114.4,22.0,16.8,Normal
12,P,144.7,38.9,18.57,Gemuk
9,L,130.6,28.5,16.7,Normal
6,L,118.0,18.6,13.38,Kurus
9,L,126.4,31.1,19.49,Gemuk
9,P,128.9,28.6,17.2,Normal
8,L,126.4,24.5,15.36,Normal
10,L,131.7,33.6,19.35,Gemuk
11,P,139.2,38.3,19.76,Gemuk
7,P,118.1,19.3,13.86,Kurus
9,P,124.2,28.6,18.52,Gemuk
9,L,127.3,27.2,16.81,Normal
9,L,133.0,26.9,15.23,Normal
8,P,125.2,22.4,14.31,Normal
12,P,140.0,37.0,18.88,Gemuk
11,P,141.5,38.4,19.16,Gemuk
7,P,120.7,21.0,14.44,Normal
8,L,123.9,24.6,16.02,Normal
7,L,115.6,20.2,15.08,Normal
10,P,133.8,33.4,18.65,Gemuk
10,L,130.6,28.3,16.63,Normal
9,L,125.6,24.2,15.34,Normal
7,P,121.9,21.2,14.24,Normal
12,P,145.0,42.5,20.22,Gemuk
7,L,116.6,23.2,17.05,Normal
12,L,145.9,33.3,15.67,Normal
11,P,139.4,35.3,18.2,Gemuk
12,P,147.8,45.8,20.97,Gemuk
12,P,148.6,41.8,18.92,Gemuk
6,P,117.8,17.0,12.26,Kurus
6,P,113.1,18.2,14.28,Normal
12,P,141.3,37.8,18.94,Gemuk
12,L,149.0,43.8,19.74,Gemuk
12,P,147.5,34.6,15.91,Normal
6,P,115.2,17.0,12.8,Kurus
7,L,116.9,18.0,13.18,Kurus
6,P,111.0,17.0,13.79,Kurus
8,P,122.6,24.2,16.14,Normal
10,P,136.6,28.7,15.39,Normal
6,P,110.3,20.1,16.51,Normal
6,L,115.8,22.0,16.4,Normal
8,P,121.0,26.5,18.12,Gemuk
10,P,135.3,29.2,15.95,Normal
8,P,128.0,23.1,14.11,Normal
11,P,143.3,35.4,17.26,Normal
11,P,143.7,41.3,19.98,Gemuk
10,L,133.6,29.2,16.37,Normal
10,P,136.9,29.7,15.82,Normal
11,P,141.6,32.7,16.31,Normal
7,P,123.0,18.0,11.9,Kurus
8,L,119.0,28.6,20.16,Gemuk
11,L,139.9,36.7,18.73,Gemuk
7,P,117.6,21.4,15.51,Normal
9,L,129.8,30.1,17.85,Normal
9,P,132.6,30.6,17.41,Normal
11,L,137.4,32.6,17.27,Normal
6,P,112.6,19.9,15.71,Normal
7,P,121.0,22.4,15.31,Normal
6,P,115.8,17.0,12.67,Kurus
11,L,142.7,35.6,17.46,Normal
6,L,112.4,18.0,14.24,Normal
6,L,115.2,20.7,15.59,Normal
12,L,145.7,40.7,19.19,Gemuk
12,L,146.2,43.8,20.52,Gemuk
9,P,125.2,26.5,16.94,Normal
12,P,141.2,45.8,22.96,Obesitas
10,L,130.7,29.2,17.08,Normal
8,L,122.1,25.7,17.23,Normal
8,L,118.0,21.7,15.55,Normal
12,P,145.7,40.1,18.9,Gemuk
12,L,149.4,39.3,17.59,Normal
6,P,113.8,22.0,16.98,Normal
6,P,114.8,17.0,12.91,Kurus
8,P,123.8,25.6,16.66,Normal
12,P,146.3,39.9,18.61,Gemuk
10,L,130.8,33.0,19.27,Gemuk
6,L,113.1,21.0,16.38,Normal
10,L,130.2,31.0,18.3,Gemuk
12,P,150.0,39.0,17.31,Normal
9,P,125.9,28.1,17.71,Normal
9,P,128.8,24.3,14.66,Normal
7,P,115.9,23.3,17.33,Normal
11,P,144.0,36.4,17.56,Normal
7,P,121.4,20.1,13.62,Kurus
9,L,126.4,25.4,15.87,Normal
8,L,124.2,23.5,15.24,Normal
7,L,119.0,22.5,15.93,Normal
8,P,121.6,26.3,17.82,Normal
11,L,140.4,37.0,18.76,Gemuk
12,P,145.3,39.1,18.5,Gemuk
10,L,130.4,28.0,16.49,Normal
6,L,112.3,17.0,13.47,Kurus
9,P,123.0,22.3,14.71,Normal
8,P,119.3,24.0,16.82,Normal
7,L,115.3,19.8,14.88,Normal
6,L,110.0,22.0,18.18,Gemuk
12,P,147.1,46.5,21.49,Gemuk
6,P,117.0,17.0,12.42,Kurus
7,L,118.2,22.5,16.15,Normal
8,L,125.8,26.3,16.6,Normal
9,P,130.0,22.0,13.02,Kurus
12,L,141.6,38.3,19.07,Gemuk
12,P,141.1,39.0,19.56,Gemuk
9,L,123.0,23.4,15.45,Normal
12,L,144.1,32.9,15.86,Normal
6,P,115.9,22.0,16.38,Normal
8,P,125.7,27.6,17.48,Normal
12,P,143.2,39.1,19.05,Gemuk
9,P,126.8,25.1,15.63,Normal
11,P,137.1,39.5,21.02,Gemuk
11,L,143.1,32.8,16.01,Normal
8,L,126.4,29.0,18.14,Gemuk
10,P,135.9,34.7,18.81,Gemuk
9,P,126.5,28.2,17.65,Normal
10,L,132.7,29.7,16.89,Normal
9,P,128.3,33.2,20.17,Gemuk
10,P,134.4,31.8,17.59,Normal
9,P,129.1,30.1,18.05,Gemuk
12,L,146.7,38.7,18.0,Gemuk
7,L,118.0,25.0,17.95,Normal
8,L,118.7,27.1,19.28,Gemuk
8,P,122.7,24.0,15.93,Normal
12,P,147.9,44.7,20.45,Gemuk
10,P,135.8,32.3,17.52,Normal
6,P,110.0,19.7,16.26,Normal
9,P,126.1,30.3,19.07,Gemuk
11,L,140.1,37.6,19.13,Gemuk
12,L,146.6,38.7,18.01,Gemuk
11,L,144.6,33.1,15.83,Normal
8,L,122.6,23.9,15.9,Normal
7,P,118.1,20.9,15.01,Normal
8,L,121.4,27.5,18.68,Gemuk
11,L,142.8,35.8,17.56,Normal
9,L,126.7,25.6,15.91,Normal
10,P,136.2,29.0,15.66,Normal
6,P,116.2,21.9,16.26,Normal
11,P,146.2,34.2,15.99,Normal
10,P,139.4,31.4,16.14,Normal
12,L,147.1,44.5,20.54,Gemuk
9,L,123.5,25.0,16.38,Normal
8,P,126.1,21.3,13.42,Kurus
10,P,133.9,31.7,17.67,Normal
10,P,130.0,27.7,16.4,Normal
8,L,125.2,21.8,13.9,Kurus
11,P,138.6,32.9,17.14,Normal
12,P,145.1,40.8,19.35,Gemuk
9,L,124.5,26.7,17.22,Normal
7,P,114.1,24.0,18.47,Gemuk
8,L,121.8,26.3,17.71,Normal
7,P,115.2,20.1,15.15,Normal
6,L,115.0,21.1,15.95,Normal
9,P,123.2,28.4,18.69,Gemuk
12,L,148.8,38.7,17.46,Normal
9,P,129.5,26.2,15.59,Normal
6,P,113.7,19.9,15.43,Normal
6,P,114.9,21.5,16.3,Normal
10,L,135.3,29.3,16.04,Normal
8,L,118.1,26.2,18.82,Gemuk
10,L,139.7,30.3,15.54,Normal
9,L,131.1,26.4,15.38,Normal
7,P,115.7,25.0,18.66,Gemuk
11,P,142.5,35.5,17.51,Normal
12,L,142.0,42.8,21.24,Gemuk
7,P,119.3,18.0,12.64,Kurus
12,L,149.5,39.2,17.53,Normal
6,P,111.7,17.0,13.63,Kurus
6,P,110.6,20.2,16.5,Normal
9,P,125.2,23.9,15.23,Normal
7,L,120.5,19.4,13.36,Kurus
10,P,133.3,35.7,20.09,Gemuk
12,L,147.9,39.7,18.18,Gemuk
12,P,144.6,39.4,18.83,Gemuk
10,P,130.0,31.7,18.77,Gemuk
12,L,145.4,37.8,17.88,Normal
7,P,114.5,21.3,16.21,Normal
8,L,123.3,22.7,14.94,Normal
6,P,114.1,17.0,13.06,Kurus
11,L,144.5,36.2,17.32,Normal
6,P,118.0,20.6,14.78,Normal
12,P,148.0,41.1,18.75,Gemuk
8,L,121.0,29.0,19.8,Gemuk
6,L,116.3,18.5,13.68,Kurus
8,L,118.4,24.0,17.1,Normal
8,P,124.4,26.6,17.17,Normal
9,P,124.0,33.9,22.03,Obesitas
10,L,135.5,35.2,19.17,Gemuk
10,P,136.3,28.9,15.55,Normal
8,P,124.3,29.0,18.76,Gemuk
6,L,114.0,20.3,15.6,Normal
7,P,116.2,21.1,15.6,Normal
11,L,140.1,32.9,16.77,Normal
11,P,142.5,35.6,17.52,Normal
11,P,145.0,37.2,17.68,Normal
11,P,140.3,33.6,17.05,Normal
6,P,114.6,19.8,15.1,Normal
10,P,135.4,30.8,16.79,Normal
7,P,119.1,19.5,13.74,Kurus
8,L,121.3,25.8,17.57,Normal
8,L,123.4,20.0,13.12,Kurus
7,P,118.8,18.1,12.81,Kurus
10,P,136.3,33.4,18.01,Gemuk
11,P,141.7,36.3,18.09,Gemuk
8,P,121.2,22.8,15.51,Normal
11,L,140.4,38.7,19.63,Gemuk
11,P,140.6,36.9,18.66,Gemuk
11,L,138.6,33.8,17.6,Normal
7,L,119.1,25.0,17.61,Normal
8,P,123.5,23.4,15.34,Normal
8,L,128.0,25.9,15.83,Normal
6,L,114.0,20.4,15.73,Normal
10,P,135.2,29.3,16.04,Normal
11,P,143.0,36.3,17.75,Normal
12,L,147.1,40.2,18.58,Gemuk
12,L,141.7,39.8,19.81,Gemuk
9,L,126.7,30.9,19.21,Gemuk
11,L,141.1,38.6,19.38,Gemuk
7,P,113.3,24.0,18.68,Gemuk
11,L,140.3,30.6,15.55,Normal
9,P,128.3,33.1,20.12,Gemuk
8,L,118.1,21.0,15.04,Normal
8,P,124.7,23.9,15.4,Normal
10,P,135.3,34.3,18.75,Gemuk
10,P,130.9,28.5,16.64,Normal
8,P,119.7,27.6,19.28,Gemuk
9,L,126.0,27.2,17.13,Normal
12,P,146.9,43.2,20.02,Gemuk
7,L,121.1,20.9,14.24,Normal
11,L,139.1,32.5,16.82,Normal
9,P,129.6,26.2,15.62,Normal
7,L,121.2,18.0,12.26,Kurus
7,P,120.7,21.8,14.97,Normal
6,L,110.0,21.2,17.49,Normal
7,L,115.2,24.8,18.72,Gemuk
8,L,124.3,21.6,13.96,Kurus
6,P,111.7,17.1,13.72,Kurus
11,P,140.9,35.2,17.71,Normal
7,P,122.0,20.9,14.02,Normal
10,P,129.7,32.0,19.01,Gemuk
11,L,139.9,40.4,20.64,Gemuk
12,P,148.8,39.6,17.89,Normal
9,P,131.5,25.8,14.91,Normal
7,L,118.7,21.0,14.91,Normal
11,L,141.2,29.2,14.64,Normal
11,L,140.7,34.8,17.6,Normal
7,L,120.7,24.8,17.06,Normal
9,P,133.0,33.5,18.92,Gemuk
8,L,119.5,28.1,19.64,Gemuk
11,P,142.8,37.7,18.5,Gemuk
6,L,111.3,19.1,15.39,Normal
9,P,127.4,28.2,17.34,Normal
12,L,149.4,42.5,19.03,Gemuk
10,P,130.6,28.8,16.89,Normal
10,P,132.3,32.9,18.81,Gemuk
7,L,117.4,25.0,18.14,Gemuk
11,P,141.5,35.9,17.92,Normal
12,P,144.2,43.7,21.0,Gemuk
11,P,143.7,33.4,16.17,Normal
6,L,110.0,17.0,14.05,Normal
12,L,146.5,33.5,15.62,Normal
10,P,136.4,37.7,20.26,Gemuk
12,L,146.9,44.6,20.68,Gemuk
9,P,126.5,25.1,15.66,Normal
9,P,124.7,34.0,21.85,Gemuk
12,L,146.5,44.6,20.77,Gemuk
10,P,137.3,29.8,15.8,Normal
6,P,110.0,20.4,16.85,Normal
12,P,146.4,34.7,16.22,Normal
8,L,122.4,25.7,17.12,Normal
8,L,125.3,26.5,16.9,Normal
11,L,146.1,35.8,16.76,Normal
8,L,125.2,25.0,15.95,Normal
12,P,142.4,41.9,20.65,Gemuk
10,P,137.6,34.8,18.41,Gemuk
6,P,116.3,22.0,16.27,Normal
11,L,137.5,33.7,17.84,Normal
8,P,126.9,23.6,14.65,Normal
6,L,116.5,21.3,15.67,Normal
11,L,143.9,38.0,18.36,Gemuk
9,P,129.1,27.3,16.37,Normal
10,P,135.8,31.3,16.97,Normal
8,P,128.0,22.5,13.74,Kurus
6,L,116.3,20.4,15.07,Normal
11,P,144.0,33.9,16.36,Normal
7,L,115.3,18.5,13.91,Kurus
8,P,123.1,26.6,17.55,Normal
7,P,118.3,18.8,13.44,Kurus
7,P,118.4,23.6,16.86,Normal
11,P,142.4,33.3,16.41,Normal
9,P,130.9,32.0,18.7,Gemuk
12,P,145.2,37.5,17.77,Normal
7,L,120.0,25.0,17.35,Normal
8,L,121.3,24.2,16.43,Normal
8,P,122.6,23.7,15.74,Normal
7,L,118.3,22.7,16.24,Normal
12,L,144.5,35.0,16.76,Normal
10,L,128.2,29.0,17.62,Normal
9,L,126.8,23.1,14.36,Normal
11,P,145.6,32.2,15.17,Normal
6,P,116.4,21.9,16.14,Normal
10,P,132.5,35.8,20.39,Gemuk
7,P,119.4,18.0,12.63,Kurus
11,L,140.4,30.1,15.28,Normal
9,L,130.8,23.2,13.55,Kurus
10,L,132.2,30.0,17.15,Normal
12,P,146.4,38.3,17.86,Normal
7,L,118.6,23.5,16.71,Normal
12,L,147.3,37.5,17.29,Normal
12,L,144.4,39.7,19.04,Gemuk
12,L,145.8,40.9,19.27,Gemuk
8,L,122.9,25.4,16.82,Normal
6,L,110.2,19.9,16.42,Normal
9,L,128.3,30.1,18.28,Gemuk
7,P,114.5,23.4,17.83,Normal
6,L,118.0,18.0,12.91,Kurus
10,P,137.0,32.9,17.54,Normal
8,P,119.9,23.1,16.05,Normal
7,P,117.3,24.0,17.45,Normal
8,P,128.0,24.1,14.7,Normal
10,P,132.5,31.2,17.8,Normal
8,L,128.0,23.0,14.05,Normal
10,L,132.8,30.0,17.01,Normal
9,P,123.7,26.4,17.25,Normal
10,L,135.0,32.1,17.61,Normal
9,L,132.1,27.5,15.76,Normal
12,P,147.8,38.1,17.41,Normal
6,L,115.8,17.1,12.78,Kurus
8,L,118.5,24.5,17.47,Normal
6,L,113.3,18.2,14.15,Normal
7,P,118.2,24.1,17.25,Normal
9,P,129.1,27.6,16.58,Normal
7,P,115.4,19.6,14.76,Normal
7,L,113.4,24.5,19.05,Gemuk
12,P,143.9,36.5,17.61,Normal
7,P,116.7,24.2,17.74,Normal
12,P,147.0,35.9,16.61,Normal
11,P,143.1,33.4,16.31,Normal
7,P,117.1,25.0,18.24,Gemuk
8,P,122.8,24.9,16.51,Normal
11,L,141.5,30.9,15.45,Normal
12,P,145.9,42.1,19.77,Gemuk
12,L,143.7,42.1,20.4,Gemuk
12,P,147.3,36.1,16.62,Normal
7,L,119.6,19.6,13.68,Kurus
6,P,110.5,20.1,16.44,Normal
6,L,116.8,19.1,14.01,Normal
11,P,141.1,33.0,16.57,Normal
9,L,126.6,29.7,18.51,Gemuk
8,P,122.9,23.2,15.4,Normal
6,L,114.4,22.0,16.82,Normal
9,L,128.2,26.4,16.05,Normal
12,L,147.8,36.1,16.53,Normal
11,L,140.8,39.5,19.92,Gemuk
11,L,142.9,35.9,17.57,Normal
12,L,150.2,42.1,18.67,Gemuk
12,P,146.7,43.5,20.2,Gemuk
8,L,123.2,28.0,18.47,Gemuk
9,P,128.9,30.4,18.29,Gemuk
11,P,141.2,38.1,19.11,Gemuk
7,P,120.4,23.1,15.9,Normal
7,P,119.3,24.6,17.31,Normal
9,L,131.2,24.7,14.34,Normal
6,P,111.5,19.9,16.02,Normal
7,P,118.8,20.0,14.2,Normal
10,P,131.5,30.6,17.69,Normal
6,L,110.1,19.3,15.9,Normal
6,P,116.2,17.0,12.59,Kurus
12,P,140.6,38.7,19.56,Gemuk
8,L,128.0,22.2,13.57,Kurus
7,L,121.7,24.8,16.75,Normal
7,P,119.4,25.0,17.53,Normal
8,P,118.0,23.3,16.76,Normal
10,P,134.7,26.9,14.85,Normal
12,P,145.0,37.5,17.84,Normal
9,P,125.4,31.7,20.16,Gemuk
7,P,116.4,22.2,16.4,Normal
7,L,119.0,20.9,14.78,Normal
7,L,119.1,22.3,15.71,Normal
8,L,123.1,24.7,16.32,Normal
8,P,122.6,24.8,16.51,Normal
7,P,113.0,25.0,19.58,Gemuk
9,L,132.5,34.0,19.38,Gemuk
6,L,113.0,17.0,13.32,Kurus
9,P,128.8,28.6,17.21,Normal
12,P,148.9,42.6,19.22,Gemuk
6,P,113.6,22.0,17.06,Normal
12,L,146.9,44.0,20.4,Gemuk
12,P,145.6,33.8,15.95,Normal
10,P,136.7,31.9,17.04,Normal
11,P,143.7,36.5,17.67,Normal
11,L,139.7,36.6,18.76,Gemuk
12,L,149.6,39.0,17.43,Normal
9,L,132.7,31.9,18.09,Gemuk
8,P,122.0,25.4,17.08,Normal
6,P,113.4,22.0,17.11,Normal
10,L,140.0,29.7,15.14,Normal
9,P,127.0,27.2,16.87,Normal
7,P,118.0,21.0,15.1,Normal
12,L,147.5,41.9,19.26,Gemuk
7,P,116.4,22.6,16.65,Normal
7,L,118.4,22.0,15.7,Normal
12,L,147.3,34.8,16.06,Normal
11,L,140.6,41.4,20.94,Gemuk
11,P,140.2,34.4,17.49,Normal
8,P,126.4,28.9,18.08,Gemuk
11,P,140.8,34.7,17.48,Normal
8,P,123.8,21.0,13.7,Kurus
10,L,135.3,30.8,16.8,Normal
11,L,140.4,35.8,18.18,Gemuk
12,L,146.1,38.8,18.17,Gemuk
8,L,125.3,21.7,13.82,Kurus
8,L,122.0,22.4,15.04,Normal
7,L,120.3,23.2,16.05,Normal
8,P,124.2,20.0,12.97,Kurus
7,P,119.4,24.9,17.49,Normal
6,P,113.8,22.0,16.98,Normal
6,L,116.9,17.6,12.91,Kurus
9,P,129.1,31.5,18.91,Gemuk
11,L,141.5,28.6,14.3,Normal
6,L,114.0,20.9,16.11,Normal
9,P,128.5,25.5,15.41,Normal
9,L,131.7,22.0,12.68,Kurus
8,P,122.8,24.5,16.27,Normal
6,L,115.7,17.4,12.96,Kurus
12,P,150.6,36.9,16.28,Normal
7,L,118.3,19.9,14.22,Normal
12,L,149.3,38.6,17.34,Normal
9,P,126.0,27.1,17.07,Normal
10,L,128.0,35.6,21.72,Gemuk
8,L,124.3,25.8,16.72,Normal
11,P,143.2,35.0,17.05,Normal
8,P,120.8,21.7,14.85,Normal
10,L,134.1,33.5,18.63,Gemuk
9,L,125.0,28.5,18.24,Gemuk
9,P,128.5,33.0,19.98,Gemuk
11,P,142.1,38.8,19.23,Gemuk
11,L,142.1,33.8,16.75,Normal
7,L,116.6,18.0,13.24,Kurus
6,P,113.7,20.9,16.2,Normal
12,L,143.7,44.6,21.61,Gemuk
10,L,131.3,30.1,17.47,Normal
12,P,143.2,38.8,18.92,Gemuk
8,P,124.7,25.1,16.13,Normal
9,L,129.0,25.6,15.39,Normal
11,P,142.4,34.4,16.95,Normal
7,L,121.9,20.9,14.04,Normal
12,L,144.3,36.5,17.5,Normal
8,P,119.9,20.0,13.91,Kurus
6,L,112.4,17.0,13.46,Kurus
11,P,139.5,32.3,16.61,Normal
9,L,130.0,30.6,18.12,Gemuk
8,L,122.2,21.9,14.67,Normal
6,L,110.0,22.0,18.18,Gemuk
10,L,135.6,27.8,15.09,Normal
12,P,147.8,38.0,17.38,Normal
10,L,130.5,33.9,19.95,Gemuk
8,L,127.7,20.0,12.27,Kurus
11,L,139.6,35.5,18.22,Gemuk
11,P,139.4,39.7,20.41,Gemuk
7,L,123.0,23.3,15.39,Normal
11,P,136.4,36.3,19.54,Gemuk
8,P,121.7,25.6,17.28,Normal
8,P,125.7,25.2,15.98,Normal
12,L,149.8,32.2,14.32,Normal
11,L,142.8,34.4,16.87,Normal
10,P,136.6,33.0,17.67,Normal
12,P,144.0,38.1,18.39,Gemuk
9,P,126.4,26.4,16.54,Normal
10,L,133.8,31.1,17.37,Normal
11,L,142.0,37.1,18.41,Gemuk
8,P,122.2,21.1,14.1,Normal
9,L,130.8,30.0,17.52,Normal
8,L,126.9,24.1,14.96,Normal
7,L,117.3,18.6,13.52,Kurus
6,P,115.0,18.3,13.87,Kurus
7,P,114.2,21.7,16.6,Normal
11,L,143.3,32.5,15.82,Normal
12,P,147.4,40.7,18.74,Gemuk
9,L,128.0,28.3,17.25,Normal
8,L,124.8,22.7,14.57,Normal
8,P,120.1,24.8,17.23,Normal
12,P,148.0,38.4,17.52,Normal
10,P,136.2,28.4,15.29,Normal
8,L,127.4,24.9,15.34,Normal
8,L,122.7,26.3,17.49,Normal
10,L,133.3,29.8,16.79,Normal
7,L,121.1,21.4,14.57,Normal
8,L,123.1,23.3,15.37,Normal
9,P,131.4,31.9,18.45,Gemuk
8,L,121.5,29.0,19.65,Gemuk
9,L,133.0,22.0,12.44,Kurus
9,P,123.0,29.2,19.27,Gemuk
8,P,124.6,29.0,18.67,Gemuk
11,L,137.5,32.3,17.09,Normal
9,L,127.7,26.1,16.04,Normal
11,L,139.5,36.8,18.88,Gemuk
7,P,117.6,19.6,14.14,Normal
7,P,121.2,25.0,17.02,Normal
9,P,131.1,28.4,16.51,Normal
12,L,145.1,40.2,19.12,Gemuk
6,P,111.0,21.5,17.42,Normal
12,P,148.5,35.7,16.18,Normal
11,P,138.6,33.4,17.41,Normal
9,P,130.4,26.5,15.59,Normal
12,P,148.3,33.4,15.17,Normal
11,P,145.8,35.2,16.57,Normal
11,L,135.0,35.8,19.65,Gemuk
9,P,129.9,28.4,16.8,Normal
12,L,140.0,40.3,20.56,Gemuk
10,L,135.1,33.3,18.28,Gemuk
7,P,118.7,24.1,17.11,Normal
9,L,130.7,31.5,18.42,Gemuk
9,P,128.5,24.5,14.87,Normal
6,P,118.0,18.3,13.15,Kurus
9,L,127.6,29.5,18.09,Gemuk
10,P,136.8,35.3,18.87,Gemuk
11,L,140.7,40.5,20.44,Gemuk
11,P,139.8,33.2,16.99,Normal
11,L,138.7,36.9,19.2,Gemuk
10,P,135.7,32.6,17.73,Normal
11,L,142.4,32.8,16.16,Normal
7,P,119.8,21.8,15.21,Normal
11,L,139.8,31.5,16.14,Normal
12,P,152.0,45.5,19.69,Gemuk
6,L,115.9,18.1,13.43,Kurus
6,L,111.5,19.3,15.48,Normal
7,P,122.8,20.0,13.29,Kurus
11,P,141.9,35.9,17.82,Normal
6,P,118.0,17.0,12.21,Kurus
10,L,131.4,29.2,16.91,Normal
6,L,115.3,17.0,12.78,Kurus
12,P,147.3,40.4,18.61,Gemuk
11,L,139.1,34.7,17.91,Normal
9,L,129.4,26.8,16.0,Normal
12,P,145.5,39.0,18.44,Gemuk
10,L,135.4,29.6,16.14,Normal
6,L,118.0,22.0,15.8,Normal
8,P,122.3,25.8,17.23,Normal
11,L,141.0,33.2,16.71,Normal
6,P,112.1,20.1,15.99,Normal
6,P,115.3,21.6,16.24,Normal
7,L,116.4,23.8,17.56,Normal
7,P,117.2,20.0,14.57,Normal
6,P,116.1,20.7,15.38,Normal
9,P,129.4,25.0,14.92,Normal
12,L,146.6,34.4,16.03,Normal
8,L,122.6,25.3,16.85,Normal
10,P,132.1,32.7,18.74,Gemuk
8,P,120.5,21.6,14.86,Normal
12,L,144.9,42.6,20.29,Gemuk
9,P,125.6,29.8,18.86,Gemuk
10,L,138.0,30.1,15.78,Normal
9,L,131.2,34.0,19.77,Gemuk
9,L,124.4,24.9,16.12,Normal
6,L,114.6,20.6,15.67,Normal
8,L,119.6,20.0,13.98,Kurus
12,P,143.8,38.5,18.61,Gemuk
8,P,123.4,26.2,17.21,Normal
8,P,123.9,29.0,18.89,Gemuk
12,P,143.2,40.5,19.74,Gemuk
9,L,125.8,30.8,19.45,Gemuk
8,P,118.0,23.5,16.89,Normal
12,P,144.6,39.1,18.7,Gemuk
6,L,115.6,18.4,13.76,Kurus
8,L,121.5,26.5,17.93,Normal
8,P,125.4,20.8,13.23,Kurus
9,L,131.1,32.9,19.18,Gemuk
6,L,110.9,21.0,17.1,Normal
9,L,129.2,22.0,13.19,Kurus
7,P,123.0,19.6,12.98,Kurus
6,P,111.6,20.4,16.33,Normal
8,P,123.7,21.3,13.95,Kurus
7,P,119.2,22.1,15.53,Normal
7,L,116.1,22.0,16.34,Normal
9,P,125.5,25.3,16.06,Normal
10,P,131.2,37.0,21.51,Gemuk
11,P,136.0,33.2,17.97,Normal
10,L,135.8,28.4,15.39,Normal
11,L,140.8,35.6,17.96,Normal
6,P,111.0,22.0,17.85,Normal
7,P,117.3,25.0,18.17,Gemuk
10,L,130.2,31.4,18.51,Gemuk
12,L,143.0,37.3,18.23,Gemuk
8,P,122.0,21.2,14.28,Normal
6,P,115.1,22.0,16.6,Normal
7,P,119.6,18.0,12.59,Kurus
7,L,115.2,22.6,17.04,Normal
7,L,118.5,25.0,17.8,Normal
8,L,123.2,20.0,13.17,Kurus
11,P,142.7,34.8,17.12,Normal
10,L,130.9,31.6,18.45,Gemuk
7,P,113.1,24.8,19.4,Gemuk
9,P,125.4,27.9,17.75,Normal
8,P,121.7,20.3,13.71,Kurus
9,P,128.3,31.2,18.96,Gemuk
12,L,147.7,43.1,19.78,Gemuk
11,L,143.1,34.0,16.61,Normal
6,L,112.1,18.8,14.97,Normal
7,L,120.2,18.0,12.46,Kurus
8,L,126.6,24.9,15.54,Normal
7,L,113.0,18.0,14.1,Normal
10,P,130.7,33.4,19.53,Gemuk
6,P,114.0,17.4,13.36,Kurus
8,L,124.8,23.5,15.1,Normal
7,L,119.6,23.6,16.52,Normal
12,L,148.2,42.6,19.4,Gemuk
12,P,146.4,47.2,22.01,Obesitas
7,L,115.9,19.7,14.68,Normal
8,L,118.0,22.6,16.23,Normal
8,L,123.2,27.5,18.11,Gemuk
11,P,140.3,36.0,18.29,Gemuk
8,L,123.7,22.0,14.36,Normal
8,L,124.2,22.5,14.62,Normal
7,L,121.0,22.4,15.28,Normal
10,L,133.2,34.2,19.25,Gemuk
7,L,118.8,25.0,17.72,Normal
6,P,114.6,21.9,16.67,Normal
6,L,115.3,17.3,13.01,Kurus
12,P,143.7,36.9,17.87,Normal
9,P,131.5,25.7,14.88,Normal
10,L,140.0,32.2,16.44,Normal
6,P,115.0,17.4,13.14,Kurus
12,L,143.7,41.2,19.96,Gemuk
10,P,134.5,37.4,20.68,Gemuk
10,P,136.4,26.7,14.33,Normal
12,P,149.7,34.3,15.3,Normal
8,P,121.1,29.0,19.79,Gemuk
12,P,147.2,35.3,16.28,Normal
9,P,128.4,24.6,14.9,Normal
7,P,120.6,24.6,16.91,Normal
12,L,147.6,35.6,16.36,Normal
7,L,116.9,24.2,17.68,Normal
6,L,118.0,17.2,12.37,Kurus
6,P,114.0,19.0,14.64,Normal
6,L,111.3,19.9,16.09,Normal
8,P,120.4,24.3,16.79,Normal
11,P,140.3,36.1,18.35,Gemuk
12,L,146.2,39.8,18.61,Gemuk
7,L,119.6,19.7,13.78,Kurus
12,L,145.1,38.8,18.43,Gemuk
7,P,119.3,25.0,17.58,Normal
7,P,118.2,25.0,17.85,Normal
9,L,130.0,27.1,16.05,Normal
7,P,117.7,25.0,18.03,Gemuk
10,P,132.4,25.0,14.26,Normal
7,P,116.2,19.0,14.09,Normal
9,P,133.0,28.6,16.17,Normal
8,P,118.3,23.6,16.89,Normal
7,L,119.6,21.0,14.64,Normal
9,L,129.1,29.6,17.73,Normal
9,L,129.5,32.7,19.51,Gemuk
6,P,113.5,21.0,16.27,Normal
6,L,115.6,22.0,16.46,Normal
6,L,117.3,21.6,15.7,Normal
10,P,132.5,34.1,19.42,Gemuk
10,P,134.2,36.2,20.11,Gemuk
12,P,144.4,35.4,16.96,Normal
10,P,133.3,31.5,17.73,Normal
11,P,142.7,30.8,15.13,Normal
8,L,125.8,24.6,15.54,Normal
10,P,134.3,34.9,19.35,Gemuk
6,L,115.7,20.9,15.62,Normal
10,L,136.8,30.9,16.5,Normal
9,P,125.4,27.0,17.17,Normal
10,L,134.0,32.0,17.83,Normal
9,L,130.2,26.5,15.62,Normal
11,L,141.9,34.9,17.3,Normal
6,P,116.0,20.7,15.34,Normal
12,P,146.1,36.1,16.92,Normal
9,L,127.6,30.5,18.74,Gemuk
7,P,120.9,20.4,13.96,Kurus
7,P,117.3,25.0,18.17,Gemuk
7,L,120.6,22.3,15.29,Normal
11,P,144.3,41.6,19.99,Gemuk
6,L,114.0,17.0,13.09,Kurus
8,P,123.8,22.1,14.39,Normal
7,L,118.8,23.1,16.38,Normal
7,P,122.8,23.5,15.61,Normal
10,P,135.4,35.0,19.07,Gemuk
6,L,114.0,22.0,16.94,Normal
10,P,136.0,33.1,17.9,Normal
11,L,139.3,32.5,16.74,Normal
12,P,146.0,40.2,18.85,Gemuk
9,L,126.6,25.0,15.59,Normal
11,L,142.3,31.1,15.37,Normal
10,P,136.4,26.6,14.28,Normal
6,P,113.0,19.2,15.0,Normal
11,P,139.8,35.1,17.93,Normal
8,L,124.6,27.2,17.51,Normal
8,L,123.9,26.9,17.56,Normal
12,P,149.0,34.6,15.56,Normal
12,P,147.2,42.1,19.42,Gemuk
10,P,135.3,35.4,19.32,Gemuk
12,P,149.7,35.9,16.0,Normal
7,P,117.2,22.9,16.67,Normal
7,L,115.3,25.0,18.81,Gemuk
12,P,146.3,35.0,16.35,Normal
8,L,125.7,23.2,14.7,Normal
11,L,135.7,35.2,19.13,Gemuk
6,P,113.8,20.9,16.1,Normal
8,P,118.0,27.2,19.56,Gemuk
7,P,117.4,24.0,17.4,Normal
11,L,140.9,33.5,16.89,Normal
8,P,124.1,29.0,18.8,Gemuk
12,L,142.7,38.8,19.04,Gemuk
9,L,130.3,25.0,14.71,Normal
12,P,150.7,41.1,18.09,Gemuk
6,L,113.7,17.0,13.15,Kurus
6,L,115.3,22.0,16.55,Normal
7,P,119.3,22.7,15.98,Normal
11,P,140.7,36.7,18.53,Gemuk
6,L,116.9,18.5,13.51,Kurus
11,P,137.2,33.2,17.6,Normal
12,L,144.9,33.3,15.89,Normal
11,P,142.3,32.9,16.25,Normal
10,L,140.0,28.6,14.59,Normal
6,P,113.6,17.0,13.18,Kurus
7,P,118.5,23.1,16.44,Normal
6,P,114.4,17.0,12.99,Kurus
12,L,143.3,41.7,20.29,Gemuk
7,P,116.7,19.1,14.01,Normal
11,P,142.6,36.6,17.97,Normal
11,P,137.3,36.5,19.36,Gemuk
9,L,126.1,29.5,18.55,Gemuk
12,L,145.2,32.9,15.62,Normal
6,L,116.5,22.0,16.21,Normal
7,L,116.7,21.5,15.81,Normal
10,P,134.1,28.1,15.65,Normal
12,L,145.6,38.8,18.31,Gemuk
11,L,139.4,36.3,18.67,Gemuk
9,P,126.3,28.3,17.72,Normal
7,P,118.3,18.0,12.86,Kurus
10,P,136.8,33.9,18.12,Gemuk
10,L,133.1,30.8,17.38,Normal
10,L,132.0,33.7,19.33,Gemuk
6,L,112.1,19.1,15.17,Normal
11,P,142.0,35.3,17.49,Normal
6,L,114.2,18.8,14.38,Normal
10,P,137.1,31.1,16.54,Normal
9,L,128.4,29.2,17.71,Normal
10,P,135.8,27.4,14.87,Normal
12,L,144.9,32.8,15.64,Normal
10,P,136.6,31.2,16.69,Normal
9,P,125.3,26.1,16.6,Normal
11,P,140.7,33.0,16.66,Normal
8,P,119.7,24.1,16.81,Normal
11,P,142.5,33.7,16.58,Normal
11,P,142.9,38.5,18.86,Gemuk
7,P,115.5,20.0,14.97,Normal
11,P,141.3,30.4,15.21,Normal
8,P,121.4,20.3,13.77,Kurus
6,P,113.1,22.0,17.19,Normal
12,P,145.3,45.7,21.67,Gemuk
9,L,131.1,27.5,15.98,Normal
10,P,133.3,30.6,17.23,Normal
8,P,118.4,22.5,16.04,Normal
11,L,138.6,35.5,18.47,Gemuk
10,P,137.4,33.3,17.67,Normal
7,L,117.6,19.5,14.08,Normal
8,L,119.2,25.8,18.16,Gemuk
11,L,136.9,37.0,19.73,Gemuk
7,L,117.5,25.0,18.11,Gemuk
7,P,117.1,19.9,14.52,Normal
10,L,135.1,25.7,14.07,Normal
6,L,113.6,18.9,14.63,Normal
10,P,135.7,35.7,19.36,Gemuk
7,P,115.7,25.0,18.68,Gemuk
8,P,120.9,28.2,19.31,Gemuk
7,L,118.6,25.0,17.77,Normal
12,L,147.4,37.3,17.19,Normal
12,L,144.6,36.3,17.36,Normal
6,L,112.0,18.8,14.97,Normal
9,L,129.9,25.6,15.18,Normal
9,L,131.1,26.8,15.63,Normal
6,L,111.0,22.0,17.84,Normal
10,P,136.5,33.1,17.77,Normal
10,L,134.4,30.4,16.85,Normal
12,L,148.3,38.7,17.59,Normal
10,P,132.1,31.5,18.04,Gemuk
10,L,133.0,29.6,16.72,Normal
6,L,112.3,21.1,16.71,Normal
12,P,147.3,33.0,15.2,Normal
6,L,110.0,20.2,16.67,Normal
9,L,126.1,27.3,17.15,Normal
6,P,112.2,21.7,17.27,Normal
10,P,132.1,25.6,14.69,Normal
11,P,142.2,33.3,16.49,Normal
12,L,145.3,38.1,18.05,Gemuk
6,P,117.6,22.0,15.92,Normal
7,P,121.0,19.2,13.15,Kurus
6,P,113.0,18.4,14.42,Normal
12,L,146.0,43.8,20.57,Gemuk
11,L,140.5,39.4,19.93,Gemuk
10,P,133.7,31.2,17.46,Normal
6,P,116.2,17.0,12.59,Kurus
11,L,138.3,37.5,19.61,Gemuk
8,L,122.1,28.7,19.23,Gemuk
11,P,145.1,37.5,17.81,Normal
10,L,130.9,31.8,18.58,Gemuk
7,L,120.9,18.8,12.84,Kurus
8,P,125.2,25.2,16.12,Normal
11,L,138.7,33.1,17.2,Normal
8,P,126.5,26.3,16.45,Normal
11,L,140.7,33.7,17.05,Normal
10,P,132.2,31.4,17.94,Normal
6,P,111.4,17.0,13.7,Kurus
8,L,120.7,23.3,16.02,Normal
11,P,141.6,30.6,15.26,Normal
12,P,146.9,43.0,19.94,Gemuk
7,P,117.0,18.0,13.16,Kurus
9,L,128.6,27.5,16.66,Normal
9,L,130.6,29.7,17.44,Normal
10,P,131.6,32.2,18.61,Gemuk
11,P,136.0,34.7,18.76,Gemuk
7,L,119.1,24.7,17.41,Normal
9,P,127.9,27.3,16.67,Normal
9,P,128.0,26.3,16.04,Normal
9,P,127.1,28.5,17.64,Normal
8,P,122.1,21.6,14.51,Normal
11,P,141.2,35.2,17.65,Normal
12,P,145.4,43.8,20.71,Gemuk
8,L,123.0,29.0,19.17,Gemuk
8,P,125.1,20.2,12.92,Kurus
7,P,114.2,24.2,18.52,Gemuk
12,L,148.1,39.1,17.85,Normal
12,P,144.4,39.8,19.09,Gemuk
10,P,131.6,35.0,20.17,Gemuk
12,L,141.3,35.9,17.99,Normal
6,L,112.4,17.0,13.46,Kurus
7,L,121.8,22.4,15.1,Normal
7,L,115.6,19.1,14.31,Normal
9,P,124.6,32.7,21.04,Gemuk
9,L,128.1,28.8,17.54,Normal
9,P,133.0,26.5,14.98,Normal
8,L,122.2,23.2,15.51,Normal
9,P,123.6,23.8,15.59,Normal
7,P,117.0,20.9,15.26,Normal
10,L,138.5,30.7,16.01,Normal
6,P,115.9,22.0,16.35,Normal
7,P,113.0,21.3,16.67,Normal
7,P,121.3,18.0,12.23,Kurus
11,P,139.0,35.2,18.21,Gemuk
12,P,140.2,43.6,22.17,Obesitas
7,L,123.0,20.2,13.38,Kurus
8,P,122.7,23.3,15.5,Normal
7,L,117.2,21.0,15.26,Normal
7,L,114.5,18.6,14.18,Normal
10,L,134.9,25.0,13.73,Kurus
12,P,142.8,38.9,19.07,Gemuk
10,P,131.8,31.1,17.92,Normal
11,P,138.7,34.4,17.87,Normal
7,P,116.1,18.0,13.36,Kurus
11,P,142.1,39.1,19.37,Gemuk
10,P,133.9,33.4,18.63,Gemuk
11,L,140.3,34.5,17.52,Normal
7,L,123.0,20.5,13.56,Kurus
12,L,145.5,37.5,17.72,Normal
6,L,112.1,20.7,16.47,Normal
10,L,131.2,31.3,18.21,Gemuk
8,L,122.4,24.5,16.35,Normal
9,L,129.9,31.8,18.83,Gemuk
7,P,118.7,22.0,15.6,Normal
11,P,141.3,30.9,15.5,Normal
11,L,139.7,33.7,17.27,Normal
11,L,138.1,37.5,19.66,Gemuk
11,L,138.7,37.7,19.59,Gemuk
6,P,112.8,19.8,15.53,Normal
6,L,115.8,19.8,14.74,Normal
12,L,147.0,40.3,18.67,Gemuk
7,P,119.4,19.3,13.53,Kurus
8,L,124.5,21.1,13.59,Kurus
12,P,146.5,40.8,19.03,Gemuk
12,P,144.4,42.2,20.26,Gemuk
10,P,134.1,27.6,15.37,Normal
7,P,119.6,20.1,14.03,Normal
8,P,121.7,23.4,15.8,Normal
12,L,147.7,37.8,17.32,Normal
12,P,142.6,39.2,19.26,Gemuk
9,L,132.0,25.1,14.41,Normal
8,P,122.5,26.6,17.75,Normal
10,L,133.2,31.7,17.85,Normal
12,P,144.5,40.2,19.24,Gemuk
8,P,118.0,23.5,16.89,Normal
12,L,144.2,36.0,17.32,Normal
7,L,117.0,21.9,15.98,Normal
10,L,132.2,36.5,20.9,Gemuk
9,P,126.6,30.4,18.93,Gemuk
7,P,116.4,19.0,14.0,Normal
6,P,117.4,19.6,14.23,Normal
6,L,116.1,22.0,16.33,Normal
7,L,117.7,18.5,13.36,Kurus
9,P,130.8,27.3,15.95,Normal
6,L,113.6,22.0,17.04,Normal
9,P,128.8,27.5,16.54,Normal
9,P,131.3,28.9,16.79,Normal
7,L,115.0,19.0,14.36,Normal
11,P,140.3,35.0,17.76,Normal
8,P,122.6,26.2,17.47,Normal
8,L,121.4,20.0,13.57,Kurus
7,P,122.5,21.6,14.37,Normal
7,P,118.0,23.9,17.16,Normal
10,L,136.1,35.2,19.0,Gemuk
7,P,117.6,25.0,18.09,Gemuk
9,L,128.8,28.1,16.95,Normal
11,L,140.9,36.8,18.53,Gemuk
6,P,116.2,20.7,15.33,Normal
11,P,142.7,37.3,18.29,Gemuk
12,L,146.0,40.8,19.12,Gemuk
10,P,129.6,32.5,19.35,Gemuk
8,P,121.3,20.2,13.71,Kurus
9,P,128.1,29.1,17.72,Normal
7,L,118.9,24.1,17.05,Normal
12,P,145.6,41.5,19.56,Gemuk
10,P,132.7,32.5,18.45,Gemuk
6,L,112.3,17.0,13.47,Kurus
11,L,139.6,34.7,17.78,Normal
7,L,117.4,20.7,15.02,Normal
10,P,133.0,34.4,19.47,Gemuk
10,L,129.9,28.9,17.12,Normal
12,P,147.4,40.8,18.79,Gemuk
10,L,129.6,25.6,15.23,Normal
10,L,133.8,29.7,16.57,Normal
10,P,135.4,32.7,17.8,Normal
8,P,122.8,25.4,16.83,Normal
11,L,142.3,34.5,17.04,Normal
8,L,126.4,24.3,15.18,Normal
12,P,146.0,41.2,19.31,Gemuk
10,L,133.0,31.4,17.75,Normal
7,P,118.9,19.8,14.02,Normal
10,L,133.7,27.0,15.12,Normal
12,P,147.3,33.7,15.53,Normal
8,P,119.7,22.7,15.86,Normal
10,L,133.8,29.5,16.51,Normal
7,L,115.2,21.0,15.86,Normal
11,P,141.2,38.8,19.46,Gemuk
12,L,145.7,35.2,16.58,Normal
8,P,120.3,25.4,17.59,Normal
7,P,115.7,21.6,16.13,Normal
8,P,124.5,23.9,15.4,Normal
6,P,114.7,19.4,14.7,Normal
11,P,140.2,34.9,17.78,Normal
10,P,134.8,28.4,15.62,Normal
8,P,123.5,24.5,16.08,Normal
11,L,139.7,35.9,18.38,Gemuk
8,L,125.4,24.3,15.47,Normal
9,P,127.4,27.0,16.61,Normal
10,L,132.6,33.0,18.77,Gemuk
12,P,146.7,41.2,19.15,Gemuk
10,L,133.1,35.1,19.85,Gemuk
6,P,110.0,20.2,16.66,Normal
11,P,138.5,36.2,18.88,Gemuk
7,L,115.4,18.1,13.6,Kurus
6,P,110.0,22.0,18.17,Gemuk
11,L,142.2,36.2,17.92,Normal
7,L,121.6,19.9,13.47,Kurus
10,L,131.3,33.2,19.25,Gemuk
6,L,113.8,18.1,14.0,Kurus
8,L,120.5,28.3,19.46,Gemuk
11,L,143.7,28.9,14.01,Normal
6,L,115.1,20.4,15.43,Normal
10,P,138.2,32.0,16.78,Normal
11,P,143.8,38.5,18.62,Gemuk
7,P,118.2,20.6,14.74,Normal
11,L,135.1,38.2,20.92,Gemuk
7,P,117.6,25.0,18.07,Gemuk
9,L,133.0,26.8,15.16,Normal
12,L,145.1,35.2,16.74,Normal
7,P,119.4,25.0,17.53,Normal
7,P,117.3,18.0,13.11,Kurus
10,L,131.6,28.4,16.38,Normal
8,P,123.3,23.3,15.3,Normal
11,L,143.5,35.4,17.21,Normal
8,P,123.0,24.7,16.3,Normal
11,P,143.3,38.9,18.95,Gemuk
9,L,132.1,33.1,18.94,Gemuk
7,L,116.0,21.2,15.78,Normal
6,P,111.7,19.4,15.57,Normal
11,L,137.6,36.5,19.27,Gemuk
9,P,128.8,31.3,18.88,Gemuk
9,L,124.5,30.7,19.81,Gemuk
12,P,145.8,37.8,17.79,Normal
7,P,113.0,18.0,14.1,Normal
7,P,118.6,21.5,15.28,Normal
7,L,116.0,25.0,18.59,Gemuk
9,L,128.3,22.0,13.36,Kurus
11,P,142.4,31.0,15.29,Normal
11,L,141.0,39.2,19.72,Gemuk
7,L,115.9,23.5,17.5,Normal
10,P,133.0,31.4,17.75,Normal
6,L,114.2,17.0,13.04,Kurus
12,L,150.8,33.8,14.86,Normal
8,L,122.1,29.0,19.46,Gemuk
12,L,148.3,33.7,15.32,Normal
12,P,147.9,33.1,15.15,Normal
7,P,121.5,20.0,13.58,Kurus
9,L,128.2,23.3,14.17,Normal
6,P,113.7,17.0,13.14,Kurus
11,L,142.0,35.1,17.41,Normal
6,L,117.9,22.0,15.82,Normal
12,L,147.8,36.8,16.81,Normal
10,L,135.1,30.9,16.95,Normal
6,L,113.9,18.0,13.84,Kurus
12,L,141.5,44.8,22.39,Obesitas
6,L,117.9,17.0,12.24,Kurus
10,L,133.0,33.5,18.95,Gemuk
12,L,146.7,37.3,17.35,Normal
12,P,150.4,37.9,16.76,Normal
11,P,141.5,35.6,17.75,Normal
9,P,127.7,28.0,17.16,Normal
10,P,135.5,25.7,14.02,Normal
9,L,129.2,29.0,17.35,Normal
11,L,138.4,39.2,20.47,Gemuk
9,L,125.9,34.0,21.45,Gemuk
11,P,141.5,28.0,13.98,Kurus
11,L,142.8,39.0,19.14,Gemuk
12,P,148.5,38.7,17.56,Normal
11,P,143.4,32.2,15.64,Normal
10,L,133.3,36.3,20.46,Gemuk
7,L,113.0,18.0,14.1,Normal
8,L,125.3,22.0,13.99,Kurus
12,L,145.3,43.5,20.61,Gemuk
9,L,126.9,30.8,19.15,Gemuk
11,L,141.4,38.0,19.0,Gemuk
10,P,133.4,32.5,18.24,Gemuk
8,P,126.2,22.0,13.83,Kurus
12,P,144.8,44.0,20.98,Gemuk
6,L,117.7,22.0,15.88,Normal
8,L,125.0,26.1,16.69,Normal
12,L,147.6,38.6,17.73,Normal
10,L,135.6,28.4,15.44,Normal
10,P,134.2,28.5,15.83,Normal
9,L,129.6,28.4,16.91,Normal
8,L,122.3,27.9,18.62,Gemuk
10,P,132.9,25.9,14.64,Normal
12,P,147.1,38.5,17.77,Normal
12,P,143.1,38.7,18.88,Gemuk
6,P,117.0,17.9,13.1,Kurus
8,L,126.3,29.0,18.17,Gemuk
6,L,113.8,20.1,15.54,Normal
12,L,148.8,42.6,19.25,Gemuk
9,P,132.9,30.8,17.43,Normal
6,L,116.3,17.0,12.57,Kurus
10,P,133.2,30.1,16.99,Normal
8,L,122.2,24.9,16.67,Normal
9,L,127.7,26.9,16.49,Normal
11,P,142.6,36.4,17.91,Normal
8,P,123.9,21.9,14.28,Normal
10,P,136.6,25.2,13.51,Kurus
11,P,142.1,36.4,18.02,Gemuk
12,P,146.0,42.4,19.88,Gemuk
7,L,119.6,20.8,14.57,Normal
9,P,125.6,28.4,18.02,Gemuk
11,L,143.6,34.2,16.57,Normal
8,P,122.7,20.0,13.28,Kurus
10,P,135.7,36.1,19.6,Gemuk
12,L,148.5,41.0,18.58,Gemuk
8,L,119.3,20.5,14.36,Normal
12,L,146.6,43.0,20.0,Gemuk
11,L,138.2,36.5,19.12,Gemuk
8,P,118.0,22.7,16.27,Normal
12,L,144.6,37.3,17.86,Normal
10,L,137.3,34.1,18.08,Gemuk
7,P,119.6,22.1,15.43,Normal
10,L,129.0,25.0,15.02,Normal
12,P,146.9,41.4,19.16,Gemuk
6,P,116.3,17.0,12.56,Kurus
6,L,115.0,19.2,14.5,Normal
7,L,121.3,22.7,15.45,Normal
11,L,145.4,31.7,15.02,Normal
7,L,115.5,21.2,15.89,Normal
9,L,127.2,24.0,14.86,Normal
12,L,141.5,41.9,20.9,Gemuk
7,P,118.7,25.0,17.74,Normal
11,P,138.2,39.0,20.39,Gemuk
10,P,131.4,32.4,18.81,Gemuk
10,P,133.5,31.5,17.7,Normal
7,L,116.9,21.7,15.92,Normal
8,P,125.1,26.5,16.92,Normal
11,L,139.1,34.3,17.74,Normal
6,L,118.0,17.4,12.46,Kurus
7,P,120.1,22.6,15.63,Normal
7,P,120.5,23.6,16.29,Normal
11,L,142.6,33.1,16.28,Normal
11,L,140.7,43.0,21.71,Gemuk
12,P,145.7,44.0,20.71,Gemuk
7,P,118.1,23.6,16.96,Normal
10,P,130.4,34.9,20.54,Gemuk
12,L,145.1,36.4,17.28,Normal
12,L,146.3,33.8,15.81,Normal
6,P,110.9,22.0,17.88,Normal
11,P,140.4,39.0,19.78,Gemuk
12,P,146.3,39.6,18.51,Gemuk
12,L,143.7,42.2,20.43,Gemuk
7,L,117.1,25.0,18.22,Gemuk
7,P,117.4,22.8,16.57,Normal
8,L,125.7,28.6,18.09,Gemuk
6,P,114.4,18.7,14.28,Normal
7,P,116.6,21.9,16.09,Normal
8,P,122.4,26.2,17.48,Normal
6,L,110.0,17.7,14.59,Normal
6,L,112.1,21.1,16.81,Normal
7,P,121.9,24.6,16.52,Normal
6,L,113.4,19.2,14.92,Normal
12,L,147.9,35.0,15.99,Normal
12,L,147.4,36.4,16.72,Normal
11,P,139.7,31.8,16.3,Normal
12,P,141.7,41.2,20.52,Gemuk
7,L,119.2,22.3,15.7,Normal
12,L,142.3,37.8,18.66,Gemuk
10,P,131.2,34.7,20.16,Gemuk
6,L,116.9,22.0,16.09,Normal
12,L,149.3,42.4,19.01,Gemuk
9,P,126.3,27.8,17.42,Normal
7,P,117.9,24.5,17.59,Normal
6,L,114.2,22.0,16.86,Normal
7,P,116.3,23.3,17.18,Normal
11,P,140.8,33.1,16.67,Normal
8,P,120.0,27.2,18.86,Gemuk
6,P,114.1,19.8,15.2,Normal
8,L,124.0,25.3,16.43,Normal
7,P,122.4,18.0,12.02,Kurus
12,L,147.9,35.9,16.42,Normal
12,L,147.1,39.3,18.17,Gemuk
9,L,123.4,26.6,17.49,Normal
11,P,140.9,30.3,15.27,Normal
10,P,140.0,38.0,19.37,Gemuk
10,P,135.7,30.8,16.71,Normal
6,L,114.5,20.6,15.76,Normal
10,L,134.1,33.5,18.61,Gemuk
8,L,125.3,22.2,14.15,Normal
7,P,122.6,23.1,15.36,Normal
8,L,122.9,28.2,18.63,Gemuk
8,P,121.3,23.6,16.05,Normal
6,P,115.7,20.8,15.56,Normal
9,L,129.1,29.5,17.68,Normal
7,L,120.4,22.9,15.81,Normal
9,L,128.0,31.3,19.11,Gemuk
12,L,145.2,39.3,18.64,Gemuk
8,P,125.2,21.3,13.56,Kurus
6,L,116.0,22.0,16.34,Normal
11,P,141.7,33.4,16.65,Normal
7,P,116.1,24.6,18.2,Gemuk
6,P,113.2,17.0,13.27,Kurus
11,P,143.9,39.2,18.94,Gemuk
6,L,110.7,18.4,15.04,Normal
9,L,126.8,24.7,15.37,Normal
10,P,134.2,33.4,18.53,Gemuk
11,L,141.7,35.1,17.46,Normal
7,P,119.6,22.7,15.9,Normal
7,P,116.8,21.8,15.98,Normal
9,P,130.9,23.2,13.54,Kurus
11,P,144.3,42.1,20.22,Gemuk
10,P,129.8,28.8,17.1,Normal
11,L,141.1,36.2,18.18,Gemuk
11,P,144.3,34.8,16.74,Normal
7,P,114.8,18.4,13.96,Kurus
10,P,131.9,30.3,17.41,Normal
8,P,121.5,24.7,16.7,Normal
7,P,120.7,23.7,16.27,Normal
7,P,119.4,23.6,16.58,Normal
7,P,114.1,22.6,17.33,Normal
9,P,125.1,31.6,20.16,Gemuk
7,P,120.0,19.2,13.34,Kurus
12,P,140.0,37.5,19.15,Gemuk
8,P,121.5,26.1,17.67,Normal
10,P,139.0,33.0,17.08,Normal
12,P,146.9,35.2,16.32,Normal
7,L,118.0,18.8,13.47,Kurus
7,L,120.1,23.7,16.4,Normal
8,P,126.0,25.6,16.16,Normal
8,L,127.2,29.0,17.91,Normal
8,P,122.9,26.5,17.54,Normal
6,P,112.5,17.0,13.43,Kurus
10,L,136.0,35.4,19.15,Gemuk
10,L,134.8,28.0,15.41,Normal
6,P,115.3,18.9,14.24,Normal
11,P,137.8,34.0,17.93,Normal
6,L,110.0,17.0,14.05,Normal
9,L,131.5,28.9,16.71,Normal
12,P,148.2,41.8,19.02,Gemuk
12,P,151.5,40.6,17.69,Normal
12,P,149.2,42.1,18.91,Gemuk
7,P,118.5,23.4,16.64,Normal
6,P,113.7,17.0,13.16,Kurus
6,P,115.8,21.1,15.73,Normal
8,L,120.0,25.8,17.92,Normal
7,L,120.2,25.0,17.3,Normal
9,L,123.0,24.6,16.29,Normal
6,L,112.9,17.8,13.96,Kurus
12,L,147.3,35.9,16.54,Normal
8,P,125.3,24.0,15.33,Normal
10,P,131.5,31.5,18.21,Gemuk
11,P,137.0,34.3,18.28,Gemuk
6,P,112.7,17.2,13.59,Kurus
9,P,128.2,31.5,19.19,Gemuk
12,P,147.4,41.0,18.88,Gemuk
12,L,145.4,38.5,18.2,Gemuk
8,P,119.1,22.4,15.78,Normal
6,L,117.2,22.0,16.02,Normal
10,P,139.8,33.2,16.97,Normal
8,L,120.8,25.3,17.3,Normal
12,P,144.3,40.8,19.59,Gemuk
12,L,144.0,39.1,18.86,Gemuk
7,L,120.1,19.5,13.49,Kurus
10,P,136.0,29.1,15.73,Normal
6,P,110.0,17.0,14.05,Normal
6,L,113.9,21.5,16.53,Normal
8,P,121.1,20.2,13.76,Kurus
8,L,120.9,27.9,19.07,Gemuk
6,P,114.7,19.3,14.64,Normal
9,L,127.7,30.5,18.7,Gemuk
6,P,111.9,19.4,15.48,Normal
8,L,122.0,24.4,16.38,Normal
8,P,125.4,21.5,13.66,Kurus
11,P,138.7,31.9,16.57,Normal
12,L,148.7,37.9,17.14,Normal
11,L,140.0,40.0,20.39,Gemuk
12,P,146.9,40.2,18.61,Gemuk
11,L,142.4,34.7,17.09,Normal
12,P,148.6,38.9,17.61,Normal
11,L,143.2,37.8,18.46,Gemuk
7,P,119.3,19.2,13.49,Kurus
8,L,122.8,28.5,18.92,Gemuk
8,L,125.3,26.8,17.04,Normal
7,P,117.5,18.1,13.12,Kurus
7,P,115.2,24.4,18.36,Gemuk
7,P,115.1,18.2,13.78,Kurus
8,L,125.3,26.5,16.86,Normal
12,L,145.4,39.7,18.79,Gemuk
12,L,148.7,36.7,16.59,Normal
11,P,138.8,40.7,21.14,Gemuk
7,L,120.6,23.2,15.93,Normal
12,P,142.9,43.8,21.45,Gemuk
8,P,123.3,22.6,14.89,Normal
12,L,146.9,33.7,15.6,Normal
6,L,113.4,22.0,17.09,Normal
11,L,140.0,30.8,15.71,Normal
12,L,149.8,39.3,17.5,Normal
8,P,123.2,25.3,16.64,Normal
10,P,135.0,31.0,17.0,Normal
10,L,135.9,28.3,15.32,Normal
6,P,114.8,22.0,16.7,Normal
9,L,129.9,25.4,15.07,Normal
6,L,112.2,22.0,17.47,Normal
6,P,114.7,22.0,16.71,Normal
9,L,129.8,24.2,14.34,Normal
7,P,117.6,19.2,13.89,Kurus
11,P,141.3,32.9,16.49,Normal
10,L,133.1,35.4,19.99,Gemuk
9,L,127.6,30.4,18.7,Gemuk
10,L,136.4,27.9,14.99,Normal
8,P,125.0,25.3,16.18,Normal
6,P,113.4,17.0,13.23,Kurus
9,L,126.6,23.0,14.35,Normal
8,L,124.0,28.7,18.68,Gemuk
7,P,117.5,21.9,15.88,Normal
7,P,119.9,21.1,14.67,Normal
6,L,118.0,17.0,12.21,Kurus
11,L,140.9,29.8,15.0,Normal
12,P,145.3,39.5,18.73,Gemuk
9,L,128.4,30.4,18.45,Gemuk
6,P,115.0,21.4,16.14,Normal
11,P,139.6,32.5,16.67,Normal
8,L,123.0,23.5,15.53,Normal
7,L,113.0,18.0,14.1,Normal
8,L,120.6,21.5,14.8,Normal
12,L,148.7,40.2,18.19,Gemuk
9,L,127.0,29.2,18.11,Gemuk
6,L,115.3,17.0,12.79,Kurus
10,L,136.6,32.7,17.5,Normal
10,L,135.7,26.8,14.54,Normal
10,L,139.6,32.4,16.63,Normal
6,P,116.5,22.0,16.2,Normal
10,P,134.3,34.3,19.01,Gemuk
11,P,143.8,37.3,18.04,Gemuk
7,P,118.0,21.7,15.59,Normal
7,L,118.3,22.9,16.38,Normal
10,P,133.5,33.2,18.61,Gemuk
9,L,130.0,29.4,17.37,Normal
10,P,130.6,29.2,17.09,Normal
11,P,142.5,36.6,18.03,Gemuk
11,L,140.1,38.7,19.73,Gemuk
8,L,125.1,25.6,16.36,Normal
9,P,126.3,26.0,16.31,Normal
10,P,138.9,32.1,16.63,Normal
6,P,114.2,17.0,13.03,Kurus
11,P,141.2,32.3,16.19,Normal
11,L,144.6,31.6,15.12,Normal
9,P,130.6,34.0,19.94,Gemuk
9,L,125.7,30.4,19.21,Gemuk
12,P,149.5,37.5,16.79,Normal
9,P,127.2,24.6,15.21,Normal
8,L,123.5,20.1,13.15,Kurus
11,L,139.7,32.3,16.54,Normal
7,P,118.1,21.7,15.56,Normal
7,L,118.0,21.1,15.19,Normal
12,L,150.0,34.6,15.36,Normal
7,L,118.5,25.0,17.8,Normal
11,P,138.0,31.7,16.63,Normal
10,P,133.7,29.0,16.21,Normal
8,L,123.5,22.8,14.97,Normal
9,P,125.0,27.7,17.72,Normal
6,P,113.9,17.0,13.1,Kurus
6,P,113.5,20.1,15.58,Normal
8,L,121.0,27.2,18.55,Gemuk
8,P,126.8,22.7,14.1,Normal
9,P,128.2,25.2,15.3,Normal
7,L,118.4,20.3,14.48,Normal
12,L,143.1,34.1,16.68,Normal
7,L,120.4,23.8,16.4,Normal
8,P,125.2,23.7,15.1,Normal
12,P,147.9,38.5,17.58,Normal
12,P,141.5,39.2,19.55,Gemuk
8,P,118.6,23.7,16.87,Normal
7,P,117.1,20.0,14.55,Normal
9,L,126.4,26.6,16.65,Normal
8,L,123.3,29.0,19.09,Gemuk
9,P,127.1,25.8,15.95,Normal
7,L,118.2,22.4,16.02,Normal
7,L,120.0,23.4,16.27,Normal
7,L,114.0,20.5,15.8,Normal
9,L,127.5,26.8,16.5,Normal
6,P,115.6,17.0,12.71,Kurus
8,P,128.0,26.5,16.19,Normal
6,P,115.8,22.0,16.42,Normal
7,P,121.7,24.7,16.68,Normal
6,P,114.2,21.2,16.27,Normal
8,P,119.7,27.9,19.44,Gemuk
11,P,139.3,38.1,19.63,Gemuk
9,P,125.0,26.6,17.04,Normal
6,P,116.8,19.4,14.2,Normal
8,P,124.3,27.2,17.58,Normal
6,L,115.5,22.0,16.48,Normal
7,L,121.8,23.0,15.52,Normal
9,L,130.1,31.3,18.51,Gemuk
8,L,118.0,24.2,17.37,Normal
6,L,114.6,19.6,14.91,Normal
6,P,117.2,17.6,12.81,Kurus
12,P,147.8,41.1,18.81,Gemuk
6,L,111.2,22.0,17.79,Normal
8,L,124.2,24.8,16.06,Normal
6,P,114.8,22.0,16.7,Normal
7,P,113.0,20.0,15.66,Normal
9,L,129.1,32.1,19.29,Gemuk
7,P,119.0,24.3,17.12,Normal
11,P,138.0,36.3,19.07,Gemuk
7,P,117.7,18.0,13.0,Kurus
8,P,123.1,21.6,14.28,Normal
10,P,132.5,32.3,18.38,Gemuk
10,P,129.5,29.7,17.73,Normal
9,L,124.9,22.0,14.09,Normal
9,P,127.7,29.6,18.14,Gemuk
8,L,124.0,20.0,13.01,Kurus
11,L,137.0,31.5,16.75,Normal
8,L,123.9,26.0,16.97,Normal
11,P,145.5,31.6,14.94,Normal
8,L,123.8,22.5,14.69,Normal
9,P,130.1,24.2,14.31,Normal
11,L,142.8,31.3,15.35,Normal
8,P,125.9,20.0,12.61,Kurus
10,L,129.4,26.1,15.61,Normal
6,P,113.1,19.5,15.28,Normal
10,P,136.7,25.0,13.38,Kurus
12,L,141.7,35.8,17.83,Normal
8,L,123.9,25.9,16.9,Normal
10,L,135.8,28.4,15.41,Normal
11,P,140.7,33.7,16.99,Normal
7,P,117.1,22.7,16.6,Normal
9,L,124.6,27.6,17.81,Normal
8,L,121.2,23.7,16.13,Normal
7,L,115.5,21.3,15.99,Normal
7,L,118.1,24.0,17.22,Normal
6,L,112.1,21.3,16.97,Normal
11,L,145.4,32.9,15.58,Normal
6,P,115.1,18.9,14.25,Normal
6,L,116.7,17.0,12.48,Kurus
7,L,120.4,22.5,15.51,Normal
6,P,111.0,20.6,16.7,Normal
7,L,119.7,23.9,16.69,Normal
12,P,142.8,39.0,19.11,Gemuk
8,P,119.4,24.4,17.11,Normal
7,L,117.2,19.4,14.12,Normal
7,P,121.7,25.0,16.89,Normal
10,P,133.5,27.5,15.45,Normal
11,L,141.3,35.3,17.68,Normal
10,L,131.4,32.1,18.62,Gemuk
9,P,127.4,31.4,19.32,Gemuk
7,L,118.2,23.8,17.04,Normal
11,L,140.8,37.0,18.68,Gemuk
12,L,149.6,38.7,17.31,Normal
9,P,127.9,25.6,15.64,Normal
10,P,133.5,30.0,16.84,Normal
11,L,143.3,38.7,18.86,Gemuk
9,L,127.2,26.5,16.36,Normal
11,P,141.4,33.3,16.65,Normal
9,L,129.7,29.6,17.62,Normal
12,P,146.7,41.2,19.16,Gemuk
7,L,115.2,18.0,13.56,Kurus
8,P,128.0,24.2,14.77,Normal
9,L,129.4,24.5,14.63,Normal
6,P,114.0,22.0,16.93,Normal
7,P,115.6,18.1,13.57,Kurus
10,L,132.2,35.6,20.35,Gemuk
7,L,119.7,19.9,13.86,Kurus
11,P,141.2,31.9,15.98,Normal
12,P,143.3,35.0,17.02,Normal
11,L,142.9,34.5,16.88,Normal
10,L,131.9,26.2,15.05,Normal
12,P,144.1,40.6,19.56,Gemuk
6,L,112.9,19.3,15.12,Normal
12,L,142.6,45.1,22.19,Obesitas
10,L,133.7,30.5,17.03,Normal
7,P,116.5,25.0,18.41,Gemuk
6,L,114.7,19.3,14.68,Normal
9,L,123.0,31.3,20.66,Gemuk
8,P,124.3,29.0,18.77,Gemuk
6,L,111.4,17.0,13.7,Kurus
11,L,137.0,39.9,21.27,Gemuk
10,P,137.8,34.4,18.1,Gemuk
10,L,139.2,28.9,14.9,Normal
10,L,133.9,28.8,16.08,Normal
12,L,148.6,44.1,19.97,Gemuk
7,P,120.8,18.0,12.33,Kurus
9,P,123.0,22.0,14.54,Normal
11,L,141.5,35.9,17.93,Normal
11,L,140.3,37.4,19.01,Gemuk
12,P,148.5,35.6,16.16,Normal
6,P,113.9,17.0,13.11,Kurus
7,L,118.0,21.5,15.44,Normal
9,P,129.4,29.7,17.73,Normal
12,L,144.0,39.0,18.79,Gemuk
10,L,134.4,30.5,16.88,Normal
9,L,130.9,22.7,13.28,Kurus
11,P,147.0,36.0,16.66,Normal
11,P,139.3,33.4,17.23,Normal
8,L,124.7,26.7,17.14,Normal
7,P,121.2,18.0,12.26,Kurus
8,L,125.2,28.3,18.06,Gemuk
9,L,130.6,30.4,17.79,Normal
6,L,112.1,22.0,17.51,Normal
10,P,136.4,30.3,16.28,Normal
6,L,110.5,17.0,13.93,Kurus
10,L,135.4,25.0,13.63,Kurus
9,P,124.1,26.8,17.4,Normal
10,L,131.1,33.6,19.56,Gemuk
12,L,146.5,38.8,18.05,Gemuk
8,P,125.4,27.4,17.39,Normal
8,P,122.5,26.9,17.92,Normal
8,L,125.0,20.0,12.8,Kurus
11,P,140.4,35.2,17.85,Normal
9,L,130.6,32.6,19.08,Gemuk
6,P,110.6,22.0,17.98,Normal
12,L,143.7,36.5,17.68,Normal
7,P,116.4,24.0,17.75,Normal
11,P,140.1,35.9,18.29,Gemuk
9,L,126.3,28.9,18.14,Gemuk
11,P,143.3,41.3,20.09,Gemuk
12,L,147.0,39.6,18.32,Gemuk
6,L,112.6,19.4,15.28,Normal
9,P,124.6,29.5,18.98,Gemuk
9,L,124.3,27.9,18.07,Gemuk
10,L,135.2,32.5,17.78,Normal
11,L,139.7,36.0,18.43,Gemuk
11,L,137.5,37.2,19.71,Gemuk
11,P,137.5,35.9,18.99,Gemuk
12,L,149.1,37.7,16.94,Normal
7,L,122.2,25.0,16.75,Normal
9,P,123.0,26.7,17.62,Normal
8,P,124.5,26.1,16.85,Normal
7,L,116.9,18.0,13.16,Kurus
7,L,114.8,21.3,16.14,Normal
8,L,123.7,21.7,14.19,Normal
7,L,119.1,18.0,12.69,Kurus
10,P,135.5,38.0,20.68,Gemuk
11,L,136.3,34.1,18.35,Gemuk
12,L,150.2,41.0,18.17,Gemuk
10,P,133.3,32.1,18.09,Gemuk
8,P,124.7,26.3,16.93,Normal
11,P,140.4,42.5,21.56,Gemuk
6,L,115.4,19.2,14.41,Normal
9,P,129.1,33.9,20.32,Gemuk
12,P,144.3,43.3,20.77,Gemuk
10,P,132.6,27.3,15.54,Normal
7,L,116.3,21.5,15.91,Normal
8,P,121.6,24.7,16.69,Normal
6,P,110.0,18.9,15.65,Normal
6,L,114.2,22.0,16.88,Normal
8,P,125.0,22.3,14.26,Normal
11,P,141.2,36.5,18.31,Gemuk
9,L,130.7,30.0,17.56,Normal
12,L,145.8,42.3,19.92,Gemuk
10,L,131.1,29.3,17.01,Normal
10,P,135.0,33.0,18.1,Gemuk
6,P,113.0,22.0,17.24,Normal
9,P,130.8,29.5,17.25,Normal
9,L,130.0,33.5,19.79,Gemuk
9,P,128.4,22.0,13.34,Kurus
9,P,130.9,30.6,17.84,Normal
12,P,144.1,38.4,18.5,Gemuk
7,L,117.6,24.1,17.41,Normal
11,L,143.9,35.7,17.26,Normal
9,P,127.8,29.4,17.98,Normal
8,P,121.5,24.3,16.48,Normal
7,P,113.2,20.7,16.16,Normal
8,L,120.9,26.5,18.14,Gemuk
10,L,139.0,35.6,18.46,Gemuk
9,P,128.3,24.7,15.03,Normal
11,L,142.9,31.5,15.42,Normal
12,P,144.2,43.2,20.77,Gemuk
11,P,145.8,40.0,18.8,Gemuk
8,P,121.4,21.1,14.29,Normal
7,P,114.2,20.8,15.97,Normal
7,L,114.7,19.7,14.95,Normal
12,L,146.9,44.4,20.59,Gemuk
8,L,120.6,20.0,13.75,Kurus
11,P,141.1,35.8,17.95,Normal
9,L,125.7,27.5,17.38,Normal
9,L,124.8,25.2,16.15,Normal
6,L,116.2,20.1,14.88,Normal
8,L,123.2,24.0,15.79,Normal
11,L,143.2,40.1,19.56,Gemuk
9,P,133.0,27.3,15.42,Normal
11,L,139.4,40.5,20.85,Gemuk
11,P,140.5,36.7,18.58,Gemuk
6,L,114.9,19.6,14.86,Normal
9,P,125.3,32.0,20.38,Gemuk
9,L,131.4,32.8,19.0,Gemuk
12,P,143.9,37.6,18.15,Gemuk
12,P,152.0,37.1,16.05,Normal
6,L,113.3,18.4,14.37,Normal
6,P,111.5,17.0,13.7,Kurus
9,P,127.8,26.8,16.39,Normal
7,P,115.8,19.9,14.82,Normal
10,L,133.8,29.2,16.31,Normal
6,L,113.2,22.0,17.16,Normal
9,P,128.7,30.9,18.63,Gemuk
11,P,137.1,33.6,17.85,Normal
12,L,142.4,32.9,16.23,Normal
9,P,128.6,27.9,16.85,Normal
6,P,111.0,19.2,15.58,Normal
6,P,117.4,22.0,15.92,Normal
7,L,113.3,20.5,15.98,Normal
9,L,127.6,30.3,18.61,Gemuk
6,P,112.2,19.5,15.45,Normal
11,P,143.0,33.9,16.59,Normal
10,L,133.8,34.5,19.31,Gemuk
7,P,119.2,22.0,15.5,Normal
6,L,114.8,20.1,15.27,Normal
12,L,142.4,41.3,20.36,Gemuk
12,P,149.4,38.4,17.22,Normal
6,L,118.0,20.9,15.03,Normal
12,P,143.7,37.7,18.27,Gemuk
8,P,122.3,20.0,13.37,Kurus
11,L,144.1,38.4,18.49,Gemuk
9,P,130.0,34.0,20.12,Gemuk
8,P,126.4,27.4,17.14,Normal
7,L,116.1,20.6,15.27,Normal
11,L,140.1,37.6,19.17,Gemuk
8,P,120.5,25.0,17.19,Normal
9,P,127.4,30.6,18.86,Gemuk
9,P,128.5,24.1,14.62,Normal
12,P,145.7,40.1,18.9,Gemuk
8,P,128.0,27.9,17.04,Normal
11,L,138.4,35.5,18.56,Gemuk
12,P,143.1,41.6,20.3,Gemuk
6,P,112.4,20.2,16.02,Normal
9,L,127.1,28.3,17.54,Normal
6,P,112.0,19.9,15.9,Normal
12,L,146.7,30.6,14.2,Normal
12,L,148.3,38.2,17.36,Normal
8,P,118.0,26.5,19.03,Gemuk
7,P,119.5,23.0,16.08,Normal
8,P,120.3,22.0,15.17,Normal
8,L,122.3,20.0,13.37,Kurus
6,P,116.5,21.8,16.08,Normal
11,L,140.4,33.9,17.19,Normal
10,L,133.0,34.7,19.59,Gemuk
10,L,130.8,28.3,16.55,Normal
8,P,121.8,25.4,17.14,Normal
8,P,122.3,22.7,15.18,Normal
8,L,122.6,29.0,19.28,Gemuk
6,L,113.7,18.9,14.61,Normal
12,P,145.8,40.9,19.22,Gemuk
11,P,142.0,36.7,18.2,Gemuk
10,L,131.7,31.3,18.03,Gemuk
7,P,123.0,20.3,13.45,Kurus
10,L,136.8,32.7,17.45,Normal
8,L,121.5,26.2,17.75,Normal
6,P,114.1,19.9,15.25,Normal
11,L,139.9,33.1,16.92,Normal
7,P,115.2,19.8,14.9,Normal
11,P,142.3,35.5,17.51,Normal
8,P,122.3,20.0,13.39,Kurus
12,L,146.7,40.0,18.58,Gemuk
11,P,145.2,39.5,18.74,Gemuk
12,L,143.8,35.8,17.31,Normal
10,P,134.5,30.1,16.66,Normal
7,L,118.2,19.9,14.21,Normal
10,L,133.2,27.5,15.49,Normal
9,L,129.3,26.9,16.1,Normal
6,P,114.5,19.0,14.48,Normal
12,L,146.6,38.2,17.75,Normal
12,L,145.3,35.9,17.01,Normal
7,P,118.7,22.1,15.69,Normal
12,L,148.7,38.0,17.21,Normal
7,P,117.6,24.4,17.63,Normal
12,L,142.8,41.7,20.46,Gemuk
7,L,118.3,25.0,17.86,Normal
6,L,113.2,20.7,16.12,Normal
11,L,143.5,35.6,17.29,Normal
6,L,113.8,18.3,14.09,Normal
9,P,126.8,32.7,20.33,Gemuk
10,L,132.4,32.3,18.44,Gemuk
6,L,113.9,20.8,16.03,Normal
10,P,131.1,33.7,19.61,Gemuk
8,P,123.5,24.5,16.09,Normal
11,P,142.9,36.4,17.83,Normal
11,L,139.6,32.2,16.5,Normal
10,L,136.9,27.1,14.45,Normal
10,L,131.2,28.0,16.28,Normal
6,P,116.6,17.6,12.93,Kurus
12,P,146.7,36.2,16.8,Normal
11,P,144.5,37.2,17.83,Normal
8,P,125.8,28.9,18.29,Gemuk
10,P,134.2,25.0,13.88,Kurus
6,P,112.3,20.3,16.13,Normal
11,P,138.1,34.9,18.32,Gemuk
9,P,127.5,27.9,17.13,Normal
7,P,120.2,19.3,13.35,Kurus
11,P,139.9,36.6,18.72,Gemuk
12,P,147.1,44.4,20.52,Gemuk
12,P,145.3,36.3,17.19,Normal
9,P,130.3,31.9,18.77,Gemuk
12,P,145.0,35.9,17.09,Normal
7,L,119.6,20.1,14.06,Normal
7,P,115.9,25.0,18.62,Gemuk
10,L,135.9,33.4,18.07,Gemuk
6,L,113.4,17.0,13.23,Kurus
7,P,119.1,20.1,14.16,Normal
9,L,126.3,30.9,19.33,Gemuk
12,L,143.9,42.0,20.28,Gemuk
6,P,112.2,20.2,16.07,Normal
10,L,129.2,33.8,20.24,Gemuk
11,L,139.1,33.7,17.42,Normal
7,L,119.9,25.0,17.4,Normal
11,L,144.2,32.2,15.47,Normal
9,L,129.4,29.8,17.81,Normal
6,L,111.8,17.0,13.59,Kurus
9,P,123.0,29.0,19.2,Gemuk
8,L,122.8,20.2,13.4,Kurus
7,L,119.5,21.8,15.28,Normal
6,L,114.5,19.0,14.5,Normal
8,P,118.0,27.4,19.65,Gemuk
6,P,116.2,18.7,13.89,Kurus
10,L,128.9,37.5,22.56,Obesitas
9,P,133.0,24.9,14.05,Normal
10,P,131.2,31.8,18.47,Gemuk
12,L,149.4,40.0,17.95,Normal
9,L,130.8,26.6,15.55,Normal
7,P,121.1,21.5,14.69,Normal
6,P,114.4,17.9,13.69,Kurus
8,P,122.7,26.4,17.53,Normal
7,P,114.4,23.0,17.55,Normal
8,P,126.5,21.6,13.49,Kurus
10,L,132.5,25.0,14.27,Normal
9,L,128.1,28.7,17.52,Normal
6,P,112.8,17.0,13.37,Kurus
10,L,130.8,33.1,19.36,Gemuk
7,L,119.4,18.0,12.63,Kurus
9,L,125.5,31.1,19.77,Gemuk
10,P,133.3,27.6,15.51,Normal
8,L,118.3,21.9,15.65,Normal
6,L,116.4,17.7,13.05,Kurus
9,L,123.0,26.7,17.66,Normal
9,L,131.5,27.6,15.94,Normal
12,L,146.6,37.9,17.61,Normal
12,P,147.9,39.7,18.13,Gemuk
11,L,140.0,33.2,16.96,Normal
9,L,130.8,24.8,14.49,Normal
7,P,117.7,22.0,15.9,Normal
10,P,134.1,35.8,19.9,Gemuk
6,L,114.5,22.0,16.77,Normal
9,L,129.0,22.8,13.7,Kurus
8,P,125.6,23.8,15.08,Normal
7,P,118.1,24.6,17.62,Normal
10,P,134.2,33.1,18.36,Gemuk
10,P,134.3,33.1,18.35,Gemuk
7,P,113.0,19.0,14.85,Normal
8,P,122.8,27.1,17.99,Normal
6,L,115.1,20.0,15.12,Normal
6,L,116.7,17.9,13.16,Kurus
12,L,146.9,40.1,18.58,Gemuk
7,L,117.3,21.1,15.31,Normal
9,L,126.5,23.9,14.94,Normal
8,P,124.7,28.2,18.15,Gemuk
7,L,119.9,20.7,14.42,Normal
11,L,145.2,35.9,17.03,Normal
6,P,118.0,18.7,13.4,Kurus
12,P,143.2,40.4,19.71,Gemuk
6,L,115.7,22.0,16.44,Normal
12,P,145.5,39.5,18.68,Gemuk
11,P,139.9,39.4,20.1,Gemuk
10,P,132.2,27.3,15.63,Normal
9,L,127.8,30.0,18.33,Gemuk
10,L,135.7,28.2,15.31,Normal
11,L,140.2,33.9,17.26,Normal
8,L,121.2,22.5,15.32,Normal
11,P,144.1,34.4,16.57,Normal
6,P,113.7,19.7,15.27,Normal
11,P,137.7,34.2,18.03,Gemuk
7,P,116.5,21.4,15.79,Normal
12,L,143.1,39.5,19.28,Gemuk
10,P,132.3,30.3,17.31,Normal
12,L,144.4,45.5,21.83,Gemuk
8,L,120.4,21.6,14.9,Normal
12,L,140.0,37.7,19.24,Gemuk
9,P,126.2,32.9,20.68,Gemuk
12,L,142.9,36.0,17.65,Normal
12,L,143.1,35.3,17.25,Normal
10,L,133.5,30.2,16.92,Normal
9,P,126.1,24.1,15.14,Normal
10,L,134.5,35.6,19.67,Gemuk
7,P,118.7,22.6,16.03,Normal
10,P,138.7,30.7,15.96,Normal
6,L,112.1,21.6,17.18,Normal
11,L,142.2,34.1,16.84,Normal
6,L,117.3,17.0,12.36,Kurus
12,L,144.3,39.0,18.73,Gemuk
6,L,112.1,18.9,15.0,Normal
11,P,139.4,37.9,19.49,Gemuk
6,L,116.1,22.0,16.33,Normal
11,P,143.9,38.9,18.79,Gemuk
10,P,133.4,33.4,18.74,Gemuk
11,L,137.3,37.1,19.71,Gemuk
6,L,112.8,21.3,16.7,Normal
9,P,123.4,27.2,17.85,Normal
8,P,122.9,23.8,15.79,Normal
8,P,123.2,22.4,14.77,Normal
12,L,150.3,37.8,16.75,Normal
7,L,116.3,24.1,17.85,Normal
11,P,137.6,42.3,22.33,Obesitas
8,P,126.9,25.1,15.61,Normal
9,P,130.0,30.4,17.97,Normal
10,P,138.5,33.1,17.27,Normal
9,L,129.8,29.0,17.21,Normal
11,P,142.6,36.6,18.0,Gemuk
10,P,137.3,30.9,16.41,Normal
10,P,136.8,30.0,16.03,Normal
12,L,148.5,37.9,17.21,Normal
9,P,125.1,32.0,20.48,Gemuk
9,P,133.0,30.2,17.05,Normal
9,L,128.4,30.3,18.38,Gemuk
9,L,130.7,25.6,14.99,Normal
6,L,116.4,22.0,16.23,Normal
10,L,134.9,29.5,16.19,Normal
8,L,124.1,22.0,14.32,Normal
10,L,133.9,26.5,14.79,Normal
8,L,124.7,23.6,15.16,Normal
7,P,113.0,25.0,19.58,Gemuk
8,P,122.5,26.2,17.44,Normal
12,P,145.3,37.8,17.92,Normal
11,L,138.3,34.6,18.07,Gemuk
9,L,126.6,34.0,21.22,Gemuk
7,P,120.5,20.5,14.13,Normal
7,L,117.2,19.2,13.96,Kurus
7,L,114.3,23.8,18.23,Gemuk
6,P,110.0,22.0,18.18,Gemuk
12,L,144.0,38.1,18.39,Gemuk
6,L,115.2,17.9,13.49,Kurus
11,L,140.1,37.1,18.92,Gemuk
10,P,134.6,32.5,17.93,Normal
9,L,131.6,25.3,14.61,Normal
7,L,121.2,19.5,13.26,Kurus
8,P,126.2,26.2,16.43,Normal
10,P,131.9,31.2,17.91,Normal
11,L,140.1,43.0,21.91,Gemuk
8,P,123.7,24.1,15.75,Normal
11,P,140.3,37.3,18.95,Gemuk
9,P,133.0,26.8,15.14,Normal
6,L,113.3,22.0,17.15,Normal
7,P,120.5,25.0,17.23,Normal
7,P,114.5,18.0,13.73,Kurus
10,P,139.1,25.0,12.93,Kurus
6,P,115.0,22.0,16.63,Normal
12,P,146.8,37.8,17.55,Normal
8,P,121.0,20.0,13.66,Kurus
7,P,118.3,20.3,14.5,Normal
7,L,120.1,18.0,12.47,Kurus
10,P,131.7,37.7,21.75,Gemuk
8,L,123.1,22.4,14.79,Normal
11,P,138.5,37.1,19.32,Gemuk
8,L,120.8,28.6,19.59,Gemuk
8,L,125.0,26.7,17.11,Normal
9,P,130.4,29.2,17.16,Normal
12,L,147.5,38.5,17.71,Normal
6,P,113.0,19.6,15.32,Normal
7,P,120.7,22.7,15.56,Normal
9,L,124.8,32.4,20.83,Gemuk
9,P,126.2,29.6,18.55,Gemuk
9,L,123.4,27.2,17.87,Normal
7,L,116.3,23.0,17.01,Normal
8,L,124.6,29.0,18.69,Gemuk
6,L,111.5,22.0,17.69,Normal
7,P,114.7,23.8,18.08,Gemuk
10,L,132.3,31.1,17.75,Normal
10,P,134.1,28.4,15.8,Normal
8,P,119.5,22.5,15.75,Normal
10,P,135.5,25.9,14.1,Normal
6,P,116.4,17.0,12.56,Kurus
10,L,138.0,32.2,16.89,Normal
6,L,113.7,18.7,14.5,Normal
12,L,151.6,32.5,14.13,Normal
7,P,122.7,18.0,11.95,Kurus
12,L,149.5,36.1,16.14,Normal
6,P,117.4,21.6,15.63,Normal
11,L,141.9,35.6,17.67,Normal
9,P,126.5,30.9,19.31,Gemuk
10,L,132.3,34.9,19.97,Gemuk
6,P,113.6,20.2,15.69,Normal
8,P,127.4,21.9,13.48,Kurus
7,P,120.6,20.2,13.88,Kurus
12,L,147.0,39.5,18.29,Gemuk
9,P,127.7,26.6,16.33,Normal
12,P,148.0,44.6,20.34,Gemuk
7,L,113.0,18.0,14.1,Normal
9,L,130.7,25.5,14.96,Normal
9,L,127.1,28.4,17.6,Normal
12,L,144.7,35.8,17.11,Normal
8,P,121.4,27.8,18.85,Gemuk
8,L,123.3,24.6,16.17,Normal
7,L,116.8,20.4,14.95,Normal
11,P,135.0,33.2,18.21,Gemuk
12,L,147.6,38.6,17.69,Normal
11,P,142.9,33.5,16.41,Normal
6,L,113.4,20.5,15.98,Normal
6,P,110.1,17.3,14.3,Normal
9,P,127.1,30.9,19.12,Gemuk
6,P,115.2,20.7,15.63,Normal
12,P,145.8,36.6,17.24,Normal
7,P,116.1,20.6,15.3,Normal
6,L,113.8,19.3,14.94,Normal
6,L,113.4,22.0,17.11,Normal
11,P,144.9,36.2,17.22,Normal
12,L,141.5,34.7,17.35,Normal
7,L,120.3,19.1,13.21,Kurus
7,P,119.2,19.4,13.69,Kurus
11,L,137.5,30.8,16.28,Normal
11,P,142.5,33.7,16.6,Normal
8,L,126.9,25.9,16.11,Normal
7,P,119.8,20.8,14.51,Normal
9,L,127.7,25.4,15.55,Normal
12,L,142.3,42.2,20.87,Gemuk
10,P,133.5,31.1,17.44,Normal
9,L,125.6,33.1,20.97,Gemuk
8,L,123.5,26.8,17.58,Normal
8,L,121.1,24.5,16.74,Normal
9,L,131.4,27.8,16.12,Normal
8,L,124.2,20.6,13.33,Kurus
9,L,128.6,25.7,15.55,Normal
7,P,116.4,22.4,16.49,Normal
12,P,142.6,34.2,16.81,Normal
7,P,115.4,18.7,14.03,Normal
12,L,142.8,36.2,17.75,Normal
7,P,122.0,25.0,16.8,Normal
9,P,127.7,32.6,20.0,Gemuk
12,P,147.7,38.3,17.57,Normal
6,L,118.0,19.8,14.24,Normal
11,P,141.7,32.9,16.36,Normal
8,L,127.9,27.3,16.67,Normal
6,L,111.8,18.7,14.96,Normal
11,L,138.5,37.7,19.64,Gemuk
10,P,134.9,31.0,17.07,Normal
9,L,126.9,30.4,18.87,Gemuk
10,P,137.2,27.1,14.4,Normal
9,L,130.7,26.9,15.72,Normal
9,P,130.8,26.3,15.38,Normal
11,P,143.9,31.5,15.18,Normal
10,L,133.6,32.9,18.42,Gemuk
12,P,146.8,39.0,18.09,Gemuk
12,L,140.0,38.0,19.39,Gemuk
11,P,140.7,34.9,17.61,Normal
12,L,146.2,37.4,17.52,Normal
10,L,134.2,26.0,14.42,Normal
9,P,127.7,29.4,18.0,Normal
9,P,123.0,28.1,18.57,Gemuk
12,P,151.0,43.6,19.12,Gemuk
9,L,127.4,25.2,15.55,Normal
11,P,140.4,30.0,15.21,Normal
9,P,126.5,22.9,14.32,Normal
6,P,111.6,18.5,14.83,Normal
8,L,123.2,29.0,19.12,Gemuk
12,L,147.0,39.6,18.35,Gemuk
6,L,112.2,20.6,16.36,Normal
9,L,125.1,29.9,19.11,Gemuk
8,L,123.7,28.3,18.5,Gemuk
10,P,134.2,33.1,18.41,Gemuk
10,P,135.9,29.8,16.15,Normal
7,L,118.1,21.0,15.05,Normal
10,L,136.2,34.5,18.57,Gemuk
7,P,116.4,22.4,16.53,Normal
9,P,127.9,23.8,14.53,Normal
6,P,113.6,22.0,17.04,Normal
8,P,122.1,28.4,19.07,Gemuk
11,L,142.7,37.3,18.31,Gemuk
7,P,119.1,22.1,15.56,Normal
10,L,132.0,35.7,20.5,Gemuk
6,L,110.4,22.0,18.05,Gemuk
8,L,121.0,26.5,18.12,Gemuk
7,P,115.3,20.0,15.02,Normal
8,P,124.9,21.6,13.84,Kurus
12,P,144.8,34.4,16.41,Normal
10,L,137.6,33.3,17.58,Normal
12,P,145.7,35.4,16.68,Normal
10,P,135.3,26.9,14.69,Normal
12,L,142.6,41.3,20.3,Gemuk
12,L,148.9,36.3,16.37,Normal
10,L,133.9,31.3,17.45,Normal
7,P,119.7,21.9,15.31,Normal
6,L,114.5,17.0,12.98,Kurus
7,L,119.0,18.7,13.23,Kurus
8,L,120.4,25.2,17.37,Normal
7,L,117.4,19.0,13.8,Kurus
9,P,127.5,26.7,16.4,Normal
12,P,142.9,38.2,18.7,Gemuk
8,L,122.3,24.6,16.44,Normal
7,L,119.5,21.1,14.79,Normal
9,L,126.9,28.8,17.9,Normal
11,L,139.0,36.2,18.75,Gemuk
11,L,140.3,35.0,17.78,Normal
9,L,125.5,22.9,14.52,Normal
11,P,147.0,33.9,15.69,Normal
8,P,121.1,29.0,19.79,Gemuk
10,P,133.4,30.1,16.91,Normal
8,L,128.0,20.0,12.21,Kurus
6,P,113.9,22.0,16.95,Normal
12,P,147.5,41.0,18.86,Gemuk
7,L,116.9,18.0,13.18,Kurus
11,L,140.8,36.2,18.26,Gemuk
12,L,143.8,37.2,18.0,Normal
11,L,146.1,36.1,16.92,Normal
6,L,116.1,22.0,16.31,Normal
11,P,140.6,35.3,17.85,Normal
12,P,149.3,35.1,15.75,Normal
9,L,129.9,25.7,15.24,Normal
9,P,127.3,24.6,15.15,Normal
6,L,118.0,20.6,14.81,Normal
8,L,125.9,25.8,16.27,Normal
11,P,138.2,29.2,15.29,Normal
6,L,114.1,19.8,15.19,Normal
9,P,133.0,34.0,19.22,Gemuk
6,P,117.4,19.8,14.38,Normal
9,P,128.7,31.8,19.16,Gemuk
12,L,144.6,41.5,19.84,Gemuk
7,L,121.6,18.0,12.17,Kurus
6,P,118.0,17.0,12.21,Kurus
6,L,113.5,17.0,13.19,Kurus
9,P,127.1,31.8,19.69,Gemuk
11,P,144.0,32.8,15.83,Normal
9,L,130.5,30.6,17.95,Normal
6,P,111.5,19.3,15.5,Normal
7,L,114.9,25.0,18.94,Gemuk
6,L,117.5,22.0,15.93,Normal
9,P,128.4,27.9,16.92,Normal
7,L,117.3,22.5,16.37,Normal
8,P,123.9,21.4,13.94,Kurus
9,L,130.0,29.1,17.19,Normal
11,P,142.2,29.9,14.78,Normal
12,L,145.2,42.4,20.09,Gemuk
10,L,132.8,27.4,15.53,Normal
9,P,129.7,33.6,19.96,Gemuk
8,P,127.1,24.1,14.92,Normal
11,P,144.3,40.1,19.27,Gemuk
8,P,126.0,25.3,15.96,Normal
6,L,112.2,21.0,16.69,Normal
8,P,124.8,25.9,16.6,Normal
8,L,123.8,21.7,14.17,Normal
11,P,140.2,35.2,17.93,Normal
7,L,114.0,24.2,18.6,Gemuk
9,L,125.9,25.7,16.23,Normal
7,P,117.7,21.4,15.46,Normal
12,L,145.6,38.4,18.11,Gemuk
7,P,117.9,25.0,17.99,Normal
8,L,123.3,27.4,18.02,Gemuk
10,L,133.4,30.9,17.32,Normal
6,P,114.4,22.0,16.8,Normal
10,L,135.5,29.6,16.1,Normal
7,L,118.5,18.8,13.41,Kurus
7,P,118.0,24.1,17.31,Normal
8,P,123.5,20.8,13.65,Kurus
8,L,123.3,24.3,15.99,Normal
7,P,117.4,18.6,13.49,Kurus
11,L,143.9,38.8,18.76,Gemuk
6,P,115.2,18.7,14.08,Normal
10,L,132.4,28.4,16.21,Normal
11,P,143.2,37.1,18.08,Gemuk
10,P,134.4,28.9,15.99,Normal
7,L,117.7,19.7,14.22,Normal
12,P,144.9,42.7,20.34,Gemuk
12,P,143.4,38.9,18.91,Gemuk
12,P,147.2,42.3,19.54,Gemuk
10,L,132.1,35.4,20.28,Gemuk
10,P,135.4,30.3,16.54,Normal
6,L,112.7,17.0,13.39,Kurus
8,L,127.0,26.4,16.39,Normal
10,L,132.4,37.4,21.33,Gemuk
7,P,116.5,22.5,16.6,Normal
6,L,115.6,22.0,16.47,Normal
8,L,123.6,28.1,18.4,Gemuk
12,P,147.5,39.7,18.27,Gemuk
12,L,149.1,42.1,18.96,Gemuk
11,P,142.5,39.3,19.33,Gemuk
10,P,134.6,34.5,19.04,Gemuk
10,L,134.3,32.9,18.21,Gemuk
9,L,124.5,33.4,21.58,Gemuk
8,P,118.8,22.3,15.76,Normal
10,L,131.1,35.9,20.9,Gemuk
8,P,125.3,21.3,13.57,Kurus
8,P,126.3,24.5,15.38,Normal
11,L,142.6,42.3,20.83,Gemuk
10,P,135.9,30.6,16.55,Normal
12,P,140.5,38.4,19.46,Gemuk
8,L,122.6,21.6,14.39,Normal
10,P,133.9,28.4,15.82,Normal
7,L,114.9,22.5,17.06,Normal
7,P,116.0,22.6,16.83,Normal
9,L,125.1,26.1,16.72,Normal
7,P,119.9,21.0,14.61,Normal
12,L,146.4,38.7,18.05,Gemuk
7,P,114.4,20.6,15.71,Normal
11,L,142.1,37.8,18.73,Gemuk
9,L,123.2,30.1,19.86,Gemuk
10,P,135.3,33.4,18.26,Gemuk
7,P,119.1,19.5,13.75,Kurus
11,P,143.5,34.8,16.89,Normal
12,L,144.0,44.2,21.28,Gemuk
7,P,120.2,19.9,13.79,Kurus
11,L,141.2,34.1,17.09,Normal
8,P,121.1,26.3,17.93,Normal
11,P,144.0,33.5,16.15,Normal
11,L,142.6,39.3,19.34,Gemuk
10,L,135.1,27.6,15.11,Normal
8,P,128.0,27.6,16.85,Normal
6,P,114.2,17.0,13.03,Kurus
10,P,134.2,29.0,16.11,Normal
10,P,135.9,34.3,18.55,Gemuk
9,L,124.3,25.2,16.31,Normal
8,L,118.4,25.5,18.21,Gemuk
7,P,122.6,20.3,13.49,Kurus
10,P,136.3,29.1,15.64,Normal
9,L,130.7,30.8,18.04,Gemuk
10,P,135.6,31.7,17.22,Normal
8,P,122.0,20.8,13.98,Kurus
6,L,116.4,17.8,13.16,Kurus
10,P,133.6,33.4,18.69,Gemuk
10,L,136.2,31.1,16.74,Normal
6,P,113.4,22.0,17.11,Normal
6,P,115.5,17.9,13.4,Kurus
11,L,145.1,39.2,18.59,Gemuk
6,L,113.9,19.3,14.92,Normal
10,L,134.3,32.7,18.14,Gemuk
10,P,133.8,34.0,18.98,Gemuk
11,P,141.4,35.1,17.58,Normal
6,P,117.1,21.6,15.76,Normal
6,P,115.2,17.0,12.8,Kurus
12,L,146.4,36.0,16.79,Normal
11,L,140.5,31.6,16.02,Normal
9,L,126.0,25.4,16.02,Normal
8,L,123.6,23.5,15.41,Normal
6,P,112.0,18.2,14.5,Normal
9,L,127.9,27.8,17.03,Normal
11,P,140.3,37.8,19.18,Gemuk
9,P,128.5,30.6,18.51,Gemuk
9,L,129.1,29.6,17.73,Normal
6,L,113.5,22.0,17.08,Normal
7,L,117.1,18.0,13.13,Kurus
10,L,134.6,25.0,13.8,Kurus
12,L,141.6,41.5,20.7,Gemuk
11,P,141.6,35.1,17.52,Normal
8,P,126.0,24.8,15.62,Normal
8,L,126.7,20.8,12.95,Kurus
9,P,130.0,32.5,19.25,Gemuk
10,P,137.8,33.7,17.75,Normal
11,P,139.1,37.0,19.12,Gemuk
8,P,126.0,21.8,13.73,Kurus
11,P,140.0,33.9,17.27,Normal
7,P,116.9,21.7,15.85,Normal
6,L,116.4,20.0,14.79,Normal
6,P,117.4,17.5,12.66,Kurus
8,P,118.0,27.7,19.88,Gemuk
8,L,121.3,22.3,15.17,Normal
8,L,123.4,25.4,16.66,Normal
9,L,128.7,25.5,15.4,Normal
12,P,149.1,34.0,15.29,Normal
10,L,136.4,31.6,17.0,Normal
10,L,131.7,25.6,14.74,Normal
9,L,125.6,25.6,16.24,Normal
8,L,121.5,25.2,17.05,Normal
7,P,118.7,20.4,14.47,Normal
12,L,148.3,36.2,16.45,Normal
9,P,127.7,34.0,20.86,Gemuk
7,L,119.5,18.0,12.59,Kurus
8,L,125.0,29.0,18.55,Gemuk
6,P,114.6,17.9,13.64,Kurus
11,P,138.4,38.9,20.32,Gemuk
12,P,148.4,39.8,18.08,Gemuk
10,P,137.6,30.0,15.85,Normal
7,P,113.7,21.6,16.76,Normal
9,P,128.4,27.4,16.62,Normal
11,P,139.8,33.5,17.15,Normal
8,P,121.9,20.0,13.46,Kurus
6,P,114.5,18.5,14.1,Normal
12,P,144.7,38.1,18.19,Gemuk
7,P,118.0,25.0,17.97,Normal
7,L,119.7,25.0,17.45,Normal
12,L,146.1,36.1,16.9,Normal
7,P,115.2,21.3,16.02,Normal
7,L,118.1,24.3,17.44,Normal
10,L,137.3,30.2,15.99,Normal
10,P,137.3,30.7,16.27,Normal
10,L,133.9,26.0,14.5,Normal
9,P,129.5,26.9,16.05,Normal
6,L,111.9,18.6,14.82,Normal
12,L,144.6,40.7,19.49,Gemuk
11,P,145.1,37.3,17.73,Normal
12,P,149.5,39.5,17.7,Normal
12,L,144.8,46.4,22.14,Obesitas
9,L,131.7,31.3,18.05,Gemuk
11,P,138.8,38.7,20.06,Gemuk
8,P,121.1,22.9,15.61,Normal
6,P,114.7,20.5,15.6,Normal
11,P,141.5,37.4,18.68,Gemuk
10,P,133.6,35.0,19.59,Gemuk
12,L,147.5,33.2,15.28,Normal
6,P,116.0,20.7,15.37,Normal
11,L,142.1,37.2,18.42,Gemuk
12,L,144.0,30.0,14.47,Normal
11,L,141.1,37.6,18.89,Gemuk
11,L,141.9,35.3,17.52,Normal
7,P,117.5,19.1,13.82,Kurus
10,P,131.7,28.8,16.59,Normal
6,P,116.3,22.0,16.26,Normal
8,P,119.1,23.0,16.18,Normal
11,P,141.4,38.9,19.48,Gemuk
10,P,132.5,32.7,18.6,Gemuk
8,P,121.8,23.1,15.61,Normal
12,L,146.1,38.5,18.04,Gemuk
10,L,131.7,33.5,19.33,Gemuk
11,L,141.3,37.5,18.78,Gemuk
6,P,110.0,18.7,15.46,Normal
9,L,125.8,25.5,16.09,Normal
7,P,119.3,23.0,16.19,Normal
9,P,125.0,28.2,18.06,Gemuk
6,L,114.5,22.0,16.78,Normal
9,P,125.0,24.8,15.89,Normal
6,L,114.1,17.0,13.05,Kurus
12,L,144.8,39.4,18.79,Gemuk
12,L,144.3,33.0,15.83,Normal
10,P,134.5,33.6,18.54,Gemuk
10,P,130.4,30.8,18.1,Gemuk
8,L,125.8,20.0,12.64,Kurus
11,L,143.2,35.6,17.37,Normal
6,L,113.5,21.1,16.37,Normal
9,P,127.4,27.8,17.1,Normal
8,P,121.4,24.6,16.71,Normal
7,P,117.4,18.0,13.06,Kurus
8,P,119.2,27.4,19.27,Gemuk
11,L,143.4,37.2,18.07,Gemuk
12,P,144.7,40.3,19.27,Gemuk
10,P,134.1,30.9,17.21,Normal
9,P,126.3,29.2,18.32,Gemuk
6,P,110.1,22.0,18.15,Gemuk
11,P,141.8,35.1,17.49,Normal
9,P,127.0,30.4,18.87,Gemuk
12,P,141.0,34.8,17.54,Normal
8,L,122.4,24.3,16.23,Normal
6,P,112.2,17.0,13.51,Kurus
9,L,125.2,30.0,19.17,Gemuk
12,L,143.1,40.5,19.75,Gemuk
10,P,134.3,31.7,17.58,Normal
11,P,142.1,31.6,15.65,Normal
12,L,146.7,38.6,17.92,Normal
6,L,111.5,17.7,14.26,Normal
12,L,149.1,41.1,18.5,Gemuk
8,P,121.3,26.0,17.67,Normal
7,L,119.8,19.7,13.76,Kurus
7,L,118.6,22.0,15.64,Normal
9,P,126.5,24.7,15.46,Normal
9,L,127.7,29.9,18.37,Gemuk
12,P,149.1,42.0,18.87,Gemuk
11,L,139.2,39.3,20.29,Gemuk
8,L,121.4,27.5,18.63,Gemuk
8,L,121.0,29.0,19.82,Gemuk
6,P,117.7,18.3,13.21,Kurus
11,L,141.5,37.4,18.71,Gemuk
8,P,124.2,29.0,18.81,Gemuk
9,L,128.1,29.2,17.8,Normal
11,P,138.5,34.5,17.97,Normal
6,P,115.1,20.5,15.48,Normal
8,L,128.0,23.5,14.33,Normal
11,L,143.5,36.7,17.82,Normal
8,L,127.6,25.0,15.37,Normal
6,P,115.2,20.4,15.4,Normal
9,P,124.0,26.1,16.98,Normal
12,L,146.3,35.9,16.76,Normal
12,P,145.8,35.7,16.79,Normal
6,P,112.7,21.4,16.82,Normal
10,P,131.5,36.0,20.84,Gemuk
10,L,134.1,27.6,15.36,Normal
7,P,118.9,25.0,17.69,Normal
7,P,118.1,23.3,16.69,Normal
9,P,127.8,27.5,16.82,Normal
11,L,141.5,35.7,17.85,Normal
6,P,113.7,17.0,13.15,Kurus
12,L,141.7,37.5,18.68,Gemuk
7,L,118.0,21.6,15.48,Normal
9,L,132.9,29.5,16.66,Normal
6,P,113.6,17.0,13.17,Kurus
6,P,114.2,20.6,15.8,Normal
7,L,114.6,23.3,17.77,Normal
12,L,150.9,33.6,14.76,Normal
12,P,140.0,40.6,20.7,Gemuk
7,P,114.7,21.3,16.23,Normal
9,P,129.5,31.2,18.57,Gemuk
12,L,145.6,42.7,20.12,Gemuk
11,P,147.0,43.0,19.9,Gemuk
10,L,132.7,33.2,18.85,Gemuk
12,L,148.1,36.3,16.54,Normal
10,L,138.6,28.4,14.77,Normal
7,L,115.9,22.1,16.47,Normal
6,L,114.5,17.0,12.97,Kurus
6,P,115.3,18.7,14.09,Normal
10,P,139.2,27.3,14.09,Normal
9,L,123.2,29.7,19.55,Gemuk
6,P,114.0,22.0,16.94,Normal
10,P,131.4,28.1,16.25,Normal
8,L,121.7,28.7,19.4,Gemuk
11,P,143.8,40.6,19.66,Gemuk
10,L,136.7,33.4,17.87,Normal
10,P,136.0,35.6,19.22,Gemuk
11,P,140.4,36.5,18.54,Gemuk
8,P,121.4,26.2,17.78,Normal
12,P,147.3,43.0,19.8,Gemuk
7,L,119.5,21.4,14.96,Normal
8,P,121.8,29.0,19.54,Gemuk
12,L,144.6,32.8,15.69,Normal
10,P,135.6,36.2,19.72,Gemuk
7,P,119.5,23.1,16.19,Normal
10,L,133.4,30.8,17.31,Normal
12,L,140.9,38.1,19.19,Gemuk
8,P,125.4,23.5,14.93,Normal
12,P,141.8,41.1,20.46,Gemuk
12,P,145.9,41.1,19.3,Gemuk
10,L,134.5,30.0,16.6,Normal
11,P,142.6,33.6,16.52,Normal
12,L,140.4,42.9,21.75,Gemuk
10,P,132.7,29.6,16.84,Normal
6,L,112.4,22.0,17.42,Normal
6,P,115.8,22.0,16.41,Normal
6,P,113.3,17.6,13.74,Kurus
12,L,146.5,38.2,17.8,Normal
12,L,149.9,33.7,15.01,Normal
8,P,125.3,21.9,13.94,Kurus
12,P,147.7,39.2,17.99,Normal
12,L,148.5,43.4,19.67,Gemuk
8,L,121.9,25.1,16.9,Normal
6,P,115.1,18.9,14.29,Normal
11,P,140.1,30.7,15.65,Normal
10,L,134.2,31.2,17.33,Normal
12,L,144.5,39.1,18.72,Gemuk
9,P,123.6,33.0,21.59,Gemuk
12,L,142.0,38.2,18.92,Gemuk
6,P,115.6,19.2,14.38,Normal
8,L,126.2,23.8,14.95,Normal
9,P,128.3,28.7,17.45,Normal
6,P,115.1,18.5,13.96,Kurus
10,L,131.2,29.9,17.36,Normal
9,P,129.9,26.3,15.6,Normal
9,L,125.6,29.4,18.61,Gemuk
7,L,118.5,19.0,13.53,Kurus
12,L,144.4,35.1,16.82,Normal
10,P,131.3,31.9,18.51,Gemuk
6,L,112.8,22.0,17.29,Normal
10,L,135.9,34.3,18.54,Gemuk
10,P,131.9,31.5,18.1,Gemuk
11,L,141.9,36.5,18.15,Gemuk
6,P,113.0,18.9,14.76,Normal
7,P,121.9,23.6,15.9,Normal
9,L,127.6,28.6,17.55,Normal
11,L,139.3,37.4,19.27,Gemuk
8,L,119.3,27.1,19.05,Gemuk
12,P,149.9,36.4,16.2,Normal
12,L,142.4,37.0,18.27,Gemuk
6,P,112.5,17.0,13.43,Kurus
11,P,140.1,33.8,17.21,Normal
11,P,137.5,36.3,19.21,Gemuk
8,L,120.7,20.0,13.74,Kurus
6,P,118.0,22.0,15.8,Normal
12,P,143.5,40.0,19.43,Gemuk
9,P,133.0,32.3,18.23,Gemuk
6,P,113.2,18.6,14.47,Normal
11,L,137.3,30.7,16.31,Normal
8,P,122.8,27.4,18.18,Gemuk
7,P,116.3,23.3,17.18,Normal
9,L,130.7,25.8,15.11,Normal
9,P,126.3,29.7,18.62,Gemuk
10,P,131.0,34.0,19.77,Gemuk
7,P,113.4,25.0,19.43,Gemuk
6,P,113.7,21.0,16.28,Normal
7,L,119.2,25.0,17.6,Normal
8,P,121.1,21.8,14.83,Normal
8,L,124.9,24.9,15.98,Normal
7,L,117.2,20.5,14.93,Normal
12,L,145.2,41.3,19.57,Gemuk
12,L,147.0,38.2,17.69,Normal
10,L,140.0,35.7,18.19,Gemuk
10,L,131.5,33.9,19.58,Gemuk
6,P,110.0,17.0,14.05,Normal
9,P,124.6,27.8,17.91,Normal
12,P,147.3,40.4,18.64,Gemuk
6,P,114.2,22.0,16.86,Normal
10,L,132.9,35.7,20.19,Gemuk
11,P,141.2,40.8,20.45,Gemuk
9,L,126.2,31.4,19.71,Gemuk
10,L,136.6,35.8,19.21,Gemuk
8,L,121.5,25.7,17.37,Normal
10,L,132.1,26.0,14.91,Normal
12,P,144.5,41.2,19.7,Gemuk
8,L,119.5,25.5,17.84,Normal
10,L,135.5,33.5,18.24,Gemuk
6,P,110.0,22.0,18.18,Gemuk
9,P,128.0,31.0,18.9,Gemuk
9,L,132.1,28.6,16.41,Normal
9,L,130.0,28.3,16.74,Normal
11,P,140.1,38.2,19.47,Gemuk
9,L,128.0,24.7,15.04,Normal
12,L,145.3,39.8,18.87,Gemuk
10,L,134.8,31.3,17.19,Normal
8,P,122.8,27.4,18.2,Gemuk
11,P,140.1,36.5,18.6,Gemuk
7,L,115.0,18.0,13.61,Kurus
11,L,141.6,38.0,18.95,Gemuk
7,P,118.7,24.3,17.26,Normal
8,L,121.0,23.2,15.86,Normal
12,L,144.3,41.1,19.73,Gemuk
6,L,112.1,17.0,13.52,Kurus
11,P,143.3,36.1,17.57,Normal
10,L,133.5,30.9,17.34,Normal
9,L,130.0,24.0,14.22,Normal
9,P,125.9,25.1,15.85,Normal
12,L,145.2,39.9,18.94,Gemuk
10,P,134.8,32.9,18.1,Gemuk
9,P,128.1,33.7,20.52,Gemuk
6,L,111.7,17.0,13.62,Kurus
7,L,122.2,20.4,13.67,Kurus
7,P,116.4,23.3,17.21,Normal
9,L,125.4,25.7,16.34,Normal
6,P,110.0,18.9,15.59,Normal
10,P,134.7,29.4,16.18,Normal
12,L,147.6,39.6,18.17,Gemuk
8,P,124.1,24.7,16.05,Normal
7,L,120.5,24.0,16.52,Normal
6,L,114.5,20.6,15.7,Normal
12,L,146.3,44.1,20.62,Gemuk
6,L,114.9,21.2,16.06,Normal
10,P,130.8,38.0,22.22,Obesitas
8,P,123.4,27.6,18.09,Gemuk
10,L,131.0,29.9,17.42,Normal
6,L,115.0,22.0,16.65,Normal
12,L,146.9,33.4,15.48,Normal
6,L,110.8,17.6,14.3,Normal
6,L,112.3,18.5,14.65,Normal
8,L,121.7,24.1,16.25,Normal
11,P,142.6,40.7,20.02,Gemuk
9,L,129.7,25.0,14.85,Normal
12,L,145.7,41.7,19.65,Gemuk
8,L,123.5,27.5,18.06,Gemuk
12,L,145.2,37.0,17.53,Normal
10,P,133.1,31.9,17.97,Normal
12,L,144.6,41.2,19.71,Gemuk
7,P,119.1,25.0,17.62,Normal
9,L,128.6,32.5,19.63,Gemuk
11,P,141.2,38.4,19.25,Gemuk
11,P,140.9,29.0,14.62,Normal
9,P,131.5,29.3,16.96,Normal
9,P,130.4,26.2,15.41,Normal
10,P,136.8,36.1,19.28,Gemuk
11,P,142.0,36.1,17.91,Normal
9,P,126.3,25.7,16.13,Normal
12,P,146.4,35.9,16.78,Normal
6,P,110.5,21.6,17.65,Normal
6,P,114.0,21.7,16.71,Normal
7,L,118.5,20.6,14.7,Normal
10,P,130.4,28.5,16.77,Normal
9,L,128.4,26.2,15.86,Normal
12,L,149.7,39.3,17.52,Normal
7,P,120.3,18.0,12.45,Kurus
9,P,132.3,25.1,14.36,Normal
11,P,143.7,36.0,17.42,Normal
12,L,141.6,38.0,18.97,Gemuk
12,L,147.7,43.4,19.89,Gemuk
11,P,139.7,36.3,18.6,Gemuk
8,P,122.9,20.8,13.79,Kurus
12,P,147.0,37.0,17.12,Normal
9,P,131.0,26.4,15.37,Normal
6,P,113.3,21.0,16.36,Normal
9,P,126.3,24.0,15.04,Normal
8,L,120.9,24.1,16.53,Normal
12,L,143.1,41.0,20.02,Gemuk
7,L,118.4,22.0,15.69,Normal
8,P,120.6,29.0,19.94,Gemuk
7,L,113.8,22.2,17.15,Normal
11,L,140.7,33.1,16.73,Normal
8,L,118.5,27.1,19.27,Gemuk
8,P,121.9,24.7,16.6,Normal
6,L,114.5,20.0,15.29,Normal
8,P,120.6,23.6,16.23,Normal
11,L,140.3,31.3,15.92,Normal
8,L,128.0,24.8,15.15,Normal
10,L,134.6,33.5,18.5,Gemuk
8,L,126.4,21.3,13.34,Kurus
6,P,114.9,20.4,15.46,Normal
8,L,123.5,23.9,15.7,Normal
7,P,118.0,22.0,15.76,Normal
10,L,130.9,33.1,19.32,Gemuk
6,P,114.3,19.4,14.84,Normal
10,P,134.8,32.2,17.73,Normal
9,P,128.0,25.9,15.79,Normal
12,L,146.6,39.7,18.47,Gemuk
10,L,135.0,30.7,16.84,Normal
8,L,127.0,20.5,12.7,Kurus
10,P,132.5,27.8,15.85,Normal
6,L,118.0,17.0,12.21,Kurus
11,P,141.7,34.9,17.38,Normal
7,L,114.3,23.1,17.71,Normal
6,L,117.9,22.0,15.82,Normal
6,L,110.0,22.0,18.18,Gemuk
10,L,134.5,25.2,13.91,Kurus
9,P,126.2,26.9,16.89,Normal
8,P,124.2,26.6,17.23,Normal
9,P,124.9,22.0,14.11,Normal
12,P,141.6,36.6,18.27,Gemuk
6,L,110.2,20.2,16.62,Normal
6,L,114.9,18.3,13.88,Kurus
11,L,141.1,39.4,19.8,Gemuk
6,P,114.1,17.0,13.05,Kurus
8,P,127.8,20.0,12.27,Kurus
10,P,134.1,30.9,17.19,Normal
12,P,151.7,38.5,16.72,Normal
9,L,125.1,25.9,16.54,Normal
8,L,121.2,24.9,16.96,Normal
12,P,147.7,43.0,19.7,Gemuk
8,L,124.2,24.0,15.56,Normal
7,P,120.2,20.5,14.2,Normal
7,P,118.3,19.2,13.7,Kurus
9,L,128.4,23.9,14.52,Normal
11,P,143.2,39.1,19.06,Gemuk
11,L,142.7,32.7,16.05,Normal
11,P,140.9,37.9,19.07,Gemuk
12,L,146.3,40.6,18.94,Gemuk
12,L,144.1,38.1,18.36,Gemuk
8,L,120.9,29.0,19.84,Gemuk
10,P,136.2,36.3,19.58,Gemuk
7,P,118.4,20.3,14.5,Normal
9,P,128.9,27.4,16.5,Normal
9,P,127.2,26.5,16.4,Normal
9,L,127.1,26.8,16.61,Normal
11,P,136.9,37.8,20.16,Gemuk
11,P,141.8,37.8,18.79,Gemuk
7,L,115.2,25.0,18.85,Gemuk
11,L,146.0,37.5,17.59,Normal
7,L,120.4,19.4,13.39,Kurus
10,P,135.2,32.3,17.67,Normal
10,L,132.3,33.1,18.9,Gemuk
8,L,125.7,29.0,18.36,Gemuk
9,P,130.2,28.8,16.99,Normal
9,P,130.8,24.2,14.16,Normal
11,P,138.9,36.9,19.11,Gemuk
6,L,115.8,17.0,12.68,Kurus
11,L,140.7,38.5,19.48,Gemuk
6,P,113.0,22.0,17.23,Normal
10,P,134.4,27.8,15.36,Normal
11,L,141.2,38.7,19.39,Gemuk
8,P,125.5,29.0,18.41,Gemuk
9,P,127.4,32.9,20.28,Gemuk
7,P,114.2,20.2,15.47,Normal
8,P,121.3,28.5,19.35,Gemuk
8,L,122.1,23.3,15.62,Normal
12,P,146.7,36.7,17.05,Normal
7,P,116.6,22.9,16.84,Normal
11,L,143.3,41.4,20.17,Gemuk
12,P,148.8,37.9,17.13,Normal
6,L,111.7,18.7,14.98,Normal
9,L,129.9,25.5,15.14,Normal
10,L,133.5,30.2,16.98,Normal
12,L,146.7,40.6,18.86,Gemuk
9,L,129.9,29.3,17.38,Normal
7,L,115.9,25.0,18.61,Gemuk
12,P,147.7,41.5,19.02,Gemuk
9,P,130.3,30.0,17.66,Normal
9,P,130.4,22.0,12.94,Kurus
7,L,120.3,25.0,17.28,Normal
9,L,125.3,33.8,21.49,Gemuk
7,L,118.4,21.7,15.48,Normal
12,L,150.0,34.3,15.26,Normal
6,P,115.0,19.5,14.78,Normal
9,L,126.1,25.9,16.28,Normal
6,L,114.6,21.1,16.09,Normal
9,L,126.2,30.7,19.27,Gemuk
9,L,132.4,27.1,15.46,Normal
9,L,124.8,22.0,14.14,Normal
10,P,132.1,32.3,18.51,Gemuk
9,P,125.6,29.1,18.46,Gemuk
6,L,112.1,17.0,13.53,Kurus
9,P,130.6,25.6,14.99,Normal
10,P,134.6,28.6,15.81,Normal
7,P,117.5,18.0,13.05,Kurus
7,L,113.0,20.6,16.17,Normal
11,L,138.0,38.0,19.94,Gemuk
7,P,120.7,18.4,12.61,Kurus
8,L,123.4,24.2,15.88,Normal
6,P,114.2,22.0,16.87,Normal
8,P,122.3,22.3,14.93,Normal
7,P,115.0,21.6,16.36,Normal
10,L,130.9,30.7,17.91,Normal
6,P,110.0,22.0,18.18,Gemuk
10,P,132.3,32.7,18.66,Gemuk
6,P,114.5,18.5,14.13,Normal
11,P,143.2,33.2,16.19,Normal
7,L,113.0,18.0,14.1,Normal
9,P,128.3,25.2,15.33,Normal
12,P,144.1,41.6,20.03,Gemuk
12,L,144.1,36.7,17.67,Normal
11,P,146.0,34.9,16.39,Normal
11,P,140.5,38.2,19.36,Gemuk
11,L,137.6,33.6,17.76,Normal
11,L,135.1,40.7,22.29,Obesitas
9,L,126.8,23.2,14.45,Normal
11,P,140.1,36.9,18.79,Gemuk
6,L,112.5,22.0,17.37,Normal
7,P,117.8,19.8,14.25,Normal
10,L,133.8,33.9,18.95,Gemuk
8,P,122.0,20.0,13.43,Kurus
8,P,122.1,26.1,17.49,Normal
8,P,123.3,24.0,15.81,Normal
12,P,148.0,37.1,16.92,Normal
8,P,128.0,21.0,12.81,Kurus
11,L,140.7,36.5,18.46,Gemuk
6,P,113.4,22.0,17.09,Normal
7,L,116.7,19.9,14.58,Normal
12,L,146.6,41.9,19.47,Gemuk
11,L,143.3,39.5,19.22,Gemuk
6,P,110.0,20.1,16.64,Normal
8,L,118.8,24.7,17.53,Normal
10,L,132.8,32.0,18.14,Gemuk
7,L,117.8,20.0,14.42,Normal
6,L,115.2,18.3,13.76,Kurus
6,L,111.1,17.0,13.76,Kurus
9,L,124.2,25.6,16.55,Normal
10,L,138.2,30.2,15.79,Normal
6,P,115.3,17.0,12.78,Kurus
10,P,137.6,28.1,14.85,Normal
11,P,139.4,35.0,18.01,Gemuk
7,L,119.4,18.0,12.62,Kurus
10,P,137.0,27.4,14.61,Normal
6,P,115.6,20.2,15.12,Normal
7,L,121.9,22.9,15.43,Normal
11,L,138.5,32.4,16.89,Normal
12,L,144.0,37.9,18.26,Gemuk
10,L,134.8,29.1,15.99,Normal
12,P,143.7,36.8,17.83,Normal
8,P,123.9,28.1,18.28,Gemuk
9,P,131.1,28.9,16.81,Normal
7,P,116.1,20.8,15.47,Normal
11,P,141.0,33.8,16.97,Normal
7,L,117.7,19.4,14.03,Normal
8,P,125.8,22.3,14.12,Normal
6,P,110.4,22.0,18.04,Gemuk
12,P,150.5,39.0,17.23,Normal
12,P,146.7,40.8,18.95,Gemuk
12,P,144.7,40.9,19.54,Gemuk
11,L,137.7,34.9,18.38,Gemuk
7,P,117.0,21.5,15.69,Normal
9,L,126.2,32.2,20.22,Gemuk
11,P,141.5,34.7,17.32,Normal
11,L,139.6,30.6,15.68,Normal
11,L,145.5,36.7,17.34,Normal
7,P,119.2,24.1,16.94,Normal
8,P,123.7,23.3,15.23,Normal
11,L,144.0,40.9,19.72,Gemuk
11,P,139.1,32.7,16.89,Normal
9,L,129.1,26.4,15.84,Normal
12,P,141.6,41.2,20.57,Gemuk
11,L,139.6,29.9,15.32,Normal
8,P,121.5,24.1,16.33,Normal
9,P,131.5,25.3,14.61,Normal
8,P,121.7,25.1,16.93,Normal
9,L,129.6,32.8,19.53,Gemuk
8,P,122.8,20.1,13.33,Kurus
6,P,110.0,19.8,16.33,Normal
9,L,128.0,26.9,16.42,Normal
10,L,130.1,30.8,18.19,Gemuk
6,P,113.6,19.3,14.95,Normal
8,L,124.9,24.5,15.72,Normal
8,L,122.1,26.9,18.01,Gemuk
12,P,143.4,39.2,19.05,Gemuk
7,P,123.0,21.1,13.95,Kurus
10,L,129.3,32.5,19.45,Gemuk
12,P,146.1,39.0,18.25,Gemuk
11,P,139.6,40.2,20.64,Gemuk
8,L,125.1,26.9,17.15,Normal
6,L,113.4,22.0,17.1,Normal
10,L,133.8,32.7,18.26,Gemuk
6,L,112.8,19.4,15.21,Normal
8,P,128.0,26.1,15.97,Normal
11,L,145.5,38.2,18.03,Gemuk
6,P,111.7,17.3,13.86,Kurus
9,L,127.3,30.4,18.78,Gemuk
6,P,112.1,19.7,15.64,Normal
8,L,123.2,26.9,17.71,Normal
10,L,132.4,33.3,19.0,Gemuk
6,L,111.5,22.0,17.68,Normal
9,L,127.6,28.6,17.55,Normal
8,L,120.6,24.1,16.57,Normal
8,L,118.0,21.6,15.54,Normal
11,P,144.7,32.3,15.41,Normal
11,P,142.0,32.8,16.27,Normal
8,P,123.6,26.8,17.56,Normal
11,L,135.1,39.5,21.66,Gemuk
10,P,133.8,31.2,17.4,Normal
10,P,137.0,29.1,15.52,Normal
11,L,140.8,36.1,18.2,Gemuk
12,P,143.7,37.2,18.03,Gemuk
11,P,138.2,36.4,19.04,Gemuk
6,P,115.7,22.0,16.43,Normal
11,L,143.9,33.8,16.32,Normal
6,P,112.0,17.0,13.54,Kurus
10,L,135.1,34.5,18.88,Gemuk
8,L,120.2,20.2,13.95,Kurus
12,L,140.2,43.3,22.05,Obesitas
11,L,138.5,43.0,22.41,Obesitas
10,L,135.0,36.9,20.26,Gemuk
12,P,146.5,38.6,18.0,Normal
9,P,124.8,30.5,19.58,Gemuk
9,P,130.7,24.9,14.57,Normal
7,P,114.4,20.7,15.85,Normal
7,P,114.5,19.8,15.09,Normal
6,L,111.6,21.7,17.44,Normal
11,L,142.1,35.5,17.6,Normal
10,P,135.5,33.6,18.29,Gemuk
11,L,140.3,33.4,16.98,Normal
11,L,137.8,35.4,18.67,Gemuk
9,L,127.7,29.6,18.18,Gemuk
8,L,123.3,20.1,13.23,Kurus
8,L,120.5,26.7,18.4,Gemuk
8,P,125.3,25.0,15.94,Normal
6,P,116.2,22.0,16.3,Normal
11,L,138.0,33.5,17.57,Normal
9,P,125.3,27.8,17.72,Normal
11,L,140.9,31.0,15.65,Normal
7,L,117.6,22.9,16.52,Normal
12,L,146.4,42.6,19.87,Gemuk
8,L,121.8,27.0,18.21,Gemuk
11,L,145.0,29.5,14.01,Normal
9,P,128.5,27.5,16.68,Normal
10,L,133.5,29.2,16.37,Normal
6,L,114.7,17.0,12.92,Kurus
12,L,144.1,37.8,18.24,Gemuk
10,P,133.3,29.1,16.36,Normal
10,L,136.7,34.9,18.65,Gemuk
7,L,117.3,25.0,18.18,Gemuk
10,P,137.4,36.0,19.06,Gemuk
7,L,116.4,18.7,13.77,Kurus
10,P,136.1,32.9,17.78,Normal
7,L,120.0,22.1,15.33,Normal
11,P,142.5,34.4,16.97,Normal
9,L,128.2,27.6,16.78,Normal
12,L,142.8,43.0,21.07,Gemuk
12,L,147.1,38.4,17.74,Normal
9,P,130.3,26.6,15.65,Normal
6,P,116.2,22.0,16.3,Normal
7,P,117.2,18.0,13.1,Kurus
11,L,142.5,35.4,17.42,Normal
10,P,130.7,27.0,15.83,Normal
8,P,121.9,23.8,16.02,Normal
10,P,134.9,26.6,14.62,Normal
9,P,132.6,28.2,16.04,Normal
8,L,122.6,20.0,13.31,Kurus
9,P,127.0,29.1,18.02,Gemuk
12,L,152.0,35.8,15.5,Normal
6,P,113.8,22.0,17.0,Normal
9,P,124.0,31.2,20.32,Gemuk
7,P,117.8,18.0,12.96,Kurus
10,L,131.2,30.6,17.77,Normal
10,L,134.0,33.0,18.36,Gemuk
10,P,133.6,33.4,18.68,Gemuk
10,P,133.3,25.8,14.5,Normal
6,L,112.6,20.5,16.17,Normal
7,L,117.0,21.6,15.75,Normal
6,L,112.4,19.0,15.01,Normal
6,L,114.5,22.0,16.79,Normal
12,P,148.4,36.5,16.57,Normal
7,P,120.0,20.6,14.3,Normal
10,L,134.8,33.6,18.49,Gemuk
8,P,119.6,23.3,16.26,Normal
11,L,138.7,31.5,16.37,Normal
12,L,144.6,38.8,18.56,Gemuk
6,P,116.7,18.9,13.87,Kurus
9,L,128.2,33.1,20.15,Gemuk
6,P,113.3,17.6,13.71,Kurus
11,L,141.9,36.5,18.15,Gemuk
8,L,123.1,25.7,17.0,Normal
8,L,126.3,21.8,13.64,Kurus
7,L,113.2,19.1,14.88,Normal
7,P,120.0,22.9,15.88,Normal
9,L,130.6,30.0,17.62,Normal
9,L,128.6,26.2,15.82,Normal
10,L,131.2,34.2,19.86,Gemuk
8,L,118.0,21.4,15.37,Normal
8,P,123.9,27.1,17.66,Normal
8,P,124.2,24.3,15.76,Normal
9,L,125.0,33.5,21.42,Gemuk
7,L,119.6,22.6,15.8,Normal
11,P,139.2,41.0,21.17,Gemuk
12,L,145.1,35.2,16.73,Normal
11,P,136.7,33.5,17.9,Normal
6,P,112.3,20.7,16.38,Normal
9,L,126.3,29.5,18.47,Gemuk
9,L,127.5,32.6,20.03,Gemuk
7,L,123.0,21.5,14.23,Normal
9,P,133.0,28.0,15.82,Normal
11,P,138.8,35.8,18.59,Gemuk
12,L,148.4,43.4,19.71,Gemuk
6,L,112.4,18.1,14.3,Normal
8,L,127.9,29.0,17.73,Normal
10,P,134.7,32.6,17.95,Normal
10,P,131.9,27.3,15.66,Normal
7,L,118.3,18.1,12.95,Kurus
12,P,146.9,39.7,18.4,Gemuk
9,L,130.5,28.3,16.6,Normal
8,L,122.8,22.8,15.13,Normal
10,L,135.2,30.5,16.7,Normal
12,L,142.9,37.5,18.34,Gemuk
6,L,110.0,21.7,17.96,Normal
10,L,129.6,29.2,17.39,Normal
9,L,129.2,30.7,18.41,Gemuk
8,L,120.2,22.9,15.84,Normal
10,L,132.5,33.0,18.78,Gemuk
12,P,148.5,39.6,17.98,Normal
6,P,115.5,17.0,12.75,Kurus
8,L,120.3,26.7,18.44,Gemuk
8,P,125.5,26.3,16.68,Normal
8,P,122.0,26.9,18.1,Gemuk
11,P,143.0,36.2,17.72,Normal
8,L,127.5,22.6,13.89,Kurus
7,L,119.7,18.5,12.88,Kurus
10,L,136.8,31.0,16.55,Normal
10,P,136.8,28.9,15.46,Normal
7,L,119.4,23.7,16.65,Normal
7,P,117.5,25.0,18.1,Gemuk
12,P,148.3,42.1,19.13,Gemuk
9,L,129.4,29.1,17.4,Normal
10,P,138.7,28.1,14.6,Normal
12,P,146.0,35.4,16.63,Normal
11,L,141.8,35.4,17.59,Normal
10,L,135.3,30.2,16.48,Normal
6,P,114.6,19.4,14.79,Normal
12,P,146.2,39.6,18.54,Gemuk
12,L,142.1,37.8,18.73,Gemuk
7,L,115.3,19.5,14.7,Normal
9,P,128.2,30.2,18.35,Gemuk
6,L,115.1,22.0,16.6,Normal
6,P,112.4,20.8,16.47,Normal
8,P,123.6,22.7,14.86,Normal
6,P,113.0,22.0,17.22,Normal
7,L,113.4,18.0,14.0,Kurus
12,L,143.1,38.2,18.63,Gemuk
6,P,114.3,22.0,16.84,Normal
10,L,133.0,25.0,14.14,Normal
9,L,124.1,22.0,14.29,Normal
7,L,117.7,23.9,17.23,Normal
8,L,123.1,27.5,18.14,Gemuk
10,P,131.8,31.8,18.3,Gemuk
9,L,129.2,25.7,15.42,Normal
12,P,145.6,32.0,15.08,Normal
7,L,118.1,25.0,17.93,Normal
10,L,136.8,29.2,15.62,Normal
6,L,117.2,17.3,12.62,Kurus
11,P,141.2,33.4,16.76,Normal
12,L,145.3,34.5,16.35,Normal
11,P,138.6,38.5,20.01,Gemuk
11,L,140.0,32.4,16.54,Normal
8,P,121.7,22.1,14.94,Normal
11,P,139.0,31.7,16.41,Normal
10,L,136.6,32.6,17.47,Normal
9,P,124.7,27.7,17.82,Normal
9,L,130.2,30.7,18.11,Gemuk
8,L,118.0,22.0,15.83,Normal
11,P,143.5,36.7,17.82,Normal
12,P,147.0,41.3,19.1,Gemuk
12,P,144.3,42.4,20.36,Gemuk
11,P,142.2,31.2,15.41,Normal
10,P,135.0,36.6,20.05,Gemuk
11,L,139.8,36.1,18.46,Gemuk
9,L,128.5,31.6,19.14,Gemuk
8,P,125.2,22.4,14.27,Normal
6,L,111.6,19.2,15.45,Normal
11,P,142.1,37.0,18.34,Gemuk
7,L,117.4,18.0,13.07,Kurus
10,L,130.7,31.0,18.16,Gemuk
12,L,150.7,35.2,15.47,Normal
6,P,116.9,21.9,16.0,Normal
12,L,149.3,40.0,17.97,Normal
8,L,123.9,21.7,14.13,Normal
9,P,129.6,31.6,18.81,Gemuk
8,L,123.7,25.6,16.74,Normal
10,P,134.4,29.4,16.26,Normal
7,L,116.1,18.0,13.35,Kurus
9,L,129.5,27.3,16.29,Normal
12,P,151.6,35.1,15.28,Normal
7,P,116.4,21.1,15.56,Normal
7,P,115.8,18.0,13.41,Kurus
6,P,115.7,17.3,12.93,Kurus
6,L,114.1,21.4,16.46,Normal
9,L,126.8,28.0,17.4,Normal
10,P,134.7,26.6,14.69,Normal
9,L,129.5,30.3,18.07,Gemuk
6,P,112.1,17.0,13.53,Kurus
6,P,114.0,17.0,13.08,Kurus
7,P,114.2,25.0,19.15,Gemuk
12,P,145.2,41.8,19.82,Gemuk
11,L,135.0,34.2,18.76,Gemuk
10,L,136.6,33.6,18.03,Gemuk
8,L,121.3,29.0,19.71,Gemuk
12,P,152.0,36.3,15.73,Normal
8,P,124.4,24.7,15.97,Normal
10,P,131.1,27.1,15.76,Normal
9,P,129.0,27.7,16.65,Normal
7,L,117.8,20.5,14.75,Normal
9,P,125.0,26.9,17.2,Normal
12,L,144.5,41.7,19.97,Gemuk
10,L,130.1,29.7,17.57,Normal
7,P,123.0,25.0,16.52,Normal
12,L,151.1,40.0,17.53,Normal
7,L,120.3,18.1,12.52,Kurus
7,P,116.0,18.8,13.95,Kurus
7,L,120.3,23.7,16.39,Normal
10,P,137.4,36.0,19.08,Gemuk
10,P,133.5,26.4,14.82,Normal
10,L,132.7,34.8,19.76,Gemuk
7,P,116.2,19.2,14.23,Normal
6,P,111.7,21.0,16.86,Normal
12,P,145.4,36.4,17.23,Normal
10,L,136.3,32.4,17.43,Normal
10,L,135.9,33.2,18.0,Gemuk
11,L,142.2,38.3,18.95,Gemuk
10,P,132.3,29.8,17.02,Normal
6,P,117.2,22.0,16.02,Normal
6,P,111.5,22.0,17.69,Normal
8,L,121.1,28.2,19.22,Gemuk
7,L,123.0,19.8,13.12,Kurus
7,P,115.3,23.2,17.45,Normal
6,L,110.0,18.1,14.99,Normal
11,P,140.6,35.7,18.06,Gemuk
12,P,143.3,36.2,17.62,Normal
6,P,112.7,18.6,14.63,Normal
10,P,132.6,32.8,18.68,Gemuk
11,P,140.8,31.7,15.97,Normal
6,L,117.0,20.3,14.82,Normal
9,L,126.2,30.6,19.22,Gemuk
8,P,124.2,21.7,14.05,Normal
8,P,123.2,23.6,15.54,Normal
10,L,133.1,28.0,15.79,Normal
7,P,118.8,23.4,16.58,Normal
12,P,143.0,40.8,19.95,Gemuk
12,L,140.0,34.6,17.63,Normal
10,L,137.9,27.9,14.68,Normal
9,P,128.1,28.2,17.16,Normal
10,P,134.5,30.5,16.85,Normal
10,P,135.2,29.2,15.95,Normal
9,L,129.4,30.2,18.05,Gemuk
7,L,113.6,25.0,19.39,Gemuk
10,L,134.3,32.6,18.1,Gemuk
7,L,120.7,20.8,14.26,Normal
7,L,118.0,23.8,17.09,Normal
9,L,125.8,27.0,17.06,Normal
8,P,126.6,28.1,17.53,Normal
8,L,123.2,26.1,17.18,Normal
6,L,116.1,22.0,16.31,Normal
8,L,120.4,29.0,20.0,Gemuk
12,P,144.5,40.5,19.38,Gemuk
12,P,143.7,43.2,20.93,Gemuk
7,P,122.8,20.5,13.57,Kurus
10,L,135.1,30.6,16.8,Normal
9,P,126.8,34.0,21.16,Gemuk
8,P,127.7,20.0,12.26,Kurus
7,L,119.2,22.2,15.64,Normal
10,P,131.2,31.6,18.35,Gemuk
9,P,129.0,27.9,16.8,Normal
10,L,132.0,31.0,17.79,Normal
8,L,126.1,25.1,15.8,Normal
12,P,147.2,35.8,16.51,Normal
9,P,128.7,28.3,17.09,Normal
7,L,121.0,20.7,14.12,Normal
11,L,140.1,37.0,18.84,Gemuk
12,P,143.2,41.3,20.15,Gemuk
9,P,129.9,30.9,18.32,Gemuk
9,P,129.7,25.2,14.99,Normal
6,P,115.3,22.0,16.55,Normal
7,L,117.4,25.0,18.14,Gemuk
8,P,123.8,29.0,18.91,Gemuk
11,P,140.7,40.7,20.56,Gemuk
7,L,120.9,22.2,15.16,Normal
7,L,114.1,18.0,13.84,Kurus
8,L,122.6,22.2,14.81,Normal
10,P,134.8,28.4,15.64,Normal
11,L,136.7,37.5,20.07,Gemuk
11,P,144.9,38.0,18.09,Gemuk
10,P,135.3,25.1,13.72,Kurus
6,P,114.5,18.9,14.38,Normal
10,P,132.5,26.8,15.28,Normal
10,L,132.4,34.8,19.87,Gemuk
12,L,149.2,38.9,17.47,Normal
9,P,130.5,31.1,18.24,Gemuk
7,L,116.3,24.6,18.2,Gemuk
10,L,134.1,29.1,16.16,Normal
7,P,118.7,20.2,14.31,Normal
7,P,115.6,18.0,13.47,Kurus
12,P,141.8,42.5,21.12,Gemuk
11,L,136.0,33.7,18.22,Gemuk
10,P,135.4,30.1,16.41,Normal
6,P,117.6,22.0,15.9,Normal
11,P,142.1,37.1,18.36,Gemuk
8,P,123.2,25.5,16.8,Normal
9,L,130.3,28.1,16.52,Normal
6,P,110.0,17.0,14.05,Normal
9,L,128.5,29.0,17.55,Normal
9,P,129.9,24.9,14.75,Normal
12,L,143.8,34.3,16.56,Normal
9,P,132.6,33.4,19.02,Gemuk
10,P,133.8,28.3,15.81,Normal
6,P,116.4,18.5,13.66,Kurus
10,P,130.2,34.3,20.27,Gemuk
11,P,138.0,41.3,21.72,Gemuk
6,P,114.5,21.6,16.49,Normal
9,L,129.0,25.0,15.02,Normal
12,L,145.8,45.8,21.54,Gemuk
10,L,133.6,34.0,19.07,Gemuk
8,L,119.5,24.7,17.28,Normal
8,P,124.8,24.9,15.95,Normal
9,L,126.9,24.8,15.4,Normal
6,P,114.6,17.2,13.12,Kurus
12,P,144.8,35.7,17.0,Normal
7,L,118.3,21.8,15.54,Normal
8,L,124.1,21.4,13.87,Kurus
9,L,125.9,29.2,18.38,Gemuk
7,P,116.1,23.1,17.15,Normal
8,L,124.4,23.0,14.85,Normal
7,L,117.8,18.5,13.34,Kurus
11,L,140.6,37.6,19.02,Gemuk
11,P,143.1,35.3,17.25,Normal
11,P,141.9,36.8,18.26,Gemuk
7,P,115.5,22.7,16.99,Normal
7,P,113.7,19.7,15.24,Normal
11,P,137.3,33.7,17.89,Normal
10,L,130.9,37.6,21.93,Gemuk
11,L,140.5,33.8,17.12,Normal
11,P,135.0,35.0,19.18,Gemuk
11,L,142.5,38.2,18.82,Gemuk
7,L,115.5,19.3,14.49,Normal
8,L,121.7,21.4,14.43,Normal
9,L,130.3,30.1,17.73,Normal
12,P,140.0,43.8,22.37,Obesitas
6,L,114.3,21.2,16.25,Normal
6,L,110.0,18.6,15.37,Normal
11,L,143.7,36.7,17.76,Normal
9,P,131.6,27.8,16.03,Normal
12,P,145.5,39.2,18.52,Gemuk
6,P,117.7,22.0,15.87,Normal
7,L,121.4,21.5,14.62,Normal
9,L,126.3,25.1,15.75,Normal
7,L,119.8,24.3,16.93,Normal
8,P,119.9,27.6,19.22,Gemuk
7,P,119.0,18.0,12.71,Kurus
12,P,142.6,40.8,20.06,Gemuk
12,L,147.5,39.9,18.33,Gemuk
12,P,146.8,38.8,17.99,Normal
8,L,120.8,29.0,19.87,Gemuk
11,P,144.3,34.4,16.54,Normal
6,L,110.0,19.5,16.13,Normal
8,L,123.9,26.5,17.26,Normal
7,L,113.0,24.2,18.96,Gemuk
11,L,143.5,37.0,17.94,Normal
11,P,147.0,41.2,19.09,Gemuk
9,P,131.0,25.2,14.69,Normal
7,L,117.9,24.3,17.47,Normal
11,P,142.8,36.5,17.87,Normal
9,L,128.3,29.0,17.59,Normal
8,P,121.9,26.4,17.75,Normal
10,P,134.5,28.4,15.67,Normal
10,L,136.8,29.1,15.53,Normal
10,L,134.2,29.7,16.49,Normal
11,P,141.5,34.3,17.14,Normal
8,P,128.0,26.9,16.4,Normal
8,L,125.1,26.7,17.07,Normal
9,L,128.0,30.9,18.85,Gemuk
8,L,122.6,20.0,13.32,Kurus
12,P,142.7,38.3,18.81,Gemuk
9,L,123.0,26.5,17.52,Normal
6,P,110.0,20.5,16.96,Normal
8,P,119.0,25.3,17.88,Normal
9,P,123.0,24.6,16.27,Normal
7,P,114.3,23.2,17.75,Normal
7,L,116.1,23.0,17.07,Normal
12,P,142.9,43.6,21.32,Gemuk
8,L,123.3,21.3,14.0,Kurus
6,P,111.6,17.5,14.04,Normal
9,L,125.9,24.4,15.39,Normal
9,L,128.4,29.5,17.89,Normal
12,L,145.6,41.6,19.63,Gemuk
7,L,118.0,18.0,12.94,Kurus
12,L,141.8,36.2,17.99,Normal
8,P,124.3,25.3,16.37,Normal
11,L,138.8,37.5,19.45,Gemuk
6,L,111.4,20.7,16.67,Normal
7,L,113.0,25.0,19.58,Gemuk
11,L,138.9,37.5,19.43,Gemuk
6,P,112.3,17.3,13.68,Kurus
6,P,114.3,21.4,16.39,Normal
10,P,135.9,33.7,18.25,Gemuk
11,L,138.7,39.1,20.3,Gemuk
11,P,142.6,40.1,19.7,Gemuk
11,P,146.3,30.0,14.0,Normal
10,L,139.4,29.6,15.22,Normal
6,L,117.8,17.0,12.24,Kurus
11,L,146.6,36.0,16.77,Normal
9,L,130.5,28.4,16.66,Normal
6,P,110.0,18.6,15.36,Normal
6,P,113.4,18.2,14.17,Normal
9,L,127.5,22.0,13.53,Kurus
9,L,129.4,28.4,16.95,Normal
10,P,128.0,32.3,19.74,Gemuk
10,L,133.7,32.3,18.1,Gemuk
7,L,117.5,20.7,14.96,Normal
7,P,121.0,23.1,15.76,Normal
10,P,132.5,32.0,18.24,Gemuk
8,P,124.8,24.7,15.84,Normal
12,P,143.3,38.1,18.56,Gemuk
9,P,129.7,28.8,17.11,Normal
8,P,122.5,24.3,16.17,Normal
12,L,143.1,41.1,20.08,Gemuk
6,L,113.4,17.0,13.22,Kurus
11,L,140.6,33.6,16.98,Normal
9,L,131.3,22.0,12.76,Kurus
9,P,130.7,31.0,18.18,Gemuk
7,L,114.6,22.0,16.71,Normal
10,L,134.6,36.2,19.98,Gemuk
9,P,130.6,29.3,17.16,Normal
9,L,130.4,34.0,19.99,Gemuk
8,P,122.3,23.4,15.66,Normal
6,L,115.6,22.0,16.48,Normal
9,L,128.2,29.6,17.99,Normal
11,L,144.8,38.8,18.48,Gemuk
8,L,127.1,27.8,17.22,Normal
11,L,137.8,36.3,19.11,Gemuk
12,L,147.1,43.4,20.05,Gemuk
6,P,115.1,17.0,12.82,Kurus
8,P,124.6,28.6,18.42,Gemuk
7,P,121.6,18.9,12.75,Kurus
7,L,118.2,18.0,12.89,Kurus
12,P,145.2,45.1,21.41,Gemuk
8,L,121.6,28.0,18.94,Gemuk
12,P,145.5,40.1,18.93,Gemuk
7,P,118.4,18.8,13.44,Kurus
11,L,142.4,35.4,17.47,Normal
9,P,131.8,31.0,17.87,Normal
10,L,133.7,28.7,16.05,Normal
7,L,116.4,21.9,16.16,Normal
6,L,112.8,17.0,13.35,Kurus
7,L,117.9,20.9,15.03,Normal
7,P,120.1,19.1,13.22,Kurus
6,L,114.9,17.9,13.58,Kurus
6,P,114.9,21.7,16.48,Normal
11,P,143.0,37.9,18.53,Gemuk
11,P,138.7,34.8,18.12,Gemuk
11,L,142.6,36.5,17.92,Normal
9,L,129.3,22.0,13.15,Kurus
6,L,112.9,22.0,17.26,Normal
12,P,141.5,46.0,22.98,Obesitas
9,P,128.9,25.7,15.48,Normal
6,L,113.6,20.3,15.77,Normal
6,P,116.2,21.4,15.88,Normal
11,L,141.9,37.8,18.78,Gemuk
8,L,122.0,26.4,17.76,Normal
10,P,134.3,33.1,18.35,Gemuk
7,P,113.0,20.0,15.66,Normal
6,P,110.0,21.0,17.34,Normal
8,L,126.3,27.0,16.9,Normal
10,L,128.0,27.9,17.06,Normal
6,L,112.2,18.2,14.47,Normal
8,P,124.0,29.0,18.86,Gemuk
6,L,118.0,17.0,12.21,Kurus
12,P,145.4,35.4,16.73,Normal
6,L,116.9,17.0,12.45,Kurus
12,P,149.8,37.3,16.61,Normal
9,L,127.7,24.4,14.94,Normal
6,P,113.4,17.0,13.23,Kurus
8,P,118.0,20.0,14.36,Normal
10,P,136.8,37.1,19.82,Gemuk
6,L,110.2,17.6,14.49,Normal
10,P,134.5,26.8,14.8,Normal
10,L,131.7,29.7,17.12,Normal
8,L,119.6,22.8,15.97,Normal
9,P,125.6,28.1,17.78,Normal
12,L,146.5,35.5,16.55,Normal
10,P,131.2,32.6,18.91,Gemuk
12,P,142.5,34.0,16.74,Normal
11,P,139.2,37.4,19.31,Gemuk
10,L,135.5,30.5,16.61,Normal
9,L,128.9,22.0,13.23,Kurus
9,P,126.4,31.8,19.9,Gemuk
9,P,126.9,23.8,14.79,Normal
10,L,137.1,34.0,18.08,Gemuk
8,P,121.2,28.2,19.18,Gemuk
10,L,135.1,36.4,19.97,Gemuk
10,L,135.3,33.6,18.36,Gemuk
8,L,120.2,24.0,16.62,Normal
8,L,124.9,22.9,14.68,Normal
10,P,134.0,29.0,16.14,Normal
11,P,140.0,37.0,18.89,Gemuk
8,P,121.7,20.4,13.75,Kurus
10,P,128.5,33.2,20.1,Gemuk
6,P,113.7,17.4,13.46,Kurus
9,P,126.2,28.8,18.08,Gemuk
12,P,145.5,39.4,18.6,Gemuk
6,L,116.0,17.0,12.63,Kurus
8,P,120.5,27.8,19.11,Gemuk
10,L,137.8,32.5,17.12,Normal
7,L,117.4,23.5,17.02,Normal
7,L,116.6,19.4,14.26,Normal
11,L,137.1,34.6,18.42,Gemuk
7,L,118.4,18.0,12.84,Kurus
10,L,132.1,26.9,15.43,Normal
8,L,124.8,26.5,17.05,Normal
8,P,124.2,20.2,13.12,Kurus
11,L,137.3,37.2,19.76,Gemuk
9,P,131.2,24.6,14.3,Normal
11,L,139.8,34.0,17.41,Normal
12,L,150.3,40.5,17.94,Normal
12,L,146.4,32.4,15.12,Normal
6,L,115.6,18.6,13.93,Kurus
12,L,148.9,43.4,19.56,Gemuk
11,P,141.9,36.6,18.16,Gemuk
7,L,119.2,24.1,16.92,Normal
8,L,121.5,20.0,13.56,Kurus
11,P,143.0,37.2,18.21,Gemuk
11,L,140.3,36.4,18.47,Gemuk
6,P,111.2,18.1,14.67,Normal
12,P,142.6,38.1,18.75,Gemuk
8,P,127.0,20.0,12.39,Kurus
8,P,123.1,26.1,17.23,Normal
7,P,118.7,18.0,12.77,Kurus
12,L,145.7,38.0,17.9,Normal
12,L,148.0,40.1,18.31,Gemuk
6,L,111.7,18.4,14.71,Normal
6,L,113.1,19.8,15.48,Normal
6,P,111.4,17.8,14.36,Normal
6,P,116.9,20.5,15.03,Normal
9,L,127.8,30.4,18.58,Gemuk
7,L,120.0,21.1,14.69,Normal
10,P,130.7,32.9,19.28,Gemuk
11,L,142.2,33.1,16.38,Normal
8,L,118.7,25.1,17.85,Normal
8,P,123.6,23.6,15.47,Normal
12,P,146.8,39.1,18.12,Gemuk
8,L,121.4,29.0,19.68,Gemuk
9,L,128.7,28.7,17.3,Normal
10,L,133.2,31.5,17.73,Normal
6,L,112.3,22.0,17.44,Normal
6,L,117.4,21.9,15.88,Normal
7,L,118.5,23.1,16.43,Normal
11,L,140.3,34.9,17.74,Normal
9,P,130.8,24.7,14.44,Normal
6,P,118.0,17.8,12.76,Kurus
6,P,116.7,18.7,13.7,Kurus
7,L,115.7,20.7,15.5,Normal
9,L,125.3,29.7,18.9,Gemuk
6,P,111.9,19.6,15.66,Normal
12,P,144.2,38.9,18.71,Gemuk
10,L,131.0,32.3,18.86,Gemuk
6,P,113.4,17.0,13.22,Kurus
9,P,130.3,30.4,17.9,Normal
8,P,121.4,28.8,19.54,Gemuk
6,L,115.1,19.1,14.41,Normal
10,P,132.9,35.0,19.82,Gemuk
12,P,144.7,41.6,19.87,Gemuk
9,L,127.0,31.3,19.43,Gemuk
9,P,130.5,22.8,13.4,Kurus
11,L,145.8,40.5,19.04,Gemuk
8,P,119.8,24.4,17.01,Normal
8,P,125.5,20.0,12.71,Kurus
9,L,129.3,29.1,17.38,Normal
6,L,113.5,19.3,14.96,Normal
10,P,134.0,34.6,19.28,Gemuk
11,P,142.3,33.2,16.38,Normal
11,P,138.9,35.9,18.6,Gemuk
9,L,129.0,27.2,16.33,Normal
12,P,145.6,33.4,15.74,Normal
7,P,113.3,23.4,18.22,Gemuk
11,L,138.5,38.1,19.84,Gemuk
10,P,135.9,31.1,16.84,Normal
8,L,121.0,24.3,16.6,Normal
8,P,123.1,27.8,18.33,Gemuk
6,L,113.8,20.1,15.52,Normal
9,P,125.6,27.5,17.45,Normal
6,P,114.3,19.2,14.69,Normal
7,L,118.4,25.0,17.83,Normal
11,L,141.4,33.7,16.83,Normal
8,L,124.5,22.2,14.31,Normal
9,L,127.2,26.0,16.06,Normal
8,L,124.3,22.6,14.62,Normal
6,P,113.7,18.3,14.19,Normal
9,L,133.0,25.5,14.44,Normal
7,P,117.1,22.3,16.29,Normal
8,L,124.3,23.8,15.42,Normal
9,L,127.5,30.1,18.49,Gemuk
8,L,124.4,23.6,15.27,Normal
7,P,117.9,22.4,16.1,Normal
9,P,126.9,26.9,16.73,Normal
11,L,138.0,33.2,17.41,Normal
11,P,140.8,32.2,16.23,Normal
10,P,137.3,34.5,18.32,Gemuk
7,P,120.6,18.1,12.44,Kurus
10,P,140.0,28.4,14.49,Normal
8,L,123.6,26.8,17.52,Normal
11,L,138.6,36.6,19.07,Gemuk
12,P,146.8,40.0,18.56,Gemuk
6,P,116.6,17.0,12.5,Kurus
7,P,116.8,19.5,14.27,Normal
7,P,121.8,20.4,13.77,Kurus
10,L,134.3,31.7,17.58,Normal
7,P,117.6,19.7,14.27,Normal
9,L,125.0,27.7,17.7,Normal
8,P,123.4,28.4,18.63,Gemuk
11,L,141.8,37.3,18.56,Gemuk
7,P,117.6,22.9,16.56,Normal
10,P,132.4,34.1,19.45,Gemuk
6,P,112.0,18.4,14.65,Normal
7,L,116.5,22.1,16.31,Normal
8,L,125.6,23.2,14.71,Normal
9,L,133.0,31.7,17.91,Normal
8,L,120.2,25.0,17.27,Normal
10,P,131.0,29.8,17.34,Normal
6,L,112.8,22.0,17.3,Normal
9,P,126.5,29.4,18.39,Gemuk
11,P,145.2,34.2,16.22,Normal
10,P,132.1,30.7,17.6,Normal
6,P,112.9,20.6,16.21,Normal
10,P,132.7,32.7,18.59,Gemuk
6,L,113.9,17.0,13.09,Kurus
12,P,146.6,38.2,17.76,Normal
6,P,110.0,22.0,18.18,Gemuk
10,L,139.2,28.7,14.81,Normal
10,L,137.2,30.1,15.99,Normal
9,L,129.2,27.1,16.25,Normal
10,P,132.2,33.0,18.89,Gemuk
9,P,125.6,29.9,18.93,Gemuk
7,L,117.1,19.4,14.13,Normal
8,L,119.4,24.7,17.33,Normal
9,L,128.6,28.2,17.04,Normal
11,L,141.6,32.0,15.94,Normal
9,L,130.8,31.9,18.62,Gemuk
9,L,130.2,28.4,16.74,Normal
9,L,125.2,26.9,17.19,Normal
6,L,110.5,17.0,13.91,Kurus
8,L,124.2,22.1,14.36,Normal
12,P,142.8,34.6,16.99,Normal
7,P,116.9,18.0,13.17,Kurus
7,P,118.4,19.7,14.09,Normal
8,P,125.8,26.4,16.71,Normal
11,P,139.0,33.7,17.43,Normal
6,P,114.2,21.8,16.7,Normal
8,P,121.3,25.9,17.61,Normal
10,L,135.1,31.5,17.25,Normal
11,L,143.6,38.1,18.49,Gemuk
12,L,148.5,36.1,16.38,Normal
11,L,141.5,33.3,16.64,Normal
11,L,141.2,33.0,16.55,Normal
11,L,137.4,34.3,18.17,Gemuk
9,P,126.6,31.8,19.84,Gemuk
10,L,132.6,30.5,17.36,Normal
11,L,140.0,33.9,17.32,Normal
6,P,117.0,20.3,14.81,Normal
6,P,114.7,17.0,12.92,Kurus
9,L,133.0,31.3,17.7,Normal
12,P,149.3,39.5,17.71,Normal
8,L,121.7,21.3,14.34,Normal
6,P,111.8,17.0,13.61,Kurus
7,L,113.9,18.2,14.03,Normal
10,L,130.6,29.9,17.52,Normal
12,L,147.8,40.1,18.35,Gemuk
9,P,127.1,34.0,21.05,Gemuk
10,L,133.9,35.5,19.82,Gemuk
8,L,121.2,25.5,17.33,Normal
10,P,133.4,34.4,19.3,Gemuk
12,L,146.3,35.7,16.65,Normal
12,L,149.4,43.0,19.29,Gemuk
7,L,119.5,18.0,12.6,Kurus
7,L,114.6,19.7,15.01,Normal
10,P,131.2,35.3,20.52,Gemuk
11,P,143.0,35.9,17.53,Normal
11,L,140.6,33.8,17.09,Normal
9,L,126.6,25.7,16.04,Normal
7,L,117.0,25.0,18.25,Gemuk
8,L,122.1,26.5,17.76,Normal
11,L,140.8,38.9,19.62,Gemuk
12,L,148.8,40.7,18.37,Gemuk
8,P,126.0,29.0,18.27,Gemuk
11,P,141.4,37.4,18.72,Gemuk
12,P,144.1,39.3,18.92,Gemuk
12,L,147.7,38.2,17.54,Normal
6,L,117.8,22.0,15.86,Normal
7,P,117.8,25.0,18.01,Gemuk
9,P,127.4,23.0,14.19,Normal
10,L,130.7,35.7,20.89,Gemuk
11,P,142.1,32.0,15.84,Normal
7,P,114.1,23.4,18.0,Gemuk
10,P,132.5,29.2,16.63,Normal
10,P,135.1,34.7,19.01,Gemuk
10,L,132.9,31.3,17.76,Normal
11,P,146.8,34.5,16.03,Normal
9,P,128.8,28.3,17.09,Normal
8,P,127.4,23.9,14.72,Normal
7,L,116.4,19.2,14.17,Normal
11,P,140.3,34.2,17.36,Normal
7,L,119.9,20.9,14.51,Normal
7,P,115.1,19.0,14.34,Normal
12,L,146.7,39.6,18.39,Gemuk
7,L,116.1,25.0,18.55,Gemuk
10,P,134.9,25.8,14.16,Normal
12,P,141.7,43.2,21.54,Gemuk
10,L,136.1,25.4,13.74,Kurus
6,L,113.2,20.8,16.21,Normal
7,P,117.5,20.6,14.94,Normal
11,L,144.1,35.2,16.96,Normal
12,P,149.8,43.8,19.52,Gemuk
6,L,117.4,17.3,12.55,Kurus
7,L,118.9,21.8,15.39,Normal
7,P,121.6,19.3,13.06,Kurus
8,P,121.0,24.0,16.42,Normal
10,L,136.9,36.2,19.34,Gemuk
6,P,117.8,21.3,15.35,Normal
10,P,132.0,27.3,15.7,Normal
6,P,117.2,18.6,13.56,Kurus
8,L,128.0,27.1,16.57,Normal
10,P,132.4,26.3,14.98,Normal
8,P,127.6,27.4,16.81,Normal
10,P,135.2,28.3,15.49,Normal
11,L,143.0,40.8,19.96,Gemuk
7,L,117.6,18.0,13.01,Kurus
11,P,139.9,36.2,18.49,Gemuk
9,P,127.3,27.5,16.94,Normal
9,L,128.3,26.5,16.11,Normal
10,L,139.3,30.4,15.68,Normal
8,P,121.5,29.0,19.65,Gemuk
6,P,114.8,17.0,12.9,Kurus
11,P,139.9,39.9,20.38,Gemuk
10,P,136.5,31.3,16.81,Normal
11,L,137.5,39.7,21.0,Gemuk
8,L,121.4,21.1,14.3,Normal
11,L,143.8,33.9,16.41,Normal
6,L,113.6,17.0,13.16,Kurus
11,L,141.2,30.6,15.37,Normal
11,L,138.3,34.5,18.06,Gemuk
6,L,112.8,17.0,13.35,Kurus
8,L,123.2,26.7,17.58,Normal
12,L,147.3,36.5,16.81,Normal
6,L,112.7,17.0,13.38,Kurus
8,P,125.4,25.3,16.07,Normal
12,P,146.9,36.9,17.09,Normal
8,L,125.1,22.0,14.04,Normal
12,P,144.1,41.2,19.84,Gemuk
12,P,151.0,41.7,18.26,Gemuk
8,P,124.8,27.3,17.54,Normal
7,L,118.1,21.3,15.28,Normal
6,L,116.6,20.5,15.1,Normal
11,L,143.8,38.1,18.42,Gemuk
8,L,121.0,20.0,13.66,Kurus
10,L,133.5,28.9,16.22,Normal
10,P,136.6,32.0,17.14,Normal
8,L,120.5,23.2,15.94,Normal
10,P,130.8,29.7,17.37,Normal
8,L,119.7,26.9,18.76,Gemuk
11,L,143.3,36.2,17.65,Normal
11,P,135.0,39.4,21.63,Gemuk
10,L,129.3,34.4,20.57,Gemuk
9,P,129.1,34.0,20.41,Gemuk
6,P,117.3,19.3,14.04,Normal
6,L,117.0,20.0,14.58,Normal
6,P,112.6,22.0,17.36,Normal
8,P,124.1,28.0,18.2,Gemuk
8,L,124.3,22.5,14.57,Normal
9,L,130.2,29.1,17.13,Normal
11,P,140.7,32.8,16.56,Normal
11,P,142.9,34.0,16.66,Normal
12,P,146.3,36.5,17.06,Normal
12,P,148.4,36.5,16.57,Normal
7,L,115.5,22.4,16.77,Normal
9,P,125.0,22.0,14.08,Normal
7,L,116.9,18.3,13.38,Kurus
8,P,123.5,22.8,14.95,Normal
8,P,125.5,29.0,18.41,Gemuk
10,L,130.1,31.5,18.61,Gemuk
6,L,118.0,17.0,12.21,Kurus
9,L,129.5,24.3,14.49,Normal
12,L,148.6,41.3,18.7,Gemuk
8,P,123.7,23.3,15.21,Normal
8,P,126.4,27.1,16.93,Normal
9,L,128.5,23.8,14.43,Normal
11,L,143.9,37.4,18.07,Gemuk
12,L,143.2,45.2,22.05,Obesitas
8,L,122.6,25.5,16.97,Normal
8,L,123.0,22.2,14.66,Normal
9,L,124.6,30.1,19.41,Gemuk
9,P,128.6,28.1,17.01,Normal
8,L,124.2,29.0,18.81,Gemuk
7,L,118.3,21.8,15.58,Normal
9,P,131.0,29.1,16.93,Normal
10,P,132.8,36.4,20.63,Gemuk
6,L,112.6,17.0,13.4,Kurus
8,P,121.5,23.6,15.98,Normal
6,P,118.0,19.7,14.12,Normal
6,L,118.0,17.0,12.21,Kurus
7,L,118.8,22.6,16.03,Normal
8,P,125.1,20.5,13.11,Kurus
10,L,129.6,29.9,17.79,Normal
8,P,122.4,27.8,18.6,Gemuk
8,P,122.5,22.3,14.85,Normal
9,L,128.9,22.0,13.23,Kurus
7,L,119.2,20.2,14.24,Normal
9,L,130.0,33.3,19.71,Gemuk
8,L,122.9,21.6,14.28,Normal
7,P,121.3,21.6,14.67,Normal
10,L,137.2,34.5,18.35,Gemuk
8,P,119.0,27.3,19.27,Gemuk
11,P,146.5,38.4,17.88,Normal
9,L,131.9,25.4,14.63,Normal
7,L,121.4,25.0,16.97,Normal
7,L,120.6,18.0,12.38,Kurus
12,P,144.9,40.3,19.18,Gemuk
10,P,134.0,33.2,18.49,Gemuk
7,P,114.4,20.1,15.37,Normal
7,P,118.1,18.0,12.93,Kurus
6,P,113.2,17.0,13.26,Kurus
9,P,129.4,25.9,15.47,Normal
6,L,110.2,21.1,17.39,Normal
11,L,142.1,34.2,16.93,Normal
11,L,138.1,37.0,19.4,Gemuk
6,P,113.4,17.0,13.21,Kurus
9,P,127.7,26.1,15.99,Normal
6,P,115.4,22.0,16.53,Normal
7,L,117.5,21.4,15.47,Normal
11,P,140.9,31.2,15.7,Normal
11,P,140.5,36.8,18.61,Gemuk
12,L,148.7,36.4,16.44,Normal
12,P,144.2,39.8,19.12,Gemuk
6,P,118.0,19.5,13.99,Kurus
7,L,118.2,24.3,17.41,Normal
12,P,147.9,34.5,15.78,Normal
8,L,125.1,21.3,13.6,Kurus
11,P,142.3,34.8,17.17,Normal
8,L,123.1,25.5,16.8,Normal
11,L,142.2,35.7,17.66,Normal
6,P,115.8,21.6,16.1,Normal
10,L,136.8,26.7,14.27,Normal
6,P,110.8,19.4,15.81,Normal
10,L,131.8,30.0,17.27,Normal
6,P,112.1,19.5,15.5,Normal
6,P,111.7,17.0,13.63,Kurus
6,L,113.5,20.0,15.49,Normal
11,P,139.8,35.2,18.01,Gemuk
6,L,116.6,21.4,15.75,Normal
6,P,115.3,17.0,12.79,Kurus
6,L,115.0,17.0,12.84,Kurus
11,L,140.9,37.3,18.77,Gemuk
11,P,138.4,36.3,18.96,Gemuk
9,P,131.9,28.9,16.61,Normal
6,L,116.1,20.8,15.4,Normal
7,P,117.9,25.0,17.98,Normal
6,L,113.0,22.0,17.24,Normal
12,L,145.9,42.0,19.72,Gemuk
10,P,137.6,28.9,15.24,Normal
7,L,120.3,23.4,16.19,Normal
8,P,121.9,25.4,17.09,Normal
9,P,128.9,27.0,16.27,Normal
7,L,114.3,25.0,19.15,Gemuk
9,P,123.0,29.9,19.74,Gemuk
10,P,132.1,32.9,18.88,Gemuk
11,L,143.3,37.1,18.06,Gemuk
6,L,110.0,17.3,14.26,Normal
6,L,113.6,19.2,14.89,Normal
6,L,118.0,20.7,14.84,Normal
6,P,113.6,19.6,15.16,Normal
11,P,140.5,29.6,14.99,Normal
11,P,136.2,39.4,21.21,Gemuk
9,L,129.3,29.3,17.54,Normal
7,P,118.2,21.1,15.09,Normal
6,P,115.3,22.0,16.54,Normal
12,P,141.0,34.6,17.38,Normal
12,P,146.1,38.1,17.87,Normal
11,P,141.3,28.8,14.41,Normal
7,L,120.5,24.0,16.51,Normal
9,L,128.5,29.7,17.99,Normal
9,P,127.2,27.4,16.91,Normal
7,L,123.0,21.6,14.3,Normal
9,P,130.5,26.5,15.56,Normal
6,L,113.2,22.0,17.17,Normal
11,P,138.6,42.2,21.97,Gemuk
9,P,128.5,23.0,13.91,Kurus
6,P,110.7,17.0,13.88,Kurus
10,P,132.9,34.6,19.62,Gemuk
9,L,129.2,28.1,16.82,Normal
10,L,131.7,32.9,18.99,Gemuk
9,P,129.0,27.7,16.63,Normal
9,L,129.8,28.6,17.0,Normal
7,P,115.8,21.5,16.01,Normal
7,P,119.2,18.1,12.77,Kurus
10,P,133.8,31.9,17.78,Normal
10,L,133.0,30.1,17.01,Normal
9,P,126.0,26.3,16.56,Normal
6,L,114.9,20.2,15.27,Normal
9,P,129.8,30.4,18.07,Gemuk
10,P,137.1,30.4,16.17,Normal
10,L,130.9,32.0,18.68,Gemuk
10,P,133.7,31.6,17.68,Normal
7,P,119.2,18.3,12.88,Kurus
8,P,121.4,22.8,15.49,Normal
10,L,132.8,29.5,16.72,Normal
7,L,115.9,18.1,13.52,Kurus
6,P,118.0,17.0,12.21,Kurus
9,L,127.1,30.6,18.95,Gemuk
6,P,112.8,17.0,13.36,Kurus
6,P,111.9,17.0,13.58,Kurus
12,L,146.1,37.5,17.54,Normal
8,L,127.0,25.0,15.51,Normal
12,L,149.8,41.0,18.24,Gemuk
9,L,128.1,28.5,17.39,Normal
12,L,144.3,36.4,17.51,Normal
12,L,145.4,39.0,18.44,Gemuk
7,L,120.7,25.0,17.17,Normal
8,L,122.9,26.0,17.2,Normal
9,P,126.0,28.1,17.7,Normal
10,P,130.0,30.3,17.93,Normal
7,P,117.1,22.3,16.25,Normal
10,P,131.9,26.3,15.13,Normal
11,P,142.5,33.3,16.4,Normal
8,P,118.0,21.1,15.13,Normal
10,P,133.8,31.5,17.58,Normal
9,L,127.2,30.7,18.95,Gemuk
12,L,146.7,35.6,16.53,Normal
7,P,115.7,19.0,14.17,Normal
10,P,132.0,30.8,17.66,Normal
7,L,118.7,19.3,13.67,Kurus
12,P,145.5,39.2,18.53,Gemuk
6,L,115.4,22.0,16.51,Normal
9,L,129.9,23.5,13.94,Kurus
9,P,129.7,27.1,16.09,Normal
7,P,118.8,18.0,12.75,Kurus
9,P,129.9,22.0,13.04,Kurus
10,P,130.0,28.9,17.08,Normal
9,P,127.9,33.7,20.59,Gemuk
11,L,142.2,35.6,17.61,Normal
10,P,135.1,32.0,17.51,Normal
8,L,121.2,26.8,18.22,Gemuk
10,L,139.1,34.1,17.6,Normal
10,L,134.0,36.1,20.08,Gemuk
10,L,136.4,28.5,15.34,Normal
12,P,142.3,39.8,19.66,Gemuk
6,L,113.3,17.0,13.24,Kurus
7,P,122.0,20.5,13.75,Kurus
11,L,140.9,35.3,17.79,Normal
7,P,119.8,22.8,15.91,Normal
9,P,128.5,25.5,15.44,Normal
10,P,136.9,37.3,19.89,Gemuk
8,L,125.8,21.3,13.48,Kurus
10,P,130.8,29.8,17.45,Normal
7,P,115.6,18.9,14.17,Normal
10,P,133.8,26.5,14.8,Normal
6,P,110.6,19.7,16.06,Normal
10,P,133.5,29.5,16.55,Normal
9,P,130.6,27.7,16.27,Normal
11,P,138.2,32.6,17.08,Normal
10,P,132.3,31.0,17.7,Normal
8,P,126.1,21.7,13.62,Kurus
8,L,127.7,22.4,13.74,Kurus
6,L,112.2,17.3,13.76,Kurus
12,P,143.6,39.3,19.07,Gemuk
8,L,121.8,21.3,14.34,Normal
7,P,116.9,21.1,15.41,Normal
12,P,147.5,37.6,17.29,Normal
12,L,148.7,35.3,15.98,Normal
9,L,127.9,30.4,18.6,Gemuk
8,P,125.0,24.9,15.92,Normal
6,L,112.1,18.8,15.01,Normal
10,P,133.0,31.2,17.66,Normal
8,L,122.4,26.9,17.92,Normal
8,P,119.5,25.8,18.08,Gemuk
10,P,137.4,25.7,13.62,Kurus
6,P,113.4,22.0,17.1,Normal
10,L,137.9,28.9,15.18,Normal
10,L,134.3,33.0,18.27,Gemuk
11,P,137.3,35.7,18.96,Gemuk
12,L,149.2,34.6,15.56,Normal
11,L,141.2,40.3,20.24,Gemuk
10,P,133.6,36.2,20.28,Gemuk
11,P,139.8,32.5,16.66,Normal
10,P,134.1,33.9,18.84,Gemuk
8,P,120.2,25.4,17.56,Normal
8,L,122.7,23.5,15.63,Normal
10,L,130.2,30.1,17.72,Normal
9,P,124.7,27.8,17.89,Normal
12,P,146.0,37.7,17.7,Normal
6,L,115.7,17.0,12.71,Kurus
10,P,137.9,30.9,16.23,Normal
8,L,124.7,24.2,15.54,Normal
7,L,116.3,21.5,15.87,Normal
11,L,141.0,35.2,17.7,Normal
6,P,118.0,17.0,12.21,Kurus
7,L,119.0,20.0,14.13,Normal
7,P,121.8,19.9,13.41,Kurus
10,L,129.2,34.0,20.38,Gemuk
11,P,139.0,32.9,17.05,Normal
7,L,121.8,24.0,16.16,Normal
6,L,114.6,18.7,14.26,Normal
10,L,128.0,29.2,17.83,Normal
12,L,149.5,33.8,15.1,Normal
9,L,128.5,32.9,19.95,Gemuk
11,P,138.8,34.1,17.71,Normal
11,L,140.2,38.4,19.55,Gemuk
6,P,112.8,22.0,17.28,Normal
12,L,151.2,41.1,17.97,Normal
8,L,119.9,23.1,16.1,Normal
11,L,138.0,31.8,16.67,Normal
11,P,140.7,35.2,17.77,Normal
9,L,127.4,26.1,16.07,Normal
12,P,148.9,39.9,18.0,Normal
6,P,111.0,20.5,16.64,Normal
9,L,129.6,23.8,14.16,Normal
9,L,129.2,27.5,16.46,Normal
7,L,117.1,22.5,16.43,Normal
8,P,123.7,27.8,18.19,Gemuk
10,L,138.0,30.5,16.01,Normal
7,P,120.2,25.0,17.32,Normal
12,P,146.7,38.6,17.93,Normal
12,L,145.3,36.2,17.15,Normal
12,L,143.0,41.8,20.41,Gemuk
8,L,118.4,22.2,15.86,Normal
7,P,119.8,24.6,17.14,Normal
11,P,140.1,32.2,16.4,Normal
12,L,145.7,38.9,18.3,Gemuk
7,P,122.1,24.3,16.33,Normal
9,P,125.5,31.6,20.06,Gemuk
7,L,123.0,25.0,16.52,Normal
9,L,130.8,26.4,15.45,Normal
7,P,120.3,22.3,15.39,Normal
9,P,129.1,25.0,15.03,Normal
8,P,124.7,25.8,16.6,Normal
12,P,149.2,40.6,18.24,Gemuk
8,L,119.2,25.2,17.76,Normal
10,P,135.5,29.1,15.87,Normal
11,L,140.8,37.0,18.67,Gemuk
8,P,123.9,28.6,18.65,Gemuk
12,P,146.1,39.8,18.64,Gemuk
6,P,115.0,17.0,12.86,Kurus
7,P,116.3,18.0,13.32,Kurus
6,P,113.6,17.0,13.18,Kurus
11,L,136.6,40.6,21.75,Gemuk
6,P,110.4,22.0,18.05,Gemuk
12,P,145.4,40.9,19.33,Gemuk
11,P,142.2,30.7,15.17,Normal
8,P,124.2,23.9,15.48,Normal
6,P,114.4,21.4,16.38,Normal
11,L,138.6,33.3,17.35,Normal
11,L,145.2,39.1,18.56,Gemuk
6,L,114.1,17.2,13.18,Kurus
6,P,112.0,19.8,15.77,Normal
8,L,118.0,20.0,14.36,Normal
12,P,145.9,39.6,18.61,Gemuk
12,P,149.0,38.4,17.28,Normal
8,P,125.6,25.4,16.12,Normal
9,L,130.4,27.4,16.11,Normal
8,L,126.6,28.2,17.6,Normal
10,L,135.0,34.2,18.78,Gemuk
8,P,120.7,20.6,14.15,Normal
8,L,127.4,25.1,15.45,Normal
10,P,136.3,31.8,17.11,Normal
8,L,119.9,25.4,17.69,Normal
11,L,141.0,38.0,19.14,Gemuk
9,P,129.5,31.2,18.58,Gemuk
9,L,132.2,32.9,18.84,Gemuk
10,P,134.0,35.4,19.75,Gemuk
7,P,119.1,19.7,13.86,Kurus
6,L,112.9,18.0,14.17,Normal
11,L,135.0,36.0,19.73,Gemuk
8,L,123.7,22.8,14.89,Normal
11,L,140.6,37.8,19.12,Gemuk
8,P,124.1,22.2,14.41,Normal
9,P,128.4,30.0,18.23,Gemuk
12,L,147.5,41.1,18.9,Gemuk
12,L,149.1,34.5,15.51,Normal
8,L,122.1,25.3,16.99,Normal
12,P,146.2,36.4,17.04,Normal
6,P,110.6,21.7,17.75,Normal
6,P,117.3,19.8,14.38,Normal
12,L,148.6,37.8,17.14,Normal
12,L,144.5,37.5,17.97,Normal
7,P,117.8,24.9,17.91,Normal
9,P,127.8,28.6,17.52,Normal
11,P,140.8,36.8,18.56,Gemuk
8,P,124.9,24.1,15.44,Normal
12,P,144.1,34.9,16.82,Normal
10,L,128.0,31.5,19.25,Gemuk
11,L,142.5,35.6,17.52,Normal
10,L,136.6,32.1,17.22,Normal
7,L,118.2,19.9,14.24,Normal
12,P,147.9,34.7,15.88,Normal
11,P,139.2,29.7,15.35,Normal
10,L,134.2,34.6,19.19,Gemuk
9,P,129.7,28.5,16.91,Normal
6,L,114.0,19.3,14.86,Normal
10,P,131.1,32.0,18.6,Gemuk
6,L,114.0,20.2,15.57,Normal
9,L,126.0,28.2,17.78,Normal
11,L,141.2,33.5,16.78,Normal
12,L,147.5,34.9,16.04,Normal
7,L,115.0,23.0,17.37,Normal
9,L,128.6,26.8,16.2,Normal
11,P,146.5,31.7,14.76,Normal
7,L,116.0,18.6,13.82,Kurus
7,P,122.2,21.3,14.23,Normal
10,P,138.4,34.6,18.04,Gemuk
6,P,110.0,17.6,14.53,Normal
12,L,145.8,36.6,17.23,Normal
11,P,140.6,35.8,18.09,Gemuk
9,P,129.7,22.0,13.08,Kurus
11,L,135.0,33.1,18.18,Gemuk
6,L,113.4,18.4,14.36,Normal
10,P,134.9,25.1,13.78,Kurus
7,L,118.1,22.1,15.85,Normal
11,L,137.3,36.6,19.4,Gemuk
12,P,145.5,37.2,17.58,Normal
7,L,116.4,18.0,13.28,Kurus
11,P,143.4,29.3,14.24,Normal
9,P,124.6,30.4,19.6,Gemuk
12,P,146.8,39.6,18.36,Gemuk
7,L,119.4,20.5,14.39,Normal
7,P,117.3,23.8,17.29,Normal
8,P,123.5,21.9,14.38,Normal
11,L,139.7,35.7,18.31,Gemuk
7,P,116.2,19.0,14.07,Normal
8,L,121.5,21.0,14.24,Normal
11,L,144.3,37.0,17.79,Normal
11,P,137.3,41.2,21.87,Gemuk
11,P,135.6,35.2,19.13,Gemuk
7,P,121.0,22.4,15.32,Normal
10,P,138.7,34.3,17.83,Normal
7,L,115.2,20.6,15.51,Normal
11,P,142.8,34.5,16.92,Normal
6,P,111.4,19.6,15.8,Normal
7,L,117.2,24.5,17.8,Normal
11,P,143.0,39.0,19.07,Gemuk
8,P,121.2,20.2,13.72,Kurus
12,P,143.2,31.0,15.13,Normal
9,P,126.0,27.5,17.32,Normal
12,P,145.1,38.3,18.18,Gemuk
12,P,148.7,38.4,17.37,Normal
6,L,115.0,17.0,12.86,Kurus
9,P,129.0,22.5,13.52,Kurus
11,P,135.9,37.2,20.13,Gemuk
8,L,122.7,27.4,18.22,Gemuk
6,P,116.1,17.0,12.62,Kurus
8,P,126.4,21.9,13.7,Kurus
9,L,131.5,29.9,17.29,Normal
8,L,123.2,22.8,15.02,Normal
12,L,149.6,36.8,16.46,Normal
12,P,145.8,38.3,18.01,Gemuk
12,L,148.6,44.6,20.19,Gemuk
10,L,131.3,25.4,14.7,Normal
12,P,146.1,40.1,18.79,Gemuk
11,L,140.7,31.6,15.96,Normal
8,L,125.5,24.1,15.3,Normal
12,P,140.0,44.1,22.52,Obesitas
7,P,113.0,21.9,17.17,Normal
10,L,134.7,33.7,18.58,Gemuk
11,P,143.2,35.4,17.27,Normal
9,L,128.6,27.6,16.72,Normal
7,P,120.8,22.9,15.68,Normal
12,P,142.4,41.9,20.66,Gemuk
9,P,129.0,31.0,18.64,Gemuk
7,P,116.8,21.2,15.51,Normal
11,P,136.6,35.3,18.91,Gemuk
11,P,144.3,32.3,15.51,Normal
8,L,121.3,20.5,13.91,Kurus
6,L,110.6,22.0,17.97,Normal
9,P,127.7,29.1,17.85,Normal
6,L,112.6,18.5,14.61,Normal
11,L,141.4,34.1,17.04,Normal
9,L,124.8,27.7,17.78,Normal
6,L,114.4,22.0,16.82,Normal
7,L,118.1,22.5,16.18,Normal
6,P,115.1,18.8,14.21,Normal
9,P,124.0,30.8,20.03,Gemuk
10,L,130.0,32.4,19.15,Gemuk
8,P,124.8,25.9,16.66,Normal
11,P,142.5,38.9,19.16,Gemuk
7,P,119.9,19.2,13.34,Kurus
8,L,119.9,29.0,20.18,Gemuk
7,L,115.3,18.0,13.53,Kurus
12,L,146.0,45.1,21.19,Gemuk
9,L,125.7,34.0,21.52,Gemuk
10,L,129.8,33.2,19.68,Gemuk
11,L,138.6,36.0,18.72,Gemuk
7,P,120.9,18.2,12.46,Kurus
12,P,145.6,39.4,18.58,Gemuk
8,P,121.7,20.8,14.03,Normal
9,P,126.5,26.6,16.65,Normal
6,P,111.0,17.6,14.3,Normal
7,L,121.1,19.1,13.02,Kurus
9,P,126.6,31.8,19.82,Gemuk
10,L,134.9,30.6,16.85,Normal
12,L,145.1,41.7,19.79,Gemuk
8,P,125.5,28.8,18.27,Gemuk
11,L,137.8,36.1,18.98,Gemuk
11,L,142.9,38.7,18.93,Gemuk
12,P,142.4,39.0,19.24,Gemuk
8,L,118.0,23.1,16.56,Normal
9,P,125.3,25.1,15.98,Normal
6,P,113.9,17.0,13.11,Kurus
8,L,127.5,21.5,13.21,Kurus
7,P,116.8,21.6,15.85,Normal
7,P,115.5,21.0,15.76,Normal
8,L,120.6,22.4,15.39,Normal
11,P,143.5,34.4,16.71,Normal
10,L,137.2,30.0,15.96,Normal
6,L,111.0,19.8,16.09,Normal
6,L,115.0,19.6,14.83,Normal
7,L,117.1,25.0,18.23,Gemuk
9,P,128.9,25.1,15.12,Normal
7,L,118.5,19.1,13.62,Kurus
8,P,122.8,29.0,19.25,Gemuk
9,P,128.0,29.8,18.19,Gemuk
11,L,137.4,36.3,19.2,Gemuk
11,L,144.5,38.9,18.61,Gemuk
12,L,144.4,34.3,16.47,Normal
11,P,141.6,37.4,18.65,Gemuk
12,P,142.4,35.5,17.52,Normal
11,L,139.7,39.4,20.22,Gemuk
7,L,116.3,21.6,15.97,Normal
10,L,133.9,33.0,18.4,Gemuk
9,L,131.3,28.8,16.73,Normal
12,L,142.6,42.6,20.96,Gemuk
9,L,129.3,24.1,14.42,Normal
10,P,136.2,29.8,16.04,Normal
6,P,113.3,22.0,17.13,Normal
11,L,142.6,41.1,20.23,Gemuk
6,P,117.1,22.0,16.05,Normal
12,P,145.3,34.1,16.16,Normal
8,L,121.7,20.0,13.5,Kurus
9,P,130.8,29.8,17.41,Normal
11,L,141.5,35.7,17.83,Normal
8,P,122.3,27.1,18.13,Gemuk
12,P,144.9,39.9,19.02,Gemuk
7,P,120.8,22.3,15.25,Normal
11,L,136.6,41.3,22.12,Obesitas
7,P,118.9,22.5,15.91,Normal
7,P,118.6,18.0,12.79,Kurus
8,P,124.6,26.5,17.08,Normal
12,P,146.0,33.8,15.88,Normal
9,L,123.2,27.3,17.95,Normal
9,L,125.0,30.1,19.28,Gemuk
8,P,121.1,20.0,13.65,Kurus
9,L,127.1,26.3,16.26,Normal
11,L,141.6,37.7,18.8,Gemuk
7,P,117.4,24.6,17.81,Normal
11,L,140.7,40.3,20.37,Gemuk
11,L,140.2,30.9,15.69,Normal
9,L,130.8,24.0,14.03,Normal
12,L,141.4,41.2,20.62,Gemuk
8,L,120.3,25.7,17.73,Normal
11,P,145.9,35.5,16.67,Normal
12,L,143.8,39.8,19.24,Gemuk
6,L,114.7,19.6,14.88,Normal
6,L,113.8,19.5,15.05,Normal
7,P,119.6,19.8,13.88,Kurus
7,L,117.5,23.0,16.7,Normal
12,L,144.0,39.9,19.23,Gemuk
8,P,122.7,26.0,17.31,Normal
7,P,119.5,23.0,16.07,Normal
12,L,147.7,37.4,17.14,Normal
11,L,141.1,32.1,16.14,Normal
7,P,116.5,22.6,16.64,Normal
7,L,118.3,21.2,15.15,Normal
8,L,124.2,21.7,14.09,Normal
8,L,122.2,24.6,16.48,Normal
12,P,145.3,39.4,18.65,Gemuk
11,P,137.3,34.3,18.2,Gemuk
11,P,137.0,32.2,17.16,Normal
12,P,148.7,40.5,18.32,Gemuk
6,P,114.1,22.0,16.91,Normal
8,L,128.0,28.9,17.66,Normal
8,L,119.8,23.2,16.2,Normal
6,P,112.6,17.0,13.4,Kurus
11,L,143.0,35.6,17.42,Normal
8,P,126.4,26.0,16.29,Normal
11,L,142.7,32.8,16.1,Normal
10,L,135.9,28.3,15.31,Normal
12,P,146.7,37.3,17.31,Normal
6,L,110.3,18.0,14.78,Normal
11,L,144.0,35.2,16.99,Normal
9,L,130.5,25.7,15.07,Normal
6,P,114.5,20.2,15.42,Normal
10,L,138.1,35.8,18.8,Gemuk
9,P,131.2,25.7,14.9,Normal
8,P,122.3,25.2,16.85,Normal
7,P,121.1,22.0,15.01,Normal
6,P,114.1,19.4,14.87,Normal
7,L,116.0,22.9,16.97,Normal
7,L,118.8,25.0,17.71,Normal
7,L,116.3,23.0,16.98,Normal
7,P,120.6,23.8,16.35,Normal
8,L,123.8,25.7,16.78,Normal
11,L,144.5,33.8,16.17,Normal
7,L,115.8,23.7,17.65,Normal
6,L,118.0,17.0,12.21,Kurus
7,L,120.8,25.0,17.12,Normal
8,L,123.2,27.7,18.22,Gemuk
8,P,127.7,25.1,15.41,Normal
9,L,129.2,22.3,13.36,Kurus
12,L,144.3,39.6,19.01,Gemuk
10,L,129.9,33.1,19.61,Gemuk
7,P,121.7,25.0,16.87,Normal
12,L,146.0,41.1,19.27,Gemuk
8,P,123.4,22.9,15.01,Normal
10,L,132.0,32.9,18.87,Gemuk
8,P,121.5,21.2,14.37,Normal
6,P,113.4,20.7,16.08,Normal
8,L,122.5,28.3,18.85,Gemuk
10,L,134.1,32.7,18.16,Gemuk
11,P,141.9,31.3,15.54,Normal
8,P,121.5,21.3,14.45,Normal
12,P,147.6,36.5,16.74,Normal
9,P,125.9,26.4,16.65,Normal
7,P,118.2,19.0,13.62,Kurus
9,L,129.2,27.8,16.69,Normal
8,L,122.6,22.9,15.24,Normal
12,L,143.8,43.3,20.93,Gemuk
8,L,125.9,22.0,13.89,Kurus
10,L,136.5,32.7,17.57,Normal
9,L,132.2,31.2,17.85,Normal
8,P,120.8,25.0,17.15,Normal
12,P,149.0,40.8,18.38,Gemuk
9,L,129.3,28.3,16.9,Normal
9,P,128.2,30.0,18.28,Gemuk
10,L,138.1,29.0,15.22,Normal
10,L,133.8,35.9,20.07,Gemuk
10,L,132.7,27.8,15.81,Normal
9,L,125.1,26.2,16.77,Normal
6,P,113.9,17.9,13.82,Kurus
11,P,140.1,41.8,21.32,Gemuk
10,L,130.8,34.0,19.9,Gemuk
6,L,112.9,22.0,17.26,Normal
6,P,114.8,19.3,14.65,Normal
6,L,112.6,22.0,17.34,Normal
11,L,143.2,35.6,17.38,Normal
9,P,130.3,29.0,17.08,Normal
10,P,133.9,30.3,16.89,Normal
10,L,138.3,32.1,16.77,Normal
10,L,132.7,27.6,15.67,Normal
10,P,133.0,33.0,18.65,Gemuk
7,L,116.3,25.0,18.48,Gemuk
6,L,113.6,22.0,17.04,Normal
12,L,146.4,45.7,21.29,Gemuk
11,L,137.5,34.8,18.43,Gemuk
7,L,119.1,18.1,12.77,Kurus
12,L,141.6,40.8,20.36,Gemuk
10,P,129.4,30.9,18.47,Gemuk
6,P,116.4,17.0,12.55,Kurus
9,P,124.3,33.0,21.35,Gemuk
8,L,123.8,20.9,13.65,Kurus
11,P,144.6,40.9,19.58,Gemuk
10,P,128.6,31.8,19.25,Gemuk
12,L,152.0,38.0,16.45,Normal
10,P,136.3,25.7,13.81,Kurus
12,L,145.1,32.5,15.42,Normal
10,L,133.1,32.4,18.26,Gemuk
12,L,145.9,39.4,18.5,Gemuk
12,L,148.0,40.8,18.63,Gemuk
12,L,146.6,37.0,17.2,Normal
9,P,127.2,29.1,17.97,Normal
10,P,134.3,27.8,15.39,Normal
8,L,120.2,22.1,15.34,Normal
11,L,142.2,36.8,18.22,Gemuk
9,P,125.1,31.4,20.1,Gemuk
10,P,136.4,33.6,18.04,Gemuk
12,P,148.1,39.2,17.88,Normal
8,L,121.7,24.8,16.71,Normal
11,P,142.7,34.3,16.85,Normal
7,L,117.8,21.0,15.13,Normal
11,L,142.3,37.8,18.66,Gemuk
7,P,117.1,18.0,13.14,Kurus
11,P,145.5,36.2,17.07,Normal
9,L,129.4,24.5,14.65,Normal
11,L,140.5,34.5,17.46,Normal
10,L,136.6,32.5,17.42,Normal
7,P,114.8,21.3,16.18,Normal
9,P,129.8,32.7,19.42,Gemuk
12,P,149.8,41.5,18.51,Gemuk
11,P,141.5,31.6,15.77,Normal
12,P,147.1,37.8,17.48,Normal
10,L,132.3,32.8,18.74,Gemuk
7,L,120.0,24.1,16.75,Normal
6,P,112.6,20.1,15.84,Normal
8,L,121.3,26.6,18.06,Gemuk
10,P,130.6,34.3,20.1,Gemuk
9,L,127.9,25.6,15.68,Normal
8,P,120.4,24.0,16.55,Normal
6,P,113.6,17.0,13.16,Kurus
6,L,112.0,17.0,13.55,Kurus
12,L,148.1,38.7,17.67,Normal
12,L,142.6,39.1,19.25,Gemuk
6,P,112.5,17.0,13.44,Kurus
6,P,117.2,17.0,12.38,Kurus
10,P,134.9,30.2,16.6,Normal
9,P,127.7,31.6,19.38,Gemuk
6,L,117.8,22.0,15.85,Normal
12,P,143.9,36.9,17.81,Normal
9,L,128.7,30.5,18.42,Gemuk
7,L,114.5,20.5,15.61,Normal
9,P,126.2,25.8,16.2,Normal
8,L,124.8,24.8,15.92,Normal
6,L,114.7,17.0,12.92,Kurus
8,P,123.5,26.2,17.18,Normal
12,P,140.0,37.5,19.13,Gemuk
8,L,122.8,23.8,15.83,Normal
12,L,148.6,42.4,19.2,Gemuk
11,P,138.7,39.5,20.55,Gemuk
8,L,126.7,29.0,18.08,Gemuk
9,P,124.4,24.0,15.5,Normal
12,P,147.1,40.7,18.82,Gemuk
6,L,116.6,18.5,13.58,Kurus
9,P,128.1,23.9,14.59,Normal
11,L,138.8,38.3,19.86,Gemuk
12,L,146.4,38.5,17.98,Normal
10,L,132.3,28.4,16.22,Normal
12,L,145.5,39.0,18.41,Gemuk
8,L,128.0,28.3,17.27,Normal
8,L,123.4,27.9,18.33,Gemuk
9,L,126.8,27.8,17.26,Normal
7,L,121.7,21.3,14.34,Normal
7,P,121.0,22.7,15.51,Normal
12,P,143.2,36.9,17.99,Normal
9,P,126.5,22.7,14.21,Normal
12,L,150.9,36.3,15.92,Normal
9,P,130.3,31.3,18.46,Gemuk
11,P,143.6,34.9,16.93,Normal
6,L,112.7,21.3,16.76,Normal
11,L,142.6,31.3,15.39,Normal
6,P,116.7,17.0,12.48,Kurus
11,P,143.3,33.2,16.17,Normal
7,P,117.4,22.7,16.44,Normal
12,L,150.9,37.7,16.55,Normal
11,L,141.9,37.9,18.85,Gemuk
12,L,141.4,34.2,17.12,Normal
11,L,136.2,36.4,19.6,Gemuk
12,P,144.9,36.0,17.13,Normal
9,P,126.2,25.5,16.04,Normal
6,P,112.7,17.8,14.01,Normal
9,L,127.9,29.2,17.86,Normal
9,P,130.2,30.9,18.2,Gemuk
12,P,149.8,45.4,20.2,Gemuk
7,P,116.8,18.0,13.2,Kurus
12,P,144.1,41.3,19.9,Gemuk
11,L,143.1,34.0,16.62,Normal
8,L,124.4,29.0,18.73,Gemuk
7,P,117.2,20.0,14.59,Normal
7,P,116.5,18.1,13.31,Kurus
11,L,140.8,36.4,18.35,Gemuk
6,L,112.9,18.5,14.52,Normal
6,L,117.0,22.0,16.08,Normal
7,L,121.9,19.1,12.85,Kurus
7,P,116.4,23.3,17.2,Normal
7,L,115.6,24.7,18.53,Gemuk
8,L,122.5,25.3,16.83,Normal
9,P,127.2,28.1,17.33,Normal
8,P,121.8,24.7,16.62,Normal
12,L,144.6,44.9,21.47,Gemuk
11,P,141.1,37.8,18.97,Gemuk
9,L,127.3,23.4,14.46,Normal
12,L,144.7,36.4,17.38,Normal
8,L,123.9,22.6,14.75,Normal
10,L,135.1,33.6,18.4,Gemuk
8,L,121.2,26.7,18.2,Gemuk
7,L,121.2,24.7,16.83,Normal
12,L,149.6,38.1,17.02,Normal
7,P,120.6,19.1,13.14,Kurus
9,P,127.2,26.9,16.61,Normal
12,L,145.6,41.5,19.58,Gemuk
8,L,120.1,26.6,18.44,Gemuk
7,L,118.9,20.8,14.69,Normal
12,L,147.0,44.1,20.39,Gemuk
9,P,126.0,23.5,14.8,Normal
9,P,127.0,25.1,15.54,Normal
9,L,132.8,25.1,14.25,Normal
8,P,126.6,23.2,14.46,Normal
7,L,117.4,22.2,16.09,Normal
6,P,114.7,22.0,16.74,Normal
6,P,112.4,17.0,13.46,Kurus
6,L,111.7,19.6,15.68,Normal
7,P,119.9,19.6,13.67,Kurus
12,P,144.6,33.9,16.23,Normal
7,L,120.2,24.3,16.82,Normal
7,P,116.4,23.1,17.09,Normal
10,P,130.1,33.8,19.95,Gemuk
9,P,125.2,26.5,16.92,Normal
12,L,149.6,41.8,18.65,Gemuk
9,P,125.6,28.1,17.78,Normal
11,P,137.7,37.7,19.89,Gemuk
6,P,118.0,22.0,15.8,Normal
11,P,146.3,35.6,16.62,Normal
12,P,145.5,41.2,19.44,Gemuk
8,L,126.4,27.8,17.43,Normal
8,L,118.0,25.4,18.21,Gemuk
9,P,127.4,29.4,18.13,Gemuk
6,P,114.9,22.0,16.67,Normal
9,P,129.0,31.9,19.18,Gemuk
8,L,122.6,21.4,14.23,Normal
10,P,135.3,33.2,18.16,Gemuk
11,P,141.4,28.3,14.16,Normal
9,L,129.2,29.6,17.72,Normal
12,L,144.8,38.1,18.18,Gemuk
10,P,133.8,31.8,17.76,Normal
8,L,122.2,22.2,14.88,Normal
9,P,125.3,31.0,19.75,Gemuk
12,L,147.5,42.1,19.34,Gemuk
9,L,129.3,28.3,16.96,Normal
6,L,114.1,17.4,13.37,Kurus
6,P,112.1,17.0,13.52,Kurus
11,P,141.3,37.8,18.92,Gemuk
6,P,116.7,19.6,14.38,Normal
12,L,147.6,39.0,17.93,Normal
7,P,119.1,21.5,15.18,Normal
9,L,127.9,26.7,16.32,Normal
8,L,121.0,28.0,19.15,Gemuk
12,P,140.0,37.8,19.27,Gemuk
10,L,131.1,33.2,19.32,Gemuk
6,L,115.1,17.4,13.11,Kurus
8,L,119.3,22.9,16.11,Normal
10,P,135.6,27.4,14.89,Normal
6,L,114.3,18.5,14.16,Normal
9,P,131.9,30.9,17.75,Normal
9,L,126.7,24.2,15.06,Normal
7,P,118.7,23.9,16.95,Normal
10,P,133.7,30.5,17.08,Normal
8,P,124.5,23.6,15.2,Normal
9,P,128.6,28.4,17.18,Normal
6,L,111.8,22.0,17.6,Normal
9,L,129.9,23.5,13.91,Kurus
7,P,117.8,25.0,18.01,Gemuk
12,P,142.2,40.3,19.91,Gemuk
8,P,122.4,27.9,18.62,Gemuk
11,L,142.4,34.4,16.96,Normal
7,P,117.1,19.7,14.39,Normal
6,L,117.7,20.8,15.0,Normal
9,P,126.7,27.9,17.36,Normal
8,L,122.0,24.1,16.18,Normal
9,P,129.1,27.1,16.24,Normal
7,P,118.5,21.3,15.2,Normal
10,L,136.3,32.5,17.51,Normal
9,L,123.1,25.8,17.05,Normal
7,L,117.8,19.1,13.76,Kurus
6,P,113.9,20.1,15.48,Normal
10,L,134.9,34.2,18.81,Gemuk
12,P,143.2,44.2,21.55,Gemuk
11,P,140.3,33.5,16.99,Normal
10,P,132.1,30.2,17.33,Normal
12,L,142.2,39.3,19.43,Gemuk
6,P,118.0,18.5,13.29,Kurus
8,L,126.3,21.2,13.27,Kurus
12,L,144.2,41.7,20.05,Gemuk
8,L,124.9,24.1,15.44,Normal
9,L,126.5,25.0,15.62,Normal
8,L,120.5,20.6,14.23,Normal
8,P,123.0,21.4,14.15,Normal
8,P,119.8,29.0,20.21,Gemuk
11,L,144.0,32.0,15.43,Normal
8,L,125.5,28.5,18.09,Gemuk
6,L,117.9,17.0,12.22,Kurus
8,P,121.9,24.8,16.68,Normal
8,L,122.9,27.5,18.18,Gemuk
10,P,135.2,31.0,16.96,Normal
9,P,128.8,27.1,16.34,Normal
10,L,133.4,29.8,16.74,Normal
8,L,119.7,23.7,16.56,Normal
10,P,134.9,28.9,15.87,Normal
6,P,113.7,18.2,14.04,Normal
10,L,132.6,31.0,17.6,Normal
10,L,138.0,27.8,14.59,Normal
8,L,120.4,22.5,15.55,Normal
11,L,135.5,35.5,19.34,Gemuk
11,P,139.9,36.7,18.76,Gemuk
8,L,121.8,22.2,14.96,Normal
8,P,119.2,29.0,20.4,Gemuk
12,P,145.8,44.0,20.73,Gemuk
8,P,125.0,24.1,15.4,Normal
8,L,123.0,21.7,14.35,Normal
11,P,142.0,30.3,15.01,Normal
8,P,123.6,27.5,18.01,Gemuk
12,P,146.5,41.7,19.43,Gemuk
10,L,131.9,33.8,19.39,Gemuk
9,P,129.8,28.4,16.84,Normal
7,P,115.9,25.0,18.61,Gemuk
6,P,110.4,17.2,14.15,Normal
7,P,122.1,19.5,13.08,Kurus
10,P,133.8,35.4,19.76,Gemuk
10,P,131.6,30.6,17.63,Normal
8,P,124.9,29.0,18.6,Gemuk
12,L,146.0,40.1,18.8,Gemuk
12,P,144.7,38.5,18.4,Gemuk
8,P,123.3,26.3,17.32,Normal
7,L,120.6,21.0,14.44,Normal
8,P,122.6,25.2,16.75,Normal
11,L,143.5,36.0,17.5,Normal
10,P,133.9,35.8,19.94,Gemuk
9,L,125.3,24.8,15.78,Normal
9,P,129.1,25.3,15.16,Normal
7,L,117.1,23.3,17.01,Normal
10,L,131.2,32.9,19.09,Gemuk
6,L,115.5,17.0,12.75,Kurus
7,P,120.1,21.1,14.62,Normal
10,L,131.8,30.6,17.63,Normal
12,P,150.1,42.9,19.07,Gemuk
12,L,144.9,38.6,18.38,Gemuk
8,L,124.4,25.1,16.23,Normal
8,L,121.3,21.2,14.43,Normal
11,P,140.1,38.4,19.54,Gemuk
11,L,141.5,32.0,15.97,Normal
6,L,116.4,19.8,14.58,Normal
9,P,126.6,30.8,19.2,Gemuk
11,L,140.0,31.2,15.94,Normal
7,P,114.2,22.3,17.11,Normal
6,P,117.3,17.3,12.56,Kurus
10,P,134.5,25.1,13.9,Kurus
12,L,144.6,43.2,20.66,Gemuk
9,P,130.4,25.6,15.07,Normal
6,L,114.0,17.0,13.07,Kurus
7,P,120.6,18.0,12.38,Kurus
12,L,144.9,38.4,18.27,Gemuk
11,L,140.9,34.7,17.47,Normal
7,P,119.8,25.0,17.41,Normal
10,P,135.4,35.3,19.26,Gemuk
10,L,130.9,32.0,18.67,Gemuk
11,L,139.8,34.4,17.6,Normal
7,P,122.6,22.0,14.65,Normal
11,L,140.6,38.8,19.62,Gemuk
10,L,137.0,27.0,14.41,Normal
12,P,142.9,38.9,19.04,Gemuk
10,L,136.4,32.3,17.33,Normal
10,P,132.3,27.8,15.88,Normal
9,L,129.7,29.9,17.79,Normal
8,L,123.4,20.0,13.13,Kurus
9,P,128.5,22.3,13.5,Kurus
11,L,140.6,29.7,15.03,Normal
9,L,125.0,34.0,21.76,Gemuk
6,P,113.0,18.7,14.63,Normal
9,P,128.4,25.8,15.68,Normal
6,L,115.2,20.3,15.27,Normal
12,P,147.5,42.0,19.31,Gemuk
12,L,149.0,41.1,18.52,Gemuk
7,L,120.8,21.4,14.65,Normal
12,L,144.1,37.0,17.83,Normal
12,L,143.1,40.3,19.69,Gemuk
12,P,144.3,37.7,18.11,Gemuk
10,P,134.7,30.7,16.92,Normal
9,P,127.9,23.8,14.54,Normal
7,L,118.5,25.0,17.8,Normal
9,L,125.1,26.4,16.87,Normal
7,L,120.9,25.0,17.11,Normal
12,L,147.2,35.8,16.55,Normal
11,P,142.9,37.2,18.24,Gemuk
10,L,134.3,30.3,16.81,Normal
12,L,148.2,37.4,17.02,Normal
9,L,128.7,22.8,13.73,Kurus
7,L,114.2,25.0,19.18,Gemuk
8,P,120.4,24.6,16.97,Normal
10,P,135.1,32.0,17.52,Normal
9,L,130.5,28.8,16.88,Normal
11,L,143.4,35.4,17.22,Normal
8,L,124.7,23.2,14.95,Normal
6,L,113.3,22.0,17.13,Normal
10,L,139.3,30.6,15.76,Normal
10,P,134.2,28.3,15.73,Normal
11,L,142.1,37.5,18.56,Gemuk
7,P,116.5,24.0,17.69,Normal
7,P,120.6,21.4,14.74,Normal
8,P,122.9,26.3,17.42,Normal
12,P,142.9,37.7,18.47,Gemuk
9,L,124.9,27.3,17.49,Normal
8,P,122.5,24.7,16.44,Normal
8,P,126.0,20.2,12.71,Kurus
12,P,142.0,38.1,18.91,Gemuk
6,L,118.0,18.7,13.4,Kurus
12,L,145.0,35.7,16.98,Normal
9,L,133.0,27.1,15.3,Normal
10,L,135.4,26.9,14.67,Normal
6,L,114.6,20.1,15.28,Normal
8,L,122.5,20.6,13.71,Kurus
10,L,131.2,32.0,18.57,Gemuk
6,P,118.0,18.1,12.99,Kurus
9,P,123.8,26.0,16.99,Normal
6,P,117.4,18.6,13.48,Kurus
12,P,147.5,41.6,19.11,Gemuk
7,L,117.0,25.0,18.26,Gemuk
12,L,147.4,37.8,17.4,Normal
11,L,141.1,38.2,19.2,Gemuk
12,L,148.9,42.8,19.3,Gemuk
12,L,145.0,41.7,19.83,Gemuk
9,P,128.3,27.1,16.49,Normal
7,P,119.4,18.4,12.92,Kurus
8,P,124.5,25.4,16.43,Normal
7,L,113.0,19.3,15.15,Normal
7,L,117.2,18.0,13.11,Kurus
6,L,118.0,18.3,13.11,Kurus
6,L,111.9,21.3,17.01,Normal
12,L,145.0,37.0,17.57,Normal
6,P,115.0,17.2,13.02,Kurus
8,L,124.2,24.6,15.96,Normal
7,P,113.0,24.7,19.38,Gemuk
8,P,121.3,20.7,14.08,Normal
7,L,115.0,23.9,18.03,Gemuk
12,P,143.7,36.5,17.7,Normal
7,L,115.9,18.4,13.68,Kurus
7,P,121.6,18.0,12.17,Kurus
9,L,124.9,28.3,18.15,Gemuk
7,L,118.7,25.0,17.73,Normal
9,L,130.7,32.1,18.8,Gemuk
9,L,131.3,26.6,15.42,Normal
6,P,114.6,19.3,14.71,Normal
8,P,118.0,25.0,17.95,Normal
9,L,127.8,34.0,20.81,Gemuk
6,P,112.5,19.3,15.25,Normal
6,P,117.6,17.0,12.29,Kurus
7,P,117.1,23.7,17.3,Normal
12,L,148.4,37.9,17.2,Normal
9,P,128.7,23.0,13.89,Kurus
8,L,123.7,29.0,18.95,Gemuk
6,P,116.7,17.0,12.48,Kurus
9,P,125.3,30.2,19.24,Gemuk
9,L,126.0,27.2,17.15,Normal
6,L,112.2,21.2,16.84,Normal
6,P,114.7,17.0,12.92,Kurus
7,L,122.7,25.0,16.59,Normal
11,P,140.4,39.0,19.75,Gemuk
6,P,111.3,17.0,13.72,Kurus
6,P,115.0,21.6,16.37,Normal
12,P,144.6,40.6,19.41,Gemuk
10,L,131.5,25.0,14.46,Normal
9,L,127.8,26.5,16.25,Normal
8,P,122.1,24.4,16.38,Normal
8,L,120.7,26.1,17.87,Normal
10,L,136.2,32.2,17.35,Normal
6,P,112.1,19.3,15.36,Normal
10,P,134.5,30.0,16.61,Normal
10,L,135.3,30.8,16.83,Normal
7,L,117.0,19.9,14.55,Normal
9,P,125.9,27.6,17.43,Normal
11,P,140.8,31.8,16.04,Normal
8,L,122.4,29.0,19.34,Gemuk
8,P,120.5,24.6,16.96,Normal
9,P,128.1,22.1,13.49,Kurus
7,L,113.3,21.8,16.97,Normal
10,L,136.7,32.6,17.44,Normal
7,L,120.6,20.6,14.19,Normal
6,P,114.8,22.0,16.68,Normal
6,L,115.2,22.0,16.57,Normal
12,L,147.4,38.0,17.51,Normal
8,L,127.4,24.0,14.8,Normal
8,L,124.3,28.7,18.61,Gemuk
10,L,132.8,29.9,16.98,Normal
12,P,142.5,38.3,18.88,Gemuk
11,L,141.4,37.1,18.57,Gemuk
7,L,117.3,25.0,18.18,Gemuk
8,L,119.5,26.7,18.72,Gemuk
6,L,113.9,21.8,16.79,Normal
10,P,134.2,27.2,15.1,Normal
10,L,132.6,27.8,15.82,Normal
7,P,123.0,19.6,12.99,Kurus
8,L,123.2,28.0,18.46,Gemuk
12,L,148.4,43.5,19.75,Gemuk
11,P,141.6,34.9,17.42,Normal
7,L,121.4,18.0,12.22,Kurus
10,P,130.3,31.2,18.37,Gemuk
7,L,118.7,24.2,17.2,Normal
6,P,116.7,17.3,12.7,Kurus
10,P,135.0,31.9,17.5,Normal
10,P,131.8,33.7,19.41,Gemuk
11,L,138.7,31.9,16.57,Normal
12,P,144.9,39.9,19.0,Gemuk
8,P,121.6,22.8,15.41,Normal
12,L,144.7,36.7,17.52,Normal
11,L,138.7,36.2,18.81,Gemuk
6,L,111.1,21.0,16.98,Normal
12,L,143.3,42.9,20.86,Gemuk
6,L,114.6,19.9,15.13,Normal
8,P,125.7,23.8,15.09,Normal
10,L,131.8,32.9,18.92,Gemuk
6,P,118.0,18.8,13.47,Kurus
10,P,134.1,31.3,17.42,Normal
10,P,132.2,32.6,18.67,Gemuk
11,P,139.8,38.4,19.63,Gemuk
9,L,123.0,29.3,19.36,Gemuk
8,P,121.6,23.6,15.97,Normal
11,L,142.4,37.4,18.46,Gemuk
7,P,120.6,24.1,16.54,Normal
7,L,115.5,21.3,15.95,Normal
7,L,120.8,25.0,17.13,Normal
8,P,123.9,25.8,16.79,Normal
11,P,139.7,39.4,20.2,Gemuk
9,P,128.4,26.9,16.33,Normal
12,P,145.0,42.2,20.09,Gemuk
6,P,112.8,17.1,13.48,Kurus
9,P,129.0,26.3,15.81,Normal
6,P,112.1,18.6,14.79,Normal
9,P,130.5,22.0,12.92,Kurus
10,P,133.7,31.3,17.53,Normal
7,P,119.5,24.4,17.08,Normal
8,L,124.0,24.1,15.71,Normal
11,L,139.2,35.5,18.29,Gemuk
10,L,131.1,32.6,18.95,Gemuk
12,P,147.1,39.1,18.07,Gemuk
7,P,121.8,18.0,12.12,Kurus
10,L,134.7,29.9,16.51,Normal
9,P,126.0,29.0,18.27,Gemuk
12,P,144.7,36.5,17.44,Normal
10,L,133.7,31.8,17.77,Normal
9,P,128.5,30.0,18.16,Gemuk
6,L,116.4,20.3,14.95,Normal
11,L,137.6,37.5,19.8,Gemuk
10,P,133.9,30.6,17.06,Normal
11,L,141.1,35.0,17.59,Normal
10,L,140.0,34.9,17.8,Normal
11,L,139.2,33.2,17.11,Normal
12,L,145.4,39.4,18.64,Gemuk
9,L,129.6,24.6,14.64,Normal
7,L,117.9,22.7,16.37,Normal
7,P,119.9,20.2,14.07,Normal
11,L,139.7,33.1,16.94,Normal
11,P,141.3,42.5,21.25,Gemuk
6,P,113.0,17.0,13.32,Kurus
9,L,124.6,28.4,18.29,Gemuk
6,P,117.9,19.8,14.27,Normal
7,P,118.8,22.2,15.75,Normal
9,L,127.7,25.0,15.33,Normal
6,L,117.0,18.3,13.4,Kurus
10,P,131.5,33.2,19.21,Gemuk
12,L,147.4,39.4,18.15,Gemuk
10,L,132.9,30.9,17.53,Normal
9,L,126.4,27.3,17.1,Normal
11,L,142.1,33.6,16.66,Normal
10,P,132.2,31.3,17.92,Normal
10,P,131.8,35.7,20.55,Gemuk
10,L,133.6,26.9,15.06,Normal
6,P,112.7,17.0,13.37,Kurus
8,L,122.4,26.7,17.8,Normal
9,L,125.8,25.9,16.39,Normal
9,P,128.0,30.6,18.66,Gemuk
8,L,122.7,28.0,18.61,Gemuk
7,L,115.8,25.0,18.65,Gemuk
12,L,145.4,41.1,19.44,Gemuk
10,P,134.5,27.7,15.31,Normal
12,P,148.2,36.0,16.39,Normal
11,L,142.4,35.3,17.39,Normal
7,L,117.7,21.1,15.25,Normal
12,L,146.3,36.1,16.87,Normal
12,L,146.8,37.5,17.4,Normal
6,L,112.3,17.0,13.48,Kurus
12,L,147.5,43.5,19.98,Gemuk
9,P,127.5,25.9,15.93,Normal
11,L,140.4,31.9,16.17,Normal
9,L,126.4,24.7,15.43,Normal
9,P,127.7,27.9,17.12,Normal
10,P,132.7,34.4,19.55,Gemuk
12,P,147.3,35.9,16.56,Normal
6,P,114.6,17.0,12.94,Kurus
6,L,110.9,17.0,13.82,Kurus
12,L,144.8,40.5,19.33,Gemuk
11,L,138.5,36.4,18.97,Gemuk
12,P,148.0,44.6,20.37,Gemuk
9,L,126.7,26.4,16.46,Normal
8,P,124.5,24.5,15.8,Normal
12,L,148.2,35.8,16.28,Normal
7,L,117.7,24.7,17.85,Normal
10,P,134.3,32.9,18.26,Gemuk
9,L,129.9,30.4,18.04,Gemuk
6,L,118.0,22.0,15.8,Normal
8,L,118.6,23.8,16.94,Normal
7,P,118.1,23.9,17.14,Normal
8,P,122.3,25.1,16.77,Normal
12,L,146.8,38.1,17.69,Normal
11,L,145.8,36.5,17.16,Normal
11,L,143.8,37.7,18.22,Gemuk
8,L,121.5,24.2,16.43,Normal
10,P,134.3,33.0,18.3,Gemuk
10,P,136.4,27.5,14.75,Normal
10,L,128.0,28.1,17.16,Normal
9,L,124.8,25.9,16.65,Normal
8,L,124.0,28.2,18.33,Gemuk
8,P,125.1,23.0,14.68,Normal
12,P,142.8,40.5,19.83,Gemuk
9,L,127.5,28.0,17.21,Normal
6,P,114.1,17.0,13.06,Kurus
9,L,132.5,27.5,15.7,Normal
6,L,113.6,18.7,14.46,Normal
9,L,123.2,24.3,16.02,Normal
11,P,139.0,33.7,17.47,Normal
12,P,145.0,38.8,18.43,Gemuk
11,P,140.9,34.1,17.17,Normal
7,P,119.3,20.5,14.38,Normal
12,L,145.1,39.0,18.52,Gemuk
12,L,148.1,34.7,15.83,Normal
8,L,127.0,23.5,14.59,Normal
9,L,128.7,31.4,18.94,Gemuk
10,P,136.4,33.4,17.96,Normal
11,L,144.5,31.7,15.15,Normal
10,P,133.0,31.2,17.64,Normal
7,P,117.5,25.0,18.12,Gemuk
6,P,114.3,20.7,15.82,Normal
6,P,110.0,18.6,15.37,Normal
12,P,148.9,42.2,19.04,Gemuk
11,L,137.8,31.9,16.82,Normal
10,L,134.8,26.5,14.59,Normal
12,L,145.7,36.0,16.98,Normal
9,L,129.9,28.1,16.65,Normal
9,P,128.6,29.1,17.64,Normal
12,P,150.4,43.3,19.11,Gemuk
12,L,148.6,39.8,18.02,Gemuk
6,P,114.6,17.0,12.94,Kurus
12,P,145.3,43.6,20.62,Gemuk
12,P,147.6,39.8,18.26,Gemuk
11,L,143.9,33.4,16.15,Normal
6,P,113.2,19.0,14.83,Normal
7,L,118.4,18.0,12.85,Kurus
12,L,144.9,39.2,18.66,Gemuk
9,P,130.3,25.2,14.88,Normal
6,L,113.8,17.0,13.12,Kurus
6,P,118.0,17.6,12.65,Kurus
8,L,126.1,22.9,14.42,Normal
9,L,130.0,28.3,16.72,Normal
12,P,141.6,37.5,18.71,Gemuk
11,P,135.9,36.6,19.79,Gemuk
7,L,118.3,20.9,14.92,Normal
10,P,135.3,31.1,16.99,Normal
7,P,119.3,19.2,13.49,Kurus
8,P,122.4,20.0,13.34,Kurus
10,P,134.1,31.2,17.35,Normal
6,L,114.4,17.8,13.58,Kurus
7,L,123.0,19.7,13.03,Kurus
8,P,125.3,24.9,15.86,Normal
6,P,110.8,17.0,13.84,Kurus
6,P,110.0,21.4,17.69,Normal
7,L,116.8,20.9,15.32,Normal
6,L,113.6,17.0,13.17,Kurus
9,P,124.7,30.5,19.64,Gemuk
11,L,140.8,32.0,16.13,Normal
8,P,120.8,29.0,19.87,Gemuk
8,P,119.7,29.0,20.23,Gemuk
7,P,116.8,20.9,15.35,Normal
6,L,112.3,22.0,17.44,Normal
12,P,149.7,40.2,17.97,Normal
10,P,135.6,31.9,17.35,Normal
12,L,141.4,41.4,20.68,Gemuk
6,P,111.3,17.0,13.73,Kurus
12,L,144.5,35.9,17.2,Normal
11,L,140.1,42.6,21.68,Gemuk
9,L,126.5,33.0,20.64,Gemuk
7,L,120.5,18.5,12.75,Kurus
11,P,139.3,37.9,19.55,Gemuk
6,P,113.8,21.6,16.68,Normal
10,L,131.4,36.1,20.94,Gemuk
11,P,142.0,34.3,16.98,Normal
10,P,133.3,25.0,14.06,Normal
10,L,134.9,32.1,17.64,Normal
12,P,146.9,37.5,17.37,Normal
10,L,129.7,33.9,20.14,Gemuk
8,P,123.5,25.8,16.95,Normal
11,L,142.0,31.3,15.54,Normal
12,L,145.8,36.3,17.05,Normal
11,P,142.0,33.0,16.38,Normal
10,P,136.5,35.9,19.28,Gemuk
7,P,117.7,20.1,14.53,Normal
11,L,143.2,34.8,16.99,Normal
6,P,112.8,22.0,17.3,Normal
8,L,119.2,23.2,16.36,Normal
10,P,134.8,30.4,16.76,Normal
10,P,136.4,34.7,18.64,Gemuk
10,L,133.0,25.0,14.14,Normal
6,L,111.7,22.0,17.63,Normal
8,P,120.2,25.8,17.87,Normal
8,P,122.3,23.4,15.64,Normal
8,L,123.9,24.8,16.17,Normal
10,P,134.6,29.6,16.35,Normal
6,L,110.0,18.5,15.33,Normal
7,L,117.2,20.4,14.87,Normal
9,L,123.0,28.2,18.63,Gemuk
8,L,124.0,29.0,18.87,Gemuk
9,P,128.6,26.1,15.77,Normal
11,P,136.4,38.0,20.4,Gemuk
10,L,134.4,30.7,16.99,Normal
8,L,127.3,24.6,15.19,Normal
9,L,126.4,30.8,19.27,Gemuk
12,L,147.0,41.6,19.25,Gemuk
6,P,113.9,17.0,13.11,Kurus
11,P,141.1,32.6,16.36,Normal
10,L,136.2,33.7,18.14,Gemuk
11,P,139.7,36.0,18.45,Gemuk
7,P,117.1,23.6,17.22,Normal
12,P,147.7,38.8,17.78,Normal
8,P,121.3,23.1,15.67,Normal
7,P,117.2,21.5,15.68,Normal
10,P,133.3,34.7,19.54,Gemuk
10,L,134.0,29.3,16.33,Normal
12,L,149.0,43.9,19.79,Gemuk
11,P,139.9,35.6,18.18,Gemuk
12,P,141.0,39.9,20.06,Gemuk
9,P,125.8,29.8,18.78,Gemuk
7,P,113.5,25.0,19.39,Gemuk
9,P,126.6,28.7,17.9,Normal
7,P,118.0,24.3,17.44,Normal
6,L,115.4,22.0,16.51,Normal
10,L,130.6,35.9,21.02,Gemuk
8,L,123.8,24.4,15.91,Normal
12,L,141.5,43.9,21.9,Gemuk
10,L,129.3,30.4,18.22,Gemuk
11,P,141.1,41.6,20.89,Gemuk
9,L,127.8,25.9,15.85,Normal
7,L,121.2,25.0,17.01,Normal
9,L,129.1,26.0,15.61,Normal
12,L,143.3,39.3,19.11,Gemuk
12,P,145.4,39.7,18.79,Gemuk
12,P,146.3,43.3,20.25,Gemuk
7,P,113.3,19.8,15.42,Normal
11,P,143.3,32.9,16.0,Normal
6,P,112.3,22.0,17.44,Normal
6,L,117.6,17.7,12.77,Kurus
7,P,115.6,20.9,15.59,Normal
12,P,149.5,38.6,17.24,Normal
12,P,148.4,45.9,20.83,Gemuk
10,P,133.4,34.5,19.35,Gemuk
9,P,126.8,30.9,19.24,Gemuk
6,L,113.4,17.0,13.22,Kurus
10,P,133.4,35.1,19.73,Gemuk
6,P,112.0,17.0,13.56,Kurus
8,P,123.5,24.6,16.12,Normal
8,L,122.0,25.4,17.1,Normal
9,L,130.9,32.5,18.99,Gemuk
12,P,144.5,38.6,18.48,Gemuk
10,L,134.2,31.6,17.52,Normal
10,L,132.2,29.4,16.83,Normal
10,L,134.1,33.8,18.82,Gemuk
11,P,140.6,32.6,16.5,Normal
6,P,114.0,22.0,16.92,Normal
10,P,131.7,32.0,18.42,Gemuk
7,P,116.5,25.0,18.42,Gemuk
9,L,128.3,25.8,15.68,Normal
9,L,125.8,26.1,16.49,Normal
11,L,141.0,35.5,17.88,Normal
12,P,146.8,41.2,19.11,Gemuk
6,L,111.8,17.0,13.59,Kurus
7,L,117.1,22.4,16.33,Normal
9,L,127.3,31.1,19.16,Gemuk
12,P,144.5,39.8,19.05,Gemuk
11,P,141.3,37.1,18.58,Gemuk
11,P,137.2,35.8,19.03,Gemuk
10,P,135.5,30.3,16.51,Normal
11,L,141.0,34.0,17.11,Normal
6,L,113.0,21.6,16.95,Normal
6,P,110.1,19.7,16.22,Normal
12,P,150.9,36.7,16.09,Normal
8,P,120.7,25.3,17.37,Normal
9,P,126.5,31.3,19.54,Gemuk
12,P,145.5,34.6,16.37,Normal
8,P,120.1,24.6,17.07,Normal
11,L,144.1,35.3,17.01,Normal
8,P,122.1,26.3,17.65,Normal
11,P,141.9,37.5,18.62,Gemuk
10,P,133.3,29.8,16.77,Normal
9,P,123.4,29.3,19.24,Gemuk
9,L,130.3,30.1,17.75,Normal
8,L,123.4,29.0,19.05,Gemuk
8,L,118.2,26.6,19.08,Gemuk
9,P,124.7,30.2,19.43,Gemuk
12,L,146.6,40.1,18.65,Gemuk
12,P,144.9,38.7,18.41,Gemuk
11,L,141.0,37.8,19.0,Gemuk
8,P,123.1,20.0,13.21,Kurus
8,P,126.1,26.4,16.61,Normal
10,L,135.9,33.5,18.13,Gemuk
9,P,127.8,24.8,15.17,Normal
7,L,113.8,23.1,17.81,Normal
10,L,140.0,32.3,16.46,Normal
8,L,123.3,24.0,15.76,Normal
6,P,118.0,22.0,15.8,Normal
12,P,148.8,36.4,16.45,Normal
6,P,113.6,21.9,16.94,Normal
6,P,116.0,17.4,12.96,Kurus
8,L,128.0,21.8,13.29,Kurus
11,L,143.5,29.6,14.39,Normal
7,L,117.2,18.0,13.09,Kurus
6,L,115.1,17.0,12.82,Kurus
12,L,144.3,42.9,20.59,Gemuk
12,L,140.8,41.8,21.09,Gemuk
10,L,130.5,31.5,18.52,Gemuk
9,P,128.6,24.2,14.63,Normal
7,L,117.8,20.8,14.96,Normal
6,L,114.5,18.0,13.69,Kurus
7,P,116.9,25.0,18.28,Gemuk
11,P,137.6,35.7,18.87,Gemuk
11,L,142.3,35.8,17.66,Normal
6,P,113.3,19.5,15.16,Normal
11,P,136.1,34.5,18.64,Gemuk
8,P,124.2,20.5,13.31,Kurus
12,L,143.0,39.7,19.41,Gemuk
11,L,137.7,33.0,17.41,Normal
10,P,137.2,33.0,17.54,Normal
6,P,113.7,19.7,15.25,Normal
7,L,116.2,18.0,13.35,Kurus
7,L,116.3,25.0,18.49,Gemuk
10,P,136.6,33.3,17.86,Normal
11,P,145.2,35.8,16.96,Normal
12,L,144.9,39.4,18.77,Gemuk
8,P,121.1,25.2,17.2,Normal
8,P,121.3,21.2,14.43,Normal
12,P,143.9,37.0,17.84,Normal
6,L,115.2,17.0,12.8,Kurus
7,L,116.6,25.0,18.4,Gemuk
12,L,150.0,38.3,17.02,Normal
10,L,137.1,28.5,15.14,Normal
9,L,131.2,25.8,14.96,Normal
11,P,138.3,34.3,17.95,Normal
6,L,112.7,18.3,14.43,Normal
9,P,133.0,26.5,14.97,Normal
12,P,142.9,39.3,19.24,Gemuk
12,L,145.9,38.3,18.02,Gemuk
8,L,126.5,27.4,17.09,Normal
6,L,115.3,19.2,14.48,Normal
7,L,121.6,18.7,12.63,Kurus
12,P,149.1,36.6,16.47,Normal
11,P,141.4,35.6,17.81,Normal
10,L,130.1,31.6,18.7,Gemuk
7,P,118.3,25.0,17.87,Normal
12,L,144.5,33.8,16.17,Normal
7,L,116.1,22.0,16.31,Normal
10,P,136.5,28.5,15.33,Normal
12,L,150.4,37.9,16.75,Normal
9,P,127.7,27.7,17.0,Normal
10,L,133.7,34.3,19.22,Gemuk
9,P,124.7,26.5,17.04,Normal
9,L,132.8,27.9,15.79,Normal
9,L,126.0,29.0,18.28,Gemuk
10,P,138.7,37.2,19.33,Gemuk
7,L,117.2,19.6,14.24,Normal
10,P,136.5,25.4,13.66,Kurus
11,P,141.7,31.5,15.68,Normal
7,L,115.2,22.8,17.18,Normal
6,P,113.0,20.0,15.66,Normal
12,P,145.3,46.2,21.88,Gemuk
11,P,138.0,41.2,21.62,Gemuk
10,P,137.3,32.0,16.98,Normal
6,P,113.5,17.1,13.26,Kurus
11,L,144.6,37.9,18.12,Gemuk
8,P,125.7,21.4,13.54,Kurus
6,P,111.9,17.9,14.33,Normal
8,P,124.3,22.7,14.71,Normal
9,L,130.1,28.2,16.69,Normal
8,P,123.5,27.1,17.74,Normal
8,L,123.4,29.0,19.04,Gemuk
9,P,127.4,30.4,18.73,Gemuk
12,P,143.6,33.8,16.4,Normal
9,P,127.8,26.5,16.22,Normal
7,L,119.5,18.7,13.07,Kurus
8,P,127.9,20.8,12.69,Kurus
11,P,141.3,34.7,17.37,Normal
9,P,130.5,31.5,18.51,Gemuk
10,P,134.5,25.9,14.3,Normal
10,L,135.4,33.3,18.17,Gemuk
9,P,126.5,29.1,18.2,Gemuk
11,L,141.8,36.0,17.91,Normal
7,L,117.3,25.0,18.17,Gemuk
12,L,143.7,40.6,19.67,Gemuk
12,P,142.1,40.8,20.22,Gemuk
10,P,134.4,32.8,18.15,Gemuk
11,L,140.3,37.1,18.85,Gemuk
12,L,146.2,35.7,16.7,Normal
10,P,137.4,29.1,15.43,Normal
11,P,139.9,35.8,18.31,Gemuk
11,L,138.0,37.9,19.89,Gemuk
8,P,119.3,20.0,14.04,Normal
8,L,124.7,24.8,15.94,Normal
7,L,118.5,22.6,16.09,Normal
10,L,134.3,35.6,19.72,Gemuk
6,P,114.7,19.4,14.72,Normal
9,L,128.5,29.1,17.63,Normal
12,L,148.4,44.3,20.13,Gemuk
10,L,135.7,27.2,14.77,Normal
11,L,138.2,36.8,19.25,Gemuk
11,P,142.6,40.1,19.73,Gemuk
11,L,135.9,37.9,20.53,Gemuk
7,L,123.0,18.8,12.42,Kurus
12,P,148.1,43.0,19.59,Gemuk
11,P,140.3,38.2,19.38,Gemuk
12,L,144.1,41.7,20.1,Gemuk
11,P,137.8,33.9,17.84,Normal
8,L,125.3,29.0,18.47,Gemuk
11,L,138.8,32.8,17.0,Normal
7,L,115.7,24.3,18.16,Gemuk
7,L,118.8,22.8,16.18,Normal
8,L,120.4,29.0,20.0,Gemuk
7,P,118.0,20.9,15.03,Normal
8,P,123.5,24.6,16.11,Normal
9,P,123.0,31.4,20.75,Gemuk
7,P,120.9,23.0,15.73,Normal
9,L,126.8,33.4,20.76,Gemuk
12,L,145.2,30.0,14.22,Normal
12,L,143.2,31.2,15.2,Normal
12,P,141.8,36.5,18.15,Gemuk
8,P,123.6,20.0,13.12,Kurus
6,P,113.0,17.0,13.32,Kurus
9,P,123.3,27.7,18.23,Gemuk
8,P,124.1,23.4,15.19,Normal
9,L,125.5,29.8,18.93,Gemuk
7,L,122.0,20.6,13.82,Kurus
11,P,140.2,34.3,17.46,Normal
10,P,136.5,28.4,15.26,Normal
8,P,123.6,23.4,15.3,Normal
10,L,133.6,31.6,17.68,Normal
7,L,113.6,25.0,19.36,Gemuk
12,P,143.7,41.0,19.86,Gemuk
11,L,137.5,33.7,17.85,Normal
9,L,123.0,22.1,14.6,Normal
12,P,145.5,37.5,17.74,Normal
6,P,114.1,22.0,16.89,Normal
8,L,119.9,21.4,14.91,Normal
11,L,138.4,37.2,19.42,Gemuk
8,P,125.6,23.9,15.18,Normal
7,P,119.6,25.0,17.49,Normal
11,L,141.9,36.3,18.01,Gemuk
12,L,149.0,35.4,15.96,Normal
11,P,140.4,32.6,16.53,Normal
6,L,112.2,22.0,17.49,Normal
6,P,113.6,22.0,17.06,Normal
7,P,115.9,23.6,17.53,Normal
12,L,145.6,37.6,17.77,Normal
12,L,148.3,39.3,17.89,Normal
10,L,131.4,32.1,18.57,Gemuk
9,P,127.0,24.1,14.93,Normal
10,L,135.1,30.7,16.83,Normal
6,P,115.0,17.0,12.86,Kurus
8,P,120.2,21.9,15.17,Normal
9,P,127.3,27.7,17.07,Normal
8,L,122.0,22.7,15.23,Normal
12,P,146.2,39.7,18.58,Gemuk
10,L,135.8,28.9,15.66,Normal
12,P,148.0,39.8,18.2,Gemuk
12,P,141.6,38.0,18.96,Gemuk
12,P,148.9,36.6,16.5,Normal
8,L,122.0,24.5,16.45,Normal
12,L,145.6,39.6,18.67,Gemuk
8,L,126.7,24.3,15.15,Normal
6,P,118.0,19.5,14.04,Normal
12,P,147.0,39.4,18.24,Gemuk
7,L,120.5,20.2,13.92,Kurus
8,L,118.0,20.0,14.36,Normal
10,P,134.5,30.5,16.86,Normal
8,L,122.3,28.7,19.16,Gemuk
11,P,140.6,39.5,20.01,Gemuk
12,L,148.5,41.6,18.87,Gemuk
6,P,116.4,20.4,15.08,Normal
9,P,125.9,24.5,15.45,Normal
11,P,135.7,38.0,20.62,Gemuk
10,P,128.8,31.9,19.27,Gemuk
8,P,123.9,20.0,13.03,Kurus
12,P,148.7,37.9,17.17,Normal
12,L,145.1,37.4,17.78,Normal
6,P,113.2,17.0,13.26,Kurus
10,P,133.5,32.6,18.27,Gemuk
6,P,112.2,19.2,15.22,Normal
8,P,122.1,26.1,17.55,Normal
8,L,124.7,27.2,17.48,Normal
8,L,122.8,21.5,14.24,Normal
7,P,120.7,24.5,16.8,Normal
12,L,148.6,41.4,18.76,Gemuk
9,P,125.1,31.8,20.28,Gemuk
7,P,117.5,21.1,15.32,Normal
12,L,145.7,44.7,21.06,Gemuk
10,P,134.2,33.8,18.79,Gemuk
12,L,151.5,38.7,16.86,Normal
11,L,141.8,32.7,16.25,Normal
7,P,118.6,18.0,12.79,Kurus
6,L,116.5,22.0,16.22,Normal
10,P,131.5,33.2,19.2,Gemuk
8,P,123.0,25.3,16.68,Normal
12,P,148.1,46.1,21.04,Gemuk
7,L,117.8,22.5,16.21,Normal
8,P,127.3,20.0,12.34,Kurus
6,P,113.5,18.9,14.65,Normal
9,L,127.9,32.3,19.74,Gemuk
8,L,119.4,26.0,18.24,Gemuk
10,L,132.4,28.9,16.47,Normal
6,P,112.8,22.0,17.29,Normal
9,L,128.0,24.3,14.86,Normal
11,P,142.6,34.8,17.12,Normal
7,P,123.0,23.4,15.48,Normal
7,P,118.5,23.6,16.81,Normal
7,P,118.5,18.6,13.23,Kurus
6,P,114.3,18.0,13.79,Kurus
7,L,118.6,25.0,17.78,Normal
7,P,118.3,20.3,14.48,Normal
10,L,132.2,30.5,17.44,Normal
11,P,141.7,35.4,17.61,Normal
11,L,143.8,32.5,15.71,Normal
6,P,112.7,20.0,15.72,Normal
11,L,141.1,36.9,18.55,Gemuk
11,P,142.3,37.6,18.58,Gemuk
6,P,115.8,19.3,14.4,Normal
9,L,130.0,30.4,18.0,Gemuk
8,P,122.3,25.2,16.85,Normal
6,L,115.3,21.2,15.93,Normal
8,P,122.0,28.9,19.44,Gemuk
7,L,116.2,18.0,13.32,Kurus
9,L,129.9,27.6,16.37,Normal
12,L,146.1,37.4,17.55,Normal
12,P,147.7,41.1,18.82,Gemuk
7,P,117.7,25.0,18.04,Gemuk
9,L,130.9,23.6,13.79,Kurus
6,L,115.1,17.0,12.84,Kurus
6,P,114.8,21.3,16.19,Normal
12,P,144.5,41.3,19.77,Gemuk
11,L,138.6,36.0,18.75,Gemuk
6,P,111.8,18.3,14.61,Normal
7,P,118.9,24.1,17.02,Normal
10,P,135.8,35.2,19.12,Gemuk
12,P,147.4,37.5,17.29,Normal
6,L,111.2,21.2,17.15,Normal
12,L,146.7,37.2,17.31,Normal
10,L,134.5,32.3,17.85,Normal
10,P,140.0,38.0,19.39,Gemuk
10,P,129.5,29.8,17.77,Normal
9,L,126.5,30.7,19.2,Gemuk
9,P,131.2,26.5,15.4,Normal
11,L,140.6,28.0,14.16,Normal
10,P,135.9,32.0,17.32,Normal
7,P,116.1,21.2,15.71,Normal
7,P,120.0,21.1,14.64,Normal
6,P,115.8,18.7,13.92,Kurus
11,P,139.2,34.7,17.91,Normal
6,P,114.9,22.0,16.65,Normal
6,L,113.2,19.9,15.55,Normal
11,L,144.8,36.2,17.25,Normal
10,P,135.0,32.6,17.88,Normal
8,L,119.6,25.0,17.46,Normal
7,P,115.2,20.1,15.17,Normal
7,P,114.8,19.1,14.46,Normal
10,P,133.1,30.5,17.24,Normal
11,L,141.2,34.8,17.44,Normal
7,P,121.8,19.5,13.13,Kurus
9,L,127.4,26.9,16.53,Normal
7,P,117.4,25.0,18.14,Gemuk
11,P,138.5,33.0,17.19,Normal
6,L,110.9,19.7,16.05,Normal
6,P,110.0,22.0,18.18,Gemuk
6,P,113.7,20.9,16.14,Normal
7,P,121.4,25.0,16.97,Normal
11,L,141.8,40.9,20.32,Gemuk
10,P,133.5,31.7,17.8,Normal
12,P,145.3,35.0,16.57,Normal
11,L,144.2,36.5,17.57,Normal
8,P,123.7,29.0,18.95,Gemuk
12,P,145.2,37.7,17.87,Normal
7,P,118.2,24.5,17.5,Normal
7,L,116.9,18.0,13.17,Kurus
9,P,126.8,26.2,16.27,Normal
12,L,152.0,36.7,15.86,Normal
7,L,118.0,23.1,16.6,Normal
6,L,114.0,20.5,15.79,Normal
10,P,135.5,30.7,16.72,Normal
11,L,143.9,40.7,19.67,Gemuk
6,L,111.4,18.9,15.25,Normal
9,L,129.6,28.8,17.14,Normal
12,L,148.8,40.7,18.41,Gemuk
11,L,139.0,40.9,21.2,Gemuk
8,L,125.9,27.1,17.11,Normal
6,L,116.5,20.3,14.96,Normal
7,P,119.2,23.3,16.42,Normal
10,L,131.3,30.1,17.46,Normal
7,L,119.4,24.1,16.87,Normal
12,P,148.0,39.3,17.93,Normal
12,P,147.4,41.3,19.03,Gemuk
9,P,132.2,26.6,15.2,Normal
10,L,137.3,31.5,16.7,Normal
6,L,111.7,18.8,15.12,Normal
7,L,119.2,18.0,12.68,Kurus
9,L,129.5,27.4,16.34,Normal
10,P,138.1,30.1,15.79,Normal
12,L,149.4,39.2,17.59,Normal
10,L,136.7,31.7,17.0,Normal
12,L,146.0,36.5,17.12,Normal
10,L,133.2,31.8,17.9,Normal
12,L,143.5,38.5,18.68,Gemuk
6,L,116.8,19.6,14.34,Normal
10,L,132.2,38.0,21.74,Gemuk
8,L,123.3,22.7,14.94,Normal
6,P,111.1,22.0,17.82,Normal
12,L,143.6,37.6,18.24,Gemuk
12,P,143.9,38.3,18.49,Gemuk
11,P,137.8,35.0,18.46,Gemuk
11,L,140.9,39.7,19.99,Gemuk
6,L,111.3,20.4,16.46,Normal
11,L,140.6,32.5,16.44,Normal
11,L,144.6,37.0,17.68,Normal
9,L,128.4,27.4,16.6,Normal
8,L,125.8,26.0,16.44,Normal
7,L,114.2,21.5,16.51,Normal
12,L,142.9,36.2,17.74,Normal
11,P,138.9,38.1,19.77,Gemuk
9,P,124.3,29.1,18.85,Gemuk
12,L,144.2,41.9,20.14,Gemuk
6,L,113.9,22.0,16.96,Normal
9,P,125.9,32.8,20.7,Gemuk
8,L,123.7,20.8,13.58,Kurus
10,L,133.6,31.2,17.47,Normal
10,L,134.3,29.3,16.27,Normal
11,P,137.1,36.7,19.52,Gemuk
9,P,127.4,31.9,19.67,Gemuk
10,L,138.4,25.0,13.06,Kurus
9,P,124.7,22.1,14.19,Normal
12,L,144.5,34.8,16.68,Normal
9,P,126.2,27.8,17.43,Normal
12,P,146.1,39.7,18.6,Gemuk
8,L,122.8,26.5,17.57,Normal
6,P,115.5,17.5,13.16,Kurus
7,L,123.0,24.2,15.97,Normal
12,L,147.3,42.9,19.79,Gemuk
9,L,127.6,28.0,17.19,Normal
12,P,143.5,35.9,17.46,Normal
12,P,143.9,36.1,17.46,Normal
12,L,142.7,38.8,19.03,Gemuk
9,L,128.4,29.2,17.69,Normal
11,L,138.9,35.9,18.64,Gemuk
6,L,117.8,18.3,13.19,Kurus
7,P,116.9,24.0,17.59,Normal
9,P,129.9,25.3,14.99,Normal
6,L,118.0,18.5,13.3,Kurus
10,P,138.8,34.8,18.08,Gemuk
11,P,146.4,36.8,17.15,Normal
11,L,143.0,36.5,17.83,Normal
6,P,116.4,17.1,12.64,Kurus
6,L,110.9,21.2,17.25,Normal
10,L,132.7,34.6,19.67,Gemuk
11,L,141.3,37.7,18.89,Gemuk
10,P,136.7,31.9,17.06,Normal
6,P,117.5,19.0,13.75,Kurus
9,L,128.8,22.0,13.26,Kurus
11,L,139.6,38.6,19.81,Gemuk
11,L,142.8,29.9,14.65,Normal
11,P,137.9,38.5,20.22,Gemuk
9,L,132.2,28.6,16.38,Normal
11,L,142.2,31.3,15.45,Normal
6,L,116.3,17.0,12.56,Kurus
8,P,122.3,20.5,13.7,Kurus
10,L,129.0,33.6,20.18,Gemuk
12,L,145.6,38.8,18.28,Gemuk
7,P,118.5,23.3,16.61,Normal
9,L,128.1,24.5,14.93,Normal
11,P,137.8,32.1,16.9,Normal
8,P,127.2,23.6,14.56,Normal
6,L,118.0,17.0,12.21,Kurus
6,P,115.1,22.0,16.6,Normal
10,L,134.1,28.9,16.08,Normal
12,L,146.7,41.6,19.32,Gemuk
11,L,141.6,36.6,18.25,Gemuk
9,P,127.4,28.5,17.57,Normal
10,P,136.3,32.0,17.24,Normal
8,P,120.2,26.3,18.21,Gemuk
8,L,126.3,26.8,16.79,Normal
11,L,138.9,33.6,17.39,Normal
7,L,121.9,21.7,14.59,Normal
6,L,118.0,17.0,12.21,Kurus
10,P,128.0,32.7,19.96,Gemuk
11,P,139.7,33.8,17.32,Normal
12,L,146.1,38.7,18.13,Gemuk
6,L,111.9,17.8,14.19,Normal
6,P,115.6,22.0,16.47,Normal
9,P,133.0,26.0,14.71,Normal
12,L,145.4,34.4,16.3,Normal
8,L,123.5,24.7,16.21,Normal
12,P,144.6,39.0,18.64,Gemuk
8,L,126.0,24.3,15.28,Normal
7,L,119.7,25.0,17.45,Normal
10,P,133.5,29.7,16.65,Normal
11,L,136.9,41.3,22.04,Obesitas
10,P,132.1,28.0,16.04,Normal
9,L,128.5,28.8,17.42,Normal
10,P,131.6,32.6,18.79,Gemuk
6,L,112.9,18.7,14.69,Normal
12,L,144.9,37.2,17.71,Normal
10,L,131.7,31.1,17.97,Normal
9,L,128.9,30.0,18.02,Gemuk
6,P,112.3,17.0,13.47,Kurus
8,P,124.5,21.0,13.52,Kurus
7,L,120.1,25.0,17.32,Normal
8,L,122.1,21.9,14.65,Normal
10,L,133.3,31.7,17.86,Normal
8,P,124.2,26.6,17.21,Normal
8,L,119.7,28.3,19.72,Gemuk
11,L,140.1,32.3,16.44,Normal
8,L,123.0,23.8,15.74,Normal
12,L,144.3,40.8,19.58,Gemuk
12,P,148.1,37.8,17.25,Normal
11,P,140.9,38.1,19.19,Gemuk
7,L,119.2,18.2,12.78,Kurus
8,L,120.1,23.0,15.95,Normal
7,L,115.9,19.6,14.6,Normal
8,L,120.8,21.8,14.94,Normal
10,P,136.7,33.9,18.16,Gemuk
11,L,139.2,37.9,19.57,Gemuk
7,P,120.1,25.0,17.35,Normal
9,L,132.6,29.3,16.65,Normal
8,L,122.1,23.9,16.04,Normal
9,P,129.5,25.7,15.31,Normal
7,L,123.0,22.4,14.82,Normal
12,P,151.6,44.6,19.4,Gemuk
9,L,128.2,26.8,16.28,Normal
12,L,149.8,40.3,17.98,Normal
7,L,117.0,25.0,18.26,Gemuk
9,P,128.6,26.1,15.76,Normal
12,P,149.0,37.4,16.85,Normal
9,P,125.5,23.7,15.06,Normal
7,P,119.4,22.2,15.58,Normal
6,L,113.5,22.0,17.06,Normal
9,P,131.5,24.6,14.25,Normal
8,L,121.6,24.1,16.32,Normal
10,L,135.6,31.7,17.26,Normal
7,P,117.6,20.4,14.74,Normal
7,P,118.9,20.7,14.68,Normal
11,L,147.0,37.4,17.29,Normal
12,P,147.8,39.0,17.83,Normal
10,P,135.4,31.6,17.24,Normal
11,L,145.2,35.9,17.01,Normal
10,L,131.9,27.8,15.95,Normal
6,P,112.2,20.6,16.38,Normal
6,P,116.6,22.0,16.19,Normal
12,P,147.2,38.7,17.87,Normal
12,L,142.4,42.9,21.16,Gemuk
9,P,127.3,24.1,14.87,Normal
11,L,139.6,37.0,18.98,Gemuk
9,L,129.3,24.0,14.36,Normal
9,L,126.6,24.5,15.3,Normal
9,L,128.7,25.0,15.09,Normal
12,L,146.1,36.7,17.21,Normal
10,L,132.2,30.9,17.71,Normal
12,P,149.0,47.1,21.22,Gemuk
8,P,121.9,23.1,15.55,Normal
10,P,133.8,29.6,16.55,Normal
8,P,122.6,26.0,17.32,Normal
11,L,142.3,31.6,15.63,Normal
12,L,143.1,40.5,19.79,Gemuk
8,P,121.9,28.8,19.38,Gemuk
11,P,139.7,34.8,17.87,Normal
10,P,137.8,31.8,16.77,Normal
8,L,124.2,29.0,18.81,Gemuk
12,L,146.0,41.6,19.5,Gemuk
11,P,143.4,33.7,16.37,Normal
7,L,119.0,21.4,15.08,Normal
9,L,128.4,24.2,14.66,Normal
11,P,136.9,34.2,18.24,Gemuk
8,L,123.5,29.0,19.02,Gemuk
9,L,127.4,24.2,14.92,Normal
7,P,113.2,22.4,17.48,Normal
9,L,132.3,28.3,16.15,Normal
11,P,139.8,29.9,15.29,Normal
9,P,125.2,27.0,17.22,Normal
11,L,138.9,31.6,16.35,Normal
7,P,117.5,23.5,17.0,Normal
11,L,142.9,36.3,17.76,Normal
8,L,120.2,27.2,18.85,Gemuk
7,L,118.5,23.9,17.0,Normal
12,L,148.5,38.4,17.4,Normal
10,P,133.0,29.3,16.58,Normal
10,P,137.5,31.9,16.88,Normal
12,L,146.8,37.7,17.5,Normal
11,L,143.2,36.4,17.73,Normal
8,L,125.2,20.0,12.76,Kurus
6,P,115.1,19.5,14.74,Normal
12,P,142.7,38.4,18.86,Gemuk
10,L,135.4,34.2,18.64,Gemuk
8,L,124.1,24.6,15.96,Normal
9,P,127.8,31.7,19.4,Gemuk
8,L,124.5,24.7,15.92,Normal
12,L,142.4,41.3,20.34,Gemuk
8,P,125.1,22.1,14.13,Normal
6,L,113.4,22.0,17.09,Normal
8,L,125.3,23.6,15.01,Normal
9,P,127.2,29.6,18.29,Gemuk
11,P,142.1,35.9,17.79,Normal
9,P,124.8,26.1,16.78,Normal
10,L,128.6,36.4,22.03,Obesitas
11,L,138.0,29.9,15.72,Normal
12,L,144.8,40.8,19.47,Gemuk
12,P,141.4,38.3,19.15,Gemuk
9,L,128.6,27.9,16.87,Normal
9,L,127.2,26.2,16.23,Normal
9,L,132.8,30.3,17.16,Normal
8,P,123.9,24.7,16.07,Normal
6,L,114.3,21.5,16.47,Normal
12,P,142.7,33.9,16.65,Normal
7,L,119.6,18.9,13.22,Kurus
10,P,133.9,29.8,16.65,Normal
6,L,113.6,19.3,14.92,Normal
6,P,111.6,19.0,15.28,Normal
9,P,128.6,23.8,14.37,Normal
6,L,115.4,17.0,12.76,Kurus
6,L,116.2,18.6,13.79,Kurus
11,L,139.9,35.0,17.85,Normal
11,L,140.5,33.9,17.18,Normal
12,P,143.7,42.6,20.64,Gemuk
6,P,113.4,19.2,14.95,Normal
9,P,123.7,27.9,18.27,Gemuk
7,L,114.9,21.7,16.47,Normal
11,P,144.6,37.2,17.77,Normal
7,P,118.6,19.5,13.88,Kurus
7,P,118.4,20.5,14.63,Normal
8,L,125.6,25.4,16.09,Normal
10,L,134.0,31.4,17.5,Normal
12,P,144.8,41.1,19.63,Gemuk
11,P,141.9,37.5,18.6,Gemuk
8,P,123.3,21.1,13.88,Kurus
9,P,125.7,26.6,16.87,Normal
9,L,124.9,23.8,15.24,Normal
11,P,141.7,38.8,19.32,Gemuk
8,P,124.0,26.0,16.9,Normal
11,P,140.7,37.0,18.71,Gemuk
10,P,132.2,32.9,18.79,Gemuk
8,P,121.1,27.2,18.57,Gemuk
11,L,140.3,35.3,17.96,Normal
8,L,125.1,21.0,13.4,Kurus
12,L,150.4,38.6,17.07,Normal
10,L,128.0,28.6,17.46,Normal
6,P,115.7,19.4,14.49,Normal
6,P,114.3,17.0,13.02,Kurus
9,P,129.2,28.0,16.75,Normal
11,L,139.2,33.5,17.3,Normal
6,L,115.2,21.5,16.23,Normal
7,P,118.9,23.7,16.78,Normal
11,P,142.8,41.2,20.17,Gemuk
12,L,144.3,44.3,21.29,Gemuk
8,L,125.3,22.3,14.16,Normal
8,P,125.6,29.0,18.37,Gemuk
11,L,140.8,35.2,17.74,Normal
10,P,133.9,28.9,16.15,Normal
8,L,125.0,22.1,14.16,Normal
11,L,141.7,35.0,17.44,Normal
11,P,137.6,33.3,17.59,Normal
8,P,121.0,23.9,16.36,Normal
6,P,114.9,22.0,16.67,Normal
8,L,128.0,20.0,12.21,Kurus
9,L,131.3,25.9,15.02,Normal
10,L,134.3,36.4,20.17,Gemuk
10,L,135.5,31.7,17.27,Normal
6,L,111.6,19.4,15.59,Normal
9,P,127.2,29.6,18.29,Gemuk
8,P,120.9,22.8,15.62,Normal
11,L,139.5,34.4,17.66,Normal
6,L,117.2,22.0,16.02,Normal
12,P,146.8,38.5,17.87,Normal
6,P,112.3,20.5,16.23,Normal
9,P,124.6,25.5,16.45,Normal
12,P,144.1,40.0,19.28,Gemuk
12,P,144.6,38.7,18.52,Gemuk
11,L,139.0,32.6,16.86,Normal
9,P,125.8,30.8,19.44,Gemuk
8,L,123.1,29.0,19.13,Gemuk
8,P,121.1,24.3,16.59,Normal
7,L,121.4,22.6,15.31,Normal
12,P,149.5,37.9,16.94,Normal
11,L,142.1,36.3,17.98,Normal
11,P,142.0,34.0,16.86,Normal
8,P,120.5,25.0,17.2,Normal
6,P,114.3,17.5,13.42,Kurus
11,P,144.8,37.5,17.87,Normal
8,P,119.1,23.3,16.44,Normal
11,L,141.8,33.8,16.82,Normal
8,P,125.0,24.8,15.88,Normal
11,L,143.5,37.0,17.94,Normal
10,P,135.1,29.6,16.2,Normal
8,P,122.1,23.0,15.45,Normal
11,L,138.2,39.8,20.82,Gemuk
12,P,140.7,37.6,18.97,Gemuk
11,P,140.2,38.8,19.71,Gemuk
9,P,125.5,22.7,14.41,Normal
12,P,148.2,39.8,18.13,Gemuk
7,P,116.1,21.5,15.98,Normal
11,P,140.6,39.7,20.11,Gemuk
10,L,131.1,25.9,15.08,Normal
11,L,138.5,37.6,19.62,Gemuk
6,P,117.2,17.3,12.58,Kurus
11,P,139.3,33.1,17.03,Normal
6,P,115.4,22.0,16.53,Normal
8,P,124.6,26.1,16.83,Normal
9,L,128.5,26.6,16.11,Normal
11,L,138.9,36.3,18.8,Gemuk
7,P,119.4,25.0,17.52,Normal
11,P,140.0,34.0,17.35,Normal
8,P,120.5,29.0,19.98,Gemuk
12,P,144.6,39.3,18.79,Gemuk
11,P,144.7,38.8,18.53,Gemuk
8,L,126.1,27.4,17.2,Normal
9,L,127.4,29.9,18.42,Gemuk
12,L,147.8,42.3,19.37,Gemuk
8,L,122.7,23.8,15.82,Normal
6,L,114.3,17.0,13.01,Kurus
7,P,121.3,25.0,17.0,Normal
7,L,123.0,22.8,15.06,Normal
6,L,113.4,17.4,13.57,Kurus
12,L,150.9,40.3,17.68,Normal
9,P,132.2,23.9,13.67,Kurus
11,L,138.2,35.3,18.46,Gemuk
9,P,128.3,22.0,13.36,Kurus
7,L,118.7,25.0,17.75,Normal
7,L,115.5,18.0,13.5,Kurus
10,P,134.4,34.8,19.26,Gemuk
7,L,116.2,20.7,15.36,Normal
11,P,144.8,36.8,17.54,Normal
6,L,112.9,17.2,13.47,Kurus
8,L,123.3,25.6,16.82,Normal
11,P,139.2,34.8,17.96,Normal
12,P,145.0,39.5,18.81,Gemuk
12,P,147.8,35.9,16.45,Normal
6,L,115.6,18.3,13.67,Kurus
7,L,115.1,20.8,15.73,Normal
8,P,126.8,26.5,16.49,Normal
10,P,132.4,33.0,18.83,Gemuk
10,P,132.6,31.9,18.14,Gemuk
7,P,116.8,22.1,16.19,Normal
12,P,145.5,40.0,18.88,Gemuk
8,P,122.0,29.0,19.49,Gemuk
8,L,123.7,20.7,13.56,Kurus
8,L,124.2,20.0,12.98,Kurus
11,L,138.9,30.2,15.66,Normal
7,P,117.6,22.3,16.15,Normal
6,P,114.6,19.4,14.77,Normal
7,P,118.7,22.7,16.13,Normal
6,P,117.5,20.9,15.14,Normal
10,L,137.1,34.3,18.23,Gemuk
11,P,139.0,37.3,19.29,Gemuk
10,P,140.0,32.8,16.73,Normal
9,P,128.3,25.4,15.43,Normal
11,L,141.6,39.2,19.56,Gemuk
9,P,127.5,30.9,19.0,Gemuk
12,L,148.3,40.0,18.18,Gemuk
9,P,126.8,31.5,19.63,Gemuk
10,L,136.3,33.7,18.13,Gemuk
7,L,120.7,18.3,12.54,Kurus
9,L,128.4,30.2,18.34,Gemuk
11,P,138.5,37.3,19.43,Gemuk
11,P,137.4,35.7,18.94,Gemuk
6,P,112.5,18.3,14.47,Normal
10,P,130.8,33.4,19.55,Gemuk
6,P,114.4,17.0,13.0,Kurus
11,L,145.8,34.1,16.04,Normal
9,L,130.2,26.0,15.32,Normal
11,P,140.9,34.3,17.29,Normal
6,L,113.1,21.6,16.87,Normal
11,L,139.4,37.6,19.34,Gemuk
9,L,123.0,34.0,22.47,Obesitas
9,L,133.0,25.9,14.63,Normal
10,L,135.8,34.3,18.59,Gemuk
7,L,116.9,25.0,18.28,Gemuk
11,L,140.9,35.5,17.85,Normal
11,P,138.6,36.9,19.22,Gemuk
7,L,114.3,18.0,13.77,Kurus
6,L,110.0,22.0,18.18,Gemuk
6,P,114.4,17.8,13.63,Kurus
11,L,143.4,38.6,18.77,Gemuk
11,L,138.9,33.2,17.2,Normal
9,P,127.5,27.6,17.0,Normal
12,P,143.9,36.0,17.38,Normal
11,P,144.6,36.6,17.49,Normal
10,P,135.3,35.0,19.11,Gemuk
12,P,142.9,38.1,18.67,Gemuk
6,P,111.9,18.0,14.36,Normal
6,L,118.0,17.0,12.21,Kurus
8,L,120.8,20.0,13.71,Kurus
9,P,126.9,32.2,20.0,Gemuk
6,P,116.6,22.0,16.19,Normal
12,P,148.5,40.2,18.23,Gemuk
9,L,128.0,34.0,20.74,Gemuk
8,L,125.6,20.0,12.68,Kurus
10,P,137.0,35.5,18.93,Gemuk
9,L,127.6,26.9,16.56,Normal
10,P,131.3,31.6,18.35,Gemuk
9,P,123.0,28.3,18.69,Gemuk
11,L,138.3,34.5,18.05,Gemuk
9,L,128.6,27.0,16.33,Normal
10,P,135.3,31.6,17.25,Normal
10,P,136.0,28.8,15.58,Normal
6,P,116.0,19.7,14.65,Normal
11,P,137.1,35.8,19.04,Gemuk
7,L,120.9,19.5,13.35,Kurus
12,L,142.3,40.3,19.87,Gemuk
7,L,117.4,23.2,16.82,Normal
11,P,142.4,34.4,16.99,Normal
10,P,132.3,32.0,18.31,Gemuk
8,L,119.0,20.0,14.12,Normal
6,P,115.7,20.1,15.01,Normal
11,P,138.5,37.2,19.4,Gemuk
12,P,143.1,39.8,19.42,Gemuk
6,L,115.4,22.0,16.53,Normal
6,L,114.8,17.0,12.91,Kurus
8,L,122.2,27.7,18.54,Gemuk
8,L,122.2,29.0,19.42,Gemuk
9,P,128.3,28.5,17.28,Normal
11,P,140.3,36.7,18.66,Gemuk
10,L,134.5,29.5,16.28,Normal
8,P,120.0,28.2,19.55,Gemuk
7,L,119.0,22.3,15.77,Normal
12,P,147.7,41.8,19.15,Gemuk
11,L,141.6,33.4,16.65,Normal
11,L,140.6,37.9,19.14,Gemuk
6,L,116.8,22.0,16.13,Normal
7,L,117.9,21.9,15.73,Normal
10,P,135.6,32.0,17.37,Normal
11,P,143.9,34.3,16.56,Normal
7,L,116.2,19.7,14.62,Normal
11,L,143.9,34.5,16.66,Normal
10,P,134.2,31.8,17.65,Normal
7,L,114.5,18.0,13.73,Kurus
7,L,116.9,21.6,15.8,Normal
8,L,119.1,25.2,17.79,Normal
9,L,125.0,28.5,18.23,Gemuk
12,P,140.6,35.0,17.71,Normal
6,P,110.0,21.9,18.13,Gemuk
8,L,118.7,20.0,14.19,Normal
11,P,138.9,32.5,16.85,Normal
10,P,132.0,33.7,19.34,Gemuk
9,L,123.5,31.2,20.42,Gemuk
12,P,146.2,33.3,15.58,Normal
12,L,145.3,38.5,18.25,Gemuk
7,P,118.2,19.5,13.95,Kurus
10,L,135.4,33.5,18.29,Gemuk
12,L,143.7,40.3,19.54,Gemuk
8,P,123.0,25.2,16.68,Normal
7,L,117.2,22.5,16.36,Normal
11,L,138.8,35.4,18.35,Gemuk
10,P,132.4,32.3,18.42,Gemuk
6,L,115.2,21.0,15.81,Normal
8,L,124.1,20.0,12.99,Kurus
11,P,143.2,31.8,15.5,Normal
12,P,145.4,41.2,19.5,Gemuk
10,P,135.4,33.6,18.3,Gemuk
6,L,113.5,18.2,14.15,Normal
10,L,137.5,33.6,17.77,Normal
7,L,120.2,18.1,12.55,Kurus
11,P,142.0,33.5,16.63,Normal
11,L,145.3,35.3,16.75,Normal
10,P,135.0,25.6,14.07,Normal
9,P,128.1,25.1,15.31,Normal
9,P,125.4,28.9,18.36,Gemuk
6,L,115.0,22.0,16.64,Normal
9,P,132.3,30.7,17.51,Normal
7,P,117.1,18.8,13.75,Kurus
9,L,127.5,25.6,15.76,Normal
9,L,126.1,31.1,19.55,Gemuk
10,L,130.7,32.6,19.1,Gemuk
8,L,124.6,23.3,15.0,Normal
12,P,140.4,34.0,17.27,Normal
10,P,136.0,28.4,15.34,Normal
6,L,114.8,19.5,14.8,Normal
6,L,115.8,20.7,15.42,Normal
11,L,138.7,37.3,19.37,Gemuk
11,P,141.6,35.2,17.55,Normal
12,L,148.1,34.1,15.56,Normal
7,L,116.9,23.6,17.24,Normal
11,P,143.4,32.3,15.74,Normal
7,L,120.3,25.0,17.28,Normal
8,L,122.5,21.3,14.18,Normal
12,L,151.5,37.2,16.22,Normal
12,P,145.6,35.1,16.57,Normal
7,L,119.7,22.8,15.9,Normal
12,P,148.9,35.8,16.13,Normal
6,L,112.0,22.0,17.55,Normal
11,L,143.4,35.4,17.23,Normal
11,P,139.0,36.2,18.71,Gemuk
12,L,142.3,35.9,17.74,Normal
7,L,116.8,23.3,17.09,Normal
9,L,132.6,22.5,12.8,Kurus
10,P,134.4,30.8,17.06,Normal
7,P,116.3,21.9,16.21,Normal
7,P,119.9,19.8,13.75,Kurus
9,P,128.1,29.9,18.22,Gemuk
10,L,131.6,37.1,21.45,Gemuk
11,L,141.3,38.2,19.16,Gemuk
10,L,136.6,29.8,15.95,Normal
8,L,123.5,25.6,16.76,Normal
9,L,127.9,27.3,16.69,Normal
11,P,139.9,33.7,17.21,Normal
9,P,127.9,34.0,20.77,Gemuk
8,P,122.2,24.5,16.39,Normal
11,L,143.1,38.4,18.77,Gemuk
7,L,117.2,18.0,13.11,Kurus
12,L,145.6,39.4,18.59,Gemuk
11,L,141.3,35.5,17.77,Normal
8,L,123.7,26.9,17.59,Normal
10,P,135.5,31.5,17.14,Normal
9,P,123.0,31.8,21.01,Gemuk
10,P,134.8,36.0,19.82,Gemuk
10,P,137.7,30.4,16.05,Normal
12,L,146.8,43.5,20.19,Gemuk
9,P,127.4,28.2,17.38,Normal
6,P,117.1,17.0,12.41,Kurus
9,P,131.8,33.8,19.48,Gemuk
12,L,144.2,36.7,17.67,Normal
11,L,141.2,36.6,18.36,Gemuk
10,L,129.1,32.1,19.23,Gemuk
7,P,121.3,25.0,16.99,Normal
10,L,132.5,34.0,19.39,Gemuk
10,P,136.9,31.7,16.89,Normal
8,P,118.4,25.9,18.44,Gemuk
9,P,126.0,31.0,19.57,Gemuk
12,L,152.0,38.7,16.76,Normal
9,L,130.7,26.0,15.2,Normal
8,P,120.3,25.4,17.54,Normal
7,P,123.0,20.8,13.74,Kurus
9,P,130.4,32.0,18.79,Gemuk
7,P,117.7,24.8,17.92,Normal
10,P,135.8,27.6,14.98,Normal
9,P,129.2,28.9,17.31,Normal
10,P,134.4,29.2,16.19,Normal
7,L,117.4,23.6,17.13,Normal
6,P,110.0,22.0,18.16,Gemuk
9,P,125.8,29.5,18.67,Gemuk
6,L,115.5,19.6,14.69,Normal
11,L,140.3,31.9,16.18,Normal
9,P,123.1,25.4,16.78,Normal
7,L,119.1,18.0,12.69,Kurus
9,P,129.4,29.4,17.55,Normal
6,L,112.2,18.3,14.58,Normal
6,L,117.0,21.5,15.71,Normal
7,P,121.2,23.2,15.76,Normal
8,P,123.3,26.0,17.08,Normal
6,L,113.6,19.3,14.97,Normal
6,L,110.6,18.9,15.42,Normal
10,P,134.6,29.9,16.51,Normal
9,P,128.8,27.2,16.38,Normal
12,L,148.9,38.2,17.23,Normal
12,P,148.0,46.7,21.31,Gemuk
11,P,144.5,39.5,18.93,Gemuk
6,P,114.2,20.1,15.44,Normal
11,P,144.4,35.4,16.97,Normal
10,L,137.6,32.6,17.23,Normal
7,L,113.0,19.5,15.28,Normal
10,P,140.0,28.8,14.69,Normal
11,L,136.3,34.0,18.28,Gemuk
6,P,110.3,18.8,15.41,Normal
11,L,139.1,33.9,17.5,Normal
12,L,147.4,41.0,18.87,Gemuk
12,L,143.0,40.3,19.73,Gemuk
6,P,116.7,22.0,16.15,Normal
7,L,121.5,20.2,13.68,Kurus
11,P,142.9,34.5,16.89,Normal
9,L,132.4,30.2,17.22,Normal
11,L,136.3,34.2,18.41,Gemuk
6,L,117.1,17.0,12.4,Kurus
6,P,114.9,20.0,15.12,Normal
7,P,117.1,23.2,16.92,Normal
6,P,112.8,18.0,14.17,Normal
10,L,134.5,35.0,19.32,Gemuk
6,L,111.4,17.3,13.94,Kurus
12,P,146.2,47.7,22.3,Obesitas
9,P,124.3,24.0,15.53,Normal
9,L,129.8,34.0,20.18,Gemuk
9,P,127.8,30.6,18.76,Gemuk
8,P,127.1,26.5,16.41,Normal
12,P,147.0,38.9,17.99,Normal
10,P,134.2,34.8,19.33,Gemuk
9,L,127.0,31.2,19.34,Gemuk
8,L,122.0,28.3,19.01,Gemuk
8,L,127.0,28.3,17.53,Normal
9,L,130.1,23.3,13.74,Kurus
8,L,121.2,20.0,13.62,Kurus
11,L,141.7,32.3,16.11,Normal
9,P,128.0,31.0,18.91,Gemuk
12,P,140.9,34.0,17.11,Normal
6,P,110.6,19.4,15.86,Normal
12,L,146.8,40.2,18.67,Gemuk
7,L,121.8,22.7,15.29,Normal
8,P,122.3,24.2,16.21,Normal
8,L,124.7,24.7,15.87,Normal
9,L,127.8,23.5,14.39,Normal
9,L,126.6,25.4,15.82,Normal
6,P,110.5,22.0,18.01,Gemuk
7,L,116.3,18.0,13.31,Kurus
7,P,117.5,19.3,13.97,Kurus
11,P,140.6,37.6,19.03,Gemuk
12,P,141.3,41.6,20.84,Gemuk
6,P,113.2,18.6,14.52,Normal
8,P,123.9,25.0,16.28,Normal
12,P,147.4,41.2,18.94,Gemuk
8,L,121.3,20.1,13.64,Kurus
11,L,141.6,38.5,19.2,Gemuk
8,P,122.1,25.8,17.33,Normal
12,L,146.9,36.2,16.79,Normal
10,L,135.1,25.7,14.07,Normal
7,P,118.3,25.0,17.88,Normal
9,L,127.0,25.3,15.7,Normal
10,P,135.6,32.1,17.43,Normal
7,P,120.9,21.8,14.9,Normal
6,L,117.2,18.8,13.69,Kurus
8,P,125.7,24.2,15.36,Normal
10,P,131.9,30.6,17.6,Normal
9,L,133.0,31.3,17.67,Normal
11,L,142.4,31.2,15.39,Normal
6,L,110.0,17.0,14.04,Normal
11,L,139.2,36.0,18.57,Gemuk
11,L,146.2,41.0,19.18,Gemuk
12,L,147.1,38.7,17.86,Normal
12,L,141.2,37.4,18.74,Gemuk
7,P,119.7,18.0,12.56,Kurus
11,P,136.6,32.0,17.15,Normal
9,L,127.1,30.7,18.99,Gemuk
7,P,120.4,22.8,15.71,Normal
8,L,119.4,23.2,16.24,Normal
11,L,144.2,35.7,17.16,Normal
9,P,127.4,30.0,18.48,Gemuk
11,L,138.0,35.3,18.55,Gemuk
6,L,114.2,17.0,13.03,Kurus
7,L,119.4,21.3,14.95,Normal
12,P,144.7,43.5,20.79,Gemuk
6,P,112.6,20.0,15.8,Normal
10,L,134.7,30.0,16.54,Normal
6,L,114.7,17.7,13.43,Kurus
9,P,129.1,30.5,18.3,Gemuk
6,L,111.3,17.0,13.71,Kurus
10,L,129.0,29.7,17.84,Normal
9,L,125.7,26.3,16.63,Normal
6,L,118.0,17.5,12.54,Kurus
9,P,127.2,28.1,17.38,Normal
10,P,130.0,30.2,17.89,Normal
7,L,118.0,22.0,15.79,Normal
6,P,115.0,18.4,13.88,Kurus
10,L,135.0,30.9,16.97,Normal
8,P,126.5,26.0,16.22,Normal
12,L,149.0,40.9,18.43,Gemuk
12,P,150.0,43.3,19.22,Gemuk
12,P,147.9,43.2,19.74,Gemuk
7,P,121.5,23.9,16.16,Normal
8,P,123.3,20.0,13.16,Kurus
10,L,133.0,30.2,17.09,Normal
12,P,149.0,37.8,17.03,Normal
9,L,126.8,27.9,17.37,Normal
9,L,123.0,27.5,18.17,Gemuk
6,P,111.7,21.7,17.37,Normal
7,P,115.8,18.0,13.42,Kurus
12,L,145.0,39.0,18.53,Gemuk
10,L,131.6,29.4,16.99,Normal
8,P,125.1,24.4,15.58,Normal
12,P,145.9,42.8,20.11,Gemuk
9,P,127.0,29.2,18.09,Gemuk
11,P,138.7,41.5,21.59,Gemuk
6,L,111.7,20.2,16.21,Normal
6,L,113.9,18.8,14.49,Normal
10,P,132.5,34.3,19.54,Gemuk
11,L,137.9,39.3,20.69,Gemuk
9,L,128.1,28.5,17.36,Normal
7,P,114.3,20.2,15.43,Normal
8,P,124.6,20.0,12.88,Kurus
9,L,127.5,29.1,17.87,Normal
6,P,112.9,20.4,16.04,Normal
11,P,140.5,34.0,17.2,Normal
8,L,125.5,27.5,17.46,Normal
8,L,124.9,22.4,14.35,Normal
12,P,144.0,42.7,20.63,Gemuk
11,P,141.1,33.8,16.99,Normal
12,P,144.1,42.1,20.28,Gemuk
9,P,126.8,29.4,18.29,Gemuk
8,L,122.0,26.8,18.01,Gemuk
9,L,126.2,33.6,21.08,Gemuk
8,P,122.7,26.4,17.5,Normal
12,L,148.0,33.5,15.29,Normal
8,L,120.7,27.8,19.11,Gemuk
10,L,135.9,36.2,19.59,Gemuk
11,L,138.5,38.0,19.81,Gemuk
11,P,141.7,35.4,17.63,Normal
6,L,111.5,18.9,15.2,Normal
10,P,134.2,37.3,20.73,Gemuk
12,P,140.9,39.9,20.12,Gemuk
7,P,116.1,20.9,15.54,Normal
11,L,139.7,32.0,16.42,Normal
6,L,116.0,17.8,13.19,Kurus
8,L,125.1,27.3,17.44,Normal
8,P,121.2,20.1,13.72,Kurus
8,L,121.6,27.6,18.67,Gemuk
9,L,126.5,30.6,19.13,Gemuk
10,L,134.0,38.0,21.16,Gemuk
7,L,117.7,18.0,12.99,Kurus
6,P,115.7,20.5,15.3,Normal
11,L,139.2,37.0,19.12,Gemuk
12,P,149.9,34.8,15.49,Normal
12,L,143.6,38.2,18.5,Gemuk
9,L,133.0,31.6,17.89,Normal
12,L,146.3,37.7,17.6,Normal
12,L,148.6,38.8,17.58,Normal
9,L,131.1,23.6,13.75,Kurus
12,L,144.5,41.2,19.72,Gemuk
11,L,141.1,38.2,19.18,Gemuk
12,P,150.1,38.3,17.0,Normal
11,L,137.8,39.1,20.61,Gemuk
12,P,145.9,36.9,17.34,Normal
7,L,114.9,21.6,16.32,Normal
12,L,146.5,42.8,19.93,Gemuk
7,P,118.2,19.4,13.92,Kurus
7,L,116.0,21.2,15.77,Normal
9,L,128.4,28.4,17.25,Normal
12,L,147.2,38.0,17.51,Normal
12,L,149.5,37.7,16.88,Normal
7,P,117.9,18.0,12.95,Kurus
12,L,147.4,42.5,19.54,Gemuk
9,L,129.2,26.7,15.99,Normal
9,L,126.9,30.8,19.15,Gemuk
7,P,118.8,18.0,12.76,Kurus
10,L,128.0,30.4,18.56,Gemuk
8,L,118.4,25.5,18.22,Gemuk
6,P,113.3,20.9,16.24,Normal
12,L,146.7,39.5,18.34,Gemuk
10,P,134.7,30.0,16.56,Normal
10,P,129.8,32.8,19.48,Gemuk
7,L,121.1,21.2,14.42,Normal
7,P,116.3,21.4,15.85,Normal
12,P,146.9,37.6,17.45,Normal
11,L,139.5,35.5,18.25,Gemuk
6,P,113.5,22.0,17.09,Normal
8,L,125.6,25.5,16.15,Normal
8,P,118.0,21.1,15.17,Normal
12,L,144.0,40.9,19.73,Gemuk
7,L,122.1,19.8,13.27,Kurus
7,P,117.5,23.5,17.04,Normal
6,L,111.4,22.0,17.72,Normal
9,P,131.0,27.6,16.06,Normal
6,P,111.5,19.5,15.65,Normal
6,L,112.8,17.0,13.36,Kurus
10,L,132.0,34.3,19.68,Gemuk
12,L,148.7,39.4,17.84,Normal
10,P,136.4,28.1,15.13,Normal
10,L,134.0,31.5,17.54,Normal
6,L,112.1,20.5,16.28,Normal
12,L,145.2,35.4,16.81,Normal
8,L,123.7,27.4,17.86,Normal
12,P,147.2,41.4,19.11,Gemuk
9,P,127.5,33.9,20.86,Gemuk
6,P,117.3,17.0,12.36,Kurus
12,L,152.0,35.1,15.2,Normal
9,L,129.4,33.6,20.04,Gemuk
7,P,118.9,25.0,17.69,Normal
12,L,147.5,33.3,15.33,Normal
10,P,135.0,31.4,17.24,Normal
9,P,128.0,30.9,18.83,Gemuk
6,L,116.4,17.0,12.54,Kurus
12,P,143.4,38.2,18.57,Gemuk
7,P,116.1,23.3,17.24,Normal
12,L,142.5,38.6,18.99,Gemuk
9,L,127.2,28.0,17.31,Normal
6,L,115.1,21.8,16.49,Normal
10,L,131.5,32.9,19.05,Gemuk
6,P,114.9,19.8,14.98,Normal
9,L,131.2,22.8,13.23,Kurus
11,P,141.6,35.4,17.64,Normal
10,L,132.7,38.0,21.59,Gemuk
11,P,140.8,33.7,17.01,Normal
8,P,125.9,22.2,14.02,Normal
7,P,116.7,19.3,14.18,Normal
9,L,130.0,29.6,17.5,Normal
6,P,115.6,17.0,12.71,Kurus
11,P,138.0,36.9,19.36,Gemuk
8,P,122.7,26.6,17.68,Normal
6,P,117.1,20.5,14.98,Normal
11,P,143.0,36.3,17.74,Normal
6,P,112.1,18.2,14.46,Normal
6,P,114.7,20.8,15.83,Normal
7,P,116.9,21.9,16.06,Normal
12,L,148.1,37.1,16.93,Normal
11,P,135.2,32.3,17.65,Normal
6,L,112.8,20.2,15.86,Normal
9,P,128.4,22.6,13.7,Kurus
10,P,131.9,25.6,14.71,Normal
8,P,125.9,26.3,16.59,Normal
8,P,118.0,21.7,15.61,Normal
8,L,122.7,24.1,15.98,Normal
8,L,123.4,20.7,13.58,Kurus
6,P,110.0,17.0,14.05,Normal
7,L,115.3,22.0,16.55,Normal
8,L,121.9,27.2,18.3,Gemuk
8,P,119.0,25.6,18.08,Gemuk
6,P,111.8,22.0,17.6,Normal
12,L,145.9,40.8,19.16,Gemuk
12,P,148.5,41.5,18.81,Gemuk
10,L,133.3,31.2,17.55,Normal
12,L,149.5,38.9,17.41,Normal
10,P,135.3,34.2,18.7,Gemuk
8,P,121.0,22.5,15.39,Normal
11,L,143.5,35.6,17.3,Normal
12,P,150.1,36.6,16.24,Normal
12,L,145.4,34.9,16.49,Normal
8,P,123.8,25.7,16.77,Normal
6,L,117.9,17.8,12.82,Kurus
12,P,146.0,46.8,21.97,Gemuk
6,L,118.0,17.0,12.21,Kurus
7,L,113.6,20.3,15.76,Normal
8,L,128.0,25.1,15.32,Normal
6,P,116.9,17.0,12.43,Kurus
6,P,115.6,21.8,16.36,Normal
7,L,117.4,18.0,13.06,Kurus
11,P,140.2,32.4,16.52,Normal
8,P,122.0,21.4,14.35,Normal
10,L,133.3,25.6,14.42,Normal
12,P,143.3,42.6,20.72,Gemuk
12,L,149.0,41.1,18.5,Gemuk
8,L,120.3,21.5,14.83,Normal
7,L,114.1,18.0,13.83,Kurus
7,L,119.7,19.8,13.83,Kurus
7,P,119.7,23.8,16.62,Normal
8,P,125.6,26.8,17.01,Normal
6,P,111.9,18.8,14.98,Normal
8,L,128.0,27.7,16.92,Normal
11,P,142.4,35.1,17.32,Normal
12,L,147.0,42.7,19.74,Gemuk
8,L,120.0,22.5,15.64,Normal
10,L,133.8,27.8,15.56,Normal
6,L,111.3,17.0,13.73,Kurus
9,L,128.6,23.9,14.47,Normal
9,L,132.0,29.0,16.63,Normal
12,P,150.2,40.9,18.12,Gemuk
10,L,135.0,31.0,16.99,Normal
10,P,134.4,26.8,14.82,Normal
9,L,127.0,33.2,20.6,Gemuk
6,L,115.3,22.0,16.56,Normal
12,L,143.7,36.1,17.48,Normal
12,P,143.3,43.7,21.27,Gemuk
9,P,127.2,29.5,18.27,Gemuk
11,P,142.1,39.1,19.37,Gemuk
7,P,118.4,20.4,14.58,Normal
9,P,131.0,31.8,18.52,Gemuk
12,P,145.3,35.4,16.77,Normal
8,P,121.4,24.0,16.3,Normal
9,L,131.0,30.9,17.98,Normal
8,P,128.0,23.7,14.49,Normal
7,P,113.0,24.5,19.18,Gemuk
11,L,138.5,36.4,18.95,Gemuk
6,L,113.4,20.8,16.2,Normal
8,P,123.6,26.5,17.31,Normal
9,P,131.3,23.2,13.46,Kurus
10,P,135.2,26.3,14.4,Normal
7,L,119.2,24.6,17.29,Normal
12,L,146.0,40.9,19.18,Gemuk
10,L,133.4,28.8,16.17,Normal
8,L,122.9,24.1,15.99,Normal
9,P,126.6,25.8,16.12,Normal
8,P,122.9,24.3,16.09,Normal
10,P,135.0,37.0,20.31,Gemuk
9,L,129.2,27.9,16.73,Normal
12,P,144.1,43.8,21.09,Gemuk
6,P,114.5,21.3,16.29,Normal
9,P,124.2,29.9,19.36,Gemuk
6,P,116.0,20.9,15.51,Normal
12,P,143.6,42.8,20.75,Gemuk
6,L,117.0,21.2,15.47,Normal
8,L,124.0,24.3,15.78,Normal
6,P,115.5,18.5,13.88,Kurus
6,P,110.2,22.0,18.13,Gemuk
10,L,131.9,33.2,19.09,Gemuk
6,L,118.0,17.0,12.21,Kurus
12,L,148.3,34.0,15.45,Normal
6,P,115.3,17.0,12.79,Kurus
8,L,122.4,23.4,15.63,Normal
9,L,125.8,28.5,17.99,Normal
8,L,124.6,24.1,15.52,Normal
9,L,125.2,28.3,18.08,Gemuk
7,L,116.9,22.2,16.27,Normal
8,L,122.1,20.0,13.43,Kurus
12,L,144.2,39.0,18.76,Gemuk
11,P,145.6,38.2,18.0,Gemuk
11,L,140.0,33.7,17.19,Normal
7,P,120.8,18.0,12.33,Kurus
9,L,129.2,25.7,15.4,Normal
12,L,147.1,35.5,16.41,Normal
12,L,147.4,41.8,19.26,Gemuk
7,L,118.3,19.3,13.82,Kurus
12,P,147.1,34.5,15.93,Normal
11,P,139.1,31.8,16.45,Normal
7,P,123.0,19.8,13.12,Kurus
9,P,128.4,26.9,16.34,Normal
7,L,118.5,21.5,15.29,Normal
7,P,118.3,23.3,16.63,Normal
11,P,137.4,35.9,18.99,Gemuk
6,P,116.4,17.0,12.54,Kurus
7,L,119.3,23.1,16.2,Normal
11,L,137.8,35.3,18.55,Gemuk
11,L,143.2,39.0,19.0,Gemuk
8,L,126.5,28.0,17.49,Normal
7,P,118.4,24.1,17.23,Normal
12,L,144.3,36.6,17.56,Normal
6,P,114.1,18.7,14.35,Normal
9,P,128.1,34.0,20.73,Gemuk
9,L,127.5,24.3,14.97,Normal
12,L,142.2,38.1,18.85,Gemuk
9,L,127.2,29.2,18.07,Gemuk
11,L,137.1,34.2,18.21,Gemuk
8,L,120.2,22.6,15.65,Normal
7,P,115.4,22.5,16.9,Normal
9,P,130.2,30.5,18.01,Gemuk
9,P,128.4,32.1,19.47,Gemuk
12,P,141.6,35.5,17.71,Normal
6,P,112.3,18.5,14.71,Normal
7,L,117.3,24.3,17.66,Normal
6,P,118.0,18.5,13.25,Kurus
8,L,123.8,23.9,15.58,Normal
9,P,127.7,25.3,15.52,Normal
10,P,129.1,29.4,17.64,Normal
8,L,123.5,24.3,15.9,Normal
6,L,113.2,17.0,13.27,Kurus
11,P,139.4,37.8,19.46,Gemuk
11,P,147.0,34.9,16.16,Normal
8,P,120.6,20.0,13.76,Kurus
7,P,121.5,21.2,14.39,Normal
7,L,116.6,19.2,14.1,Normal
9,L,129.2,23.2,13.92,Kurus
12,L,149.1,39.3,17.69,Normal
7,P,118.8,19.8,14.04,Normal
6,P,114.4,20.2,15.45,Normal
9,P,132.8,26.2,14.86,Normal
11,L,143.4,39.0,18.97,Gemuk
12,P,147.3,32.5,14.99,Normal
7,L,119.3,18.0,12.65,Kurus
9,L,129.9,32.1,19.01,Gemuk
9,P,125.0,29.2,18.71,Gemuk
7,L,119.3,19.7,13.82,Kurus
12,P,146.2,41.7,19.5,Gemuk
7,L,120.2,23.0,15.92,Normal
7,P,115.3,20.3,15.3,Normal
12,L,144.4,35.7,17.11,Normal
7,L,117.1,22.1,16.11,Normal
10,L,134.1,32.2,17.94,Normal
11,P,138.8,37.0,19.18,Gemuk
11,P,144.0,34.5,16.65,Normal
9,P,129.2,27.3,16.38,Normal
10,L,133.0,32.4,18.3,Gemuk
12,L,145.7,36.4,17.15,Normal
11,P,140.7,32.8,16.57,Normal
6,P,118.0,18.6,13.39,Kurus
10,P,136.6,29.4,15.76,Normal
8,P,125.5,28.2,17.91,Normal
7,P,123.0,18.1,11.97,Kurus
12,L,140.0,41.0,20.9,Gemuk
12,P,146.0,43.8,20.57,Gemuk
11,P,136.4,36.2,19.44,Gemuk
10,L,135.4,27.1,14.78,Normal
11,P,141.2,35.0,17.55,Normal
12,L,149.3,39.8,17.87,Normal
11,P,143.4,38.8,18.86,Gemuk
9,P,127.5,23.0,14.16,Normal
9,P,129.4,27.2,16.24,Normal
8,L,121.8,20.4,13.77,Kurus
9,P,131.6,31.1,17.98,Normal
11,P,141.6,35.7,17.79,Normal
8,L,120.2,24.4,16.89,Normal
11,L,142.4,30.5,15.03,Normal
8,L,121.2,25.1,17.05,Normal
11,L,139.0,33.9,17.54,Normal
12,L,145.7,43.1,20.32,Gemuk
7,L,120.3,24.4,16.84,Normal
6,L,110.0,21.3,17.59,Normal
12,L,142.5,42.5,20.94,Gemuk
6,L,118.0,21.0,15.12,Normal
9,L,128.6,23.2,14.02,Normal
8,P,120.3,27.9,19.28,Gemuk
11,P,139.3,39.5,20.35,Gemuk
10,L,134.8,32.6,17.92,Normal
7,L,118.5,19.0,13.56,Kurus
6,L,115.3,21.4,16.06,Normal
12,P,143.0,39.4,19.28,Gemuk
7,P,114.5,24.4,18.61,Gemuk
9,P,131.0,26.3,15.33,Normal
12,L,144.5,41.8,20.0,Gemuk
10,L,136.2,30.0,16.18,Normal
12,L,148.5,39.8,18.07,Gemuk
11,P,142.9,31.0,15.19,Normal
7,L,118.6,21.1,15.03,Normal
8,P,120.5,23.7,16.35,Normal
8,P,126.8,25.1,15.61,Normal
11,L,139.1,37.5,19.4,Gemuk
11,P,136.6,33.8,18.12,Gemuk
8,L,122.4,25.5,17.05,Normal
8,P,122.0,23.7,15.92,Normal
7,P,117.9,19.5,14.0,Kurus
6,L,114.5,22.0,16.78,Normal
6,L,113.5,22.0,17.07,Normal
10,P,138.3,30.5,15.95,Normal
6,L,115.8,17.0,12.67,Kurus
10,L,134.8,28.8,15.85,Normal
6,L,112.7,17.5,13.75,Kurus
7,P,117.1,19.2,13.97,Kurus
8,P,119.7,27.8,19.41,Gemuk
11,P,136.9,32.2,17.17,Normal
10,P,137.3,37.7,19.98,Gemuk
8,L,123.9,25.8,16.81,Normal
7,P,118.3,22.9,16.39,Normal
7,L,119.1,20.4,14.36,Normal
12,P,147.8,37.4,17.13,Normal
7,P,113.1,21.7,16.97,Normal
10,L,136.9,29.1,15.55,Normal
10,P,134.7,30.5,16.8,Normal
10,P,136.5,30.5,16.37,Normal
10,L,130.2,29.7,17.52,Normal
12,L,147.4,39.0,17.93,Normal
10,L,134.0,35.7,19.87,Gemuk
7,P,123.0,24.7,16.33,Normal
6,P,115.6,20.4,15.27,Normal
10,L,137.2,32.2,17.11,Normal
9,P,129.5,26.3,15.7,Normal
10,P,134.7,25.7,14.18,Normal
7,P,116.7,23.0,16.86,Normal
10,P,132.5,28.6,16.3,Normal
7,P,119.0,22.4,15.81,Normal
12,P,147.7,37.0,16.95,Normal
9,P,126.6,27.6,17.22,Normal
12,P,143.0,40.0,19.58,Gemuk
8,L,126.7,25.0,15.55,Normal
11,L,144.9,37.5,17.85,Normal
10,P,134.0,35.5,19.77,Gemuk
9,L,128.0,27.2,16.56,Normal
11,L,140.2,34.6,17.59,Normal
10,P,134.6,28.1,15.54,Normal
6,P,111.2,21.6,17.44,Normal
11,L,138.4,39.1,20.42,Gemuk
9,L,124.4,26.7,17.25,Normal
6,L,118.0,21.8,15.62,Normal
9,L,130.0,33.0,19.55,Gemuk
7,L,120.9,24.4,16.7,Normal
8,P,120.5,23.5,16.17,Normal
10,L,132.5,29.4,16.76,Normal
7,L,119.0,25.0,17.66,Normal
10,L,134.0,37.3,20.78,Gemuk
9,L,127.8,27.3,16.72,Normal
10,P,132.7,32.3,18.35,Gemuk
10,L,135.9,30.9,16.72,Normal
7,P,115.3,22.2,16.66,Normal
10,L,129.7,34.9,20.73,Gemuk
9,P,132.3,26.5,15.13,Normal
10,L,133.3,25.0,14.06,Normal
9,P,127.3,28.6,17.61,Normal
12,P,147.4,39.1,18.0,Gemuk
8,P,120.9,27.1,18.58,Gemuk
12,L,145.8,40.8,19.19,Gemuk
11,L,141.5,34.7,17.31,Normal
12,L,150.4,38.9,17.2,Normal
6,L,117.9,22.0,15.83,Normal
12,P,149.0,41.2,18.53,Gemuk
8,L,122.2,21.8,14.61,Normal
9,P,132.0,24.3,13.93,Kurus
10,L,131.5,36.5,21.12,Gemuk
9,L,133.0,26.6,15.04,Normal
7,P,116.5,24.9,18.33,Gemuk
11,L,140.8,37.2,18.78,Gemuk
6,L,111.3,18.6,15.02,Normal
11,L,141.0,38.1,19.19,Gemuk
8,P,124.2,23.3,15.11,Normal
12,P,147.4,38.3,17.62,Normal
7,P,113.8,18.0,13.91,Kurus
6,P,113.4,22.0,17.1,Normal
6,L,116.8,22.0,16.14,Normal
12,L,143.5,32.4,15.75,Normal
11,P,143.3,40.7,19.79,Gemuk
12,L,147.4,37.4,17.22,Normal
9,L,130.2,29.6,17.5,Normal
7,P,115.8,22.3,16.64,Normal
6,L,113.8,20.1,15.52,Normal
6,L,113.4,20.5,15.93,Normal
9,P,125.6,30.4,19.31,Gemuk
8,P,127.3,26.4,16.28,Normal
6,P,110.7,21.8,17.82,Normal
8,L,125.0,24.6,15.76,Normal
8,P,125.8,24.1,15.2,Normal
12,L,149.5,37.3,16.72,Normal
6,P,113.9,20.0,15.38,Normal
12,P,144.1,35.0,16.83,Normal
6,L,116.8,17.0,12.46,Kurus
10,L,132.4,32.9,18.76,Gemuk
7,L,116.9,20.6,15.06,Normal
12,P,147.9,39.4,18.04,Gemuk
12,P,148.2,35.5,16.18,Normal
7,L,120.7,19.6,13.42,Kurus
6,P,114.7,17.0,12.92,Kurus
6,P,113.9,20.9,16.14,Normal
12,P,144.0,40.3,19.45,Gemuk
10,L,131.2,34.2,19.87,Gemuk
9,P,128.3,28.8,17.5,Normal
11,P,141.8,36.4,18.1,Gemuk
6,P,118.0,17.0,12.21,Kurus
8,P,127.5,20.0,12.3,Kurus
6,L,114.9,21.2,16.1,Normal
7,P,116.5,19.8,14.58,Normal
10,P,138.5,34.3,17.87,Normal
10,P,134.4,30.6,16.94,Normal
9,P,127.9,31.5,19.24,Gemuk
10,P,133.8,29.2,16.31,Normal
8,L,121.2,29.0,19.74,Gemuk
10,L,135.2,31.0,16.96,Normal
12,P,148.9,36.6,16.48,Normal
10,L,135.5,36.6,19.92,Gemuk
6,P,110.0,17.0,14.05,Normal
10,L,133.1,31.1,17.55,Normal
9,P,128.6,31.2,18.86,Gemuk
11,P,139.7,35.7,18.3,Gemuk
7,P,122.7,19.6,13.02,Kurus
12,L,147.0,37.8,17.51,Normal
9,P,130.2,29.0,17.1,Normal
8,L,122.8,27.2,18.04,Gemuk
10,P,131.3,35.5,20.56,Gemuk
12,L,150.6,35.6,15.71,Normal
7,L,117.8,24.0,17.32,Normal
6,L,115.9,17.0,12.66,Kurus
12,L,150.4,40.1,17.73,Normal
12,L,146.4,41.7,19.45,Gemuk
12,P,143.4,41.2,20.02,Gemuk
10,P,138.8,36.2,18.79,Gemuk
10,L,134.8,33.1,18.19,Gemuk
9,L,126.9,25.5,15.87,Normal
9,L,130.8,27.3,15.96,Normal
11,L,139.7,36.9,18.91,Gemuk
10,L,134.6,31.2,17.23,Normal
9,P,124.8,31.7,20.37,Gemuk
9,L,127.3,28.3,17.49,Normal
6,L,114.6,17.0,12.95,Kurus
7,P,119.5,25.0,17.46,Normal
8,P,121.2,21.7,14.75,Normal
6,L,111.9,22.0,17.58,Normal
8,L,126.5,24.0,14.99,Normal
9,P,131.3,34.0,19.71,Gemuk
9,P,125.2,23.2,14.79,Normal
12,P,143.6,43.5,21.11,Gemuk
10,P,136.8,34.5,18.47,Gemuk
11,L,142.3,30.3,14.98,Normal
9,L,127.5,22.3,13.71,Kurus
8,P,122.5,21.9,14.62,Normal
12,L,147.6,39.3,18.03,Gemuk
11,L,141.6,31.1,15.52,Normal
8,P,124.1,21.0,13.63,Kurus
9,P,129.5,29.9,17.8,Normal
8,L,122.2,29.0,19.41,Gemuk
8,P,121.3,22.9,15.55,Normal
9,L,127.8,26.6,16.27,Normal
9,L,125.5,25.5,16.18,Normal
12,L,143.1,42.3,20.63,Gemuk
12,P,140.4,35.0,17.78,Normal
12,L,145.0,42.2,20.1,Gemuk
7,P,114.3,20.1,15.39,Normal
6,L,116.0,17.5,12.97,Kurus
12,L,145.3,39.9,18.92,Gemuk
6,P,111.3,20.9,16.89,Normal
11,P,138.9,30.0,15.57,Normal
8,L,127.5,23.9,14.69,Normal
10,P,135.6,32.7,17.79,Normal
7,P,118.7,18.0,12.78,Kurus
6,P,113.6,18.5,14.31,Normal
9,L,128.3,31.8,19.32,Gemuk
