Age,Gender,Gender_Encoded,Height,Weight,Status_Gizi
11.0,P,0,140.7,34.5,Normal
10.0,L,1,135.9,29.5,Normal
11.0,P,0,138.9,36.2,Overweight
10.0,P,0,131.9,28.5,Normal
6.0,L,1,117.0,17.3,Underweight
10.0,L,1,133.2,30.3,Normal
7.0,P,0,117.2,23.8,Normal
11.0,P,0,141.8,34.0,Normal
10.0,P,0,133.2,28.0,Normal
7.0,P,0,121.6,18.0,Underweight
12.0,P,0,143.8,38.7,Overweight
6.0,L,1,115.2,21.4,Normal
7.0,L,1,116.2,22.2,Normal
10.0,P,0,139.8,31.7,Normal
11.0,L,1,138.7,35.0,Overweight
11.0,P,0,141.1,31.2,Normal
8.0,P,0,128.0,26.0,Normal
10.0,P,0,134.3,34.5,Overweight
7.0,L,1,113.4,24.1,Overweight
9.0,P,0,125.2,28.8,Overweight
7.0,P,0,116.5,18.0,Underweight
9.0,L,1,132.3,30.1,Normal
10.0,P,0,129.1,35.0,Overweight
6.0,P,0,116.3,18.0,Underweight
7.0,L,1,119.5,21.2,Normal
11.0,L,1,143.3,34.3,Normal
7.0,P,0,119.1,18.0,Underweight
11.0,P,0,143.6,36.9,Normal
8.0,L,1,123.5,21.7,Normal
10.0,L,1,135.5,29.9,Normal
8.0,L,1,123.2,22.9,Normal
7.0,P,0,117.6,22.0,Normal
8.0,P,0,122.6,25.9,Normal
7.0,P,0,120.5,19.0,Underweight
11.0,L,1,144.1,38.1,Overweight
7.0,L,1,116.2,19.0,Normal
12.0,P,0,148.1,40.8,Overweight
7.0,L,1,117.2,25.0,Overweight
8.0,P,0,126.9,27.9,Normal
12.0,P,0,144.1,38.4,Overweight
12.0,L,1,148.6,40.5,Overweight
8.0,P,0,123.7,21.4,Normal
10.0,L,1,132.0,31.5,Overweight
9.0,L,1,133.0,30.3,Normal
6.0,P,0,111.6,17.1,Underweight
12.0,L,1,146.1,36.4,Normal
8.0,L,1,125.0,24.9,Normal
9.0,P,0,129.7,31.7,Overweight
6.0,P,0,117.4,22.0,Normal
7.0,L,1,116.8,19.3,Normal
7.0,P,0,116.7,23.2,Normal
11.0,P,0,143.7,33.5,Normal
8.0,L,1,123.8,22.8,Normal
12.0,P,0,144.2,39.8,Overweight
7.0,L,1,119.7,19.7,Underweight
8.0,P,0,120.7,20.3,Underweight
6.0,P,0,110.0,22.0,Overweight
12.0,L,1,149.0,39.9,Normal
11.0,L,1,140.9,34.9,Normal
8.0,L,1,125.1,25.3,Normal
9.0,P,0,128.0,23.6,Normal
10.0,P,0,128.0,30.2,Overweight
12.0,L,1,142.5,41.4,Overweight
9.0,P,0,131.7,32.4,Overweight
8.0,L,1,126.3,27.6,Normal
9.0,P,0,129.9,33.5,Overweight
12.0,L,1,146.9,38.1,Normal
11.0,L,1,136.4,37.8,Overweight
7.0,P,0,116.4,24.2,Normal
10.0,L,1,131.8,29.7,Normal
8.0,L,1,123.7,24.4,Normal
8.0,P,0,120.0,21.8,Normal
12.0,L,1,143.3,36.7,Normal
6.0,P,0,113.9,17.2,Underweight
6.0,L,1,111.3,17.6,Normal
10.0,P,0,130.4,33.0,Overweight
11.0,L,1,146.6,37.1,Normal
12.0,P,0,143.9,38.2,Overweight
12.0,L,1,143.3,40.2,Overweight
12.0,L,1,146.2,42.0,Overweight
7.0,P,0,120.9,21.2,Normal
12.0,L,1,147.8,39.3,Normal
12.0,P,0,143.4,37.5,Overweight
7.0,L,1,114.8,21.6,Normal
7.0,P,0,118.4,23.4,Normal
12.0,L,1,145.7,43.6,Overweight
8.0,L,1,120.4,23.6,Normal
10.0,L,1,133.9,28.9,Normal
12.0,P,0,141.8,36.3,Overweight
11.0,P,0,139.0,31.9,Normal
11.0,P,0,142.4,35.2,Normal
7.0,L,1,119.3,22.2,Normal
12.0,L,1,146.9,38.2,Normal
12.0,L,1,145.4,34.9,Normal
12.0,P,0,147.5,39.2,Normal
8.0,L,1,121.7,22.7,Normal
12.0,P,0,144.7,40.0,Overweight
11.0,P,0,140.1,35.0,Normal
6.0,L,1,111.3,17.0,Underweight
7.0,P,0,117.2,19.7,Normal
7.0,L,1,115.4,22.2,Normal
9.0,P,0,131.9,27.1,Normal
7.0,P,0,113.0,19.0,Normal
9.0,L,1,128.9,24.1,Normal
7.0,P,0,117.9,20.4,Normal
6.0,L,1,112.0,20.6,Normal
11.0,P,0,141.1,38.2,Overweight
12.0,L,1,144.0,44.3,Overweight
7.0,P,0,115.4,19.1,Normal
12.0,P,0,148.2,38.6,Normal
8.0,P,0,123.5,26.3,Normal
8.0,P,0,120.8,27.3,Overweight
7.0,P,0,114.0,21.1,Normal
9.0,P,0,129.4,24.4,Normal
8.0,L,1,124.4,28.3,Overweight
8.0,P,0,122.0,23.7,Normal
6.0,P,0,116.0,17.0,Underweight
6.0,L,1,116.0,18.4,Underweight
8.0,L,1,122.2,20.0,Underweight
6.0,L,1,116.7,19.0,Underweight
6.0,L,1,116.8,18.3,Underweight
8.0,L,1,122.8,23.2,Normal
10.0,P,0,138.4,31.8,Normal
10.0,P,0,133.0,27.7,Normal
6.0,L,1,117.1,22.0,Normal
11.0,P,0,137.8,35.5,Overweight
8.0,L,1,121.7,24.9,Normal
6.0,P,0,111.4,18.6,Normal
8.0,L,1,122.2,29.0,Overweight
8.0,L,1,118.3,25.4,Overweight
7.0,P,0,122.6,19.4,Underweight
11.0,L,1,140.5,34.8,Normal
7.0,L,1,123.0,23.6,Normal
8.0,L,1,120.7,25.2,Normal
6.0,L,1,113.2,22.0,Normal
11.0,P,0,137.0,38.1,Overweight
8.0,P,0,122.0,23.4,Normal
6.0,P,0,117.1,17.0,Underweight
9.0,L,1,132.5,29.3,Normal
11.0,L,1,135.5,30.5,Normal
8.0,P,0,125.5,22.3,Normal
10.0,P,0,134.8,31.8,Normal
11.0,P,0,138.5,38.5,Overweight
10.0,L,1,139.6,30.1,Normal
6.0,L,1,117.1,20.9,Normal
12.0,L,1,144.9,44.2,Overweight
8.0,L,1,125.8,22.5,Normal
8.0,P,0,124.7,27.1,Normal
12.0,L,1,141.7,40.0,Overweight
7.0,P,0,119.8,18.0,Underweight
7.0,L,1,121.7,21.9,Normal
8.0,L,1,125.9,23.5,Normal
12.0,L,1,145.2,37.6,Normal
9.0,P,0,129.4,30.5,Overweight
11.0,P,0,141.1,34.6,Normal
7.0,L,1,122.0,18.0,Underweight
6.0,P,0,113.3,17.0,Underweight
10.0,L,1,139.2,29.6,Normal
11.0,L,1,142.6,34.3,Normal
11.0,P,0,137.8,36.8,Overweight
11.0,L,1,138.0,37.0,Overweight
11.0,P,0,143.7,37.8,Overweight
9.0,L,1,124.6,22.0,Normal
6.0,P,0,111.5,22.0,Normal
12.0,P,0,147.3,39.0,Normal
11.0,P,0,143.4,36.2,Normal
9.0,P,0,126.4,28.3,Normal
8.0,L,1,122.2,20.7,Underweight
12.0,P,0,149.0,36.1,Normal
10.0,L,1,128.8,26.4,Normal
8.0,L,1,118.0,20.0,Normal
11.0,L,1,141.4,35.9,Normal
7.0,P,0,118.9,18.6,Underweight
11.0,P,0,139.8,33.2,Normal
10.0,P,0,131.5,31.7,Overweight
12.0,P,0,145.9,45.3,Overweight
6.0,P,0,114.2,17.0,Underweight
7.0,P,0,118.2,25.0,Normal
8.0,L,1,127.0,21.5,Underweight
11.0,L,1,141.4,33.5,Normal
9.0,L,1,127.1,33.2,Overweight
9.0,L,1,125.5,25.7,Normal
10.0,P,0,137.9,27.7,Normal
12.0,P,0,143.1,39.5,Overweight
8.0,L,1,120.9,20.7,Normal
7.0,P,0,119.6,19.5,Underweight
11.0,P,0,137.0,37.1,Overweight
6.0,L,1,113.4,17.0,Underweight
11.0,P,0,137.4,34.5,Overweight
12.0,P,0,145.1,37.7,Normal
11.0,L,1,142.2,42.7,Overweight
12.0,P,0,146.5,47.0,Overweight
8.0,P,0,121.7,22.6,Normal
7.0,L,1,117.7,24.5,Normal
11.0,L,1,144.1,39.4,Overweight
7.0,L,1,114.3,21.4,Normal
10.0,L,1,135.4,31.6,Normal
7.0,P,0,121.1,18.0,Underweight
6.0,L,1,111.6,21.7,Normal
7.0,L,1,117.8,18.5,Underweight
11.0,P,0,138.6,37.8,Overweight
10.0,L,1,137.3,27.0,Normal
10.0,P,0,132.7,26.3,Normal
8.0,P,0,124.3,28.5,Overweight
12.0,L,1,146.5,35.4,Normal
6.0,L,1,112.7,19.5,Normal
12.0,P,0,147.8,35.0,Normal
12.0,L,1,149.3,38.5,Normal
9.0,L,1,131.9,28.8,Normal
12.0,L,1,145.1,43.4,Overweight
9.0,L,1,129.9,27.8,Normal
6.0,P,0,110.5,22.0,Overweight
11.0,L,1,139.0,34.1,Normal
7.0,L,1,115.7,19.7,Normal
10.0,P,0,129.4,29.5,Normal
8.0,P,0,118.7,21.4,Normal
12.0,P,0,142.4,36.4,Normal
7.0,P,0,118.4,20.2,Normal
8.0,P,0,121.5,29.0,Overweight
8.0,P,0,123.5,23.3,Normal
11.0,L,1,139.2,37.0,Overweight
11.0,P,0,146.2,34.1,Normal
10.0,P,0,129.9,33.0,Overweight
10.0,P,0,135.4,33.3,Overweight
7.0,P,0,113.1,22.3,Normal
6.0,L,1,112.7,17.0,Underweight
7.0,P,0,114.2,20.6,Normal
9.0,P,0,132.4,24.8,Normal
10.0,P,0,133.9,31.2,Normal
7.0,P,0,120.3,24.4,Normal
8.0,P,0,123.6,23.9,Normal
7.0,L,1,118.6,18.0,Underweight
9.0,L,1,132.6,25.9,Normal
11.0,L,1,143.0,33.1,Normal
7.0,P,0,118.3,20.0,Normal
10.0,P,0,134.3,35.6,Overweight
6.0,L,1,113.8,19.7,Normal
7.0,P,0,115.8,25.0,Overweight
6.0,P,0,114.8,19.5,Normal
10.0,L,1,129.5,33.2,Overweight
6.0,L,1,117.8,18.3,Underweight
12.0,P,0,148.1,36.9,Normal
9.0,P,0,126.9,33.0,Overweight
6.0,L,1,115.4,17.0,Underweight
11.0,L,1,143.5,42.7,Overweight
6.0,P,0,111.9,17.0,Underweight
7.0,L,1,118.8,19.6,Underweight
9.0,P,0,126.9,22.9,Normal
7.0,L,1,115.9,22.4,Normal
11.0,L,1,138.0,32.4,Normal
9.0,P,0,131.3,29.3,Normal
8.0,P,0,122.0,24.2,Normal
7.0,P,0,118.8,20.4,Normal
9.0,L,1,131.2,22.0,Underweight
12.0,P,0,148.3,35.4,Normal
11.0,L,1,144.8,35.2,Normal
10.0,L,1,137.0,34.4,Overweight
12.0,L,1,148.1,39.2,Normal
11.0,L,1,142.2,33.0,Normal
7.0,P,0,116.2,23.2,Normal
8.0,L,1,126.5,23.5,Normal
7.0,P,0,113.0,25.0,Overweight
9.0,L,1,124.8,30.4,Overweight
10.0,P,0,135.8,35.7,Overweight
10.0,P,0,136.1,36.6,Overweight
7.0,P,0,117.6,18.0,Underweight
9.0,L,1,128.9,31.3,Overweight
6.0,L,1,114.2,22.0,Normal
8.0,L,1,122.3,22.8,Normal
7.0,L,1,114.8,24.8,Overweight
8.0,P,0,120.3,22.5,Normal
8.0,L,1,124.4,21.6,Underweight
11.0,P,0,142.1,31.5,Normal
7.0,P,0,115.5,22.1,Normal
11.0,P,0,135.4,30.2,Normal
9.0,L,1,129.6,31.3,Overweight
9.0,L,1,128.2,27.2,Normal
10.0,L,1,134.3,34.3,Overweight
6.0,P,0,116.7,21.4,Normal
12.0,P,0,149.2,43.7,Overweight
12.0,L,1,145.8,39.5,Overweight
8.0,P,0,123.1,22.6,Normal
8.0,L,1,123.1,24.7,Normal
9.0,P,0,131.3,27.6,Normal
8.0,P,0,126.3,21.0,Underweight
10.0,P,0,136.9,35.3,Overweight
11.0,P,0,141.8,36.9,Overweight
7.0,L,1,113.5,22.0,Normal
8.0,P,0,126.2,29.0,Overweight
6.0,L,1,111.8,20.9,Normal
9.0,P,0,123.5,31.5,Overweight
11.0,P,0,138.2,34.1,Normal
7.0,L,1,116.4,23.4,Normal
12.0,L,1,147.2,38.1,Normal
9.0,L,1,128.2,31.0,Overweight
6.0,L,1,116.2,17.0,Underweight
10.0,L,1,134.8,33.3,Overweight
7.0,L,1,117.2,20.8,Normal
6.0,P,0,114.7,18.7,Normal
6.0,P,0,113.5,17.0,Underweight
6.0,P,0,112.9,20.9,Normal
12.0,P,0,145.8,38.8,Overweight
11.0,L,1,140.9,36.9,Overweight
9.0,L,1,124.3,27.3,Normal
6.0,L,1,115.5,20.1,Normal
9.0,L,1,129.2,25.1,Normal
8.0,L,1,119.2,23.5,Normal
7.0,P,0,120.0,18.0,Underweight
8.0,P,0,127.2,20.0,Underweight
10.0,L,1,135.8,32.3,Normal
6.0,L,1,111.9,21.0,Normal
12.0,P,0,145.8,35.6,Normal
10.0,L,1,134.6,27.9,Normal
9.0,L,1,126.0,29.9,Overweight
12.0,P,0,148.1,35.8,Normal
11.0,P,0,138.1,37.2,Overweight
11.0,L,1,136.9,38.9,Overweight
6.0,P,0,118.0,22.0,Normal
7.0,P,0,117.0,22.5,Normal
10.0,L,1,133.6,31.5,Normal
6.0,P,0,116.9,17.0,Underweight
12.0,L,1,147.0,41.6,Overweight
11.0,L,1,138.2,37.2,Overweight
12.0,L,1,143.5,40.3,Overweight
10.0,P,0,133.8,26.9,Normal
6.0,L,1,113.2,19.9,Normal
11.0,L,1,143.0,30.6,Normal
6.0,L,1,118.0,17.0,Underweight
6.0,P,0,115.1,20.1,Normal
9.0,P,0,129.7,34.0,Overweight
9.0,L,1,131.0,25.3,Normal
12.0,P,0,145.8,42.6,Overweight
10.0,L,1,134.3,27.7,Normal
6.0,P,0,115.8,17.0,Underweight
10.0,L,1,130.0,36.7,Overweight
6.0,P,0,113.5,18.0,Underweight
11.0,P,0,143.4,34.3,Normal
8.0,P,0,127.0,24.4,Normal
6.0,P,0,111.6,17.2,Underweight
6.0,L,1,110.0,19.7,Normal
12.0,P,0,145.1,37.8,Normal
9.0,P,0,127.2,27.7,Normal
8.0,L,1,125.1,28.0,Normal
12.0,L,1,148.9,39.9,Overweight
12.0,P,0,146.7,37.8,Normal
11.0,P,0,140.8,39.2,Overweight
11.0,P,0,142.4,35.4,Normal
10.0,L,1,132.1,30.1,Normal
10.0,P,0,132.5,35.6,Overweight
10.0,P,0,135.6,30.4,Normal
7.0,P,0,118.4,18.0,Underweight
6.0,L,1,118.0,20.1,Normal
6.0,P,0,117.2,22.0,Normal
7.0,L,1,119.0,21.0,Normal
11.0,P,0,139.6,35.7,Overweight
9.0,P,0,125.7,29.2,Overweight
12.0,P,0,145.0,36.0,Normal
10.0,L,1,133.4,33.5,Overweight
10.0,P,0,138.2,29.0,Normal
10.0,P,0,133.8,35.5,Overweight
6.0,L,1,118.0,17.3,Underweight
10.0,P,0,130.0,30.1,Normal
7.0,L,1,115.6,19.3,Normal
9.0,L,1,128.8,32.5,Overweight
8.0,P,0,123.1,25.5,Normal
8.0,L,1,127.0,25.6,Normal
12.0,L,1,147.6,42.1,Overweight
8.0,P,0,124.1,27.1,Normal
6.0,P,0,114.7,22.0,Normal
6.0,L,1,116.1,21.7,Normal
9.0,L,1,125.9,24.8,Normal
7.0,L,1,113.2,19.6,Normal
10.0,L,1,131.5,35.8,Overweight
8.0,L,1,120.4,24.7,Normal
11.0,P,0,139.1,32.0,Normal
7.0,L,1,117.5,18.6,Underweight
8.0,L,1,121.2,22.5,Normal
6.0,P,0,114.2,17.9,Underweight
10.0,L,1,135.2,35.2,Overweight
11.0,P,0,138.4,32.7,Normal
10.0,L,1,133.0,30.6,Normal
7.0,L,1,119.8,24.2,Normal
11.0,L,1,140.9,36.5,Overweight
12.0,P,0,151.3,40.7,Normal
10.0,P,0,136.4,37.5,Overweight
7.0,P,0,118.6,25.0,Normal
12.0,L,1,148.7,38.7,Normal
7.0,P,0,119.4,25.0,Normal
12.0,L,1,144.9,39.6,Overweight
7.0,L,1,120.1,18.0,Underweight
9.0,L,1,130.3,29.8,Normal
9.0,P,0,133.0,28.9,Normal
8.0,P,0,123.4,28.7,Overweight
8.0,L,1,122.6,21.6,Normal
11.0,L,1,140.5,36.1,Overweight
8.0,P,0,122.0,21.4,Normal
9.0,L,1,125.7,29.0,Overweight
10.0,L,1,137.5,33.2,Normal
8.0,P,0,121.5,24.4,Normal
9.0,L,1,126.2,29.6,Overweight
9.0,L,1,126.0,22.7,Normal
11.0,P,0,137.8,33.9,Normal
6.0,P,0,116.2,20.7,Normal
6.0,L,1,112.5,17.0,Underweight
12.0,P,0,145.4,41.6,Overweight
7.0,P,0,114.7,18.0,Underweight
7.0,L,1,117.6,18.0,Underweight
6.0,L,1,114.7,22.0,Normal
7.0,P,0,119.2,23.8,Normal
12.0,L,1,150.6,42.2,Overweight
11.0,L,1,144.8,34.1,Normal
9.0,P,0,126.4,27.4,Normal
6.0,L,1,113.8,17.0,Underweight
7.0,P,0,115.1,24.1,Overweight
12.0,L,1,145.1,38.3,Overweight
9.0,L,1,130.2,31.8,Overweight
9.0,L,1,128.0,25.2,Normal
6.0,P,0,111.2,21.8,Normal
9.0,L,1,126.6,29.6,Overweight
11.0,L,1,142.3,36.8,Overweight
7.0,L,1,117.6,19.0,Underweight
12.0,P,0,149.7,37.0,Normal
11.0,P,0,142.4,37.8,Overweight
9.0,P,0,123.6,25.6,Normal
6.0,L,1,112.6,17.0,Underweight
9.0,L,1,125.5,27.3,Normal
10.0,L,1,131.3,33.3,Overweight
12.0,P,0,145.1,39.2,Overweight
10.0,L,1,133.4,28.9,Normal
11.0,P,0,138.9,40.3,Overweight
7.0,P,0,115.7,18.0,Underweight
7.0,L,1,115.5,23.8,Normal
6.0,P,0,115.1,18.3,Underweight
8.0,P,0,122.7,24.5,Normal
10.0,P,0,137.5,29.4,Normal
11.0,L,1,139.3,33.6,Normal
10.0,P,0,133.1,38.0,Overweight
11.0,L,1,140.7,31.2,Normal
8.0,L,1,123.6,22.2,Normal
10.0,P,0,134.4,32.1,Normal
7.0,L,1,118.2,25.0,Normal
8.0,L,1,120.0,24.7,Normal
7.0,L,1,117.5,23.8,Normal
7.0,L,1,117.8,25.0,Overweight
11.0,P,0,139.8,38.8,Overweight
9.0,L,1,127.1,28.0,Normal
8.0,L,1,122.7,25.4,Normal
8.0,P,0,126.8,22.7,Normal
6.0,L,1,116.4,22.0,Normal
9.0,P,0,128.6,24.0,Normal
11.0,L,1,137.6,34.8,Overweight
11.0,L,1,143.4,40.9,Overweight
12.0,P,0,147.0,37.0,Normal
12.0,L,1,145.8,38.2,Normal
6.0,L,1,110.3,17.0,Underweight
11.0,P,0,143.0,34.3,Normal
9.0,L,1,124.9,30.0,Overweight
12.0,L,1,145.4,40.1,Overweight
10.0,P,0,134.9,31.0,Normal
10.0,P,0,137.2,35.4,Overweight
8.0,P,0,119.8,24.3,Normal
8.0,L,1,118.0,24.9,Normal
7.0,P,0,117.8,23.2,Normal
12.0,P,0,147.6,42.8,Overweight
8.0,L,1,126.2,27.7,Normal
12.0,P,0,148.9,37.3,Normal
12.0,P,0,141.4,39.2,Overweight
7.0,L,1,118.5,25.0,Normal
9.0,L,1,125.8,28.4,Normal
11.0,L,1,141.5,33.7,Normal
8.0,P,0,122.7,25.4,Normal
10.0,P,0,139.6,30.8,Normal
7.0,L,1,113.3,21.9,Normal
7.0,P,0,117.9,25.0,Normal
11.0,P,0,146.0,33.2,Normal
9.0,P,0,129.6,32.4,Overweight
9.0,P,0,127.8,32.1,Overweight
7.0,L,1,118.6,23.1,Normal
8.0,L,1,122.7,28.8,Overweight
8.0,P,0,121.0,21.3,Normal
8.0,L,1,124.1,28.7,Overweight
10.0,P,0,133.5,29.8,Normal
11.0,L,1,143.2,35.5,Normal
6.0,P,0,110.0,17.0,Normal
7.0,L,1,116.7,22.8,Normal
12.0,P,0,145.2,35.9,Normal
11.0,P,0,140.7,36.2,Overweight
11.0,P,0,147.0,36.9,Normal
11.0,L,1,140.3,35.9,Overweight
6.0,L,1,112.6,21.6,Normal
7.0,L,1,122.7,18.2,Underweight
10.0,P,0,134.6,33.3,Overweight
12.0,L,1,145.5,44.4,Overweight
10.0,L,1,132.1,34.6,Overweight
12.0,P,0,142.7,32.2,Normal
7.0,P,0,115.2,21.4,Normal
9.0,L,1,126.8,34.0,Overweight
12.0,L,1,147.2,39.9,Overweight
10.0,P,0,135.2,32.4,Normal
8.0,P,0,124.4,25.8,Normal
7.0,L,1,117.8,22.5,Normal
11.0,L,1,139.8,31.9,Normal
8.0,P,0,121.8,20.0,Underweight
8.0,L,1,122.2,22.1,Normal
8.0,L,1,122.1,26.6,Normal
12.0,P,0,142.7,34.4,Normal
6.0,P,0,111.0,20.1,Normal
11.0,P,0,145.1,37.7,Normal
12.0,P,0,147.4,42.4,Overweight
8.0,L,1,123.6,24.9,Normal
12.0,P,0,145.8,36.8,Normal
9.0,P,0,129.4,23.7,Normal
6.0,L,1,118.0,22.0,Normal
8.0,L,1,124.1,21.7,Normal
10.0,L,1,132.3,30.6,Normal
11.0,P,0,145.6,33.6,Normal
11.0,P,0,142.2,36.7,Overweight
10.0,P,0,132.7,29.8,Normal
8.0,P,0,128.0,21.6,Underweight
11.0,P,0,138.1,34.1,Normal
8.0,L,1,121.7,20.0,Underweight
10.0,P,0,134.3,34.9,Overweight
9.0,P,0,131.6,30.7,Normal
8.0,P,0,118.6,26.0,Overweight
6.0,P,0,118.0,19.2,Underweight
8.0,L,1,121.7,23.9,Normal
7.0,P,0,115.7,20.9,Normal
7.0,L,1,122.2,20.0,Underweight
11.0,L,1,141.2,30.5,Normal
11.0,L,1,140.9,33.3,Normal
6.0,L,1,111.8,21.0,Normal
10.0,P,0,132.7,34.5,Overweight
11.0,L,1,143.4,38.8,Overweight
11.0,L,1,142.8,32.1,Normal
10.0,P,0,133.5,31.6,Normal
11.0,P,0,137.8,35.4,Overweight
7.0,P,0,117.3,23.5,Normal
10.0,L,1,131.5,32.1,Overweight
7.0,P,0,118.7,20.1,Normal
10.0,L,1,135.1,31.2,Normal
7.0,P,0,113.0,20.9,Normal
9.0,P,0,126.9,24.6,Normal
8.0,L,1,121.7,29.0,Overweight
6.0,P,0,111.9,18.0,Normal
10.0,P,0,130.0,33.7,Overweight
12.0,L,1,145.1,35.7,Normal
6.0,L,1,114.8,19.5,Normal
6.0,P,0,116.4,22.0,Normal
8.0,P,0,125.8,25.6,Normal
7.0,P,0,118.6,22.9,Normal
11.0,P,0,142.0,37.2,Overweight
7.0,P,0,120.1,20.3,Normal
9.0,P,0,128.9,23.7,Normal
10.0,L,1,133.9,34.8,Overweight
10.0,P,0,132.3,31.8,Overweight
8.0,P,0,122.2,22.1,Normal
12.0,P,0,147.9,37.3,Normal
7.0,L,1,119.0,18.0,Underweight
11.0,L,1,141.9,35.4,Normal
11.0,L,1,141.0,37.1,Overweight
10.0,P,0,128.0,29.3,Normal
6.0,L,1,116.3,19.2,Normal
12.0,L,1,149.5,38.9,Normal
9.0,P,0,123.0,26.8,Normal
12.0,L,1,143.1,42.9,Overweight
12.0,P,0,146.3,36.2,Normal
6.0,L,1,116.5,21.6,Normal
7.0,L,1,114.9,18.1,Underweight
12.0,L,1,147.5,38.1,Normal
7.0,L,1,114.8,21.8,Normal
7.0,P,0,117.5,20.3,Normal
11.0,P,0,137.0,40.3,Overweight
8.0,L,1,122.8,21.6,Normal
7.0,P,0,119.0,19.2,Underweight
11.0,L,1,138.7,33.6,Normal
11.0,L,1,142.7,37.0,Overweight
7.0,L,1,119.9,25.0,Normal
7.0,P,0,115.4,24.2,Overweight
11.0,L,1,141.9,38.4,Overweight
12.0,P,0,151.2,36.0,Normal
7.0,L,1,117.8,20.9,Normal
7.0,P,0,118.7,22.0,Normal
6.0,L,1,116.1,20.3,Normal
10.0,L,1,132.9,32.7,Overweight
8.0,P,0,122.2,20.0,Underweight
9.0,L,1,126.8,26.4,Normal
12.0,L,1,146.2,41.1,Overweight
11.0,P,0,137.3,38.3,Overweight
11.0,P,0,142.1,37.5,Overweight
10.0,L,1,139.3,29.0,Normal
10.0,P,0,128.5,30.5,Overweight
7.0,P,0,116.1,19.6,Normal
7.0,L,1,116.9,23.3,Normal
8.0,L,1,123.0,23.5,Normal
12.0,P,0,147.9,39.8,Overweight
6.0,L,1,116.9,19.7,Normal
7.0,L,1,120.1,23.6,Normal
12.0,L,1,145.8,40.7,Overweight
10.0,L,1,135.1,30.7,Normal
9.0,P,0,129.0,30.3,Overweight
6.0,P,0,117.0,17.0,Underweight
12.0,P,0,149.8,42.9,Overweight
8.0,P,0,123.0,26.3,Normal
6.0,P,0,118.0,18.3,Underweight
11.0,L,1,144.1,33.3,Normal
9.0,P,0,131.8,34.0,Overweight
6.0,L,1,111.5,21.9,Normal
10.0,P,0,135.3,31.4,Normal
6.0,L,1,118.0,17.9,Underweight
7.0,P,0,115.4,18.0,Underweight
11.0,L,1,146.6,36.4,Normal
7.0,P,0,121.8,25.0,Normal
11.0,L,1,141.5,41.4,Overweight
8.0,L,1,122.2,23.6,Normal
7.0,L,1,113.0,21.3,Normal
8.0,P,0,120.9,21.8,Normal
9.0,L,1,128.2,29.7,Overweight
8.0,L,1,124.1,22.7,Normal
12.0,P,0,145.5,40.3,Overweight
8.0,L,1,120.8,24.5,Normal
7.0,L,1,122.8,18.4,Underweight
10.0,P,0,133.6,34.0,Overweight
10.0,P,0,135.8,33.3,Overweight
11.0,L,1,141.6,30.9,Normal
11.0,P,0,135.0,29.8,Normal
7.0,P,0,114.6,18.9,Normal
11.0,P,0,136.4,40.5,Overweight
11.0,P,0,142.2,36.5,Overweight
7.0,L,1,116.0,21.7,Normal
10.0,L,1,135.4,38.0,Overweight
6.0,P,0,115.3,17.0,Underweight
10.0,P,0,133.7,30.8,Normal
6.0,L,1,111.7,21.6,Normal
11.0,L,1,140.6,34.0,Normal
10.0,L,1,134.4,30.4,Normal
7.0,L,1,116.4,19.9,Normal
11.0,L,1,141.8,34.8,Normal
9.0,L,1,133.0,23.7,Underweight
8.0,L,1,125.3,26.5,Normal
12.0,P,0,144.4,38.1,Overweight
8.0,P,0,123.9,24.6,Normal
12.0,P,0,140.6,39.4,Overweight
12.0,P,0,149.6,36.8,Normal
8.0,L,1,119.8,25.2,Normal
12.0,L,1,145.2,41.7,Overweight
7.0,P,0,121.6,21.8,Normal
9.0,L,1,130.2,32.8,Overweight
11.0,L,1,145.0,29.4,Underweight
11.0,L,1,140.1,29.0,Normal
11.0,P,0,145.0,37.7,Normal
8.0,P,0,118.0,24.6,Normal
9.0,P,0,129.4,28.2,Normal
9.0,L,1,127.2,25.3,Normal
9.0,L,1,131.2,25.2,Normal
12.0,L,1,150.6,34.4,Normal
11.0,L,1,138.3,34.8,Overweight
7.0,P,0,115.9,18.0,Underweight
7.0,L,1,115.2,22.9,Normal
10.0,P,0,133.8,25.0,Underweight
9.0,L,1,131.3,32.0,Overweight
12.0,P,0,144.8,41.3,Overweight
12.0,P,0,146.0,38.5,Overweight
9.0,L,1,129.2,28.1,Normal
6.0,P,0,116.7,17.0,Underweight
7.0,P,0,118.7,23.7,Normal
11.0,L,1,140.1,35.2,Normal
9.0,P,0,129.6,25.4,Normal
7.0,P,0,118.9,18.0,Underweight
8.0,P,0,120.5,26.3,Overweight
6.0,L,1,112.8,18.3,Normal
6.0,L,1,117.3,20.2,Normal
9.0,P,0,124.6,29.8,Overweight
7.0,L,1,117.9,25.0,Normal
12.0,P,0,142.1,37.8,Overweight
7.0,P,0,121.2,23.4,Normal
10.0,L,1,133.0,32.7,Overweight
8.0,L,1,125.3,22.3,Normal
6.0,P,0,112.7,17.0,Underweight
11.0,L,1,141.4,37.2,Overweight
9.0,L,1,123.0,28.5,Overweight
9.0,L,1,130.5,33.2,Overweight
8.0,L,1,119.8,23.3,Normal
8.0,L,1,126.5,26.6,Normal
12.0,L,1,147.5,42.1,Overweight
6.0,L,1,114.6,19.2,Normal
9.0,P,0,133.0,27.2,Normal
9.0,P,0,127.7,27.6,Normal
11.0,L,1,141.0,38.4,Overweight
10.0,P,0,132.3,27.4,Normal
12.0,L,1,142.2,40.4,Overweight
11.0,P,0,140.8,36.7,Overweight
11.0,L,1,142.6,37.8,Overweight
7.0,L,1,118.9,23.3,Normal
12.0,L,1,144.8,39.1,Overweight
7.0,P,0,120.0,19.5,Underweight
9.0,P,0,126.1,27.6,Normal
7.0,L,1,113.2,23.7,Overweight
10.0,P,0,134.4,26.9,Normal
6.0,P,0,112.5,17.5,Underweight
6.0,L,1,115.6,22.0,Normal
6.0,L,1,113.8,22.0,Normal
8.0,L,1,118.2,24.8,Normal
7.0,L,1,119.9,19.1,Underweight
9.0,P,0,126.1,29.9,Overweight
12.0,L,1,142.7,34.9,Normal
9.0,P,0,127.7,25.9,Normal
6.0,L,1,115.1,22.0,Normal
9.0,L,1,131.1,28.7,Normal
8.0,L,1,125.1,25.9,Normal
8.0,L,1,121.6,24.7,Normal
11.0,P,0,140.6,34.4,Normal
10.0,L,1,138.5,32.8,Normal
9.0,L,1,133.0,28.4,Normal
11.0,L,1,144.4,35.2,Normal
12.0,P,0,148.6,35.6,Normal
6.0,L,1,117.4,20.8,Normal
6.0,P,0,110.0,21.7,Normal
9.0,L,1,131.6,24.4,Normal
11.0,P,0,146.8,35.0,Normal
10.0,L,1,135.7,30.4,Normal
11.0,L,1,147.0,34.4,Normal
7.0,P,0,115.7,22.7,Normal
10.0,L,1,138.6,32.0,Normal
9.0,P,0,133.0,26.8,Normal
6.0,L,1,114.7,17.6,Underweight
6.0,P,0,115.2,22.0,Normal
11.0,L,1,141.1,38.5,Overweight
6.0,P,0,117.8,22.0,Normal
11.0,P,0,138.3,39.1,Overweight
8.0,L,1,123.2,26.2,Normal
9.0,L,1,128.2,30.7,Overweight
10.0,P,0,137.7,32.1,Normal
8.0,P,0,120.7,21.3,Normal
11.0,L,1,142.7,36.6,Normal
11.0,P,0,143.3,36.6,Normal
8.0,L,1,120.6,26.4,Overweight
11.0,P,0,136.8,34.2,Overweight
12.0,P,0,142.4,37.3,Overweight
8.0,P,0,119.6,27.4,Overweight
6.0,L,1,111.9,21.2,Normal
8.0,L,1,123.7,23.1,Normal
8.0,P,0,124.9,23.0,Normal
6.0,P,0,118.0,19.3,Underweight
11.0,L,1,136.2,33.9,Overweight
11.0,P,0,140.9,35.9,Overweight
9.0,P,0,127.2,29.6,Overweight
11.0,L,1,143.9,35.6,Normal
9.0,P,0,126.2,32.5,Overweight
7.0,L,1,116.1,20.9,Normal
10.0,P,0,132.6,31.6,Normal
9.0,L,1,127.1,27.2,Normal
12.0,P,0,146.2,37.5,Normal
8.0,L,1,122.8,29.0,Overweight
6.0,P,0,110.0,19.3,Normal
11.0,P,0,142.7,34.2,Normal
12.0,L,1,147.0,34.8,Normal
9.0,L,1,126.3,28.5,Normal
11.0,P,0,141.1,35.2,Normal
10.0,L,1,133.5,31.7,Normal
9.0,P,0,131.2,26.9,Normal
11.0,P,0,139.9,33.9,Normal
7.0,P,0,117.3,19.2,Underweight
6.0,L,1,110.9,22.0,Normal
9.0,P,0,131.3,27.2,Normal
9.0,P,0,125.6,27.2,Normal
6.0,P,0,114.6,20.7,Normal
11.0,L,1,143.0,33.2,Normal
8.0,L,1,121.5,24.2,Normal
8.0,L,1,121.7,23.7,Normal
10.0,P,0,132.6,28.7,Normal
10.0,L,1,133.2,28.0,Normal
8.0,P,0,124.1,24.5,Normal
9.0,L,1,128.0,31.3,Overweight
11.0,L,1,138.6,33.4,Normal
10.0,L,1,131.2,28.1,Normal
9.0,P,0,125.8,32.8,Overweight
8.0,L,1,121.0,26.3,Normal
12.0,L,1,148.2,34.5,Normal
9.0,L,1,125.6,26.5,Normal
12.0,P,0,149.3,37.0,Normal
12.0,P,0,144.6,42.8,Overweight
8.0,L,1,125.0,22.4,Normal
7.0,P,0,120.2,22.2,Normal
11.0,L,1,142.6,30.4,Normal
9.0,P,0,129.9,25.9,Normal
8.0,L,1,122.9,25.2,Normal
8.0,L,1,128.0,24.1,Normal
11.0,L,1,145.8,31.9,Normal
10.0,L,1,131.1,30.1,Normal
10.0,L,1,134.1,36.0,Overweight
10.0,L,1,133.1,29.1,Normal
8.0,P,0,118.4,23.4,Normal
10.0,P,0,135.2,29.7,Normal
8.0,P,0,121.2,25.4,Normal
12.0,P,0,141.7,38.5,Overweight
10.0,P,0,133.9,30.4,Normal
9.0,P,0,128.9,28.5,Normal
8.0,L,1,123.7,23.4,Normal
8.0,P,0,122.7,23.2,Normal
6.0,L,1,116.3,18.1,Underweight
12.0,L,1,143.7,39.4,Overweight
7.0,P,0,121.4,20.8,Normal
9.0,P,0,127.2,26.7,Normal
9.0,L,1,124.5,24.1,Normal
8.0,L,1,123.0,21.1,Underweight
12.0,P,0,148.2,38.9,Normal
6.0,P,0,113.7,21.2,Normal
11.0,P,0,137.4,35.7,Overweight
10.0,P,0,131.2,32.6,Overweight
10.0,L,1,139.0,30.9,Normal
12.0,P,0,151.4,42.7,Overweight
10.0,P,0,132.0,30.7,Normal
12.0,P,0,151.6,38.6,Normal
6.0,P,0,110.0,17.6,Normal
11.0,P,0,142.1,38.2,Overweight
10.0,L,1,133.1,32.9,Overweight
7.0,P,0,117.3,19.8,Normal
9.0,L,1,125.3,22.0,Normal
12.0,L,1,146.5,40.1,Overweight
6.0,L,1,111.8,20.6,Normal
12.0,P,0,145.9,38.1,Normal
11.0,L,1,137.4,33.8,Normal
7.0,P,0,116.1,21.6,Normal
6.0,P,0,113.6,21.9,Normal
11.0,L,1,141.1,42.7,Overweight
9.0,P,0,125.4,29.3,Overweight
11.0,L,1,141.1,37.0,Overweight
10.0,L,1,135.8,33.5,Overweight
6.0,P,0,115.9,20.4,Normal
6.0,L,1,114.2,19.9,Normal
10.0,L,1,132.2,33.8,Overweight
9.0,L,1,125.4,28.0,Normal
9.0,P,0,124.1,30.9,Overweight
6.0,L,1,110.4,17.0,Underweight
7.0,P,0,118.1,18.8,Underweight
10.0,L,1,136.4,31.4,Normal
10.0,P,0,132.9,31.6,Normal
9.0,L,1,130.7,26.0,Normal
6.0,L,1,116.6,18.8,Underweight
11.0,L,1,135.7,35.3,Overweight
10.0,L,1,134.6,26.9,Normal
10.0,L,1,134.7,28.2,Normal
9.0,P,0,128.3,30.3,Overweight
6.0,L,1,116.7,21.5,Normal
11.0,P,0,139.1,30.3,Normal
7.0,L,1,114.9,21.5,Normal
8.0,P,0,122.7,27.3,Overweight
8.0,L,1,123.5,27.2,Normal
11.0,P,0,139.7,36.7,Overweight
10.0,P,0,137.9,32.7,Normal
7.0,P,0,122.9,25.0,Normal
6.0,L,1,118.0,21.8,Normal
8.0,P,0,126.7,29.0,Overweight
8.0,L,1,120.6,25.4,Normal
12.0,L,1,142.2,37.9,Overweight
11.0,P,0,138.5,36.1,Overweight
9.0,P,0,129.9,32.7,Overweight
6.0,L,1,116.6,18.1,Underweight
6.0,L,1,115.8,22.0,Normal
12.0,P,0,142.5,40.4,Overweight
10.0,P,0,129.0,35.1,Overweight
9.0,P,0,127.7,28.3,Normal
6.0,P,0,115.1,17.0,Underweight
10.0,L,1,131.8,31.2,Normal
8.0,P,0,120.9,21.9,Normal
6.0,P,0,117.1,18.1,Underweight
11.0,L,1,140.3,33.8,Normal
8.0,P,0,124.0,25.3,Normal
10.0,P,0,130.3,32.2,Overweight
11.0,L,1,142.6,32.8,Normal
10.0,L,1,131.9,33.7,Overweight
9.0,P,0,130.7,33.5,Overweight
12.0,L,1,140.0,39.2,Overweight
6.0,L,1,113.2,17.0,Underweight
6.0,P,0,114.3,17.0,Underweight
8.0,P,0,123.3,24.6,Normal
7.0,L,1,116.5,23.4,Normal
10.0,L,1,135.3,28.7,Normal
7.0,L,1,118.0,21.0,Normal
6.0,P,0,112.6,17.0,Underweight
6.0,P,0,116.1,20.3,Normal
7.0,L,1,123.0,23.2,Normal
6.0,P,0,116.9,20.7,Normal
12.0,P,0,150.1,40.8,Overweight
8.0,P,0,119.0,23.9,Normal
12.0,P,0,140.9,37.3,Normal
12.0,P,0,148.5,35.7,Normal
11.0,P,0,140.2,40.8,Overweight
12.0,L,1,146.3,40.6,Overweight
11.0,L,1,143.0,40.0,Overweight
11.0,P,0,142.2,39.0,Overweight
9.0,L,1,129.8,24.3,Normal
11.0,P,0,143.1,36.0,Normal
12.0,P,0,149.4,36.0,Normal
11.0,L,1,139.1,30.4,Normal
7.0,P,0,113.3,25.0,Overweight
11.0,P,0,139.0,36.0,Overweight
10.0,P,0,131.1,25.1,Normal
8.0,P,0,122.3,20.1,Underweight
12.0,L,1,144.7,41.3,Overweight
9.0,P,0,126.5,25.3,Normal
7.0,P,0,121.1,24.1,Normal
10.0,P,0,129.9,37.2,Obesity
7.0,L,1,118.1,22.1,Normal
11.0,L,1,141.3,36.2,Overweight
7.0,L,1,117.4,18.0,Underweight
9.0,L,1,124.5,28.8,Overweight
8.0,L,1,122.0,20.6,Underweight
12.0,P,0,144.9,39.2,Overweight
7.0,L,1,113.0,21.8,Normal
6.0,L,1,114.9,22.0,Normal
7.0,L,1,123.0,25.0,Normal
9.0,P,0,130.3,31.6,Overweight
6.0,P,0,118.0,17.3,Underweight
9.0,P,0,125.3,29.2,Overweight
7.0,P,0,121.1,20.3,Underweight
11.0,P,0,140.6,42.8,Overweight
6.0,L,1,116.8,20.9,Normal
8.0,P,0,124.0,21.5,Underweight
7.0,L,1,117.7,21.5,Normal
12.0,L,1,147.2,36.9,Normal
7.0,P,0,119.0,18.0,Underweight
7.0,P,0,119.0,22.6,Normal
8.0,P,0,124.8,23.8,Normal
8.0,P,0,120.5,20.0,Underweight
7.0,L,1,119.4,18.0,Underweight
6.0,L,1,114.7,21.6,Normal
9.0,P,0,124.8,23.6,Normal
10.0,P,0,134.9,32.9,Overweight
6.0,L,1,113.1,21.9,Normal
10.0,P,0,135.5,25.6,Underweight
10.0,P,0,137.1,31.0,Normal
6.0,L,1,110.0,17.0,Normal
11.0,L,1,141.3,31.0,Normal
11.0,L,1,143.0,38.6,Overweight
12.0,L,1,147.6,41.2,Overweight
7.0,L,1,117.3,25.0,Overweight
6.0,L,1,110.8,17.5,Normal
8.0,P,0,125.2,24.5,Normal
7.0,P,0,122.4,19.1,Underweight
11.0,P,0,140.5,39.7,Overweight
12.0,L,1,140.0,38.6,Overweight
11.0,P,0,141.6,34.4,Normal
10.0,P,0,134.1,27.7,Normal
8.0,P,0,125.6,24.9,Normal
7.0,L,1,116.3,25.0,Overweight
10.0,P,0,136.5,37.3,Overweight
12.0,P,0,146.8,39.7,Overweight
11.0,P,0,136.5,38.4,Overweight
10.0,L,1,130.7,34.9,Overweight
6.0,P,0,113.4,17.9,Underweight
11.0,L,1,141.1,43.0,Overweight
6.0,L,1,114.5,22.0,Normal
9.0,P,0,131.3,23.1,Underweight
11.0,P,0,144.0,33.3,Normal
8.0,L,1,123.7,28.5,Overweight
8.0,L,1,122.2,24.5,Normal
8.0,P,0,124.7,22.7,Normal
7.0,P,0,121.6,25.0,Normal
11.0,P,0,139.4,37.1,Overweight
11.0,P,0,135.3,40.2,Overweight
11.0,L,1,141.8,36.9,Overweight
12.0,P,0,143.0,34.5,Normal
10.0,L,1,138.5,38.0,Overweight
10.0,L,1,136.8,29.5,Normal
6.0,P,0,113.9,17.0,Underweight
12.0,L,1,147.6,37.7,Normal
12.0,L,1,148.8,42.0,Overweight
6.0,P,0,112.3,22.0,Normal
8.0,L,1,121.8,28.6,Overweight
6.0,P,0,114.4,21.3,Normal
6.0,L,1,113.5,21.8,Normal
7.0,P,0,118.5,25.0,Normal
9.0,P,0,129.0,29.1,Normal
10.0,P,0,133.5,29.4,Normal
9.0,L,1,125.8,27.1,Normal
9.0,L,1,123.0,26.4,Normal
6.0,L,1,114.2,20.3,Normal
6.0,L,1,115.5,21.2,Normal
10.0,P,0,133.0,31.0,Normal
12.0,P,0,149.0,41.7,Overweight
9.0,P,0,131.4,25.8,Normal
9.0,L,1,128.5,28.1,Normal
6.0,P,0,116.9,17.1,Underweight
12.0,P,0,146.6,38.1,Normal
10.0,P,0,135.0,25.0,Underweight
12.0,L,1,150.4,33.7,Normal
12.0,L,1,147.0,39.1,Overweight
8.0,P,0,124.2,24.3,Normal
11.0,L,1,140.6,37.8,Overweight
8.0,P,0,120.6,27.6,Overweight
12.0,L,1,145.3,37.0,Normal
12.0,L,1,146.8,34.9,Normal
11.0,L,1,143.1,38.4,Overweight
6.0,P,0,114.3,20.9,Normal
9.0,P,0,124.6,28.9,Overweight
10.0,L,1,134.3,32.3,Normal
7.0,L,1,119.6,20.9,Normal
11.0,P,0,143.2,35.0,Normal
12.0,P,0,151.1,38.7,Normal
12.0,P,0,149.0,35.0,Normal
6.0,L,1,117.6,17.0,Underweight
12.0,P,0,146.9,37.5,Normal
7.0,L,1,114.7,22.8,Normal
10.0,L,1,131.2,30.2,Normal
8.0,P,0,122.5,23.2,Normal
10.0,P,0,131.7,30.2,Normal
12.0,P,0,148.5,40.7,Overweight
6.0,L,1,115.0,17.7,Underweight
10.0,P,0,132.8,32.6,Overweight
9.0,L,1,127.2,22.9,Normal
12.0,L,1,143.6,40.6,Overweight
10.0,P,0,136.7,32.5,Normal
9.0,P,0,127.1,28.6,Normal
8.0,L,1,121.3,25.4,Normal
7.0,L,1,119.7,18.0,Underweight
7.0,L,1,118.2,20.6,Normal
7.0,P,0,117.9,22.3,Normal
12.0,L,1,143.1,39.3,Overweight
8.0,L,1,122.5,22.8,Normal
10.0,L,1,131.2,28.4,Normal
6.0,L,1,115.8,17.0,Underweight
8.0,L,1,125.4,24.7,Normal
10.0,L,1,133.9,30.6,Normal
10.0,L,1,132.9,34.4,Overweight
6.0,L,1,117.0,18.3,Underweight
11.0,L,1,146.2,35.2,Normal
7.0,P,0,123.0,19.5,Underweight
9.0,P,0,130.3,29.5,Normal
9.0,L,1,123.0,32.3,Overweight
7.0,P,0,119.9,24.7,Normal
11.0,L,1,138.1,36.7,Overweight
12.0,L,1,147.3,40.7,Overweight
9.0,L,1,125.2,28.4,Overweight
7.0,P,0,119.3,20.0,Normal
12.0,L,1,145.2,41.1,Overweight
7.0,P,0,120.2,23.5,Normal
7.0,P,0,114.0,21.9,Normal
12.0,P,0,148.1,36.6,Normal
7.0,L,1,116.3,24.4,Overweight
8.0,L,1,122.9,28.1,Overweight
12.0,P,0,150.9,34.7,Normal
12.0,L,1,143.9,40.2,Overweight
11.0,L,1,139.5,36.9,Overweight
10.0,P,0,134.6,33.1,Overweight
10.0,P,0,135.4,30.1,Normal
11.0,L,1,136.8,36.8,Overweight
9.0,L,1,123.0,23.8,Normal
9.0,L,1,128.6,26.5,Normal
11.0,P,0,141.4,38.7,Overweight
8.0,P,0,124.2,24.9,Normal
8.0,P,0,122.4,20.0,Underweight
8.0,L,1,118.7,21.4,Normal
7.0,P,0,116.3,25.0,Overweight
8.0,P,0,125.7,20.0,Underweight
8.0,L,1,126.1,23.0,Normal
12.0,L,1,143.3,44.1,Overweight
9.0,L,1,130.1,29.9,Normal
10.0,P,0,132.1,35.7,Overweight
9.0,P,0,128.4,22.0,Underweight
9.0,L,1,125.7,28.2,Normal
6.0,L,1,114.1,22.0,Normal
9.0,P,0,132.5,29.1,Normal
11.0,P,0,142.3,33.3,Normal
12.0,L,1,142.9,40.5,Overweight
7.0,L,1,118.3,24.8,Normal
12.0,L,1,146.1,40.6,Overweight
12.0,P,0,147.6,42.0,Overweight
7.0,P,0,123.0,24.5,Normal
11.0,P,0,140.6,41.9,Overweight
9.0,L,1,129.8,25.9,Normal
10.0,L,1,134.9,28.3,Normal
12.0,P,0,146.2,40.0,Overweight
7.0,L,1,118.5,18.8,Underweight
7.0,L,1,117.5,25.0,Overweight
12.0,P,0,150.7,37.9,Normal
9.0,L,1,125.1,26.5,Normal
9.0,L,1,128.3,26.7,Normal
7.0,P,0,119.9,20.8,Normal
9.0,L,1,129.7,28.6,Normal
7.0,L,1,117.6,19.9,Normal
9.0,L,1,130.8,25.4,Normal
8.0,P,0,124.4,26.8,Normal
12.0,L,1,144.6,39.8,Overweight
6.0,L,1,112.6,21.2,Normal
6.0,P,0,113.6,22.0,Normal
9.0,L,1,126.1,26.9,Normal
11.0,P,0,142.0,41.1,Overweight
8.0,P,0,119.8,23.8,Normal
12.0,P,0,144.8,41.5,Overweight
6.0,L,1,115.6,17.1,Underweight
12.0,L,1,145.3,42.3,Overweight
7.0,L,1,114.5,19.4,Normal
7.0,L,1,117.9,20.1,Normal
7.0,L,1,113.0,18.0,Normal
6.0,L,1,115.0,18.9,Normal
10.0,P,0,136.2,27.0,Normal
6.0,P,0,113.7,18.7,Normal
11.0,L,1,145.4,43.0,Overweight
8.0,P,0,126.0,25.0,Normal
12.0,L,1,144.0,38.8,Overweight
12.0,L,1,144.1,39.3,Overweight
11.0,L,1,138.7,35.9,Overweight
9.0,P,0,130.1,28.4,Normal
10.0,L,1,137.0,29.4,Normal
9.0,P,0,125.2,30.0,Overweight
12.0,L,1,146.4,41.3,Overweight
12.0,P,0,144.5,37.0,Normal
7.0,L,1,116.1,19.2,Normal
9.0,P,0,129.1,23.4,Normal
7.0,L,1,117.2,20.9,Normal
9.0,P,0,126.7,26.1,Normal
10.0,P,0,136.6,30.3,Normal
11.0,P,0,139.8,34.3,Normal
8.0,P,0,125.6,20.7,Underweight
12.0,P,0,143.2,37.1,Overweight
6.0,P,0,116.8,18.7,Underweight
10.0,P,0,132.7,34.1,Overweight
9.0,L,1,129.1,26.6,Normal
6.0,P,0,116.8,18.4,Underweight
12.0,L,1,149.0,37.7,Normal
7.0,L,1,117.0,24.9,Overweight
8.0,L,1,125.0,20.0,Underweight
7.0,P,0,116.1,23.6,Normal
8.0,L,1,124.1,23.0,Normal
7.0,P,0,120.0,25.0,Normal
7.0,P,0,116.4,22.2,Normal
12.0,L,1,144.4,41.2,Overweight
7.0,L,1,119.8,25.0,Normal
6.0,P,0,112.9,17.6,Underweight
10.0,P,0,138.2,34.5,Overweight
11.0,L,1,137.4,34.5,Overweight
10.0,P,0,132.5,34.5,Overweight
9.0,L,1,131.4,31.0,Normal
6.0,P,0,111.4,17.0,Underweight
11.0,L,1,142.7,36.2,Normal
8.0,L,1,122.2,21.3,Normal
12.0,L,1,148.2,39.9,Overweight
6.0,P,0,114.9,17.0,Underweight
8.0,P,0,122.0,23.8,Normal
9.0,P,0,123.0,24.4,Normal
10.0,P,0,135.2,27.3,Normal
10.0,L,1,134.1,31.6,Normal
6.0,P,0,111.7,18.2,Normal
9.0,L,1,131.4,33.0,Overweight
10.0,P,0,136.4,33.1,Normal
11.0,L,1,139.6,39.0,Overweight
6.0,P,0,114.8,22.0,Normal
9.0,P,0,128.5,23.1,Normal
12.0,L,1,145.1,41.5,Overweight
6.0,P,0,114.0,22.0,Normal
8.0,L,1,124.1,29.0,Overweight
7.0,L,1,123.0,19.8,Underweight
12.0,P,0,148.2,37.1,Normal
9.0,P,0,125.4,24.7,Normal
6.0,P,0,118.0,17.7,Underweight
12.0,P,0,143.0,43.6,Overweight
9.0,L,1,124.7,27.2,Normal
7.0,L,1,119.0,22.0,Normal
10.0,P,0,136.5,34.0,Overweight
7.0,P,0,115.3,24.0,Overweight
12.0,P,0,146.6,40.6,Overweight
11.0,L,1,141.4,32.9,Normal
7.0,L,1,119.1,18.0,Underweight
7.0,L,1,117.1,18.0,Underweight
7.0,L,1,120.4,19.2,Underweight
12.0,P,0,144.7,41.6,Overweight
10.0,P,0,130.8,34.0,Overweight
9.0,L,1,128.8,26.1,Normal
8.0,L,1,123.9,26.0,Normal
9.0,P,0,126.8,23.8,Normal
7.0,L,1,121.1,18.0,Underweight
10.0,L,1,137.2,29.5,Normal
9.0,P,0,125.9,28.4,Normal
11.0,P,0,143.8,33.8,Normal
12.0,P,0,145.3,34.0,Normal
6.0,P,0,112.9,22.0,Normal
6.0,L,1,112.8,17.0,Underweight
11.0,P,0,143.5,34.5,Normal
6.0,L,1,113.4,17.8,Underweight
6.0,P,0,110.9,21.9,Normal
10.0,P,0,132.8,30.8,Normal
10.0,L,1,133.5,30.5,Normal
10.0,L,1,136.3,31.7,Normal
7.0,P,0,117.1,20.5,Normal
8.0,P,0,125.0,29.0,Overweight
10.0,P,0,133.4,33.5,Overweight
10.0,P,0,136.8,26.6,Normal
6.0,L,1,111.6,22.0,Normal
12.0,L,1,144.6,35.5,Normal
6.0,P,0,113.9,22.0,Normal
9.0,L,1,131.3,28.0,Normal
10.0,P,0,132.3,33.3,Overweight
9.0,L,1,126.7,22.4,Underweight
7.0,L,1,119.0,21.2,Normal
9.0,P,0,126.1,33.4,Overweight
7.0,L,1,117.1,21.9,Normal
11.0,L,1,142.0,35.7,Normal
10.0,L,1,134.9,34.3,Overweight
8.0,P,0,119.7,24.6,Normal
11.0,P,0,135.7,35.4,Overweight
12.0,L,1,148.6,38.1,Normal
9.0,P,0,129.5,28.7,Normal
6.0,L,1,113.8,21.7,Normal
11.0,P,0,142.1,30.8,Normal
12.0,L,1,145.5,39.2,Overweight
7.0,L,1,120.3,20.1,Underweight
12.0,P,0,148.3,38.1,Normal
11.0,P,0,145.9,35.3,Normal
7.0,L,1,121.4,20.6,Underweight
9.0,P,0,127.9,24.7,Normal
12.0,L,1,145.5,43.5,Overweight
11.0,L,1,139.9,35.7,Overweight
10.0,P,0,128.9,32.9,Overweight
8.0,L,1,125.1,27.1,Normal
11.0,L,1,138.1,37.1,Overweight
12.0,P,0,148.1,39.6,Overweight
10.0,P,0,134.8,28.3,Normal
6.0,L,1,112.0,17.7,Normal
12.0,L,1,143.8,38.6,Overweight
6.0,P,0,118.0,20.0,Normal
10.0,L,1,137.9,32.2,Normal
11.0,P,0,139.1,35.0,Overweight
10.0,L,1,131.4,31.1,Overweight
6.0,L,1,114.3,18.8,Normal
6.0,L,1,116.5,17.0,Underweight
7.0,P,0,116.6,22.1,Normal
11.0,L,1,143.4,39.9,Overweight
10.0,L,1,131.4,25.5,Normal
12.0,P,0,143.1,41.5,Overweight
9.0,L,1,126.6,25.5,Normal
11.0,L,1,138.7,39.1,Overweight
12.0,L,1,148.3,37.8,Normal
8.0,L,1,123.2,24.7,Normal
11.0,L,1,145.6,33.3,Normal
8.0,L,1,121.6,20.0,Underweight
9.0,L,1,130.7,30.9,Overweight
10.0,P,0,134.4,32.6,Overweight
12.0,P,0,147.9,35.4,Normal
10.0,L,1,137.1,28.6,Normal
7.0,P,0,118.9,24.2,Normal
8.0,L,1,119.8,24.9,Normal
9.0,P,0,125.3,23.3,Normal
9.0,L,1,128.1,25.0,Normal
7.0,P,0,119.1,22.6,Normal
11.0,L,1,141.5,35.3,Normal
8.0,L,1,123.4,24.7,Normal
6.0,L,1,118.0,20.2,Normal
12.0,P,0,146.8,38.4,Normal
10.0,L,1,134.1,31.7,Normal
10.0,L,1,131.3,37.1,Overweight
6.0,P,0,110.0,18.1,Normal
8.0,P,0,122.9,22.9,Normal
12.0,P,0,148.8,42.9,Overweight
9.0,P,0,128.6,30.1,Overweight
7.0,P,0,119.7,19.8,Underweight
6.0,L,1,112.1,17.0,Underweight
10.0,P,0,134.8,30.1,Normal
8.0,L,1,119.7,29.0,Overweight
8.0,P,0,125.9,29.0,Overweight
11.0,P,0,140.9,37.7,Overweight
6.0,P,0,113.5,17.6,Underweight
10.0,L,1,132.1,32.7,Overweight
6.0,L,1,117.2,22.0,Normal
6.0,L,1,115.7,20.0,Normal
10.0,L,1,130.9,29.1,Normal
6.0,L,1,114.9,21.6,Normal
12.0,L,1,144.8,43.7,Overweight
11.0,L,1,143.1,34.8,Normal
7.0,L,1,118.7,22.8,Normal
9.0,L,1,129.1,28.6,Normal
9.0,P,0,126.3,30.8,Overweight
12.0,P,0,148.2,43.2,Overweight
9.0,L,1,128.9,27.2,Normal
6.0,P,0,113.7,17.0,Underweight
12.0,P,0,143.5,42.9,Overweight
8.0,L,1,120.4,23.3,Normal
12.0,P,0,147.2,40.1,Overweight
10.0,L,1,134.1,31.8,Normal
10.0,P,0,139.0,34.0,Normal
12.0,L,1,147.0,35.6,Normal
6.0,L,1,116.6,20.2,Normal
7.0,P,0,117.3,20.0,Normal
9.0,P,0,127.5,29.4,Overweight
6.0,L,1,117.2,19.4,Normal
12.0,P,0,146.2,41.9,Overweight
8.0,P,0,122.2,21.0,Normal
7.0,L,1,120.5,19.0,Underweight
9.0,P,0,131.6,23.5,Underweight
10.0,P,0,132.0,33.2,Overweight
8.0,P,0,122.5,26.0,Normal
9.0,L,1,129.5,29.0,Normal
12.0,P,0,144.5,36.8,Normal
10.0,L,1,135.4,25.6,Underweight
7.0,P,0,119.9,25.0,Normal
11.0,P,0,143.1,30.7,Normal
11.0,P,0,141.5,35.4,Normal
8.0,P,0,120.8,23.4,Normal
11.0,P,0,142.5,37.1,Overweight
8.0,L,1,128.0,21.1,Underweight
10.0,L,1,129.6,30.2,Normal
12.0,L,1,145.3,40.0,Overweight
9.0,L,1,128.1,24.3,Normal
8.0,P,0,123.3,24.0,Normal
7.0,L,1,118.7,25.0,Normal
12.0,P,0,143.9,38.1,Overweight
12.0,P,0,148.8,38.3,Normal
10.0,L,1,135.9,33.8,Overweight
8.0,P,0,122.9,25.9,Normal
12.0,L,1,144.9,40.3,Overweight
6.0,L,1,113.1,22.0,Normal
6.0,P,0,115.1,22.0,Normal
10.0,L,1,132.8,27.7,Normal
9.0,L,1,124.3,28.2,Overweight
10.0,L,1,133.1,28.8,Normal
10.0,P,0,134.8,36.3,Overweight
11.0,P,0,144.1,33.0,Normal
7.0,L,1,121.7,21.6,Normal
10.0,L,1,135.0,30.1,Normal
9.0,L,1,124.9,23.6,Normal
8.0,P,0,120.7,23.4,Normal
9.0,P,0,129.3,30.7,Overweight
10.0,P,0,133.9,35.3,Overweight
8.0,L,1,125.4,26.4,Normal
12.0,L,1,147.2,33.3,Normal
7.0,P,0,119.0,24.1,Normal
6.0,L,1,116.1,20.1,Normal
6.0,P,0,114.5,17.0,Underweight
6.0,L,1,115.9,19.2,Normal
9.0,P,0,125.4,27.8,Normal
6.0,L,1,114.5,18.1,Underweight
7.0,L,1,114.3,20.4,Normal
9.0,L,1,130.5,32.9,Overweight
7.0,L,1,122.4,18.0,Underweight
9.0,L,1,124.1,26.5,Normal
10.0,P,0,133.5,38.0,Overweight
9.0,P,0,124.7,24.4,Normal
11.0,P,0,138.4,37.6,Overweight
9.0,P,0,126.3,24.9,Normal
9.0,L,1,124.8,22.8,Normal
10.0,P,0,137.6,29.7,Normal
6.0,L,1,114.7,20.2,Normal
6.0,P,0,115.6,17.0,Underweight
10.0,L,1,134.4,28.2,Normal
11.0,P,0,140.6,39.5,Overweight
12.0,P,0,142.0,38.6,Overweight
9.0,P,0,132.2,29.1,Normal
11.0,P,0,142.7,36.6,Normal
10.0,P,0,140.0,30.3,Normal
7.0,L,1,115.5,21.2,Normal
7.0,L,1,116.7,25.0,Overweight
10.0,L,1,137.1,29.4,Normal
11.0,L,1,144.5,34.2,Normal
11.0,P,0,144.0,31.0,Normal
7.0,P,0,119.3,23.5,Normal
8.0,P,0,123.1,28.5,Overweight
8.0,L,1,123.5,23.8,Normal
8.0,P,0,121.7,29.0,Overweight
8.0,P,0,123.8,27.3,Normal
6.0,P,0,117.0,18.9,Underweight
11.0,P,0,139.9,39.5,Overweight
6.0,P,0,110.6,18.0,Normal
10.0,P,0,132.5,28.7,Normal
7.0,P,0,114.0,20.0,Normal
11.0,P,0,139.2,32.1,Normal
8.0,P,0,126.1,26.5,Normal
6.0,P,0,112.3,18.6,Normal
9.0,P,0,126.6,32.0,Overweight
10.0,P,0,134.2,30.5,Normal
6.0,P,0,110.8,21.7,Normal
11.0,L,1,142.4,38.6,Overweight
11.0,L,1,141.8,30.5,Normal
8.0,P,0,123.4,21.3,Underweight
9.0,P,0,130.0,25.1,Normal
9.0,L,1,127.9,31.5,Overweight
11.0,L,1,141.1,37.2,Overweight
8.0,L,1,121.2,21.7,Normal
8.0,L,1,121.2,24.6,Normal
7.0,P,0,116.0,25.0,Overweight
6.0,P,0,113.2,22.0,Normal
6.0,L,1,114.0,22.0,Normal
12.0,L,1,145.8,41.0,Overweight
10.0,P,0,134.5,30.9,Normal
6.0,L,1,115.6,18.9,Normal
10.0,L,1,130.3,28.1,Normal
9.0,P,0,126.3,25.7,Normal
12.0,L,1,145.0,38.8,Overweight
12.0,P,0,145.0,41.1,Overweight
6.0,L,1,112.5,22.0,Normal
8.0,L,1,123.0,25.2,Normal
7.0,L,1,116.6,23.7,Normal
8.0,P,0,125.6,29.0,Overweight
6.0,L,1,112.9,17.8,Normal
12.0,L,1,146.9,34.2,Normal
10.0,P,0,133.1,34.5,Overweight
7.0,L,1,114.5,25.0,Overweight
7.0,P,0,117.8,22.4,Normal
12.0,L,1,147.0,40.2,Overweight
8.0,P,0,124.9,28.4,Overweight
9.0,P,0,126.0,31.4,Overweight
7.0,L,1,115.0,19.0,Normal
11.0,P,0,143.5,37.8,Overweight
8.0,P,0,125.0,27.4,Normal
6.0,L,1,115.5,19.6,Normal
10.0,L,1,133.6,34.1,Overweight
11.0,L,1,141.0,34.9,Normal
8.0,P,0,122.5,26.8,Normal
10.0,P,0,132.2,29.8,Normal
7.0,L,1,119.6,25.0,Normal
7.0,L,1,120.7,23.3,Normal
12.0,P,0,147.1,44.2,Overweight
11.0,L,1,139.0,33.3,Normal
10.0,L,1,134.1,36.7,Overweight
9.0,L,1,130.4,27.4,Normal
6.0,P,0,115.9,22.0,Normal
12.0,P,0,143.2,38.0,Overweight
11.0,P,0,143.1,33.4,Normal
12.0,L,1,140.1,41.8,Overweight
9.0,P,0,126.7,29.0,Overweight
11.0,L,1,141.3,36.6,Overweight
8.0,P,0,122.9,26.4,Normal
10.0,P,0,132.2,26.5,Normal
9.0,P,0,129.7,31.5,Overweight
10.0,L,1,140.0,32.4,Normal
8.0,L,1,123.4,21.9,Normal
12.0,P,0,148.4,37.8,Normal
9.0,P,0,131.3,28.8,Normal
10.0,L,1,131.8,29.1,Normal
12.0,L,1,144.1,38.7,Overweight
9.0,P,0,130.0,31.1,Overweight
7.0,P,0,120.6,24.4,Normal
6.0,L,1,110.0,17.7,Normal
9.0,L,1,127.1,28.6,Normal
7.0,L,1,118.9,20.1,Normal
9.0,L,1,132.4,26.3,Normal
9.0,L,1,127.1,26.0,Normal
10.0,P,0,135.3,31.7,Normal
6.0,L,1,110.1,19.8,Normal
6.0,L,1,110.4,20.2,Normal
6.0,P,0,112.0,17.0,Underweight
7.0,P,0,121.2,23.2,Normal
10.0,P,0,131.8,27.9,Normal
6.0,P,0,111.9,18.1,Normal
8.0,L,1,120.0,22.5,Normal
9.0,P,0,126.5,29.3,Overweight
11.0,P,0,138.1,32.9,Normal
9.0,L,1,130.3,24.3,Normal
7.0,P,0,120.5,25.0,Normal
7.0,P,0,116.7,18.6,Underweight
10.0,L,1,134.3,34.7,Overweight
10.0,P,0,135.0,30.8,Normal
8.0,P,0,121.4,27.3,Overweight
9.0,L,1,125.4,22.6,Normal
10.0,P,0,134.3,25.6,Normal
10.0,L,1,136.0,30.4,Normal
9.0,L,1,126.9,27.0,Normal
12.0,P,0,143.5,38.1,Overweight
8.0,P,0,124.5,24.6,Normal
7.0,P,0,122.9,20.9,Underweight
11.0,P,0,138.7,28.8,Normal
6.0,L,1,114.2,18.0,Underweight
9.0,L,1,129.7,26.5,Normal
6.0,L,1,111.3,22.0,Normal
7.0,P,0,122.2,23.0,Normal
9.0,P,0,129.9,32.0,Overweight
6.0,P,0,113.5,22.0,Normal
8.0,P,0,123.8,29.0,Overweight
12.0,P,0,151.0,40.5,Normal
12.0,P,0,146.3,34.7,Normal
7.0,L,1,123.0,21.6,Normal
12.0,P,0,140.8,40.2,Overweight
12.0,L,1,144.0,37.2,Normal
10.0,L,1,130.6,32.0,Overweight
12.0,L,1,143.1,38.0,Overweight
10.0,P,0,140.0,29.0,Normal
11.0,P,0,137.5,31.3,Normal
8.0,P,0,120.3,22.4,Normal
8.0,L,1,128.0,21.3,Underweight
8.0,L,1,119.9,26.2,Overweight
7.0,L,1,122.4,25.0,Normal
6.0,L,1,115.5,17.0,Underweight
10.0,L,1,131.8,35.5,Overweight
12.0,P,0,143.3,39.0,Overweight
9.0,L,1,125.7,29.6,Overweight
11.0,L,1,140.9,37.4,Overweight
9.0,P,0,127.5,30.8,Overweight
8.0,P,0,121.0,23.9,Normal
6.0,L,1,112.1,21.1,Normal
9.0,P,0,129.3,33.7,Overweight
6.0,P,0,111.2,20.5,Normal
8.0,P,0,125.8,29.0,Overweight
6.0,P,0,112.2,17.3,Underweight
8.0,P,0,118.1,26.4,Overweight
8.0,L,1,125.7,23.1,Normal
10.0,L,1,134.4,30.7,Normal
8.0,L,1,122.1,20.2,Underweight
10.0,L,1,135.0,29.9,Normal
9.0,P,0,126.5,26.0,Normal
11.0,L,1,144.4,41.7,Overweight
8.0,L,1,119.5,21.0,Normal
10.0,L,1,136.7,33.5,Normal
10.0,L,1,130.6,35.7,Overweight
10.0,P,0,133.0,27.1,Normal
7.0,P,0,118.7,25.0,Normal
12.0,L,1,144.7,38.2,Overweight
12.0,P,0,143.6,41.2,Overweight
10.0,P,0,137.5,27.2,Normal
12.0,P,0,145.4,38.5,Overweight
12.0,L,1,147.3,36.8,Normal
8.0,L,1,121.4,24.3,Normal
9.0,L,1,129.8,29.9,Normal
7.0,P,0,120.3,18.0,Underweight
6.0,L,1,113.9,22.0,Normal
12.0,L,1,146.6,35.4,Normal
8.0,P,0,124.5,21.8,Normal
7.0,P,0,121.3,18.3,Underweight
7.0,L,1,120.5,25.0,Normal
11.0,L,1,139.9,36.5,Overweight
6.0,P,0,116.9,20.0,Normal
6.0,P,0,114.1,17.0,Underweight
8.0,L,1,123.8,29.0,Overweight
8.0,L,1,121.1,22.8,Normal
9.0,P,0,129.9,25.1,Normal
7.0,P,0,118.0,20.0,Normal
6.0,P,0,114.1,22.0,Normal
11.0,L,1,142.7,34.0,Normal
7.0,P,0,121.2,20.0,Underweight
7.0,L,1,121.2,24.1,Normal
6.0,P,0,111.6,19.6,Normal
8.0,L,1,128.0,25.5,Normal
9.0,P,0,127.0,27.6,Normal
8.0,P,0,121.9,29.0,Overweight
6.0,P,0,112.4,21.5,Normal
6.0,L,1,113.5,21.4,Normal
6.0,L,1,111.8,18.8,Normal
8.0,L,1,123.5,22.9,Normal
8.0,P,0,119.8,27.1,Overweight
10.0,L,1,135.9,28.9,Normal
9.0,P,0,127.7,26.9,Normal
12.0,P,0,144.5,42.1,Overweight
10.0,L,1,132.7,32.9,Overweight
10.0,L,1,135.4,32.7,Normal
9.0,P,0,128.7,30.9,Overweight
6.0,L,1,111.1,19.7,Normal
10.0,P,0,134.5,30.3,Normal
7.0,L,1,114.2,22.7,Normal
6.0,L,1,113.7,22.0,Normal
12.0,P,0,149.7,39.8,Normal
12.0,L,1,150.4,37.4,Normal
9.0,L,1,129.3,31.8,Overweight
7.0,L,1,115.5,23.3,Normal
9.0,L,1,129.6,24.5,Normal
10.0,L,1,133.1,30.6,Normal
6.0,P,0,110.0,19.5,Normal
12.0,P,0,144.5,37.5,Normal
8.0,L,1,121.9,25.5,Normal
8.0,L,1,124.3,21.3,Underweight
10.0,L,1,132.9,31.5,Normal
8.0,L,1,120.7,24.8,Normal
9.0,L,1,129.2,28.7,Normal
6.0,L,1,116.5,17.1,Underweight
11.0,P,0,140.6,34.8,Normal
12.0,P,0,148.4,41.3,Overweight
8.0,P,0,121.0,26.6,Overweight
6.0,L,1,115.6,17.0,Underweight
7.0,L,1,116.4,18.6,Underweight
12.0,P,0,150.0,37.7,Normal
8.0,P,0,127.7,25.1,Normal
8.0,P,0,126.1,26.0,Normal
9.0,P,0,126.4,22.8,Normal
10.0,L,1,137.3,30.5,Normal
10.0,L,1,132.5,26.1,Normal
7.0,P,0,117.2,25.0,Overweight
12.0,P,0,143.9,40.8,Overweight
11.0,L,1,144.9,31.8,Normal
10.0,L,1,133.0,30.7,Normal
8.0,P,0,122.5,23.6,Normal
12.0,P,0,146.9,44.3,Overweight
7.0,P,0,115.7,22.0,Normal
8.0,P,0,126.0,21.1,Underweight
11.0,L,1,140.8,34.7,Normal
10.0,L,1,132.7,31.6,Normal
9.0,L,1,129.2,24.4,Normal
7.0,L,1,121.0,18.6,Underweight
11.0,L,1,143.2,41.6,Overweight
10.0,P,0,135.3,35.8,Overweight
10.0,L,1,135.3,30.1,Normal
11.0,P,0,141.6,35.8,Normal
6.0,L,1,112.9,20.9,Normal
9.0,P,0,130.6,25.6,Normal
7.0,P,0,114.8,18.1,Underweight
7.0,L,1,118.3,24.7,Normal
8.0,L,1,123.2,25.9,Normal
6.0,P,0,110.8,22.0,Normal
10.0,P,0,133.7,38.0,Overweight
11.0,P,0,138.8,34.0,Normal
12.0,L,1,144.6,35.8,Normal
6.0,P,0,115.4,22.0,Normal
10.0,L,1,132.7,36.8,Overweight
11.0,P,0,144.6,39.7,Overweight
8.0,L,1,122.4,27.1,Overweight
10.0,P,0,132.9,32.3,Overweight
11.0,P,0,137.2,38.4,Overweight
8.0,L,1,121.1,25.4,Normal
7.0,L,1,117.8,19.5,Normal
10.0,P,0,132.9,26.6,Normal
8.0,P,0,124.7,27.3,Normal
11.0,P,0,140.1,40.7,Overweight
11.0,L,1,135.0,35.6,Overweight
12.0,P,0,144.0,36.2,Normal
12.0,L,1,150.4,38.6,Normal
7.0,P,0,117.5,20.7,Normal
11.0,L,1,141.4,36.9,Overweight
7.0,L,1,120.1,19.6,Underweight
12.0,P,0,140.3,40.3,Overweight
8.0,P,0,122.7,21.3,Normal
9.0,L,1,130.5,28.5,Normal
6.0,P,0,110.2,21.0,Normal
6.0,P,0,114.6,22.0,Normal
7.0,L,1,118.9,25.0,Normal
10.0,L,1,136.5,32.4,Normal
10.0,L,1,128.9,30.9,Overweight
7.0,L,1,114.9,18.4,Underweight
7.0,P,0,119.8,25.0,Normal
10.0,P,0,136.3,30.9,Normal
11.0,L,1,137.4,36.5,Overweight
10.0,L,1,130.9,29.6,Normal
9.0,P,0,126.2,27.1,Normal
7.0,L,1,122.7,23.6,Normal
7.0,P,0,119.1,20.8,Normal
11.0,P,0,141.7,39.5,Overweight
12.0,P,0,142.4,34.8,Normal
9.0,L,1,124.8,29.7,Overweight
12.0,P,0,147.5,43.5,Overweight
6.0,L,1,114.7,17.0,Underweight
8.0,P,0,126.1,27.2,Normal
6.0,L,1,113.4,19.4,Normal
11.0,L,1,138.1,41.8,Overweight
7.0,P,0,113.8,24.4,Overweight
8.0,P,0,121.5,24.2,Normal
6.0,L,1,117.0,18.0,Underweight
8.0,L,1,123.1,20.8,Underweight
7.0,P,0,117.2,24.2,Normal
9.0,L,1,125.6,33.0,Overweight
10.0,P,0,136.8,34.5,Overweight
8.0,P,0,121.5,26.1,Normal
8.0,P,0,128.0,26.1,Normal
9.0,L,1,127.1,30.8,Overweight
10.0,P,0,134.3,30.4,Normal
10.0,L,1,133.9,30.1,Normal
6.0,L,1,114.4,17.9,Underweight
6.0,P,0,110.0,17.4,Normal
12.0,P,0,144.5,38.3,Overweight
9.0,L,1,127.8,28.1,Normal
11.0,P,0,143.2,37.4,Overweight
10.0,P,0,131.3,26.8,Normal
9.0,P,0,126.9,28.8,Normal
8.0,P,0,118.0,20.0,Normal
8.0,L,1,125.2,29.0,Overweight
7.0,L,1,116.5,23.3,Normal
9.0,L,1,124.2,25.8,Normal
8.0,P,0,122.9,21.4,Normal
9.0,L,1,125.4,31.2,Overweight
10.0,P,0,136.4,35.1,Overweight
8.0,L,1,122.7,23.6,Normal
8.0,P,0,118.5,24.1,Normal
6.0,P,0,114.3,17.1,Underweight
7.0,P,0,117.6,24.3,Normal
7.0,P,0,114.3,23.1,Normal
7.0,L,1,114.9,20.9,Normal
7.0,L,1,118.3,18.0,Underweight
8.0,P,0,121.9,23.7,Normal
8.0,P,0,120.7,23.0,Normal
10.0,L,1,135.1,26.9,Normal
10.0,P,0,135.4,30.8,Normal
9.0,L,1,127.9,24.0,Normal
8.0,P,0,122.1,20.0,Underweight
9.0,L,1,125.9,25.1,Normal
9.0,L,1,129.2,32.4,Overweight
11.0,L,1,141.4,36.7,Overweight
12.0,L,1,140.0,34.4,Normal
7.0,P,0,115.5,20.1,Normal
6.0,P,0,111.8,19.6,Normal
9.0,P,0,128.9,31.3,Overweight
7.0,L,1,117.9,18.0,Underweight
6.0,P,0,115.2,20.0,Normal
10.0,P,0,131.9,33.3,Overweight
10.0,P,0,136.4,30.8,Normal
8.0,P,0,119.6,25.9,Overweight
11.0,P,0,141.0,28.0,Normal
11.0,L,1,136.5,35.4,Overweight
11.0,L,1,137.2,28.2,Normal
10.0,L,1,134.1,32.3,Normal
11.0,P,0,136.5,32.7,Normal
10.0,L,1,130.4,32.1,Overweight
6.0,P,0,118.0,20.1,Normal
11.0,P,0,143.7,35.3,Normal
12.0,P,0,144.6,34.9,Normal
8.0,P,0,121.4,26.4,Normal
12.0,P,0,144.5,39.6,Overweight
9.0,P,0,126.8,26.6,Normal
7.0,P,0,116.4,21.2,Normal
8.0,L,1,123.1,26.1,Normal
9.0,L,1,132.8,24.0,Underweight
11.0,P,0,144.3,38.5,Overweight
8.0,L,1,122.7,21.7,Normal
7.0,L,1,115.6,23.9,Normal
6.0,L,1,112.4,20.4,Normal
8.0,L,1,121.0,21.1,Normal
9.0,P,0,129.1,29.8,Normal
6.0,P,0,118.0,17.0,Underweight
9.0,L,1,133.0,28.3,Normal
11.0,P,0,140.3,32.7,Normal
12.0,P,0,141.2,42.6,Overweight
8.0,P,0,119.7,21.4,Normal
9.0,P,0,130.6,23.8,Underweight
8.0,L,1,120.7,23.4,Normal
9.0,L,1,127.6,31.0,Overweight
6.0,L,1,115.6,17.4,Underweight
10.0,L,1,135.5,34.7,Overweight
10.0,P,0,135.3,31.1,Normal
7.0,P,0,114.6,21.3,Normal
12.0,L,1,145.0,41.3,Overweight
12.0,L,1,150.6,38.5,Normal
8.0,L,1,120.1,25.4,Normal
9.0,L,1,127.0,28.4,Normal
9.0,P,0,126.3,30.1,Overweight
12.0,L,1,147.0,41.3,Overweight
8.0,P,0,127.2,22.7,Normal
8.0,P,0,124.0,20.0,Underweight
9.0,L,1,129.2,28.2,Normal
9.0,L,1,127.2,27.7,Normal
10.0,L,1,136.2,32.3,Normal
6.0,P,0,113.1,18.2,Normal
6.0,L,1,112.7,20.3,Normal
10.0,L,1,133.7,35.9,Overweight
10.0,L,1,134.5,26.1,Normal
11.0,P,0,140.4,33.9,Normal
8.0,L,1,122.6,26.7,Normal
12.0,L,1,147.5,35.2,Normal
12.0,L,1,146.8,38.1,Normal
10.0,L,1,135.3,31.3,Normal
8.0,P,0,121.9,20.0,Underweight
12.0,P,0,144.5,33.1,Normal
6.0,P,0,114.2,22.0,Normal
8.0,L,1,121.0,28.6,Overweight
8.0,P,0,125.6,21.5,Underweight
12.0,L,1,144.9,42.0,Overweight
7.0,P,0,118.2,19.6,Normal
9.0,L,1,127.7,29.2,Normal
9.0,P,0,127.2,28.1,Normal
11.0,L,1,139.0,38.2,Overweight
11.0,L,1,145.9,36.7,Normal
12.0,P,0,140.3,33.8,Normal
8.0,P,0,126.3,24.7,Normal
11.0,P,0,144.1,33.1,Normal
10.0,L,1,131.7,31.7,Overweight
11.0,P,0,138.2,36.9,Overweight
7.0,L,1,114.0,18.0,Underweight
11.0,P,0,138.9,36.7,Overweight
8.0,L,1,120.1,25.1,Normal
11.0,P,0,141.2,34.1,Normal
7.0,L,1,114.0,25.0,Overweight
12.0,P,0,147.0,37.2,Normal
11.0,P,0,140.5,35.1,Normal
9.0,P,0,125.0,29.0,Overweight
11.0,P,0,143.9,32.3,Normal
9.0,P,0,128.8,24.1,Normal
6.0,P,0,113.2,21.8,Normal
6.0,L,1,114.2,17.7,Underweight
6.0,L,1,110.5,17.6,Normal
6.0,P,0,114.7,17.0,Underweight
8.0,L,1,121.6,25.5,Normal
8.0,P,0,118.6,21.8,Normal
7.0,L,1,120.6,21.4,Normal
6.0,P,0,110.4,19.0,Normal
10.0,P,0,132.6,34.0,Overweight
9.0,P,0,132.4,28.9,Normal
7.0,P,0,118.3,18.2,Underweight
6.0,P,0,118.0,17.8,Underweight
8.0,L,1,123.1,22.7,Normal
9.0,L,1,123.7,27.9,Overweight
12.0,L,1,145.3,42.1,Overweight
7.0,L,1,115.3,25.0,Overweight
9.0,P,0,128.3,31.1,Overweight
7.0,P,0,119.7,18.0,Underweight
10.0,L,1,135.3,35.3,Overweight
11.0,L,1,140.3,37.8,Overweight
12.0,P,0,144.9,37.7,Normal
7.0,P,0,120.3,21.2,Normal
9.0,P,0,128.4,30.4,Overweight
12.0,L,1,147.2,36.1,Normal
12.0,L,1,146.8,41.9,Overweight
10.0,L,1,132.5,31.2,Normal
11.0,L,1,143.6,34.8,Normal
9.0,P,0,123.7,29.8,Overweight
12.0,P,0,147.5,36.6,Normal
10.0,L,1,132.1,33.3,Overweight
11.0,L,1,139.5,35.4,Overweight
11.0,L,1,140.2,34.5,Normal
12.0,P,0,147.6,40.4,Overweight
12.0,P,0,141.9,36.3,Overweight
10.0,L,1,133.0,32.6,Overweight
6.0,L,1,110.7,18.6,Normal
10.0,L,1,134.2,33.3,Overweight
8.0,P,0,124.8,28.7,Overweight
10.0,L,1,133.6,32.0,Normal
7.0,P,0,122.8,25.0,Normal
11.0,P,0,137.4,36.7,Overweight
9.0,L,1,129.9,30.1,Normal
6.0,P,0,111.8,22.0,Normal
11.0,L,1,141.9,37.2,Overweight
11.0,L,1,142.4,38.7,Overweight
12.0,P,0,143.9,40.9,Overweight
9.0,P,0,131.3,23.7,Underweight
9.0,P,0,132.2,27.7,Normal
7.0,P,0,116.9,19.0,Underweight
9.0,L,1,128.5,29.2,Normal
11.0,L,1,139.9,38.9,Overweight
6.0,P,0,116.8,22.0,Normal
9.0,L,1,127.3,24.4,Normal
9.0,P,0,131.4,32.7,Overweight
10.0,P,0,134.4,31.0,Normal
11.0,P,0,136.7,36.6,Overweight
9.0,P,0,128.7,27.8,Normal
6.0,L,1,116.7,20.4,Normal
12.0,L,1,146.5,37.7,Normal
9.0,P,0,129.2,25.4,Normal
11.0,L,1,145.0,36.8,Normal
10.0,P,0,135.4,31.8,Normal
8.0,P,0,121.6,25.7,Normal
10.0,P,0,133.5,34.1,Overweight
10.0,L,1,134.9,34.2,Overweight
9.0,P,0,129.0,28.3,Normal
9.0,P,0,128.0,27.8,Normal
10.0,P,0,135.0,33.9,Overweight
9.0,P,0,129.9,28.3,Normal
11.0,P,0,143.4,35.7,Normal
9.0,L,1,127.4,27.6,Normal
9.0,P,0,131.1,27.2,Normal
7.0,P,0,118.3,19.5,Underweight
12.0,L,1,144.3,41.7,Overweight
11.0,P,0,143.3,36.4,Normal
10.0,P,0,133.0,34.7,Overweight
6.0,L,1,110.0,21.8,Overweight
12.0,L,1,144.9,36.3,Normal
9.0,L,1,130.5,29.1,Normal
11.0,L,1,139.1,33.3,Normal
6.0,P,0,113.1,20.2,Normal
10.0,L,1,134.7,28.8,Normal
9.0,P,0,127.5,26.5,Normal
12.0,P,0,149.1,40.2,Overweight
10.0,P,0,133.5,26.9,Normal
11.0,P,0,142.4,33.6,Normal
6.0,P,0,114.0,17.0,Underweight
6.0,L,1,115.1,19.2,Normal
9.0,P,0,130.2,33.4,Overweight
10.0,L,1,136.6,28.6,Normal
10.0,P,0,137.2,25.0,Underweight
10.0,L,1,134.8,32.6,Normal
11.0,P,0,141.7,37.2,Overweight
7.0,L,1,117.3,23.9,Normal
12.0,P,0,147.5,43.4,Overweight
11.0,L,1,142.6,36.5,Normal
12.0,P,0,141.3,40.0,Overweight
11.0,L,1,142.7,33.9,Normal
11.0,P,0,137.8,37.1,Overweight
12.0,L,1,142.3,33.8,Normal
9.0,P,0,127.9,24.8,Normal
8.0,L,1,127.2,27.4,Normal
11.0,L,1,141.5,28.0,Underweight
12.0,P,0,149.4,41.3,Overweight
11.0,P,0,135.5,37.8,Overweight
12.0,L,1,140.9,45.2,Obesity
10.0,P,0,133.2,33.6,Overweight
9.0,L,1,130.5,26.2,Normal
7.0,L,1,116.0,18.6,Underweight
8.0,L,1,128.0,20.0,Underweight
7.0,P,0,114.8,20.9,Normal
11.0,P,0,141.9,33.4,Normal
7.0,L,1,119.3,21.0,Normal
11.0,L,1,142.5,34.0,Normal
9.0,L,1,126.3,33.8,Overweight
8.0,L,1,123.4,26.0,Normal
10.0,P,0,133.3,29.2,Normal
11.0,L,1,141.9,38.7,Overweight
9.0,L,1,128.3,31.2,Overweight
9.0,L,1,127.2,29.1,Overweight
9.0,P,0,128.2,28.6,Normal
12.0,P,0,149.8,41.3,Overweight
8.0,L,1,123.6,24.5,Normal
7.0,P,0,122.1,18.0,Underweight
7.0,P,0,116.6,21.0,Normal
11.0,L,1,147.0,36.2,Normal
9.0,P,0,128.5,25.4,Normal
8.0,L,1,118.6,25.2,Normal
12.0,P,0,148.3,35.5,Normal
12.0,L,1,148.8,41.6,Overweight
11.0,L,1,144.4,35.3,Normal
7.0,P,0,122.6,23.5,Normal
10.0,L,1,129.6,36.2,Overweight
8.0,P,0,122.0,26.8,Overweight
6.0,L,1,111.7,17.0,Underweight
9.0,P,0,128.2,26.6,Normal
10.0,L,1,139.2,31.0,Normal
6.0,P,0,115.2,18.6,Normal
12.0,P,0,144.0,42.2,Overweight
12.0,L,1,147.6,43.0,Overweight
6.0,P,0,113.3,19.1,Normal
6.0,L,1,110.0,18.0,Normal
11.0,L,1,139.2,40.7,Overweight
12.0,P,0,146.3,39.8,Overweight
8.0,L,1,118.0,21.7,Normal
7.0,P,0,116.8,18.7,Underweight
6.0,P,0,112.8,22.0,Normal
8.0,L,1,121.0,28.4,Overweight
7.0,P,0,118.6,18.0,Underweight
12.0,L,1,142.3,40.2,Overweight
9.0,P,0,123.3,29.9,Overweight
6.0,L,1,115.3,18.8,Normal
10.0,L,1,128.6,26.5,Normal
10.0,P,0,132.5,27.6,Normal
9.0,L,1,129.8,23.8,Normal
9.0,L,1,124.4,26.1,Normal
6.0,P,0,114.2,18.9,Normal
12.0,L,1,143.4,37.3,Overweight
11.0,L,1,141.7,34.1,Normal
10.0,L,1,132.5,27.9,Normal
10.0,L,1,135.2,33.3,Overweight
9.0,L,1,124.8,24.6,Normal
11.0,L,1,145.3,31.7,Normal
11.0,P,0,143.9,31.7,Normal
7.0,P,0,117.5,18.1,Underweight
9.0,P,0,126.2,27.9,Normal
10.0,L,1,134.4,28.6,Normal
12.0,P,0,146.2,38.6,Overweight
7.0,L,1,115.2,22.3,Normal
9.0,L,1,127.2,26.3,Normal
11.0,L,1,142.3,33.0,Normal
10.0,L,1,132.5,32.2,Overweight
11.0,P,0,136.7,33.4,Normal
7.0,L,1,115.3,19.0,Normal
11.0,L,1,140.3,34.5,Normal
8.0,P,0,126.0,24.6,Normal
7.0,P,0,116.8,18.0,Underweight
11.0,L,1,138.1,34.1,Normal
10.0,L,1,135.6,38.0,Overweight
8.0,P,0,124.8,24.1,Normal
11.0,P,0,137.4,34.8,Overweight
12.0,P,0,145.6,41.7,Overweight
11.0,P,0,141.8,38.3,Overweight
10.0,L,1,133.8,32.9,Overweight
9.0,L,1,128.2,30.4,Overweight
10.0,P,0,131.4,25.0,Normal
8.0,L,1,122.0,22.1,Normal
9.0,P,0,126.1,24.5,Normal
7.0,P,0,118.6,22.2,Normal
12.0,P,0,151.7,39.5,Normal
11.0,P,0,140.1,38.0,Overweight
12.0,L,1,147.1,35.4,Normal
11.0,P,0,141.4,34.3,Normal
8.0,P,0,127.9,20.0,Underweight
8.0,L,1,118.5,20.0,Normal
12.0,P,0,145.1,42.3,Overweight
12.0,P,0,143.5,39.8,Overweight
8.0,P,0,122.5,25.0,Normal
11.0,L,1,143.9,34.1,Normal
11.0,L,1,139.0,39.1,Overweight
6.0,P,0,110.7,18.9,Normal
9.0,P,0,131.9,29.3,Normal
11.0,L,1,142.6,37.0,Overweight
11.0,L,1,143.7,36.1,Normal
9.0,L,1,124.3,26.2,Normal
8.0,L,1,120.9,22.5,Normal
9.0,P,0,126.6,27.7,Normal
9.0,P,0,124.1,25.3,Normal
11.0,L,1,145.0,39.8,Overweight
6.0,L,1,116.0,17.0,Underweight
8.0,L,1,126.4,25.8,Normal
9.0,L,1,128.7,33.0,Overweight
6.0,P,0,110.0,19.1,Normal
11.0,L,1,135.0,42.2,Obesity
7.0,L,1,117.5,18.2,Underweight
8.0,P,0,121.8,24.2,Normal
6.0,P,0,113.3,17.2,Underweight
7.0,P,0,120.2,19.9,Underweight
8.0,L,1,126.4,23.5,Normal
8.0,L,1,120.4,23.8,Normal
11.0,P,0,144.7,32.0,Normal
10.0,L,1,135.1,31.0,Normal
12.0,L,1,140.2,39.9,Overweight
11.0,P,0,138.2,35.5,Overweight
12.0,P,0,145.9,42.7,Overweight
10.0,P,0,131.0,32.4,Overweight
12.0,P,0,145.8,35.5,Normal
6.0,L,1,112.8,19.8,Normal
10.0,P,0,134.8,28.9,Normal
8.0,L,1,123.9,21.5,Normal
12.0,P,0,152.0,37.6,Normal
7.0,P,0,119.1,19.3,Underweight
9.0,P,0,130.4,30.4,Normal
11.0,L,1,140.7,34.1,Normal
11.0,P,0,138.1,35.8,Overweight
8.0,P,0,121.2,23.6,Normal
7.0,P,0,120.9,19.7,Underweight
9.0,P,0,125.7,27.6,Normal
11.0,L,1,141.8,33.5,Normal
9.0,L,1,124.5,26.8,Normal
7.0,L,1,117.1,22.8,Normal
12.0,L,1,148.6,39.6,Normal
8.0,L,1,120.3,22.9,Normal
6.0,L,1,114.9,17.0,Underweight
12.0,L,1,146.0,41.6,Overweight
10.0,P,0,131.7,36.5,Overweight
12.0,L,1,146.6,36.1,Normal
8.0,L,1,121.2,25.1,Normal
9.0,P,0,127.7,22.6,Underweight
12.0,L,1,149.0,35.5,Normal
9.0,L,1,131.1,31.4,Overweight
11.0,P,0,143.9,33.3,Normal
6.0,L,1,117.4,17.0,Underweight
6.0,P,0,111.6,17.0,Underweight
7.0,P,0,121.8,22.0,Normal
8.0,L,1,123.4,22.5,Normal
12.0,L,1,146.3,40.8,Overweight
7.0,L,1,119.2,24.2,Normal
7.0,L,1,119.5,22.0,Normal
11.0,P,0,146.5,36.2,Normal
12.0,P,0,148.2,37.5,Normal
7.0,L,1,118.8,21.9,Normal
7.0,P,0,119.7,22.2,Normal
10.0,P,0,136.7,29.2,Normal
10.0,L,1,129.5,31.4,Overweight
7.0,P,0,118.0,21.1,Normal
8.0,L,1,119.7,26.8,Overweight
7.0,P,0,116.9,20.3,Normal
8.0,P,0,123.7,27.9,Overweight
12.0,P,0,148.4,41.8,Overweight
7.0,L,1,117.6,18.7,Underweight
11.0,L,1,139.9,34.9,Normal
9.0,P,0,129.7,32.5,Overweight
10.0,L,1,135.7,31.0,Normal
6.0,P,0,112.7,18.1,Normal
10.0,P,0,131.1,31.9,Overweight
6.0,L,1,110.3,17.6,Normal
9.0,P,0,124.0,27.4,Normal
6.0,P,0,113.5,19.5,Normal
6.0,P,0,111.8,20.3,Normal
12.0,P,0,146.5,45.3,Overweight
9.0,L,1,127.4,28.6,Normal
9.0,L,1,125.7,25.7,Normal
10.0,L,1,136.4,30.9,Normal
6.0,P,0,115.0,20.4,Normal
6.0,L,1,110.0,20.7,Normal
7.0,P,0,119.5,18.0,Underweight
9.0,L,1,128.8,30.8,Overweight
8.0,L,1,123.2,28.8,Overweight
7.0,L,1,120.5,18.2,Underweight
12.0,L,1,146.3,37.3,Normal
6.0,P,0,113.4,17.6,Underweight
11.0,P,0,138.1,36.1,Overweight
11.0,P,0,140.3,36.3,Overweight
6.0,L,1,114.2,17.0,Underweight
7.0,P,0,118.7,22.9,Normal
11.0,L,1,136.4,33.4,Normal
12.0,L,1,144.4,39.4,Overweight
9.0,P,0,123.6,27.1,Normal
9.0,P,0,128.8,25.7,Normal
9.0,L,1,127.1,22.0,Underweight
8.0,P,0,120.3,20.0,Underweight
10.0,P,0,133.5,30.6,Normal
10.0,P,0,135.6,31.0,Normal
9.0,P,0,126.4,27.5,Normal
7.0,P,0,116.8,19.1,Underweight
8.0,L,1,122.0,22.3,Normal
6.0,L,1,118.0,20.9,Normal
6.0,P,0,117.1,22.0,Normal
10.0,L,1,133.5,29.8,Normal
8.0,P,0,119.7,28.1,Overweight
8.0,P,0,120.2,26.8,Overweight
9.0,P,0,127.3,30.0,Overweight
10.0,P,0,135.9,26.9,Normal
9.0,L,1,127.6,27.3,Normal
12.0,L,1,145.9,43.6,Overweight
8.0,P,0,125.6,26.1,Normal
6.0,P,0,116.3,17.0,Underweight
7.0,L,1,113.4,21.6,Normal
12.0,P,0,148.7,35.2,Normal
9.0,L,1,130.3,30.1,Normal
8.0,P,0,123.1,22.0,Normal
7.0,L,1,117.5,21.3,Normal
11.0,L,1,141.1,35.1,Normal
8.0,L,1,125.6,21.9,Underweight
10.0,P,0,134.6,27.8,Normal
8.0,P,0,122.0,20.9,Normal
6.0,P,0,112.6,22.0,Normal
10.0,P,0,136.2,26.2,Normal
10.0,L,1,134.5,31.8,Normal
12.0,L,1,144.2,38.4,Overweight
10.0,P,0,133.2,36.3,Overweight
7.0,L,1,117.6,22.9,Normal
9.0,L,1,128.8,24.3,Normal
12.0,L,1,144.4,36.3,Normal
9.0,P,0,133.0,30.0,Normal
9.0,L,1,127.5,23.3,Normal
7.0,L,1,114.2,18.2,Underweight
7.0,P,0,115.6,22.3,Normal
7.0,P,0,117.1,18.0,Underweight
7.0,P,0,117.6,22.7,Normal
10.0,L,1,131.3,38.0,Obesity
11.0,L,1,138.5,37.3,Overweight
8.0,P,0,125.4,21.6,Underweight
6.0,L,1,110.0,20.9,Normal
8.0,L,1,124.8,24.7,Normal
9.0,P,0,129.0,26.6,Normal
8.0,L,1,120.4,22.1,Normal
9.0,L,1,124.1,25.3,Normal
11.0,P,0,139.3,34.3,Normal
8.0,P,0,125.4,24.7,Normal
6.0,L,1,118.0,20.8,Normal
8.0,P,0,125.8,26.9,Normal
9.0,L,1,124.3,29.6,Overweight
11.0,L,1,141.8,32.2,Normal
12.0,P,0,145.9,39.9,Overweight
9.0,L,1,127.0,25.1,Normal
6.0,L,1,113.6,20.5,Normal
7.0,P,0,121.4,23.3,Normal
12.0,P,0,147.3,46.8,Overweight
9.0,L,1,125.0,27.9,Normal
8.0,P,0,125.4,21.9,Underweight
6.0,L,1,114.1,17.7,Underweight
9.0,P,0,128.3,34.0,Overweight
8.0,L,1,128.0,21.0,Underweight
8.0,L,1,124.4,20.5,Underweight
11.0,L,1,139.3,33.3,Normal
10.0,P,0,134.4,33.5,Overweight
8.0,L,1,121.8,21.7,Normal
8.0,P,0,126.8,23.4,Normal
9.0,L,1,125.8,25.3,Normal
12.0,L,1,145.1,40.1,Overweight
10.0,L,1,134.5,31.4,Normal
7.0,L,1,121.9,24.6,Normal
11.0,L,1,144.5,39.0,Overweight
9.0,P,0,127.9,30.0,Overweight
8.0,P,0,126.3,20.1,Underweight
6.0,L,1,112.8,22.0,Normal
6.0,P,0,114.0,20.5,Normal
11.0,P,0,143.5,37.1,Overweight
11.0,L,1,141.0,37.0,Overweight
11.0,L,1,142.0,34.1,Normal
10.0,L,1,130.8,35.4,Overweight
10.0,P,0,131.1,29.3,Normal
10.0,P,0,130.9,33.7,Overweight
11.0,L,1,140.8,36.3,Overweight
11.0,P,0,138.9,42.7,Obesity
10.0,L,1,136.2,32.7,Normal
11.0,P,0,142.7,33.0,Normal
9.0,L,1,124.0,26.3,Normal
12.0,P,0,145.2,34.1,Normal
11.0,P,0,142.2,35.8,Normal
6.0,L,1,113.5,19.0,Normal
10.0,L,1,129.4,28.9,Normal
11.0,L,1,136.4,34.7,Overweight
12.0,P,0,145.0,40.3,Overweight
8.0,L,1,123.1,27.3,Overweight
8.0,P,0,123.7,23.5,Normal
9.0,L,1,124.8,28.1,Overweight
6.0,P,0,110.4,20.8,Normal
7.0,P,0,113.3,18.0,Normal
11.0,P,0,138.6,34.6,Normal
8.0,L,1,121.3,23.8,Normal
11.0,P,0,139.0,37.6,Overweight
12.0,P,0,142.8,36.3,Normal
6.0,L,1,111.1,20.8,Normal
12.0,L,1,147.9,41.5,Overweight
7.0,P,0,118.2,20.1,Normal
6.0,P,0,115.2,17.0,Underweight
7.0,L,1,121.0,21.8,Normal
10.0,L,1,131.0,30.8,Normal
11.0,L,1,147.0,35.6,Normal
9.0,P,0,131.9,28.3,Normal
8.0,P,0,122.1,25.5,Normal
6.0,P,0,113.9,19.2,Normal
11.0,P,0,135.5,34.2,Overweight
9.0,L,1,125.3,29.7,Overweight
11.0,P,0,142.2,35.5,Normal
11.0,P,0,142.8,36.4,Normal
8.0,P,0,120.1,23.8,Normal
7.0,L,1,120.2,23.8,Normal
8.0,P,0,122.4,24.8,Normal
12.0,L,1,150.1,37.0,Normal
7.0,P,0,116.4,20.9,Normal
11.0,L,1,140.3,30.8,Normal
7.0,P,0,115.4,22.5,Normal
6.0,L,1,113.9,17.0,Underweight
9.0,P,0,126.4,25.0,Normal
7.0,L,1,120.4,21.0,Normal
9.0,P,0,130.8,28.2,Normal
12.0,P,0,146.6,36.6,Normal
11.0,L,1,144.0,37.0,Normal
9.0,P,0,126.5,22.0,Underweight
11.0,P,0,142.6,34.5,Normal
6.0,L,1,112.2,19.0,Normal
7.0,L,1,118.3,20.0,Normal
11.0,L,1,142.5,36.5,Normal
7.0,P,0,117.3,21.7,Normal
9.0,L,1,127.6,31.4,Overweight
11.0,P,0,139.7,35.5,Overweight
7.0,P,0,121.3,22.9,Normal
7.0,L,1,120.3,21.3,Normal
12.0,P,0,146.4,39.3,Overweight
12.0,P,0,145.3,38.0,Normal
11.0,L,1,138.0,32.5,Normal
10.0,L,1,135.0,36.6,Overweight
10.0,L,1,131.6,30.1,Normal
6.0,P,0,116.4,18.5,Underweight
12.0,L,1,145.5,40.8,Overweight
7.0,L,1,117.2,20.4,Normal
7.0,L,1,117.3,20.7,Normal
9.0,P,0,123.7,27.0,Normal
9.0,P,0,126.2,25.0,Normal
10.0,P,0,133.5,36.1,Overweight
12.0,P,0,146.8,41.5,Overweight
8.0,P,0,118.0,26.5,Overweight
10.0,L,1,132.5,30.9,Normal
8.0,P,0,120.0,21.1,Normal
10.0,L,1,131.8,34.9,Overweight
8.0,P,0,125.3,23.8,Normal
8.0,L,1,121.2,22.3,Normal
9.0,L,1,127.7,30.9,Overweight
9.0,L,1,125.7,24.7,Normal
11.0,P,0,141.3,36.5,Overweight
8.0,P,0,122.5,24.6,Normal
7.0,L,1,118.1,18.2,Underweight
10.0,L,1,134.5,31.2,Normal
9.0,L,1,124.8,27.8,Normal
9.0,P,0,127.3,25.9,Normal
9.0,L,1,123.1,30.0,Overweight
11.0,P,0,140.3,37.7,Overweight
12.0,P,0,146.2,37.8,Normal
6.0,P,0,115.9,21.3,Normal
11.0,P,0,139.2,34.1,Normal
10.0,L,1,132.8,30.3,Normal
7.0,P,0,121.7,19.5,Normal
11.0,L,1,143.1,39.4,Overweight
12.0,L,1,144.7,38.4,Overweight
11.0,P,0,141.5,33.0,Normal
12.0,L,1,141.9,33.1,Normal
10.0,P,0,132.5,33.0,Overweight
7.0,L,1,119.1,21.6,Normal
6.0,L,1,113.4,18.3,Normal
7.0,L,1,119.2,18.7,Underweight
8.0,L,1,122.9,28.2,Overweight
11.0,P,0,137.5,33.0,Normal
9.0,L,1,127.0,28.1,Normal
12.0,P,0,146.2,41.4,Overweight
8.0,L,1,121.9,28.8,Overweight
8.0,P,0,123.7,23.3,Normal
9.0,L,1,130.0,32.0,Overweight
7.0,P,0,119.3,24.8,Normal
9.0,P,0,127.5,24.4,Normal
6.0,L,1,114.6,21.2,Normal
11.0,P,0,143.6,36.4,Normal
7.0,L,1,117.6,19.3,Underweight
9.0,L,1,131.2,27.2,Normal
7.0,P,0,116.5,22.6,Normal
8.0,L,1,125.2,24.1,Normal
7.0,L,1,118.5,20.3,Normal
6.0,L,1,115.4,21.8,Normal
7.0,L,1,115.5,22.5,Normal
6.0,P,0,110.0,20.0,Normal
11.0,L,1,144.8,31.7,Normal
9.0,P,0,126.9,29.8,Overweight
11.0,P,0,138.7,36.3,Overweight
6.0,L,1,110.8,17.0,Underweight
7.0,L,1,116.2,21.1,Normal
8.0,L,1,122.7,24.3,Normal
8.0,P,0,126.4,23.1,Normal
11.0,P,0,141.5,37.3,Overweight
9.0,L,1,132.8,31.9,Overweight
10.0,L,1,137.7,36.0,Overweight
7.0,L,1,116.5,19.3,Normal
6.0,L,1,118.0,18.5,Underweight
9.0,P,0,125.0,29.4,Overweight
11.0,L,1,141.6,38.3,Overweight
9.0,L,1,127.7,31.5,Overweight
7.0,L,1,113.1,19.4,Normal
9.0,L,1,127.3,23.3,Normal
7.0,P,0,117.3,23.2,Normal
9.0,P,0,126.7,30.0,Overweight
6.0,L,1,111.4,17.0,Underweight
9.0,P,0,124.6,25.5,Normal
10.0,L,1,134.4,34.4,Overweight
6.0,L,1,111.8,18.6,Normal
9.0,P,0,132.3,26.1,Normal
8.0,L,1,120.5,23.1,Normal
7.0,L,1,116.8,20.4,Normal
7.0,L,1,115.1,19.2,Normal
7.0,L,1,114.6,23.1,Normal
12.0,L,1,146.9,46.1,Overweight
8.0,P,0,126.1,22.7,Normal
9.0,P,0,129.9,29.8,Normal
8.0,P,0,126.6,20.0,Underweight
12.0,P,0,147.2,30.0,Underweight
6.0,L,1,115.8,21.4,Normal
9.0,L,1,126.4,27.9,Normal
12.0,L,1,143.3,44.6,Overweight
6.0,L,1,113.2,19.7,Normal
8.0,L,1,121.8,26.2,Normal
7.0,L,1,120.7,22.1,Normal
6.0,L,1,110.0,21.9,Overweight
10.0,L,1,134.6,30.8,Normal
7.0,L,1,121.6,22.6,Normal
11.0,L,1,139.2,35.8,Overweight
9.0,P,0,128.4,29.7,Overweight
10.0,L,1,129.9,32.9,Overweight
11.0,L,1,143.5,34.7,Normal
6.0,L,1,115.3,17.0,Underweight
12.0,L,1,147.9,38.1,Normal
8.0,P,0,126.4,27.3,Normal
6.0,P,0,113.6,21.6,Normal
10.0,P,0,130.0,35.0,Overweight
9.0,L,1,123.0,25.3,Normal
11.0,P,0,143.9,32.4,Normal
7.0,P,0,113.0,20.6,Normal
8.0,L,1,120.0,22.9,Normal
11.0,P,0,140.0,35.5,Overweight
9.0,L,1,132.1,30.0,Normal
10.0,P,0,130.6,29.3,Normal
9.0,L,1,127.0,27.1,Normal
7.0,P,0,119.7,20.7,Normal
11.0,L,1,139.9,32.1,Normal
11.0,P,0,139.1,36.3,Overweight
7.0,L,1,113.0,24.8,Overweight
12.0,L,1,145.6,36.1,Normal
7.0,L,1,118.8,20.0,Normal
7.0,P,0,116.8,18.1,Underweight
10.0,P,0,139.9,32.3,Normal
10.0,P,0,134.4,30.7,Normal
12.0,P,0,144.5,36.4,Normal
9.0,L,1,125.8,25.1,Normal
9.0,P,0,130.9,27.7,Normal
11.0,P,0,142.3,37.8,Overweight
6.0,P,0,115.5,19.5,Normal
6.0,P,0,110.0,17.2,Normal
10.0,P,0,137.7,26.4,Underweight
12.0,L,1,143.8,41.4,Overweight
7.0,L,1,118.5,22.8,Normal
9.0,P,0,125.3,25.2,Normal
11.0,L,1,137.8,29.7,Normal
6.0,P,0,116.6,21.1,Normal
8.0,L,1,124.4,25.6,Normal
10.0,P,0,132.7,32.2,Overweight
9.0,P,0,125.0,29.3,Overweight
6.0,P,0,113.9,20.2,Normal
10.0,P,0,134.9,30.6,Normal
11.0,L,1,139.6,34.5,Normal
7.0,L,1,117.0,25.0,Overweight
7.0,L,1,115.1,20.3,Normal
10.0,P,0,136.1,35.4,Overweight
8.0,L,1,122.9,21.3,Normal
10.0,L,1,133.3,26.9,Normal
10.0,L,1,133.3,34.1,Overweight
10.0,L,1,139.2,34.8,Normal
9.0,P,0,127.0,34.0,Overweight
6.0,L,1,112.0,21.9,Normal
6.0,L,1,114.4,22.0,Normal
7.0,L,1,118.2,24.8,Normal
10.0,L,1,131.0,29.5,Normal
9.0,P,0,124.3,23.4,Normal
9.0,P,0,127.0,28.2,Normal
11.0,L,1,143.8,36.2,Normal
12.0,P,0,144.5,35.1,Normal
12.0,P,0,142.4,39.7,Overweight
12.0,L,1,147.4,34.0,Normal
12.0,P,0,147.6,39.3,Overweight
11.0,P,0,142.2,33.4,Normal
12.0,P,0,147.3,42.5,Overweight
8.0,P,0,121.6,25.0,Normal
7.0,L,1,114.3,18.8,Normal
11.0,P,0,139.1,37.5,Overweight
10.0,P,0,133.6,31.9,Normal
10.0,L,1,135.0,29.2,Normal
9.0,P,0,125.6,28.4,Overweight
12.0,P,0,150.9,46.8,Overweight
12.0,L,1,145.5,38.7,Overweight
10.0,P,0,135.1,30.8,Normal
10.0,L,1,135.8,29.8,Normal
7.0,P,0,114.8,21.0,Normal
11.0,P,0,143.7,35.4,Normal
12.0,P,0,141.5,38.5,Overweight
6.0,P,0,112.5,20.1,Normal
12.0,P,0,152.0,33.1,Normal
12.0,L,1,144.3,46.1,Obesity
9.0,P,0,131.9,26.9,Normal
10.0,P,0,136.2,31.0,Normal
11.0,L,1,141.7,35.4,Normal
11.0,P,0,139.9,34.9,Normal
11.0,L,1,141.4,33.9,Normal
8.0,P,0,124.6,25.0,Normal
10.0,P,0,130.2,33.7,Overweight
6.0,L,1,116.4,20.3,Normal
11.0,L,1,142.7,34.2,Normal
10.0,L,1,135.2,32.9,Overweight
6.0,L,1,114.0,21.0,Normal
7.0,L,1,117.0,22.1,Normal
9.0,P,0,127.0,28.7,Normal
8.0,P,0,124.3,23.9,Normal
12.0,P,0,144.5,37.4,Normal
12.0,P,0,145.8,42.5,Overweight
12.0,P,0,148.6,38.1,Normal
11.0,L,1,141.5,35.1,Normal
9.0,L,1,123.0,22.9,Normal
11.0,L,1,143.0,36.3,Normal
8.0,L,1,124.1,23.6,Normal
7.0,L,1,114.2,19.4,Normal
11.0,L,1,142.0,32.7,Normal
8.0,P,0,120.6,22.9,Normal
10.0,L,1,135.3,28.0,Normal
7.0,L,1,119.1,20.7,Normal
11.0,P,0,139.9,34.4,Normal
6.0,L,1,115.4,22.0,Normal
10.0,P,0,130.7,28.7,Normal
10.0,L,1,134.0,31.2,Normal
9.0,P,0,126.3,28.0,Normal
9.0,L,1,128.6,27.7,Normal
7.0,L,1,120.6,19.6,Underweight
12.0,P,0,143.8,40.1,Overweight
12.0,P,0,148.5,35.3,Normal
10.0,L,1,134.1,35.1,Overweight
8.0,L,1,123.8,21.0,Underweight
11.0,P,0,138.9,31.5,Normal
10.0,P,0,131.5,31.6,Overweight
12.0,P,0,144.3,40.2,Overweight
9.0,P,0,127.1,29.1,Overweight
9.0,P,0,126.6,24.2,Normal
7.0,L,1,118.6,23.5,Normal
11.0,L,1,142.8,32.5,Normal
10.0,P,0,133.1,36.6,Overweight
11.0,L,1,141.2,29.1,Normal
9.0,L,1,129.5,26.4,Normal
8.0,L,1,119.3,27.2,Overweight
7.0,L,1,118.0,20.8,Normal
7.0,P,0,121.0,18.0,Underweight
10.0,P,0,133.1,30.2,Normal
11.0,P,0,142.8,39.6,Overweight
9.0,L,1,125.0,31.0,Overweight
8.0,L,1,123.5,24.7,Normal
6.0,P,0,117.1,21.9,Normal
6.0,L,1,116.9,18.8,Underweight
9.0,L,1,126.4,26.5,Normal
10.0,L,1,131.3,32.6,Overweight
11.0,P,0,140.7,34.9,Normal
11.0,P,0,141.3,33.6,Normal
10.0,P,0,131.9,31.6,Overweight
8.0,P,0,121.2,23.4,Normal
12.0,L,1,147.0,37.8,Normal
11.0,P,0,136.4,37.1,Overweight
12.0,L,1,144.0,41.2,Overweight
6.0,P,0,112.4,19.3,Normal
12.0,P,0,144.8,39.6,Overweight
6.0,L,1,110.0,20.2,Normal
7.0,L,1,115.6,22.7,Normal
12.0,P,0,143.4,38.8,Overweight
11.0,L,1,142.2,34.1,Normal
8.0,L,1,122.0,24.0,Normal
11.0,L,1,142.9,32.9,Normal
12.0,P,0,147.0,42.6,Overweight
12.0,L,1,146.6,38.4,Normal
6.0,L,1,114.3,17.0,Underweight
9.0,L,1,123.0,28.6,Overweight
8.0,L,1,123.8,20.6,Underweight
10.0,P,0,135.5,33.3,Overweight
7.0,P,0,122.5,18.0,Underweight
9.0,P,0,128.5,30.3,Overweight
7.0,L,1,117.8,23.0,Normal
9.0,P,0,127.6,24.8,Normal
9.0,L,1,127.0,28.3,Normal
11.0,P,0,145.3,31.2,Normal
6.0,P,0,112.9,17.0,Underweight
12.0,L,1,148.1,40.8,Overweight
10.0,L,1,133.8,34.0,Overweight
11.0,P,0,140.6,34.1,Normal
12.0,P,0,145.6,36.1,Normal
7.0,L,1,115.1,20.4,Normal
9.0,L,1,128.0,26.5,Normal
8.0,L,1,123.3,29.0,Overweight
7.0,L,1,115.7,21.8,Normal
12.0,L,1,148.4,42.0,Overweight
12.0,P,0,146.2,35.1,Normal
9.0,P,0,128.4,29.2,Normal
12.0,L,1,151.2,36.1,Normal
12.0,P,0,145.1,37.4,Normal
6.0,P,0,118.0,21.3,Normal
11.0,L,1,143.6,38.0,Overweight
9.0,P,0,126.3,24.8,Normal
11.0,L,1,142.9,37.1,Overweight
7.0,L,1,118.9,23.2,Normal
11.0,P,0,143.3,30.5,Normal
11.0,P,0,136.9,30.2,Normal
8.0,L,1,123.2,26.9,Normal
8.0,P,0,122.0,20.6,Underweight
6.0,L,1,116.9,22.0,Normal
10.0,L,1,131.8,28.6,Normal
12.0,P,0,144.3,40.6,Overweight
11.0,P,0,138.5,37.3,Overweight
7.0,L,1,117.3,20.8,Normal
8.0,P,0,126.5,25.4,Normal
10.0,L,1,134.7,27.9,Normal
12.0,L,1,143.3,38.6,Overweight
11.0,P,0,144.1,40.6,Overweight
9.0,L,1,130.8,24.7,Normal
6.0,L,1,117.3,18.1,Underweight
12.0,L,1,146.6,37.9,Normal
12.0,L,1,144.1,39.5,Overweight
7.0,L,1,120.6,25.0,Normal
9.0,P,0,125.5,22.2,Normal
12.0,P,0,147.6,40.6,Overweight
10.0,P,0,131.9,34.2,Overweight
9.0,P,0,123.9,28.1,Overweight
9.0,L,1,126.3,29.3,Overweight
9.0,P,0,123.4,25.4,Normal
12.0,P,0,146.1,38.0,Normal
12.0,L,1,147.4,47.1,Overweight
11.0,L,1,142.0,31.2,Normal
11.0,P,0,138.0,38.7,Overweight
10.0,P,0,139.8,33.0,Normal
7.0,P,0,115.3,24.2,Overweight
8.0,L,1,122.5,27.0,Normal
10.0,L,1,132.9,34.2,Overweight
7.0,L,1,122.8,18.0,Underweight
10.0,P,0,130.5,37.4,Overweight
12.0,P,0,147.5,39.6,Overweight
10.0,L,1,137.6,35.2,Overweight
10.0,P,0,135.4,33.4,Overweight
8.0,L,1,124.2,23.0,Normal
10.0,L,1,136.2,27.7,Normal
8.0,P,0,124.8,28.1,Overweight
7.0,P,0,119.4,23.1,Normal
9.0,L,1,125.9,28.2,Normal
11.0,P,0,141.7,34.2,Normal
12.0,L,1,143.9,42.2,Overweight
6.0,P,0,112.6,20.5,Normal
6.0,P,0,116.9,20.5,Normal
11.0,L,1,137.5,35.8,Overweight
11.0,P,0,140.5,40.4,Overweight
8.0,P,0,122.5,27.0,Overweight
11.0,L,1,139.2,40.0,Overweight
10.0,L,1,138.8,30.1,Normal
8.0,L,1,126.2,27.3,Normal
9.0,L,1,132.3,29.3,Normal
11.0,P,0,143.5,32.8,Normal
10.0,L,1,129.5,28.7,Normal
10.0,P,0,139.3,30.7,Normal
8.0,P,0,119.6,25.2,Normal
11.0,P,0,137.6,36.0,Overweight
10.0,L,1,134.2,28.4,Normal
8.0,L,1,123.6,25.0,Normal
11.0,P,0,140.6,33.4,Normal
6.0,P,0,112.9,17.5,Underweight
10.0,P,0,134.6,26.4,Normal
11.0,P,0,142.4,38.3,Overweight
8.0,L,1,125.4,28.6,Overweight
10.0,P,0,134.7,38.0,Overweight
12.0,P,0,143.6,33.7,Normal
8.0,P,0,127.0,28.4,Normal
10.0,P,0,129.6,28.3,Normal
9.0,L,1,124.6,29.1,Overweight
12.0,P,0,147.5,38.5,Normal
8.0,L,1,121.7,26.1,Normal
12.0,P,0,146.5,42.5,Overweight
12.0,P,0,145.0,36.5,Normal
10.0,L,1,135.6,27.5,Normal
9.0,L,1,129.3,31.7,Overweight
6.0,P,0,117.3,22.0,Normal
9.0,P,0,126.7,28.7,Normal
12.0,L,1,142.8,36.2,Normal
6.0,L,1,115.0,19.5,Normal
12.0,L,1,145.3,39.6,Overweight
8.0,P,0,123.4,21.0,Underweight
9.0,P,0,128.0,26.9,Normal
10.0,P,0,132.2,30.4,Normal
10.0,P,0,135.6,36.4,Overweight
9.0,P,0,126.1,26.4,Normal
10.0,P,0,131.8,28.6,Normal
6.0,L,1,117.5,20.6,Normal
8.0,L,1,127.5,29.0,Normal
8.0,P,0,125.5,25.3,Normal
11.0,L,1,141.8,34.3,Normal
6.0,L,1,116.1,21.2,Normal
7.0,P,0,117.4,23.6,Normal
11.0,P,0,137.8,34.0,Normal
12.0,P,0,145.7,42.4,Overweight
7.0,L,1,116.4,21.3,Normal
6.0,L,1,115.2,21.7,Normal
6.0,L,1,114.0,18.4,Normal
9.0,P,0,123.0,27.7,Overweight
8.0,P,0,118.0,26.4,Overweight
7.0,P,0,118.4,22.1,Normal
12.0,P,0,145.9,38.7,Overweight
11.0,L,1,142.7,30.2,Normal
7.0,P,0,118.4,20.3,Normal
10.0,L,1,133.2,29.7,Normal
9.0,L,1,127.3,25.7,Normal
9.0,L,1,129.5,24.5,Normal
6.0,L,1,112.8,18.0,Normal
9.0,L,1,127.4,30.6,Overweight
9.0,L,1,127.8,27.8,Normal
12.0,P,0,147.7,36.7,Normal
10.0,P,0,131.3,29.7,Normal
11.0,P,0,139.4,35.9,Overweight
11.0,L,1,142.0,38.8,Overweight
7.0,P,0,122.3,19.9,Underweight
9.0,L,1,129.3,27.8,Normal
12.0,P,0,147.8,39.3,Normal
11.0,L,1,139.7,33.3,Normal
12.0,P,0,148.0,41.9,Overweight
9.0,L,1,123.8,27.0,Normal
8.0,P,0,125.9,26.9,Normal
7.0,P,0,121.0,20.4,Underweight
7.0,L,1,122.2,20.4,Underweight
8.0,P,0,119.9,25.4,Normal
11.0,L,1,142.5,34.3,Normal
7.0,P,0,119.5,18.6,Underweight
11.0,L,1,139.9,41.0,Overweight
7.0,P,0,115.5,23.2,Normal
8.0,P,0,120.4,24.8,Normal
6.0,L,1,111.5,19.8,Normal
12.0,L,1,146.2,39.4,Overweight
8.0,L,1,124.4,21.2,Underweight
10.0,P,0,128.0,27.8,Normal
8.0,L,1,126.6,25.7,Normal
6.0,L,1,114.6,18.6,Normal
7.0,L,1,120.8,18.0,Underweight
8.0,P,0,123.3,25.8,Normal
9.0,P,0,130.7,23.7,Underweight
10.0,P,0,132.8,25.0,Normal
9.0,P,0,130.4,23.8,Normal
8.0,L,1,122.4,24.3,Normal
12.0,L,1,145.7,37.1,Normal
10.0,P,0,136.8,32.8,Normal
10.0,L,1,133.6,32.5,Overweight
11.0,L,1,142.1,34.6,Normal
8.0,P,0,124.8,23.3,Normal
12.0,L,1,143.3,42.0,Overweight
10.0,P,0,136.1,27.2,Normal
11.0,P,0,138.8,36.6,Overweight
7.0,L,1,118.5,19.1,Underweight
6.0,L,1,112.7,20.5,Normal
7.0,L,1,118.3,21.0,Normal
10.0,P,0,131.5,31.4,Overweight
10.0,P,0,131.2,27.2,Normal
12.0,L,1,143.6,37.5,Overweight
7.0,P,0,113.0,21.9,Normal
11.0,P,0,141.4,36.1,Overweight
11.0,P,0,139.5,31.4,Normal
10.0,L,1,134.1,33.8,Overweight
11.0,L,1,139.6,36.7,Overweight
8.0,P,0,127.9,21.3,Underweight
9.0,P,0,124.5,27.3,Normal
10.0,L,1,128.1,32.2,Overweight
12.0,P,0,149.7,44.6,Overweight
10.0,L,1,135.7,31.4,Normal
6.0,L,1,111.0,19.3,Normal
7.0,L,1,115.9,24.6,Overweight
6.0,L,1,115.9,21.9,Normal
7.0,P,0,118.3,18.8,Underweight
9.0,L,1,125.3,25.8,Normal
12.0,P,0,143.7,35.7,Normal
9.0,P,0,132.2,27.4,Normal
9.0,P,0,128.5,29.0,Normal
12.0,P,0,145.8,38.6,Overweight
9.0,L,1,127.8,29.1,Normal
7.0,L,1,118.6,21.0,Normal
7.0,L,1,117.3,18.2,Underweight
10.0,P,0,132.1,30.2,Normal
12.0,P,0,140.0,41.2,Overweight
9.0,L,1,130.5,29.9,Normal
6.0,L,1,111.1,17.0,Underweight
11.0,P,0,139.8,36.6,Overweight
9.0,L,1,125.0,28.7,Overweight
8.0,L,1,122.6,25.0,Normal
10.0,L,1,135.2,29.0,Normal
10.0,L,1,133.1,34.2,Overweight
7.0,P,0,120.3,20.8,Normal
9.0,P,0,132.8,32.6,Overweight
12.0,L,1,146.5,31.5,Normal
10.0,P,0,133.4,35.3,Overweight
10.0,P,0,135.6,38.0,Overweight
7.0,L,1,119.6,20.2,Normal
7.0,L,1,120.2,18.0,Underweight
12.0,L,1,149.3,35.0,Normal
7.0,L,1,113.3,19.6,Normal
12.0,L,1,141.9,41.9,Overweight
12.0,L,1,148.2,37.0,Normal
11.0,P,0,142.5,34.7,Normal
11.0,P,0,137.4,30.8,Normal
8.0,L,1,123.0,24.6,Normal
6.0,L,1,110.0,17.2,Normal
12.0,P,0,145.8,35.0,Normal
9.0,P,0,127.9,27.6,Normal
10.0,P,0,134.5,31.0,Normal
12.0,L,1,147.2,36.8,Normal
11.0,L,1,139.6,37.4,Overweight
7.0,L,1,121.0,19.2,Underweight
9.0,P,0,130.1,34.0,Overweight
12.0,L,1,146.0,36.3,Normal
12.0,L,1,149.0,35.1,Normal
8.0,P,0,118.7,24.9,Normal
7.0,P,0,115.3,21.6,Normal
11.0,L,1,143.5,31.0,Normal
11.0,L,1,139.1,34.7,Normal
12.0,L,1,146.1,41.0,Overweight
9.0,P,0,123.0,22.0,Normal
6.0,L,1,114.5,19.4,Normal
8.0,P,0,119.9,29.0,Overweight
11.0,L,1,138.7,31.5,Normal
10.0,P,0,134.6,30.9,Normal
9.0,P,0,123.0,34.0,Obesity
9.0,P,0,123.0,29.1,Overweight
11.0,P,0,146.1,33.8,Normal
9.0,P,0,132.7,27.2,Normal
11.0,L,1,138.2,34.1,Normal
9.0,P,0,127.1,29.9,Overweight
10.0,P,0,138.6,36.2,Overweight
7.0,L,1,119.4,20.6,Normal
6.0,P,0,113.0,22.0,Normal
9.0,L,1,132.5,24.4,Underweight
10.0,P,0,133.2,27.9,Normal
8.0,P,0,119.4,21.3,Normal
9.0,L,1,133.0,26.2,Normal
8.0,L,1,124.2,29.0,Overweight
10.0,L,1,133.8,30.6,Normal
9.0,L,1,130.6,27.4,Normal
6.0,L,1,115.2,18.2,Underweight
10.0,P,0,135.3,30.3,Normal
10.0,L,1,133.7,31.7,Normal
9.0,P,0,131.7,31.2,Overweight
12.0,L,1,141.7,41.2,Overweight
10.0,P,0,131.4,32.2,Overweight
7.0,L,1,120.6,23.8,Normal
11.0,P,0,143.1,37.9,Overweight
11.0,L,1,138.5,34.9,Overweight
8.0,L,1,123.2,25.7,Normal
6.0,P,0,112.4,17.2,Underweight
12.0,L,1,150.2,47.8,Overweight
9.0,P,0,128.6,25.8,Normal
9.0,P,0,127.2,29.0,Normal
7.0,P,0,122.2,18.0,Underweight
12.0,L,1,143.4,39.3,Overweight
11.0,P,0,139.4,35.8,Overweight
7.0,L,1,120.8,25.0,Normal
10.0,L,1,133.8,27.2,Normal
7.0,P,0,122.0,23.5,Normal
11.0,P,0,145.6,36.9,Normal
8.0,L,1,123.4,24.3,Normal
7.0,L,1,117.8,24.2,Normal
11.0,P,0,142.3,34.7,Normal
10.0,L,1,135.8,33.2,Normal
10.0,P,0,134.8,31.3,Normal
10.0,P,0,129.0,32.0,Overweight
8.0,P,0,123.2,20.0,Underweight
12.0,P,0,145.1,38.1,Overweight
7.0,L,1,122.7,18.0,Underweight
8.0,L,1,126.1,25.7,Normal
7.0,L,1,116.5,19.7,Normal
11.0,L,1,140.9,41.3,Overweight
8.0,P,0,122.8,23.3,Normal
8.0,L,1,126.2,26.6,Normal
9.0,L,1,128.8,30.2,Overweight
8.0,P,0,124.5,27.5,Normal
10.0,P,0,136.7,30.5,Normal
9.0,L,1,128.2,29.0,Normal
12.0,P,0,151.4,36.0,Normal
12.0,L,1,147.2,39.1,Overweight
12.0,P,0,145.6,36.8,Normal
6.0,P,0,115.7,17.0,Underweight
9.0,L,1,127.1,26.8,Normal
6.0,L,1,110.0,22.0,Overweight
8.0,P,0,125.5,21.5,Underweight
10.0,L,1,137.0,29.0,Normal
8.0,L,1,125.4,20.0,Underweight
10.0,L,1,135.3,34.8,Overweight
11.0,P,0,140.5,39.4,Overweight
10.0,P,0,134.5,35.5,Overweight
8.0,P,0,122.8,26.3,Normal
6.0,L,1,112.3,17.0,Underweight
11.0,L,1,145.5,35.7,Normal
7.0,P,0,117.1,18.6,Underweight
7.0,P,0,117.1,25.0,Overweight
10.0,L,1,132.0,32.9,Overweight
7.0,P,0,119.6,18.2,Underweight
11.0,L,1,142.2,38.6,Overweight
10.0,P,0,136.7,31.6,Normal
7.0,L,1,119.0,22.7,Normal
6.0,L,1,115.4,18.4,Underweight
12.0,L,1,146.0,35.8,Normal
12.0,L,1,147.1,40.9,Overweight
8.0,L,1,123.3,27.3,Normal
11.0,L,1,142.0,34.7,Normal
6.0,L,1,114.9,20.5,Normal
8.0,L,1,126.3,26.3,Normal
8.0,L,1,121.6,23.5,Normal
11.0,P,0,140.3,36.4,Overweight
7.0,L,1,120.8,22.7,Normal
7.0,L,1,115.5,20.6,Normal
12.0,P,0,143.8,41.4,Overweight
8.0,L,1,119.0,22.4,Normal
10.0,L,1,134.6,27.8,Normal
7.0,L,1,119.4,19.1,Underweight
11.0,P,0,143.0,34.5,Normal
10.0,P,0,138.9,26.4,Underweight
10.0,L,1,137.4,34.9,Overweight
9.0,P,0,127.0,30.3,Overweight
12.0,L,1,145.3,37.1,Normal
7.0,P,0,119.2,25.0,Normal
8.0,P,0,125.3,24.4,Normal
8.0,P,0,123.7,22.5,Normal
10.0,P,0,131.9,28.2,Normal
6.0,P,0,116.3,19.3,Normal
8.0,L,1,123.2,29.0,Overweight
10.0,L,1,130.5,36.0,Overweight
12.0,L,1,147.6,38.6,Normal
9.0,P,0,133.0,33.1,Overweight
6.0,P,0,115.3,21.8,Normal
9.0,L,1,127.3,27.6,Normal
11.0,P,0,144.5,35.5,Normal
7.0,L,1,118.4,19.9,Normal
8.0,P,0,123.6,21.2,Underweight
6.0,P,0,110.8,18.2,Normal
11.0,P,0,137.5,28.0,Normal
9.0,P,0,128.3,27.9,Normal
10.0,L,1,135.7,36.5,Overweight
7.0,P,0,113.7,21.4,Normal
10.0,L,1,136.7,26.5,Normal
11.0,L,1,143.2,37.8,Overweight
10.0,P,0,133.1,33.5,Overweight
7.0,L,1,118.4,19.8,Normal
6.0,L,1,114.5,21.2,Normal
9.0,L,1,129.6,32.9,Overweight
12.0,P,0,146.8,45.6,Overweight
12.0,P,0,150.0,41.4,Overweight
6.0,P,0,115.4,21.2,Normal
8.0,P,0,125.3,27.9,Normal
8.0,P,0,124.1,27.3,Normal
7.0,L,1,119.5,25.0,Normal
8.0,L,1,124.5,23.5,Normal
12.0,L,1,146.9,35.4,Normal
8.0,P,0,124.0,29.0,Overweight
12.0,L,1,142.6,37.0,Overweight
10.0,P,0,137.9,36.1,Overweight
9.0,P,0,127.0,29.4,Overweight
7.0,P,0,113.1,18.0,Normal
11.0,P,0,140.4,38.6,Overweight
9.0,L,1,124.5,25.4,Normal
6.0,P,0,110.3,19.7,Normal
9.0,P,0,126.9,27.1,Normal
11.0,P,0,138.5,41.8,Overweight
8.0,P,0,126.7,23.8,Normal
10.0,P,0,132.9,30.3,Normal
7.0,L,1,117.7,25.0,Overweight
9.0,L,1,128.3,29.0,Normal
8.0,P,0,122.3,24.7,Normal
9.0,L,1,129.5,28.0,Normal
9.0,P,0,129.3,27.3,Normal
12.0,L,1,147.7,43.3,Overweight
12.0,L,1,147.5,40.0,Overweight
6.0,P,0,115.1,21.3,Normal
6.0,L,1,114.1,17.9,Underweight
7.0,P,0,118.4,21.8,Normal
8.0,P,0,123.2,25.7,Normal
6.0,L,1,114.6,17.9,Underweight
6.0,P,0,113.0,21.6,Normal
11.0,L,1,139.1,33.4,Normal
8.0,L,1,119.1,26.2,Overweight
8.0,L,1,122.4,25.2,Normal
10.0,L,1,133.4,31.1,Normal
10.0,P,0,136.4,31.5,Normal
10.0,P,0,137.7,35.3,Overweight
11.0,L,1,146.1,34.8,Normal
9.0,L,1,123.2,28.3,Overweight
9.0,L,1,131.8,27.1,Normal
10.0,P,0,133.4,33.1,Overweight
9.0,P,0,130.5,29.1,Normal
10.0,P,0,132.3,35.6,Overweight
7.0,L,1,116.8,20.1,Normal
11.0,L,1,145.3,33.9,Normal
12.0,P,0,149.2,32.5,Normal
9.0,P,0,128.3,30.7,Overweight
11.0,L,1,143.8,35.3,Normal
12.0,L,1,150.1,36.9,Normal
11.0,L,1,138.8,36.5,Overweight
6.0,L,1,111.5,18.4,Normal
8.0,P,0,126.1,24.5,Normal
8.0,L,1,122.9,22.0,Normal
12.0,L,1,146.9,35.8,Normal
6.0,P,0,116.7,22.0,Normal
8.0,P,0,120.8,24.5,Normal
8.0,L,1,122.5,29.0,Overweight
12.0,L,1,147.1,37.5,Normal
10.0,L,1,133.1,33.8,Overweight
10.0,P,0,132.5,32.5,Overweight
9.0,L,1,131.2,25.4,Normal
7.0,L,1,116.6,18.0,Underweight
12.0,L,1,146.2,37.1,Normal
10.0,P,0,131.8,32.4,Overweight
8.0,P,0,122.0,21.2,Normal
8.0,P,0,125.3,27.1,Normal
11.0,L,1,143.0,36.9,Overweight
12.0,P,0,147.4,41.1,Overweight
6.0,P,0,112.3,19.2,Normal
12.0,P,0,148.3,41.1,Overweight
11.0,P,0,141.9,39.9,Overweight
11.0,P,0,141.0,37.1,Overweight
10.0,L,1,134.4,31.6,Normal
6.0,P,0,114.0,21.5,Normal
8.0,L,1,124.9,21.0,Underweight
7.0,P,0,115.0,25.0,Overweight
7.0,P,0,118.4,24.7,Normal
8.0,P,0,121.5,20.0,Underweight
8.0,L,1,122.1,23.2,Normal
12.0,P,0,147.7,39.6,Overweight
10.0,L,1,133.7,34.4,Overweight
12.0,P,0,147.1,42.3,Overweight
8.0,P,0,123.1,20.7,Underweight
10.0,P,0,133.3,28.6,Normal
6.0,P,0,116.9,22.0,Normal
6.0,L,1,115.8,21.6,Normal
7.0,L,1,114.7,19.0,Normal
11.0,P,0,144.5,33.7,Normal
10.0,L,1,138.8,34.1,Normal
8.0,L,1,125.2,24.7,Normal
8.0,L,1,123.6,22.4,Normal
11.0,L,1,140.9,37.1,Overweight
12.0,P,0,147.8,37.2,Normal
8.0,P,0,121.7,27.3,Overweight
9.0,P,0,128.2,30.9,Overweight
10.0,P,0,134.7,31.7,Normal
11.0,L,1,140.8,37.8,Overweight
6.0,L,1,113.3,19.8,Normal
12.0,L,1,144.7,41.1,Overweight
11.0,P,0,139.8,31.1,Normal
8.0,P,0,122.5,24.9,Normal
8.0,L,1,123.3,22.6,Normal
10.0,L,1,135.9,29.6,Normal
9.0,P,0,124.6,27.8,Normal
7.0,L,1,118.1,22.2,Normal
8.0,L,1,121.9,21.5,Normal
11.0,P,0,139.4,34.5,Normal
6.0,L,1,110.1,19.5,Normal
6.0,P,0,115.8,18.8,Normal
7.0,L,1,114.7,25.0,Overweight
10.0,L,1,135.5,31.1,Normal
9.0,P,0,127.9,30.1,Overweight
9.0,P,0,124.4,22.6,Normal
11.0,P,0,140.8,35.1,Normal
9.0,L,1,127.7,28.1,Normal
8.0,P,0,123.8,25.6,Normal
7.0,P,0,123.0,25.0,Normal
7.0,L,1,119.2,25.0,Normal
12.0,P,0,147.9,44.0,Overweight
10.0,P,0,132.1,32.2,Overweight
10.0,P,0,136.1,30.8,Normal
7.0,L,1,117.7,23.5,Normal
6.0,L,1,114.3,21.4,Normal
10.0,P,0,133.6,28.9,Normal
9.0,L,1,130.9,31.8,Overweight
12.0,L,1,145.9,39.7,Overweight
8.0,P,0,123.9,25.9,Normal
7.0,P,0,118.7,19.9,Normal
9.0,P,0,129.6,27.4,Normal
8.0,L,1,123.6,26.9,Normal
8.0,L,1,120.8,23.0,Normal
11.0,L,1,141.2,36.3,Overweight
12.0,P,0,151.8,43.1,Overweight
8.0,L,1,118.8,26.4,Overweight
7.0,P,0,120.9,18.6,Underweight
10.0,P,0,129.8,31.5,Overweight
8.0,P,0,126.5,24.1,Normal
8.0,L,1,125.0,24.0,Normal
11.0,L,1,140.4,34.5,Normal
12.0,P,0,149.8,34.5,Normal
7.0,L,1,120.2,25.0,Normal
9.0,P,0,123.4,22.0,Normal
6.0,P,0,114.7,17.3,Underweight
9.0,L,1,126.2,29.9,Overweight
10.0,L,1,136.0,27.7,Normal
12.0,P,0,145.8,38.9,Overweight
9.0,L,1,124.5,30.6,Overweight
12.0,L,1,144.5,42.0,Overweight
12.0,L,1,146.4,39.7,Overweight
10.0,P,0,139.1,30.1,Normal
12.0,L,1,144.9,35.0,Normal
9.0,P,0,127.6,27.0,Normal
9.0,P,0,123.0,23.8,Normal
8.0,L,1,125.1,29.0,Overweight
10.0,L,1,135.2,30.3,Normal
11.0,L,1,143.3,40.4,Overweight
8.0,L,1,128.0,25.0,Normal
10.0,P,0,135.5,30.7,Normal
12.0,P,0,144.8,35.8,Normal
7.0,P,0,117.0,25.0,Overweight
7.0,P,0,116.4,22.1,Normal
11.0,L,1,141.2,37.5,Overweight
12.0,L,1,145.4,35.1,Normal
7.0,P,0,120.3,22.2,Normal
8.0,P,0,123.9,25.5,Normal
12.0,P,0,143.3,43.7,Overweight
8.0,P,0,121.8,24.7,Normal
10.0,P,0,132.9,28.2,Normal
9.0,L,1,128.3,28.9,Normal
8.0,L,1,121.8,22.7,Normal
7.0,L,1,117.8,23.1,Normal
9.0,P,0,128.4,34.0,Overweight
10.0,L,1,131.7,31.1,Normal
11.0,P,0,138.4,39.2,Overweight
9.0,P,0,126.8,29.6,Overweight
8.0,P,0,118.6,29.0,Overweight
9.0,P,0,130.5,34.0,Overweight
7.0,P,0,123.0,21.6,Normal
10.0,L,1,131.5,25.0,Normal
7.0,P,0,116.1,21.1,Normal
9.0,P,0,125.4,23.4,Normal
9.0,P,0,124.2,23.8,Normal
9.0,L,1,129.7,30.5,Overweight
9.0,P,0,129.3,26.9,Normal
12.0,P,0,148.1,35.0,Normal
12.0,L,1,151.1,37.3,Normal
11.0,L,1,141.1,39.9,Overweight
11.0,P,0,142.2,33.9,Normal
8.0,L,1,121.6,24.0,Normal
9.0,P,0,126.2,22.5,Normal
10.0,P,0,134.8,32.8,Overweight
7.0,P,0,115.6,25.0,Overweight
7.0,P,0,114.7,18.3,Underweight
8.0,P,0,127.4,28.2,Normal
8.0,P,0,122.4,26.9,Normal
12.0,P,0,147.1,36.6,Normal
9.0,P,0,131.0,26.5,Normal
10.0,P,0,133.8,28.2,Normal
7.0,P,0,113.7,21.1,Normal
8.0,L,1,121.9,21.8,Normal
11.0,P,0,143.3,33.0,Normal
11.0,P,0,140.7,37.2,Overweight
11.0,L,1,140.1,39.2,Overweight
9.0,L,1,130.2,25.0,Normal
8.0,L,1,127.0,24.8,Normal
12.0,L,1,141.2,42.7,Overweight
7.0,L,1,118.6,23.8,Normal
6.0,L,1,114.5,17.0,Underweight
6.0,L,1,115.5,20.4,Normal
11.0,P,0,141.6,38.9,Overweight
7.0,L,1,117.3,21.9,Normal
8.0,P,0,123.7,26.7,Normal
8.0,P,0,123.3,21.6,Normal
8.0,L,1,125.3,28.2,Normal
8.0,P,0,120.9,20.4,Underweight
10.0,L,1,132.6,30.0,Normal
9.0,P,0,128.3,29.6,Normal
8.0,L,1,121.2,22.8,Normal
7.0,P,0,121.8,19.7,Underweight
10.0,P,0,140.0,30.8,Normal
7.0,P,0,117.5,21.3,Normal
10.0,P,0,134.7,28.7,Normal
10.0,L,1,130.0,29.0,Normal
9.0,P,0,125.6,26.9,Normal
6.0,P,0,112.3,17.1,Underweight
10.0,P,0,130.6,25.0,Normal
12.0,L,1,149.8,36.3,Normal
8.0,L,1,120.0,20.0,Underweight
7.0,L,1,119.4,20.0,Normal
8.0,P,0,121.1,22.4,Normal
10.0,L,1,133.2,30.2,Normal
9.0,P,0,124.3,24.2,Normal
6.0,P,0,117.1,21.5,Normal
11.0,L,1,138.6,37.0,Overweight
8.0,P,0,121.0,28.4,Overweight
6.0,P,0,114.2,19.1,Normal
6.0,L,1,111.9,17.4,Underweight
11.0,P,0,138.0,33.4,Normal
7.0,L,1,116.8,24.5,Normal
12.0,P,0,145.7,36.6,Normal
6.0,P,0,115.6,18.5,Underweight
11.0,L,1,143.2,41.4,Overweight
6.0,P,0,118.0,18.1,Underweight
11.0,P,0,135.0,33.6,Overweight
12.0,L,1,146.6,37.3,Normal
12.0,P,0,144.6,39.8,Overweight
9.0,L,1,128.3,34.0,Overweight
7.0,P,0,113.4,20.4,Normal
9.0,P,0,126.8,30.5,Overweight
9.0,L,1,129.1,24.9,Normal
11.0,L,1,139.2,40.5,Overweight
6.0,P,0,114.8,18.4,Underweight
6.0,P,0,110.7,19.8,Normal
7.0,P,0,118.7,23.4,Normal
11.0,L,1,142.3,37.9,Overweight
11.0,P,0,138.0,37.0,Overweight
9.0,L,1,128.0,27.6,Normal
6.0,P,0,112.0,22.0,Normal
7.0,P,0,120.5,24.2,Normal
9.0,L,1,123.8,31.6,Overweight
6.0,L,1,116.2,22.0,Normal
10.0,P,0,132.7,33.6,Overweight
9.0,L,1,133.0,27.3,Normal
12.0,P,0,143.8,43.7,Overweight
10.0,L,1,128.6,37.3,Obesity
12.0,L,1,145.8,37.4,Normal
8.0,P,0,122.4,25.1,Normal
7.0,P,0,118.1,18.5,Underweight
7.0,L,1,116.6,19.2,Normal
11.0,L,1,141.4,40.5,Overweight
11.0,P,0,138.0,35.4,Overweight
12.0,P,0,147.5,34.9,Normal
7.0,L,1,118.8,18.2,Underweight
11.0,L,1,140.1,31.3,Normal
11.0,L,1,142.5,40.7,Overweight
8.0,P,0,122.1,27.8,Overweight
11.0,P,0,145.8,37.5,Normal
7.0,L,1,118.7,19.9,Normal
8.0,L,1,125.7,25.0,Normal
8.0,L,1,121.4,20.2,Underweight
10.0,L,1,134.5,31.3,Normal
7.0,L,1,115.5,22.4,Normal
12.0,L,1,150.4,44.4,Overweight
8.0,P,0,127.1,23.8,Normal
7.0,P,0,113.6,18.4,Normal
12.0,L,1,148.7,36.3,Normal
8.0,L,1,122.8,24.1,Normal
12.0,L,1,152.0,40.3,Normal
6.0,P,0,115.3,20.8,Normal
12.0,P,0,148.6,33.6,Normal
11.0,P,0,140.3,38.0,Overweight
11.0,P,0,137.0,36.2,Overweight
9.0,L,1,123.0,29.0,Overweight
7.0,P,0,115.1,18.4,Underweight
11.0,L,1,140.0,37.3,Overweight
9.0,P,0,129.7,26.3,Normal
11.0,L,1,140.8,35.2,Normal
8.0,P,0,121.5,27.2,Overweight
11.0,L,1,142.3,34.7,Normal
10.0,P,0,135.9,31.2,Normal
6.0,L,1,115.7,19.2,Normal
7.0,P,0,117.1,23.6,Normal
10.0,L,1,132.9,37.7,Overweight
10.0,L,1,137.7,26.6,Normal
11.0,P,0,141.9,34.6,Normal
7.0,L,1,118.0,24.6,Normal
6.0,L,1,111.9,19.0,Normal
7.0,L,1,117.4,19.6,Normal
10.0,L,1,135.9,33.9,Overweight
12.0,L,1,147.8,41.0,Overweight
12.0,L,1,142.8,38.8,Overweight
9.0,P,0,133.0,29.2,Normal
11.0,L,1,141.1,39.2,Overweight
6.0,L,1,116.4,19.0,Underweight
9.0,P,0,123.6,34.0,Obesity
10.0,L,1,133.9,33.7,Overweight
11.0,L,1,143.6,32.3,Normal
7.0,P,0,116.5,24.0,Normal
8.0,P,0,119.6,20.4,Normal
8.0,P,0,121.2,27.4,Overweight
11.0,P,0,145.3,32.5,Normal
8.0,P,0,124.4,26.2,Normal
7.0,P,0,121.7,18.0,Underweight
11.0,L,1,145.4,30.7,Normal
12.0,P,0,144.7,42.9,Overweight
7.0,P,0,120.2,22.0,Normal
7.0,P,0,114.1,25.0,Overweight
9.0,L,1,132.3,26.7,Normal
11.0,L,1,137.5,31.1,Normal
7.0,L,1,120.4,18.0,Underweight
8.0,L,1,122.7,23.5,Normal
9.0,P,0,130.1,29.2,Normal
7.0,L,1,117.6,23.5,Normal
11.0,P,0,141.6,34.6,Normal
7.0,L,1,118.1,22.8,Normal
11.0,L,1,137.7,35.0,Overweight
6.0,P,0,112.8,17.0,Underweight
8.0,P,0,123.2,24.3,Normal
8.0,P,0,126.1,24.0,Normal
12.0,P,0,148.7,37.7,Normal
12.0,P,0,141.6,40.8,Overweight
9.0,L,1,130.5,22.0,Underweight
8.0,L,1,123.3,20.9,Underweight
6.0,P,0,115.0,21.1,Normal
8.0,L,1,120.1,23.8,Normal
11.0,L,1,140.0,32.2,Normal
12.0,L,1,146.2,42.4,Overweight
11.0,L,1,139.9,37.8,Overweight
6.0,P,0,115.3,22.0,Normal
12.0,P,0,147.4,40.3,Overweight
10.0,P,0,133.5,29.1,Normal
9.0,P,0,128.3,23.6,Normal
6.0,L,1,118.0,18.1,Underweight
10.0,P,0,135.1,38.0,Overweight
7.0,P,0,123.0,22.6,Normal
10.0,L,1,130.7,34.0,Overweight
12.0,L,1,146.7,44.5,Overweight
9.0,P,0,130.4,28.1,Normal
10.0,P,0,136.5,34.5,Overweight
7.0,L,1,121.0,21.7,Normal
9.0,P,0,127.7,28.6,Normal
11.0,L,1,140.1,35.5,Overweight
11.0,P,0,141.3,34.4,Normal
10.0,L,1,133.5,33.9,Overweight
11.0,L,1,144.9,37.9,Overweight
11.0,L,1,139.8,37.8,Overweight
8.0,L,1,123.1,24.3,Normal
12.0,L,1,151.6,35.3,Normal
12.0,L,1,144.6,35.1,Normal
8.0,P,0,121.1,22.9,Normal
8.0,P,0,124.8,23.9,Normal
11.0,P,0,141.8,34.9,Normal
10.0,L,1,134.7,35.5,Overweight
10.0,P,0,134.4,37.1,Overweight
12.0,L,1,143.0,38.1,Overweight
12.0,P,0,144.8,40.3,Overweight
9.0,L,1,126.4,22.0,Underweight
9.0,L,1,125.3,31.7,Overweight
8.0,L,1,119.7,20.0,Underweight
9.0,P,0,127.8,22.3,Underweight
8.0,P,0,121.8,23.7,Normal
12.0,L,1,144.7,35.0,Normal
6.0,L,1,112.8,17.3,Underweight
8.0,P,0,121.9,27.8,Overweight
6.0,L,1,112.9,17.0,Underweight
10.0,L,1,134.8,31.1,Normal
9.0,L,1,125.5,27.0,Normal
7.0,L,1,117.3,18.0,Underweight
10.0,L,1,133.9,31.8,Normal
7.0,P,0,121.3,23.3,Normal
12.0,L,1,147.8,43.6,Overweight
12.0,P,0,147.1,41.4,Overweight
9.0,P,0,129.3,28.8,Normal
9.0,L,1,127.6,34.0,Overweight
8.0,L,1,118.8,28.1,Overweight
12.0,P,0,143.6,38.8,Overweight
9.0,P,0,127.0,30.7,Overweight
12.0,L,1,144.3,33.3,Normal
11.0,L,1,141.5,39.6,Overweight
10.0,L,1,128.0,29.4,Normal
7.0,L,1,115.7,18.5,Underweight
7.0,P,0,116.0,20.7,Normal
7.0,L,1,113.6,18.0,Underweight
10.0,L,1,132.3,29.2,Normal
10.0,L,1,134.0,36.5,Overweight
9.0,L,1,126.6,25.9,Normal
12.0,P,0,147.9,40.8,Overweight
12.0,P,0,148.9,37.9,Normal
6.0,L,1,110.1,21.7,Normal
11.0,L,1,140.1,37.7,Overweight
6.0,P,0,116.8,21.1,Normal
12.0,L,1,144.5,40.2,Overweight
7.0,P,0,119.1,18.3,Underweight
12.0,L,1,147.6,41.8,Overweight
12.0,L,1,146.4,40.8,Overweight
7.0,L,1,121.6,25.0,Normal
6.0,P,0,112.1,20.3,Normal
9.0,P,0,124.5,32.7,Overweight
6.0,P,0,111.0,19.4,Normal
7.0,L,1,114.2,25.0,Overweight
12.0,P,0,145.7,33.0,Normal
10.0,L,1,135.2,29.3,Normal
10.0,L,1,133.9,36.3,Overweight
12.0,L,1,147.0,41.2,Overweight
9.0,P,0,130.5,28.3,Normal
11.0,P,0,141.7,40.3,Overweight
12.0,L,1,146.0,38.7,Overweight
6.0,P,0,113.7,22.0,Normal
8.0,L,1,123.6,26.2,Normal
12.0,P,0,149.1,37.2,Normal
12.0,L,1,143.5,33.8,Normal
11.0,P,0,138.4,35.1,Overweight
10.0,L,1,129.4,33.5,Overweight
10.0,P,0,137.3,29.9,Normal
8.0,P,0,128.0,25.5,Normal
12.0,P,0,143.8,39.6,Overweight
6.0,P,0,116.5,19.6,Normal
7.0,L,1,116.2,20.1,Normal
12.0,L,1,144.2,39.6,Overweight
12.0,L,1,149.5,38.7,Normal
12.0,P,0,145.8,43.2,Overweight
7.0,P,0,118.3,23.7,Normal
7.0,L,1,119.4,25.0,Normal
8.0,L,1,125.6,27.9,Normal
11.0,L,1,144.9,39.6,Overweight
12.0,L,1,149.1,39.1,Normal
6.0,L,1,117.1,18.5,Underweight
10.0,P,0,129.6,31.5,Overweight
10.0,P,0,129.7,32.4,Overweight
9.0,P,0,129.6,31.5,Overweight
11.0,P,0,137.3,31.8,Normal
11.0,P,0,137.0,33.8,Normal
10.0,P,0,135.3,29.2,Normal
12.0,L,1,146.9,34.5,Normal
10.0,P,0,134.8,33.7,Overweight
10.0,L,1,131.5,34.2,Overweight
9.0,L,1,129.0,29.6,Normal
12.0,P,0,147.5,46.8,Overweight
12.0,L,1,146.3,38.2,Normal
8.0,L,1,121.3,25.7,Normal
9.0,P,0,128.8,27.2,Normal
8.0,P,0,122.5,29.0,Overweight
10.0,L,1,135.1,35.2,Overweight
11.0,P,0,143.7,37.0,Normal
9.0,L,1,127.1,28.1,Normal
10.0,P,0,130.3,33.6,Overweight
10.0,L,1,137.7,33.3,Normal
9.0,P,0,131.4,24.1,Underweight
6.0,P,0,117.3,17.7,Underweight
12.0,P,0,148.9,42.1,Overweight
11.0,L,1,140.7,37.8,Overweight
7.0,L,1,120.1,18.4,Underweight
6.0,P,0,116.4,21.9,Normal
7.0,P,0,116.2,22.8,Normal
6.0,L,1,113.3,22.0,Normal
10.0,L,1,136.3,32.1,Normal
6.0,L,1,114.5,19.2,Normal
9.0,L,1,123.0,28.7,Overweight
6.0,P,0,116.6,19.9,Normal
9.0,P,0,127.7,31.2,Overweight
12.0,L,1,148.2,39.2,Normal
11.0,L,1,139.7,39.9,Overweight
9.0,P,0,126.7,22.0,Underweight
7.0,P,0,114.8,25.0,Overweight
8.0,P,0,120.0,26.4,Overweight
7.0,P,0,123.0,21.5,Normal
11.0,P,0,141.4,31.9,Normal
12.0,P,0,148.6,36.4,Normal
12.0,L,1,149.9,36.4,Normal
9.0,P,0,127.2,30.4,Overweight
12.0,L,1,146.5,44.4,Overweight
10.0,L,1,136.7,35.0,Overweight
9.0,P,0,133.0,26.4,Normal
10.0,L,1,135.5,30.8,Normal
12.0,P,0,143.3,39.2,Overweight
7.0,L,1,118.0,23.3,Normal
9.0,L,1,125.3,23.3,Normal
12.0,P,0,145.1,41.3,Overweight
10.0,L,1,134.9,33.5,Overweight
12.0,L,1,141.3,36.3,Overweight
8.0,L,1,127.3,25.0,Normal
10.0,P,0,134.2,33.1,Overweight
10.0,P,0,128.1,28.4,Normal
6.0,P,0,113.0,21.5,Normal
8.0,L,1,119.7,21.3,Normal
7.0,P,0,119.2,22.7,Normal
9.0,L,1,127.9,24.8,Normal
11.0,L,1,144.1,36.2,Normal
6.0,P,0,114.8,17.0,Underweight
10.0,P,0,132.0,32.4,Overweight
9.0,P,0,130.5,26.2,Normal
7.0,L,1,121.9,20.1,Underweight
10.0,P,0,139.5,32.2,Normal
9.0,P,0,130.7,31.3,Overweight
6.0,P,0,112.1,18.9,Normal
9.0,L,1,129.5,30.7,Overweight
9.0,P,0,130.2,30.5,Overweight
7.0,L,1,117.6,24.3,Normal
7.0,P,0,114.8,23.4,Normal
7.0,L,1,118.8,21.7,Normal
10.0,P,0,134.5,28.1,Normal
7.0,L,1,117.4,21.1,Normal
6.0,P,0,110.1,22.0,Overweight
9.0,P,0,125.9,34.0,Overweight
12.0,P,0,144.9,38.9,Overweight
10.0,P,0,130.4,32.6,Overweight
12.0,L,1,144.6,40.3,Overweight
6.0,L,1,117.0,19.3,Normal
7.0,P,0,114.9,25.0,Overweight
12.0,P,0,148.4,40.3,Overweight
12.0,L,1,144.6,41.5,Overweight
6.0,L,1,114.5,17.7,Underweight
10.0,L,1,128.0,28.4,Normal
6.0,P,0,113.5,19.1,Normal
8.0,L,1,118.2,23.3,Normal
6.0,L,1,113.9,17.9,Underweight
10.0,P,0,133.6,33.4,Overweight
8.0,P,0,125.8,27.7,Normal
10.0,P,0,132.4,33.0,Overweight
12.0,L,1,145.5,41.2,Overweight
11.0,L,1,141.3,35.0,Normal
8.0,P,0,120.8,22.3,Normal
12.0,L,1,146.2,38.3,Normal
11.0,L,1,141.7,34.8,Normal
6.0,L,1,112.9,21.8,Normal
9.0,L,1,132.1,28.3,Normal
11.0,L,1,141.2,35.5,Normal
11.0,L,1,139.4,35.7,Overweight
6.0,L,1,110.6,18.6,Normal
9.0,P,0,126.5,29.2,Overweight
12.0,P,0,146.2,40.5,Overweight
8.0,L,1,124.8,26.2,Normal
10.0,L,1,129.6,27.1,Normal
10.0,L,1,132.5,33.8,Overweight
9.0,P,0,125.9,31.4,Overweight
7.0,L,1,116.6,22.1,Normal
8.0,P,0,120.3,21.7,Normal
12.0,P,0,145.2,33.0,Normal
10.0,P,0,133.8,34.1,Overweight
12.0,L,1,147.7,42.6,Overweight
11.0,P,0,141.4,31.0,Normal
12.0,P,0,146.2,37.9,Normal
11.0,P,0,147.0,32.4,Normal
11.0,L,1,143.8,30.7,Normal
6.0,L,1,114.3,20.5,Normal
10.0,L,1,134.3,33.0,Overweight
9.0,P,0,124.8,28.8,Overweight
11.0,L,1,142.0,33.9,Normal
6.0,L,1,111.8,18.3,Normal
8.0,L,1,124.0,28.5,Overweight
11.0,L,1,142.7,36.0,Normal
11.0,P,0,140.9,34.5,Normal
6.0,L,1,114.6,17.0,Underweight
10.0,L,1,136.3,31.2,Normal
12.0,L,1,146.5,41.4,Overweight
11.0,P,0,141.7,40.1,Overweight
12.0,P,0,145.1,43.2,Overweight
10.0,L,1,132.7,31.3,Normal
9.0,P,0,132.1,29.7,Normal
12.0,L,1,145.1,39.3,Overweight
8.0,L,1,127.9,20.0,Underweight
7.0,P,0,118.8,23.1,Normal
9.0,L,1,127.6,27.8,Normal
8.0,L,1,123.9,28.6,Overweight
11.0,P,0,137.6,33.9,Normal
10.0,P,0,132.2,32.7,Overweight
10.0,L,1,132.1,31.8,Overweight
10.0,L,1,140.0,33.1,Normal
7.0,L,1,116.2,18.0,Underweight
6.0,P,0,114.1,17.7,Underweight
8.0,P,0,126.4,25.2,Normal
7.0,L,1,116.9,19.4,Normal
9.0,P,0,131.0,26.2,Normal
6.0,P,0,112.5,17.0,Underweight
6.0,L,1,115.3,22.0,Normal
7.0,L,1,118.2,18.3,Underweight
7.0,P,0,116.0,21.1,Normal
7.0,P,0,118.7,19.0,Underweight
11.0,P,0,143.7,40.3,Overweight
8.0,P,0,123.9,24.0,Normal
9.0,L,1,128.4,28.4,Normal
9.0,P,0,133.0,23.2,Underweight
8.0,L,1,121.0,23.6,Normal
12.0,P,0,142.4,38.6,Overweight
10.0,P,0,130.3,38.0,Obesity
7.0,L,1,119.4,23.0,Normal
9.0,L,1,124.8,27.6,Normal
12.0,P,0,142.5,41.1,Overweight
11.0,P,0,144.0,34.9,Normal
6.0,P,0,116.3,19.6,Normal
11.0,L,1,143.2,34.1,Normal
8.0,P,0,119.3,22.4,Normal
6.0,L,1,115.9,18.8,Normal
10.0,P,0,133.9,34.1,Overweight
10.0,P,0,132.4,31.0,Normal
9.0,P,0,125.5,31.8,Overweight
9.0,P,0,126.5,26.1,Normal
6.0,P,0,118.0,18.4,Underweight
7.0,L,1,115.5,19.8,Normal
9.0,P,0,126.9,30.5,Overweight
6.0,P,0,113.1,22.0,Normal
7.0,P,0,117.3,24.2,Normal
8.0,L,1,120.9,25.5,Normal
11.0,P,0,135.8,28.0,Normal
8.0,L,1,120.3,23.7,Normal
12.0,L,1,147.6,45.5,Overweight
10.0,P,0,134.9,36.1,Overweight
7.0,P,0,114.4,23.1,Normal
8.0,P,0,118.8,26.5,Overweight
8.0,P,0,124.1,20.0,Underweight
10.0,P,0,137.5,34.1,Overweight
8.0,L,1,119.3,24.6,Normal
6.0,L,1,113.5,22.0,Normal
8.0,L,1,120.5,28.5,Overweight
6.0,L,1,117.3,17.3,Underweight
11.0,L,1,140.3,33.3,Normal
10.0,P,0,129.2,31.5,Overweight
10.0,P,0,132.5,30.2,Normal
8.0,P,0,125.0,26.0,Normal
7.0,P,0,122.9,22.5,Normal
9.0,L,1,128.0,22.0,Underweight
11.0,L,1,143.4,33.4,Normal
11.0,P,0,139.9,43.0,Overweight
8.0,L,1,123.8,28.7,Overweight
7.0,P,0,117.6,19.5,Normal
12.0,P,0,144.6,37.7,Overweight
6.0,P,0,118.0,20.5,Normal
6.0,P,0,114.9,22.0,Normal
8.0,P,0,126.9,27.0,Normal
9.0,L,1,129.1,28.9,Normal
7.0,P,0,119.1,21.7,Normal
12.0,P,0,145.9,42.5,Overweight
12.0,P,0,143.3,36.3,Normal
10.0,L,1,135.5,32.2,Normal
7.0,P,0,116.0,20.9,Normal
12.0,L,1,149.5,39.2,Normal
9.0,L,1,129.1,28.7,Normal
12.0,P,0,147.4,38.9,Normal
10.0,P,0,133.6,31.0,Normal
9.0,L,1,123.4,27.6,Overweight
7.0,P,0,123.0,21.2,Normal
11.0,P,0,141.0,40.2,Overweight
7.0,L,1,114.7,21.9,Normal
11.0,P,0,143.1,36.6,Normal
8.0,L,1,123.3,20.0,Underweight
9.0,P,0,125.9,26.6,Normal
6.0,L,1,114.8,20.1,Normal
11.0,P,0,140.3,36.5,Overweight
11.0,P,0,142.1,37.8,Overweight
9.0,L,1,132.3,28.4,Normal
10.0,P,0,134.8,29.2,Normal
7.0,P,0,119.7,24.3,Normal
7.0,P,0,118.7,19.4,Underweight
11.0,L,1,143.8,33.9,Normal
7.0,L,1,118.2,18.0,Underweight
10.0,P,0,131.7,32.4,Overweight
12.0,L,1,144.0,41.9,Overweight
12.0,L,1,146.3,32.9,Normal
7.0,L,1,119.0,21.4,Normal
7.0,P,0,119.7,18.9,Underweight
12.0,P,0,143.6,40.4,Overweight
11.0,P,0,138.1,37.1,Overweight
12.0,L,1,144.9,37.9,Overweight
8.0,L,1,126.6,26.2,Normal
7.0,L,1,119.4,20.5,Normal
10.0,P,0,138.4,33.8,Normal
9.0,L,1,131.5,24.6,Normal
6.0,L,1,117.9,18.2,Underweight
7.0,P,0,120.6,21.1,Normal
12.0,P,0,152.0,38.2,Normal
11.0,L,1,138.4,34.4,Normal
11.0,P,0,145.7,38.6,Overweight
12.0,P,0,146.3,39.4,Overweight
12.0,L,1,145.0,35.8,Normal
10.0,P,0,131.0,31.8,Overweight
6.0,P,0,115.0,21.3,Normal
7.0,P,0,120.7,22.2,Normal
12.0,L,1,147.5,38.7,Normal
8.0,P,0,121.2,27.0,Overweight
11.0,P,0,139.7,36.1,Overweight
11.0,P,0,137.6,37.8,Overweight
12.0,P,0,145.2,40.0,Overweight
9.0,P,0,128.4,29.8,Overweight
10.0,L,1,135.6,32.7,Normal
12.0,L,1,149.4,37.7,Normal
7.0,L,1,116.9,21.2,Normal
12.0,L,1,150.3,37.4,Normal
9.0,P,0,125.6,26.7,Normal
12.0,P,0,144.4,40.1,Overweight
10.0,P,0,135.4,31.9,Normal
11.0,L,1,141.0,29.9,Normal
9.0,P,0,127.2,23.6,Normal
8.0,L,1,121.6,25.7,Normal
9.0,L,1,127.8,28.0,Normal
10.0,L,1,130.7,32.4,Overweight
9.0,L,1,125.9,27.9,Normal
11.0,P,0,144.3,40.1,Overweight
8.0,L,1,122.5,23.6,Normal
11.0,P,0,140.1,36.4,Overweight
8.0,L,1,120.9,27.6,Overweight
7.0,L,1,118.1,20.5,Normal
8.0,P,0,121.7,21.6,Normal
9.0,L,1,133.0,24.3,Underweight
11.0,L,1,143.5,33.3,Normal
9.0,L,1,132.3,31.2,Normal
8.0,P,0,124.3,24.0,Normal
9.0,P,0,129.0,28.6,Normal
6.0,L,1,113.1,17.1,Underweight
11.0,P,0,139.6,33.8,Normal
6.0,L,1,117.9,22.0,Normal
6.0,L,1,112.6,22.0,Normal
7.0,P,0,116.5,25.0,Overweight
6.0,P,0,111.6,22.0,Normal
9.0,P,0,129.9,26.7,Normal
11.0,P,0,140.2,33.3,Normal
11.0,P,0,145.2,39.6,Overweight
8.0,P,0,120.7,21.8,Normal
12.0,L,1,141.9,35.3,Normal
12.0,L,1,148.7,39.1,Normal
11.0,P,0,138.5,35.8,Overweight
11.0,L,1,139.9,41.1,Overweight
11.0,L,1,142.5,33.4,Normal
12.0,P,0,144.3,35.4,Normal
11.0,P,0,143.0,29.6,Normal
11.0,L,1,142.9,33.9,Normal
9.0,L,1,125.9,29.1,Overweight
10.0,P,0,134.5,35.0,Overweight
8.0,P,0,124.3,25.8,Normal
10.0,L,1,132.9,25.9,Normal
12.0,P,0,147.6,39.2,Overweight
11.0,L,1,140.8,34.6,Normal
10.0,L,1,132.7,28.9,Normal
11.0,L,1,142.9,36.4,Normal
10.0,L,1,131.2,35.9,Overweight
12.0,P,0,149.7,35.8,Normal
7.0,P,0,114.2,19.0,Normal
11.0,P,0,141.1,35.8,Normal
8.0,L,1,123.6,20.3,Underweight
7.0,P,0,120.8,21.1,Normal
11.0,L,1,139.1,34.3,Normal
10.0,P,0,133.8,30.0,Normal
10.0,P,0,137.0,30.3,Normal
9.0,L,1,124.7,27.8,Normal
12.0,P,0,144.6,38.4,Overweight
12.0,L,1,144.4,37.0,Normal
11.0,L,1,140.4,32.2,Normal
10.0,L,1,131.3,33.7,Overweight
12.0,P,0,150.2,38.4,Normal
11.0,P,0,142.7,37.0,Overweight
12.0,P,0,142.1,35.9,Normal
9.0,L,1,123.2,23.7,Normal
6.0,P,0,115.5,17.0,Underweight
7.0,P,0,120.0,23.7,Normal
12.0,P,0,143.6,40.0,Overweight
10.0,P,0,137.9,27.0,Normal
12.0,P,0,144.4,37.1,Normal
7.0,P,0,118.6,22.7,Normal
11.0,L,1,143.8,36.5,Normal
8.0,P,0,124.3,25.9,Normal
12.0,L,1,147.3,37.3,Normal
10.0,L,1,133.7,30.2,Normal
12.0,P,0,144.7,40.7,Overweight
7.0,L,1,118.9,19.0,Underweight
12.0,P,0,145.1,36.0,Normal
7.0,P,0,116.8,25.0,Overweight
12.0,L,1,143.8,37.5,Overweight
10.0,L,1,132.0,30.5,Normal
9.0,L,1,128.5,32.3,Overweight
7.0,P,0,117.2,22.9,Normal
12.0,L,1,147.2,42.9,Overweight
12.0,L,1,144.9,45.0,Overweight
10.0,L,1,132.3,30.4,Normal
10.0,P,0,140.0,25.0,Underweight
12.0,L,1,145.6,41.3,Overweight
6.0,L,1,115.6,20.1,Normal
9.0,P,0,123.0,29.0,Overweight
6.0,L,1,113.5,19.3,Normal
9.0,P,0,129.6,26.5,Normal
8.0,L,1,122.6,29.0,Overweight
11.0,L,1,143.3,30.5,Normal
7.0,L,1,121.7,18.0,Underweight
10.0,P,0,132.4,33.2,Overweight
12.0,L,1,149.1,39.8,Normal
11.0,L,1,139.5,32.2,Normal
12.0,L,1,145.3,35.4,Normal
7.0,P,0,123.0,20.9,Underweight
10.0,L,1,137.5,31.9,Normal
11.0,P,0,135.3,35.7,Overweight
7.0,P,0,113.0,21.6,Normal
10.0,L,1,133.9,28.5,Normal
7.0,P,0,116.4,19.7,Normal
9.0,L,1,125.9,23.6,Normal
12.0,L,1,142.9,44.5,Overweight
9.0,P,0,127.7,26.4,Normal
8.0,P,0,121.1,27.3,Overweight
8.0,L,1,124.8,29.0,Overweight
10.0,P,0,131.5,37.2,Overweight
11.0,L,1,146.2,35.4,Normal
11.0,L,1,138.8,41.5,Overweight
9.0,L,1,124.9,26.5,Normal
8.0,L,1,121.6,22.8,Normal
11.0,L,1,143.1,40.0,Overweight
11.0,P,0,144.2,34.7,Normal
10.0,L,1,133.8,32.3,Overweight
11.0,P,0,144.6,37.8,Overweight
10.0,L,1,131.4,34.8,Overweight
9.0,P,0,126.5,27.8,Normal
9.0,P,0,129.2,29.4,Normal
10.0,P,0,133.6,31.6,Normal
6.0,P,0,113.7,20.0,Normal
10.0,L,1,131.2,34.7,Overweight
12.0,L,1,149.3,39.9,Normal
7.0,L,1,117.2,24.7,Normal
7.0,P,0,116.6,23.5,Normal
8.0,P,0,123.6,26.5,Normal
8.0,P,0,121.2,22.9,Normal
7.0,L,1,119.0,24.3,Normal
7.0,P,0,119.9,20.7,Normal
6.0,L,1,114.8,17.0,Underweight
12.0,L,1,143.7,46.1,Obesity
12.0,L,1,150.1,36.6,Normal
12.0,L,1,149.0,38.2,Normal
9.0,L,1,131.1,28.8,Normal
11.0,P,0,144.1,37.3,Normal
12.0,L,1,144.0,38.2,Overweight
12.0,L,1,144.0,39.9,Overweight
6.0,P,0,115.0,17.0,Underweight
7.0,L,1,120.5,21.3,Normal
7.0,P,0,120.0,21.4,Normal
12.0,L,1,141.0,40.2,Overweight
6.0,P,0,115.7,20.0,Normal
8.0,L,1,122.6,21.8,Normal
11.0,L,1,135.7,34.4,Overweight
12.0,P,0,145.4,40.3,Overweight
12.0,P,0,140.5,36.9,Overweight
8.0,P,0,123.6,24.2,Normal
12.0,P,0,145.7,31.6,Normal
8.0,P,0,121.9,26.5,Normal
8.0,P,0,123.7,26.1,Normal
10.0,L,1,131.9,33.2,Overweight
8.0,P,0,123.6,24.7,Normal
6.0,P,0,114.2,18.6,Normal
11.0,L,1,144.6,37.2,Normal
11.0,P,0,145.2,30.7,Normal
8.0,L,1,123.7,23.3,Normal
7.0,L,1,113.0,22.5,Normal
6.0,P,0,113.5,20.2,Normal
12.0,L,1,141.0,39.1,Overweight
7.0,P,0,118.5,21.2,Normal
11.0,P,0,139.5,35.6,Overweight
12.0,L,1,143.1,36.5,Normal
8.0,L,1,123.1,20.0,Underweight
9.0,P,0,127.3,24.3,Normal
11.0,L,1,141.6,35.5,Normal
9.0,P,0,128.4,31.6,Overweight
12.0,P,0,145.2,40.6,Overweight
10.0,P,0,132.9,27.6,Normal
10.0,P,0,138.8,33.5,Normal
9.0,P,0,125.5,25.4,Normal
6.0,P,0,115.0,21.7,Normal
12.0,P,0,146.4,42.0,Overweight
9.0,P,0,132.6,26.2,Normal
9.0,P,0,131.2,25.4,Normal
10.0,P,0,135.8,27.8,Normal
8.0,P,0,125.1,20.5,Underweight
9.0,P,0,124.4,25.9,Normal
9.0,P,0,128.2,33.3,Overweight
7.0,P,0,121.2,22.1,Normal
10.0,P,0,131.7,30.5,Normal
11.0,P,0,140.4,35.0,Normal
8.0,L,1,121.3,22.1,Normal
8.0,L,1,123.3,26.5,Normal
12.0,L,1,142.2,41.5,Overweight
6.0,L,1,112.4,19.5,Normal
6.0,L,1,113.7,20.6,Normal
8.0,L,1,120.3,26.3,Overweight
9.0,P,0,130.2,26.8,Normal
10.0,L,1,135.2,31.3,Normal
8.0,L,1,121.3,24.3,Normal
6.0,P,0,113.2,18.8,Normal
7.0,L,1,117.6,25.0,Overweight
12.0,P,0,145.4,42.9,Overweight
12.0,L,1,142.7,37.1,Overweight
8.0,P,0,124.7,29.0,Overweight
10.0,L,1,133.6,29.5,Normal
6.0,P,0,115.9,21.4,Normal
11.0,P,0,142.5,31.4,Normal
10.0,P,0,140.0,32.2,Normal
9.0,P,0,128.0,22.0,Underweight
8.0,P,0,124.6,23.2,Normal
10.0,L,1,138.0,36.9,Overweight
11.0,L,1,144.3,42.5,Overweight
10.0,P,0,133.1,31.7,Normal
8.0,P,0,119.5,20.0,Normal
7.0,L,1,116.2,25.0,Overweight
12.0,P,0,147.0,35.6,Normal
12.0,L,1,144.3,37.9,Overweight
7.0,P,0,117.0,18.0,Underweight
10.0,L,1,131.8,30.9,Normal
12.0,L,1,146.0,40.2,Overweight
9.0,L,1,125.7,26.8,Normal
9.0,L,1,124.3,31.9,Overweight
10.0,L,1,134.9,31.0,Normal
10.0,P,0,128.4,37.7,Obesity
8.0,P,0,122.9,24.5,Normal
8.0,L,1,118.4,20.0,Normal
9.0,P,0,125.6,24.2,Normal
11.0,P,0,145.2,37.6,Normal
7.0,L,1,120.7,23.4,Normal
7.0,P,0,118.0,21.4,Normal
9.0,P,0,126.3,24.5,Normal
11.0,P,0,138.3,35.1,Overweight
8.0,P,0,121.5,24.1,Normal
7.0,L,1,119.9,20.2,Normal
10.0,P,0,136.5,26.5,Normal
11.0,P,0,141.2,40.0,Overweight
12.0,P,0,147.4,36.7,Normal
8.0,P,0,123.0,24.9,Normal
9.0,L,1,128.3,33.2,Overweight
11.0,P,0,142.0,33.1,Normal
12.0,L,1,142.5,39.2,Overweight
12.0,L,1,145.9,40.9,Overweight
6.0,P,0,112.3,17.0,Underweight
8.0,L,1,123.0,28.5,Overweight
6.0,P,0,115.4,20.7,Normal
12.0,P,0,149.3,39.4,Normal
9.0,P,0,129.7,25.3,Normal
8.0,P,0,119.6,24.8,Normal
9.0,L,1,125.7,25.9,Normal
8.0,L,1,120.4,24.1,Normal
11.0,L,1,139.5,35.6,Overweight
11.0,L,1,139.4,36.8,Overweight
8.0,P,0,126.1,24.7,Normal
6.0,L,1,115.0,17.2,Underweight
7.0,P,0,118.7,20.0,Normal
11.0,P,0,142.3,34.9,Normal
7.0,L,1,117.2,22.8,Normal
9.0,P,0,124.9,33.6,Overweight
8.0,L,1,122.8,28.7,Overweight
10.0,P,0,132.5,32.3,Overweight
12.0,L,1,147.8,41.1,Overweight
9.0,L,1,125.9,26.4,Normal
11.0,L,1,139.6,33.0,Normal
12.0,P,0,143.5,41.6,Overweight
12.0,P,0,143.2,34.9,Normal
12.0,P,0,141.5,39.6,Overweight
10.0,L,1,135.6,30.4,Normal
9.0,L,1,129.5,27.8,Normal
9.0,P,0,131.2,34.0,Overweight
12.0,L,1,145.4,41.8,Overweight
11.0,L,1,143.1,37.8,Overweight
8.0,P,0,123.3,24.8,Normal
11.0,L,1,143.3,33.4,Normal
9.0,L,1,127.9,25.5,Normal
11.0,L,1,142.9,35.2,Normal
8.0,P,0,119.1,23.7,Normal
9.0,P,0,129.2,22.5,Underweight
9.0,L,1,129.0,26.4,Normal
8.0,P,0,118.1,26.0,Overweight
11.0,L,1,137.5,38.8,Overweight
7.0,L,1,116.9,18.0,Underweight
10.0,L,1,134.3,28.7,Normal
10.0,P,0,130.2,32.1,Overweight
10.0,L,1,138.6,32.3,Normal
10.0,P,0,137.0,30.5,Normal
12.0,P,0,146.3,43.4,Overweight
8.0,P,0,121.5,20.7,Normal
6.0,L,1,112.2,17.0,Underweight
9.0,P,0,127.2,30.6,Overweight
9.0,L,1,130.5,24.7,Normal
10.0,P,0,132.6,35.1,Overweight
11.0,P,0,141.3,35.4,Normal
10.0,L,1,135.8,25.6,Underweight
6.0,P,0,117.4,20.7,Normal
9.0,P,0,125.2,23.3,Normal
10.0,P,0,137.2,33.0,Normal
7.0,P,0,120.8,20.2,Underweight
7.0,P,0,114.3,24.6,Overweight
7.0,L,1,121.7,19.3,Underweight
12.0,L,1,141.8,42.6,Overweight
11.0,P,0,141.6,37.1,Overweight
10.0,P,0,132.3,33.0,Overweight
11.0,L,1,144.3,38.6,Overweight
9.0,L,1,127.9,25.2,Normal
11.0,L,1,143.9,34.9,Normal
10.0,P,0,133.8,32.3,Overweight
9.0,P,0,128.6,27.9,Normal
9.0,L,1,125.2,27.1,Normal
6.0,L,1,117.6,20.9,Normal
10.0,L,1,134.9,25.0,Underweight
12.0,P,0,145.3,39.6,Overweight
8.0,P,0,122.6,23.3,Normal
8.0,P,0,119.2,22.8,Normal
10.0,L,1,131.7,37.6,Overweight
7.0,L,1,119.5,23.9,Normal
11.0,P,0,143.1,41.2,Overweight
10.0,L,1,137.5,29.8,Normal
8.0,L,1,126.3,29.0,Overweight
10.0,L,1,136.0,33.0,Normal
12.0,L,1,143.0,43.0,Overweight
11.0,L,1,142.5,36.6,Overweight
10.0,L,1,133.9,35.6,Overweight
12.0,L,1,143.7,40.3,Overweight
9.0,L,1,125.5,31.4,Overweight
6.0,P,0,111.6,19.5,Normal
12.0,P,0,148.4,42.1,Overweight
11.0,P,0,141.1,43.0,Overweight
12.0,L,1,148.9,39.8,Normal
10.0,P,0,136.7,33.1,Normal
8.0,L,1,123.9,26.2,Normal
7.0,P,0,122.5,24.3,Normal
12.0,P,0,145.1,40.5,Overweight
12.0,L,1,145.0,42.1,Overweight
7.0,L,1,118.5,24.8,Normal
8.0,P,0,122.7,25.7,Normal
10.0,P,0,134.6,28.4,Normal
9.0,L,1,126.4,26.7,Normal
8.0,L,1,125.1,24.8,Normal
11.0,P,0,142.6,35.6,Normal
6.0,P,0,112.9,17.3,Underweight
12.0,L,1,147.0,40.9,Overweight
6.0,P,0,115.5,20.5,Normal
7.0,L,1,115.1,22.3,Normal
6.0,L,1,116.6,18.4,Underweight
9.0,L,1,127.9,27.0,Normal
8.0,L,1,123.3,24.5,Normal
7.0,P,0,113.0,21.2,Normal
12.0,P,0,147.0,41.2,Overweight
7.0,L,1,119.3,18.4,Underweight
6.0,L,1,115.3,19.7,Normal
7.0,P,0,119.6,21.5,Normal
6.0,P,0,117.2,17.4,Underweight
6.0,P,0,114.7,20.3,Normal
12.0,L,1,147.2,43.5,Overweight
9.0,P,0,128.4,29.3,Normal
6.0,L,1,112.1,20.7,Normal
6.0,L,1,115.0,22.0,Normal
12.0,L,1,145.9,43.0,Overweight
6.0,P,0,112.5,22.0,Normal
7.0,P,0,121.5,22.6,Normal
8.0,L,1,123.1,28.0,Overweight
11.0,P,0,146.6,31.8,Normal
10.0,P,0,136.9,34.9,Overweight
9.0,L,1,125.4,30.3,Overweight
6.0,L,1,116.1,17.0,Underweight
7.0,P,0,119.1,25.0,Normal
6.0,P,0,116.1,20.8,Normal
12.0,P,0,145.4,41.0,Overweight
10.0,L,1,134.9,29.0,Normal
9.0,P,0,130.1,30.3,Normal
11.0,L,1,141.0,38.5,Overweight
10.0,P,0,131.1,35.8,Overweight
10.0,P,0,130.1,36.4,Overweight
9.0,P,0,127.9,25.3,Normal
8.0,L,1,124.2,22.3,Normal
10.0,P,0,131.6,30.0,Normal
7.0,L,1,118.9,23.9,Normal
7.0,P,0,115.7,25.0,Overweight
7.0,L,1,119.3,25.0,Normal
8.0,L,1,123.8,26.1,Normal
11.0,P,0,136.3,38.0,Overweight
12.0,P,0,148.0,37.9,Normal
10.0,P,0,135.1,36.2,Overweight
10.0,L,1,128.2,28.6,Normal
11.0,P,0,139.8,35.9,Overweight
9.0,P,0,129.9,27.4,Normal
11.0,L,1,143.6,40.3,Overweight
6.0,L,1,116.4,21.5,Normal
7.0,P,0,121.3,21.8,Normal
12.0,L,1,144.9,45.7,Overweight
10.0,L,1,131.8,32.4,Overweight
12.0,P,0,145.7,39.6,Overweight
6.0,L,1,113.4,19.1,Normal
10.0,L,1,133.6,32.8,Overweight
6.0,L,1,114.8,22.0,Normal
9.0,L,1,127.8,30.2,Overweight
12.0,L,1,147.2,41.7,Overweight
9.0,L,1,126.9,28.2,Normal
6.0,P,0,111.3,17.6,Normal
12.0,P,0,144.8,38.0,Overweight
12.0,L,1,146.6,43.5,Overweight
6.0,P,0,116.4,18.3,Underweight
9.0,P,0,128.5,23.5,Normal
12.0,P,0,145.0,43.4,Overweight
9.0,L,1,125.6,25.1,Normal
8.0,P,0,122.6,27.9,Overweight
12.0,P,0,140.0,34.6,Normal
6.0,L,1,116.9,19.8,Normal
12.0,P,0,145.3,36.9,Normal
7.0,L,1,117.9,23.5,Normal
8.0,L,1,122.9,26.7,Normal
7.0,L,1,119.8,22.6,Normal
8.0,P,0,122.4,24.0,Normal
9.0,P,0,124.1,22.0,Normal
12.0,P,0,148.8,37.2,Normal
8.0,L,1,126.2,22.8,Normal
9.0,L,1,124.7,32.2,Overweight
10.0,P,0,133.7,32.6,Overweight
12.0,P,0,142.5,37.5,Overweight
9.0,P,0,128.2,33.6,Overweight
6.0,L,1,110.1,17.0,Normal
6.0,L,1,114.1,21.0,Normal
11.0,P,0,143.7,33.4,Normal
6.0,L,1,117.9,20.1,Normal
11.0,L,1,143.8,35.6,Normal
10.0,P,0,131.2,35.3,Overweight
12.0,L,1,147.2,41.0,Overweight
11.0,P,0,140.1,38.2,Overweight
6.0,L,1,115.9,22.0,Normal
11.0,P,0,142.5,33.1,Normal
9.0,P,0,124.1,31.6,Overweight
6.0,P,0,114.1,20.7,Normal
11.0,L,1,140.9,34.4,Normal
6.0,L,1,112.3,18.8,Normal
7.0,L,1,121.5,23.6,Normal
12.0,P,0,144.7,43.6,Overweight
9.0,L,1,124.0,26.6,Normal
10.0,L,1,133.9,32.7,Overweight
8.0,L,1,125.7,27.6,Normal
6.0,P,0,116.4,19.1,Normal
11.0,L,1,144.8,37.1,Normal
11.0,L,1,137.4,39.2,Overweight
8.0,P,0,122.9,20.0,Underweight
10.0,L,1,138.1,31.5,Normal
11.0,L,1,138.7,32.3,Normal
12.0,L,1,148.3,40.3,Overweight
6.0,P,0,111.7,19.9,Normal
8.0,L,1,124.8,26.0,Normal
7.0,L,1,120.3,23.4,Normal
6.0,P,0,113.7,20.3,Normal
12.0,P,0,145.9,39.4,Overweight
12.0,L,1,144.5,35.3,Normal
6.0,L,1,110.6,20.9,Normal
9.0,P,0,129.5,23.6,Normal
10.0,P,0,132.0,26.9,Normal
9.0,L,1,129.1,27.9,Normal
7.0,P,0,115.8,18.0,Underweight
11.0,P,0,143.3,28.6,Underweight
8.0,L,1,118.0,24.1,Normal
6.0,P,0,111.3,21.1,Normal
12.0,L,1,149.7,39.1,Normal
10.0,P,0,132.6,33.6,Overweight
10.0,P,0,133.7,35.5,Overweight
7.0,P,0,117.9,18.7,Underweight
9.0,L,1,133.0,31.2,Normal
8.0,L,1,121.4,25.1,Normal
10.0,L,1,129.7,28.5,Normal
8.0,L,1,125.5,24.8,Normal
6.0,L,1,110.9,19.3,Normal
9.0,L,1,123.5,30.3,Overweight
11.0,L,1,136.5,33.1,Normal
12.0,P,0,147.9,42.5,Overweight
9.0,P,0,130.3,32.0,Overweight
9.0,P,0,126.0,30.4,Overweight
10.0,L,1,134.1,28.7,Normal
7.0,L,1,118.5,23.3,Normal
7.0,P,0,117.4,21.2,Normal
10.0,P,0,130.8,37.4,Overweight
10.0,L,1,137.2,33.5,Normal
7.0,L,1,119.2,21.5,Normal
12.0,P,0,144.7,35.7,Normal
9.0,L,1,132.6,24.8,Normal
8.0,L,1,124.0,20.4,Underweight
9.0,L,1,126.6,23.2,Normal
7.0,L,1,119.9,24.0,Normal
9.0,P,0,123.5,26.3,Normal
7.0,P,0,117.7,24.8,Normal
9.0,L,1,130.7,26.5,Normal
10.0,L,1,134.6,35.3,Overweight
7.0,P,0,121.2,25.0,Normal
11.0,L,1,137.6,37.2,Overweight
10.0,P,0,135.2,31.7,Normal
8.0,L,1,121.9,24.7,Normal
9.0,P,0,128.3,24.5,Normal
12.0,P,0,148.2,39.6,Overweight
8.0,P,0,122.7,21.1,Normal
11.0,P,0,141.3,28.0,Normal
7.0,L,1,121.5,24.3,Normal
10.0,P,0,129.1,37.6,Obesity
12.0,L,1,149.5,36.1,Normal
10.0,L,1,132.6,38.0,Overweight
12.0,L,1,147.2,40.9,Overweight
6.0,P,0,114.5,22.0,Normal
10.0,L,1,129.4,36.1,Overweight
11.0,L,1,136.5,30.9,Normal
10.0,L,1,135.0,29.8,Normal
9.0,P,0,132.0,26.7,Normal
11.0,L,1,139.7,29.9,Normal
9.0,L,1,127.9,26.9,Normal
9.0,L,1,124.7,31.7,Overweight
10.0,L,1,130.2,28.1,Normal
10.0,P,0,133.3,33.8,Overweight
8.0,P,0,123.4,23.5,Normal
11.0,L,1,146.1,36.2,Normal
9.0,L,1,129.2,29.2,Normal
11.0,L,1,137.8,34.7,Overweight
7.0,P,0,120.1,20.6,Normal
9.0,L,1,127.8,28.4,Normal
7.0,P,0,117.2,20.8,Normal
9.0,P,0,130.7,27.3,Normal
7.0,L,1,116.7,19.8,Normal
10.0,L,1,130.7,32.2,Overweight
9.0,P,0,133.0,28.7,Normal
7.0,P,0,116.5,23.7,Normal
7.0,L,1,119.3,23.2,Normal
9.0,P,0,129.7,25.9,Normal
12.0,P,0,144.0,35.8,Normal
12.0,P,0,144.8,38.3,Overweight
9.0,P,0,126.6,26.2,Normal
8.0,L,1,125.7,24.3,Normal
10.0,P,0,136.4,31.3,Normal
9.0,P,0,128.4,24.3,Normal
11.0,L,1,139.1,32.2,Normal
7.0,L,1,121.9,21.0,Normal
12.0,P,0,144.5,38.7,Overweight
8.0,L,1,118.0,24.5,Normal
6.0,L,1,115.6,19.5,Normal
6.0,L,1,113.3,20.4,Normal
7.0,L,1,118.3,19.7,Normal
6.0,P,0,114.0,20.0,Normal
11.0,L,1,141.8,28.0,Underweight
7.0,P,0,118.0,18.0,Underweight
12.0,L,1,144.5,33.2,Normal
7.0,L,1,115.2,22.0,Normal
12.0,L,1,146.2,36.7,Normal
8.0,P,0,122.7,20.0,Underweight
9.0,P,0,126.6,32.3,Overweight
11.0,L,1,139.5,36.4,Overweight
11.0,P,0,139.3,32.3,Normal
10.0,P,0,134.0,33.3,Overweight
11.0,L,1,139.1,38.8,Overweight
10.0,L,1,131.9,33.0,Overweight
11.0,L,1,139.7,38.0,Overweight
9.0,P,0,130.8,28.0,Normal
12.0,P,0,144.0,41.2,Overweight
7.0,P,0,118.6,18.3,Underweight
12.0,P,0,146.4,37.7,Normal
8.0,L,1,123.1,25.1,Normal
7.0,P,0,113.5,22.5,Normal
12.0,L,1,140.9,37.1,Overweight
12.0,P,0,148.8,36.0,Normal
11.0,L,1,141.0,36.6,Overweight
9.0,P,0,125.5,32.2,Overweight
11.0,L,1,140.1,33.7,Normal
7.0,L,1,116.3,22.6,Normal
10.0,L,1,136.8,34.6,Overweight
7.0,L,1,117.3,20.4,Normal
12.0,L,1,149.4,37.2,Normal
9.0,P,0,127.7,27.7,Normal
12.0,P,0,146.0,36.8,Normal
12.0,L,1,145.8,34.6,Normal
11.0,P,0,136.2,35.3,Overweight
6.0,L,1,113.7,19.5,Normal
7.0,P,0,116.6,21.4,Normal
8.0,L,1,126.8,22.8,Normal
8.0,L,1,124.6,28.4,Overweight
10.0,L,1,136.6,34.1,Overweight
9.0,L,1,126.3,24.2,Normal
12.0,P,0,145.2,34.5,Normal
10.0,L,1,134.6,33.6,Overweight
8.0,L,1,125.9,24.5,Normal
10.0,P,0,134.4,28.9,Normal
10.0,L,1,130.3,36.2,Overweight
7.0,L,1,116.6,23.3,Normal
8.0,L,1,120.0,22.8,Normal
11.0,L,1,144.5,31.9,Normal
11.0,L,1,141.7,31.5,Normal
12.0,P,0,147.3,39.4,Overweight
12.0,L,1,144.7,36.1,Normal
8.0,L,1,124.3,20.0,Underweight
9.0,P,0,133.0,25.3,Normal
6.0,P,0,110.7,18.1,Normal
8.0,L,1,121.0,22.6,Normal
6.0,P,0,118.0,20.2,Normal
10.0,L,1,139.9,31.4,Normal
8.0,L,1,123.1,22.9,Normal
10.0,L,1,132.2,34.4,Overweight
10.0,L,1,138.3,32.0,Normal
7.0,L,1,120.5,21.1,Normal
6.0,P,0,114.1,19.3,Normal
7.0,P,0,120.0,22.6,Normal
9.0,L,1,123.0,31.1,Overweight
10.0,L,1,130.4,31.5,Overweight
10.0,L,1,135.3,31.9,Normal
12.0,P,0,146.7,39.9,Overweight
9.0,L,1,129.1,34.0,Overweight
10.0,L,1,137.7,32.3,Normal
6.0,L,1,111.7,22.0,Normal
11.0,L,1,143.7,31.3,Normal
9.0,L,1,126.6,31.6,Overweight
12.0,L,1,146.4,40.5,Overweight
8.0,L,1,124.0,23.3,Normal
10.0,P,0,133.5,28.5,Normal
10.0,L,1,137.1,32.8,Normal
12.0,L,1,148.1,37.1,Normal
8.0,L,1,126.3,26.0,Normal
7.0,P,0,116.1,23.8,Normal
12.0,P,0,148.3,36.1,Normal
6.0,L,1,115.3,17.7,Underweight
10.0,L,1,132.8,33.2,Overweight
11.0,L,1,142.5,39.6,Overweight
11.0,L,1,139.5,34.9,Normal
10.0,L,1,132.4,38.0,Overweight
6.0,P,0,110.0,21.5,Normal
9.0,L,1,128.7,26.7,Normal
7.0,L,1,117.6,21.4,Normal
10.0,L,1,137.3,27.3,Normal
11.0,P,0,138.4,32.8,Normal
6.0,P,0,116.7,17.6,Underweight
9.0,L,1,129.7,29.4,Normal
8.0,L,1,121.4,23.3,Normal
12.0,L,1,145.1,42.7,Overweight
12.0,P,0,144.6,36.1,Normal
8.0,L,1,122.5,20.9,Underweight
12.0,L,1,145.8,38.8,Overweight
10.0,L,1,134.9,34.0,Overweight
6.0,P,0,114.8,20.2,Normal
7.0,L,1,120.7,24.3,Normal
9.0,L,1,133.0,25.1,Normal
9.0,L,1,127.8,29.7,Overweight
10.0,L,1,137.2,34.8,Overweight
12.0,P,0,150.1,38.7,Normal
9.0,P,0,123.2,30.9,Overweight
11.0,P,0,137.5,38.0,Overweight
12.0,L,1,147.8,40.6,Overweight
11.0,L,1,143.9,35.3,Normal
12.0,L,1,144.3,39.8,Overweight
11.0,P,0,140.3,35.4,Normal
11.0,L,1,143.4,34.0,Normal
8.0,P,0,125.4,22.8,Normal
11.0,P,0,143.7,42.4,Overweight
8.0,P,0,120.3,26.0,Normal
8.0,L,1,121.6,23.3,Normal
10.0,P,0,136.1,32.5,Normal
8.0,P,0,126.4,20.0,Underweight
11.0,L,1,145.4,39.5,Overweight
9.0,L,1,124.0,27.7,Overweight
9.0,P,0,131.4,31.2,Overweight
12.0,P,0,148.2,44.9,Overweight
10.0,L,1,131.3,25.5,Normal
10.0,P,0,134.3,29.0,Normal
11.0,P,0,142.3,33.9,Normal
10.0,L,1,135.6,33.7,Overweight
9.0,P,0,131.3,22.0,Underweight
11.0,P,0,140.7,43.0,Overweight
7.0,P,0,117.7,23.5,Normal
7.0,P,0,120.6,22.4,Normal
8.0,P,0,124.3,21.1,Underweight
9.0,L,1,130.7,32.6,Overweight
11.0,L,1,140.1,39.3,Overweight
11.0,P,0,139.7,38.9,Overweight
6.0,L,1,118.0,21.4,Normal
9.0,L,1,131.6,22.0,Underweight
7.0,P,0,114.1,24.8,Overweight
6.0,P,0,113.9,18.3,Normal
10.0,P,0,134.8,32.4,Normal
8.0,P,0,127.4,24.1,Normal
7.0,L,1,121.0,25.0,Normal
9.0,L,1,131.5,30.7,Normal
9.0,L,1,129.3,30.3,Overweight
12.0,L,1,144.7,37.8,Overweight
9.0,L,1,129.5,27.3,Normal
6.0,L,1,115.4,18.0,Underweight
6.0,P,0,114.6,20.2,Normal
11.0,P,0,142.8,34.0,Normal
8.0,P,0,124.9,26.9,Normal
9.0,L,1,129.4,26.6,Normal
9.0,L,1,129.4,22.4,Underweight
9.0,P,0,129.6,29.9,Normal
7.0,P,0,121.4,25.0,Normal
10.0,L,1,130.9,33.1,Overweight
8.0,P,0,123.3,25.6,Normal
7.0,P,0,118.1,18.6,Underweight
11.0,L,1,140.0,33.5,Normal
8.0,L,1,121.9,22.8,Normal
11.0,L,1,141.8,40.8,Overweight
7.0,P,0,121.4,24.6,Normal
10.0,L,1,133.6,32.1,Normal
11.0,P,0,140.4,30.6,Normal
11.0,L,1,139.4,34.7,Normal
10.0,L,1,133.5,33.5,Overweight
7.0,P,0,121.9,18.5,Underweight
10.0,L,1,130.8,30.4,Normal
10.0,L,1,130.6,33.0,Overweight
10.0,L,1,131.0,29.0,Normal
8.0,P,0,119.8,25.4,Normal
7.0,P,0,120.0,22.5,Normal
12.0,P,0,143.2,39.9,Overweight
10.0,P,0,133.7,33.0,Overweight
8.0,P,0,118.0,22.0,Normal
9.0,P,0,126.2,28.4,Normal
9.0,L,1,132.4,26.7,Normal
7.0,P,0,123.0,20.0,Underweight
9.0,P,0,129.8,26.5,Normal
12.0,L,1,149.0,38.0,Normal
9.0,P,0,126.2,26.4,Normal
9.0,L,1,126.1,28.4,Normal
9.0,L,1,128.3,28.5,Normal
12.0,L,1,148.4,41.1,Overweight
11.0,L,1,138.9,36.4,Overweight
11.0,L,1,139.7,39.1,Overweight
11.0,P,0,142.4,36.6,Overweight
8.0,L,1,122.7,26.4,Normal
6.0,L,1,114.1,19.9,Normal
11.0,L,1,143.3,37.2,Overweight
10.0,L,1,134.4,33.7,Overweight
7.0,P,0,115.2,20.0,Normal
9.0,P,0,126.9,29.9,Overweight
10.0,L,1,135.1,27.0,Normal
6.0,P,0,113.5,21.9,Normal
6.0,P,0,110.4,20.2,Normal
6.0,P,0,113.2,17.0,Underweight
12.0,P,0,147.9,37.7,Normal
11.0,P,0,139.1,37.1,Overweight
8.0,L,1,121.5,20.0,Underweight
12.0,P,0,144.8,35.7,Normal
8.0,L,1,125.6,22.8,Normal
11.0,P,0,139.8,35.3,Overweight
12.0,L,1,145.6,37.1,Normal
11.0,L,1,144.4,33.4,Normal
9.0,P,0,126.5,24.4,Normal
12.0,P,0,147.0,40.8,Overweight
12.0,L,1,142.2,39.3,Overweight
12.0,P,0,142.7,38.1,Overweight
7.0,L,1,115.5,18.6,Underweight
10.0,P,0,133.4,29.0,Normal
7.0,L,1,119.5,18.6,Underweight
6.0,L,1,116.7,22.0,Normal
10.0,P,0,133.0,33.0,Overweight
7.0,L,1,119.0,18.6,Underweight
12.0,L,1,149.2,36.6,Normal
9.0,P,0,127.9,31.3,Overweight
11.0,P,0,139.9,38.4,Overweight
11.0,P,0,142.9,30.0,Normal
10.0,L,1,135.4,29.1,Normal
8.0,P,0,120.0,24.5,Normal
10.0,P,0,130.0,31.9,Overweight
10.0,L,1,136.9,29.2,Normal
9.0,P,0,127.4,23.6,Normal
7.0,P,0,113.9,24.6,Overweight
10.0,L,1,132.7,34.3,Overweight
10.0,P,0,129.4,31.2,Overweight
8.0,P,0,122.2,24.5,Normal
8.0,P,0,123.5,28.9,Overweight
6.0,P,0,110.6,17.0,Underweight
7.0,L,1,118.3,25.0,Normal
8.0,L,1,125.4,27.1,Normal
11.0,P,0,135.3,39.7,Overweight
9.0,P,0,128.8,24.5,Normal
8.0,P,0,121.9,22.8,Normal
8.0,P,0,125.4,26.4,Normal
12.0,P,0,141.1,43.3,Overweight
9.0,L,1,129.4,26.1,Normal
11.0,L,1,143.2,33.1,Normal
7.0,P,0,115.5,23.1,Normal
12.0,P,0,146.5,35.3,Normal
7.0,L,1,120.8,20.4,Normal
9.0,P,0,128.1,26.7,Normal
8.0,P,0,119.0,20.4,Normal
12.0,L,1,146.7,39.1,Overweight
10.0,P,0,132.1,30.9,Normal
12.0,P,0,145.7,41.3,Overweight
11.0,P,0,141.3,32.3,Normal
11.0,P,0,143.4,37.4,Overweight
12.0,L,1,145.9,44.4,Overweight
8.0,P,0,127.3,28.5,Normal
12.0,P,0,145.3,40.9,Overweight
9.0,P,0,129.0,31.3,Overweight
12.0,L,1,145.7,31.9,Normal
8.0,L,1,120.6,23.6,Normal
7.0,L,1,119.3,20.5,Normal
10.0,P,0,135.3,34.6,Overweight
11.0,P,0,139.1,34.0,Normal
6.0,P,0,117.0,20.8,Normal
12.0,P,0,149.9,39.2,Normal
7.0,L,1,119.9,23.2,Normal
9.0,P,0,123.0,22.2,Normal
12.0,L,1,148.5,43.7,Overweight
6.0,L,1,112.2,17.4,Underweight
6.0,P,0,117.8,17.0,Underweight
8.0,P,0,120.5,29.0,Overweight
9.0,L,1,125.9,26.8,Normal
8.0,L,1,122.8,24.7,Normal
7.0,P,0,121.2,18.0,Underweight
10.0,P,0,131.4,36.4,Overweight
8.0,P,0,122.6,25.7,Normal
8.0,P,0,123.4,26.0,Normal
6.0,P,0,114.5,21.3,Normal
9.0,P,0,130.0,26.2,Normal
10.0,L,1,130.3,32.9,Overweight
12.0,P,0,144.6,37.4,Normal
8.0,L,1,124.2,20.7,Underweight
7.0,L,1,118.4,21.1,Normal
10.0,P,0,134.2,35.0,Overweight
9.0,P,0,132.4,28.0,Normal
6.0,P,0,115.6,18.6,Underweight
10.0,L,1,138.8,33.8,Normal
7.0,P,0,118.4,22.8,Normal
10.0,L,1,136.6,29.3,Normal
7.0,P,0,115.6,21.1,Normal
9.0,P,0,128.4,27.2,Normal
8.0,P,0,121.7,23.7,Normal
10.0,L,1,135.0,26.3,Normal
7.0,L,1,117.5,23.1,Normal
11.0,L,1,138.2,40.6,Overweight
10.0,L,1,136.8,31.9,Normal
8.0,P,0,125.3,22.8,Normal
7.0,L,1,115.9,22.2,Normal
7.0,L,1,119.1,18.8,Underweight
12.0,P,0,148.6,40.0,Overweight
12.0,L,1,147.4,35.1,Normal
6.0,P,0,113.7,19.2,Normal
8.0,L,1,121.5,25.9,Normal
12.0,P,0,144.1,43.4,Overweight
12.0,L,1,144.9,39.2,Overweight
12.0,L,1,150.8,37.5,Normal
7.0,L,1,120.6,24.0,Normal
9.0,L,1,127.7,31.9,Overweight
10.0,P,0,135.3,27.7,Normal
12.0,L,1,148.3,36.4,Normal
7.0,P,0,118.3,19.9,Normal
9.0,P,0,130.9,22.0,Underweight
10.0,P,0,133.8,26.6,Normal
9.0,L,1,126.8,29.0,Overweight
11.0,L,1,138.8,38.7,Overweight
10.0,P,0,140.0,37.3,Overweight
7.0,L,1,118.2,19.7,Normal
8.0,L,1,128.0,29.0,Normal
11.0,P,0,141.7,35.8,Normal
12.0,P,0,145.0,35.5,Normal
8.0,L,1,122.1,29.0,Overweight
10.0,P,0,135.1,30.5,Normal
8.0,P,0,124.1,28.0,Overweight
12.0,P,0,144.3,34.7,Normal
12.0,P,0,151.5,37.9,Normal
10.0,L,1,132.3,33.0,Overweight
6.0,L,1,111.5,21.2,Normal
10.0,P,0,132.6,30.5,Normal
6.0,L,1,113.5,17.1,Underweight
7.0,P,0,123.0,22.1,Normal
10.0,L,1,133.6,32.7,Overweight
7.0,P,0,116.7,21.5,Normal
7.0,P,0,119.6,22.0,Normal
8.0,P,0,118.0,27.3,Overweight
8.0,L,1,128.0,28.3,Normal
9.0,L,1,130.2,27.2,Normal
6.0,P,0,113.9,18.2,Underweight
12.0,L,1,147.8,38.9,Normal
8.0,P,0,121.3,24.0,Normal
6.0,L,1,112.2,22.0,Normal
10.0,L,1,133.9,28.7,Normal
11.0,L,1,142.5,36.8,Overweight
11.0,P,0,142.3,37.0,Overweight
9.0,L,1,124.9,34.0,Overweight
6.0,L,1,110.2,17.0,Underweight
11.0,L,1,141.3,35.7,Normal
10.0,L,1,137.5,34.2,Overweight
10.0,L,1,132.7,28.3,Normal
10.0,P,0,132.3,27.3,Normal
12.0,L,1,149.7,38.4,Normal
7.0,L,1,121.8,18.9,Underweight
7.0,P,0,118.3,25.0,Normal
9.0,P,0,128.7,29.7,Normal
6.0,L,1,113.9,21.3,Normal
9.0,L,1,124.4,25.1,Normal
11.0,P,0,140.1,37.1,Overweight
7.0,P,0,116.6,24.0,Normal
9.0,L,1,129.7,29.6,Normal
9.0,L,1,133.0,34.0,Overweight
11.0,L,1,143.3,32.0,Normal
7.0,L,1,118.6,21.1,Normal
11.0,L,1,144.3,36.8,Normal
9.0,L,1,128.0,27.5,Normal
10.0,P,0,129.7,30.5,Overweight
12.0,P,0,149.6,38.9,Normal
6.0,P,0,110.0,19.0,Normal
8.0,P,0,122.2,23.4,Normal
12.0,P,0,144.5,38.6,Overweight
12.0,P,0,141.4,34.6,Normal
12.0,P,0,151.9,41.3,Normal
10.0,L,1,135.9,30.8,Normal
12.0,P,0,146.0,33.9,Normal
12.0,P,0,147.0,40.3,Overweight
12.0,P,0,142.0,37.7,Overweight
6.0,P,0,115.0,20.1,Normal
9.0,L,1,127.0,22.0,Underweight
12.0,P,0,146.8,38.6,Normal
7.0,L,1,118.5,21.1,Normal
11.0,L,1,140.5,33.6,Normal
11.0,L,1,141.1,31.3,Normal
6.0,L,1,114.3,20.7,Normal
6.0,P,0,117.4,21.3,Normal
8.0,L,1,125.3,28.6,Overweight
6.0,P,0,117.5,18.3,Underweight
9.0,L,1,130.7,26.8,Normal
6.0,L,1,111.9,20.2,Normal
9.0,L,1,128.8,29.0,Normal
8.0,P,0,121.5,24.8,Normal
11.0,P,0,138.9,35.4,Overweight
11.0,L,1,138.5,41.0,Overweight
6.0,L,1,110.0,17.6,Normal
11.0,L,1,144.0,33.8,Normal
12.0,L,1,149.5,37.3,Normal
7.0,L,1,115.6,20.5,Normal
8.0,P,0,124.5,22.4,Normal
10.0,P,0,134.0,29.8,Normal
9.0,L,1,123.9,33.8,Overweight
12.0,P,0,150.7,45.1,Overweight
8.0,P,0,120.2,22.9,Normal
7.0,L,1,117.8,18.0,Underweight
9.0,L,1,127.3,26.3,Normal
9.0,P,0,124.6,26.0,Normal
7.0,L,1,117.6,19.6,Normal
11.0,P,0,140.0,34.6,Normal
11.0,L,1,142.5,41.4,Overweight
11.0,P,0,140.4,32.1,Normal
11.0,L,1,140.3,35.7,Overweight
6.0,L,1,115.5,18.3,Underweight
12.0,P,0,150.7,42.3,Overweight
9.0,L,1,128.0,30.0,Overweight
8.0,P,0,124.6,23.0,Normal
9.0,P,0,128.1,29.6,Overweight
8.0,L,1,120.6,25.8,Normal
11.0,P,0,143.4,33.9,Normal
9.0,P,0,124.5,30.1,Overweight
12.0,L,1,140.0,38.1,Overweight
8.0,L,1,125.5,23.4,Normal
11.0,L,1,135.7,33.9,Overweight
11.0,P,0,145.2,36.5,Normal
8.0,L,1,126.6,24.8,Normal
7.0,P,0,118.8,18.1,Underweight
7.0,P,0,120.7,21.4,Normal
11.0,L,1,139.2,34.9,Overweight
6.0,L,1,113.3,17.0,Underweight
7.0,L,1,113.4,25.0,Overweight
8.0,P,0,124.7,26.5,Normal
11.0,P,0,144.0,33.8,Normal
7.0,L,1,115.2,18.0,Underweight
8.0,P,0,127.0,23.9,Normal
6.0,P,0,115.7,22.0,Normal
6.0,L,1,115.7,17.0,Underweight
9.0,P,0,130.7,30.8,Overweight
8.0,P,0,125.2,22.8,Normal
11.0,P,0,144.3,37.4,Normal
6.0,L,1,116.8,17.0,Underweight
12.0,P,0,147.0,40.5,Overweight
10.0,P,0,131.7,34.3,Overweight
12.0,L,1,146.8,37.0,Normal
9.0,P,0,130.0,28.5,Normal
7.0,P,0,119.1,21.6,Normal
7.0,L,1,121.0,18.2,Underweight
12.0,L,1,143.7,39.0,Overweight
10.0,L,1,133.3,31.2,Normal
10.0,L,1,136.7,31.0,Normal
9.0,L,1,130.1,31.4,Overweight
8.0,P,0,125.5,22.8,Normal
8.0,L,1,122.9,20.8,Underweight
11.0,L,1,141.6,29.3,Normal
9.0,P,0,126.9,27.3,Normal
9.0,L,1,126.5,27.3,Normal
6.0,P,0,114.1,20.1,Normal
10.0,P,0,133.2,32.3,Overweight
12.0,L,1,143.1,40.6,Overweight
10.0,L,1,135.3,32.7,Normal
8.0,L,1,126.2,26.9,Normal
7.0,P,0,120.3,22.4,Normal
12.0,L,1,149.8,42.8,Overweight
10.0,L,1,134.8,32.1,Normal
7.0,P,0,120.8,19.2,Underweight
12.0,P,0,143.7,33.4,Normal
7.0,L,1,117.9,23.4,Normal
7.0,L,1,117.3,23.1,Normal
7.0,L,1,118.4,20.2,Normal
7.0,L,1,117.8,19.0,Underweight
6.0,L,1,118.0,21.6,Normal
12.0,L,1,148.7,35.4,Normal
12.0,L,1,146.4,35.3,Normal
11.0,L,1,142.7,31.4,Normal
7.0,L,1,121.2,18.0,Underweight
8.0,L,1,126.3,21.1,Underweight
11.0,P,0,139.0,36.1,Overweight
12.0,L,1,146.7,46.6,Overweight
11.0,P,0,141.6,33.6,Normal
8.0,P,0,118.6,25.0,Normal
9.0,P,0,127.5,29.2,Normal
7.0,L,1,118.1,20.6,Normal
12.0,L,1,146.6,38.7,Normal
9.0,P,0,129.1,33.2,Overweight
6.0,L,1,115.3,17.4,Underweight
9.0,L,1,126.0,30.2,Overweight
6.0,P,0,112.5,17.9,Normal
10.0,L,1,137.9,26.3,Underweight
9.0,P,0,131.3,31.0,Normal
7.0,P,0,116.4,20.7,Normal
7.0,P,0,122.6,21.6,Normal
6.0,L,1,112.5,20.3,Normal
12.0,L,1,149.5,37.2,Normal
12.0,P,0,145.4,38.7,Overweight
8.0,P,0,123.6,26.1,Normal
10.0,L,1,134.5,30.0,Normal
9.0,P,0,128.4,22.4,Underweight
8.0,L,1,120.5,20.0,Underweight
12.0,L,1,145.9,39.9,Overweight
11.0,L,1,141.4,32.6,Normal
10.0,L,1,129.8,33.2,Overweight
10.0,L,1,129.2,31.9,Overweight
10.0,P,0,134.7,25.5,Normal
6.0,L,1,115.1,17.0,Underweight
7.0,L,1,116.5,18.6,Underweight
12.0,L,1,149.8,38.2,Normal
7.0,P,0,120.5,23.2,Normal
7.0,L,1,116.1,25.0,Overweight
7.0,P,0,117.7,19.6,Normal
11.0,P,0,138.8,35.7,Overweight
9.0,L,1,130.7,28.9,Normal
8.0,P,0,121.5,24.7,Normal
9.0,P,0,127.5,25.7,Normal
7.0,L,1,117.4,22.5,Normal
12.0,L,1,143.6,39.3,Overweight
8.0,P,0,124.7,23.0,Normal
11.0,L,1,145.4,35.7,Normal
12.0,L,1,143.7,37.2,Overweight
8.0,L,1,125.8,24.5,Normal
11.0,L,1,140.8,35.6,Normal
6.0,L,1,110.0,19.2,Normal
10.0,L,1,135.8,28.8,Normal
10.0,P,0,133.6,29.8,Normal
9.0,P,0,123.0,27.6,Overweight
8.0,L,1,126.1,26.8,Normal
10.0,P,0,131.6,30.5,Normal
10.0,L,1,140.0,33.2,Normal
11.0,P,0,144.4,35.5,Normal
9.0,P,0,127.5,27.5,Normal
7.0,L,1,114.4,25.0,Overweight
11.0,L,1,141.3,34.6,Normal
8.0,P,0,122.7,20.6,Underweight
7.0,L,1,114.4,21.0,Normal
12.0,P,0,141.6,36.6,Overweight
12.0,P,0,146.1,40.5,Overweight
8.0,P,0,120.6,24.5,Normal
12.0,P,0,140.1,39.3,Overweight
6.0,L,1,114.4,19.1,Normal
8.0,P,0,119.5,24.4,Normal
7.0,L,1,113.7,19.1,Normal
9.0,L,1,129.4,28.5,Normal
6.0,L,1,114.2,20.9,Normal
6.0,P,0,113.1,21.1,Normal
7.0,L,1,116.1,24.0,Normal
12.0,P,0,146.5,36.3,Normal
9.0,L,1,127.3,24.3,Normal
12.0,P,0,149.3,39.3,Normal
8.0,L,1,127.8,24.9,Normal
9.0,P,0,127.8,23.5,Normal
11.0,L,1,144.1,36.8,Normal
11.0,L,1,145.9,37.4,Normal
10.0,L,1,135.0,34.2,Overweight
6.0,P,0,116.7,19.7,Normal
7.0,P,0,121.1,20.7,Normal
7.0,P,0,117.4,21.6,Normal
10.0,P,0,135.8,28.0,Normal
8.0,L,1,118.0,28.0,Overweight
12.0,P,0,143.6,36.9,Normal
11.0,P,0,139.8,38.9,Overweight
8.0,L,1,123.5,29.0,Overweight
7.0,P,0,117.5,20.1,Normal
11.0,P,0,138.7,37.6,Overweight
11.0,L,1,145.5,38.8,Overweight
10.0,P,0,132.4,28.4,Normal
10.0,P,0,132.1,29.7,Normal
9.0,P,0,127.9,25.7,Normal
12.0,P,0,146.0,41.3,Overweight
8.0,L,1,123.7,21.9,Normal
9.0,P,0,127.6,22.0,Underweight
6.0,L,1,115.2,19.1,Normal
10.0,L,1,132.8,32.7,Overweight
9.0,L,1,128.5,27.8,Normal
7.0,P,0,114.8,21.6,Normal
9.0,P,0,125.4,28.5,Overweight
11.0,P,0,137.4,37.4,Overweight
10.0,P,0,138.1,28.4,Normal
8.0,P,0,127.2,26.2,Normal
8.0,P,0,122.0,22.6,Normal
7.0,L,1,119.7,21.1,Normal
9.0,P,0,133.0,33.4,Overweight
6.0,P,0,115.4,20.4,Normal
8.0,P,0,120.4,21.7,Normal
10.0,L,1,133.2,25.0,Normal
6.0,L,1,110.7,19.6,Normal
11.0,P,0,136.5,38.7,Overweight
6.0,L,1,113.0,21.4,Normal
11.0,P,0,142.6,36.9,Overweight
10.0,L,1,132.6,32.6,Overweight
9.0,P,0,123.1,32.9,Overweight
6.0,L,1,111.9,21.6,Normal
10.0,L,1,136.3,27.0,Normal
7.0,P,0,117.3,18.0,Underweight
7.0,L,1,113.7,18.0,Underweight
9.0,L,1,125.0,27.1,Normal
7.0,P,0,116.9,18.0,Underweight
10.0,L,1,131.0,28.0,Normal
10.0,L,1,136.9,28.1,Normal
8.0,P,0,121.1,24.1,Normal
9.0,L,1,126.8,26.5,Normal
11.0,P,0,139.9,34.3,Normal
10.0,P,0,138.3,34.6,Overweight
8.0,L,1,120.7,22.1,Normal
7.0,L,1,116.5,19.8,Normal
7.0,P,0,117.1,23.5,Normal
8.0,P,0,124.0,25.2,Normal
8.0,P,0,122.2,23.9,Normal
10.0,L,1,135.4,37.2,Overweight
10.0,L,1,136.0,33.8,Overweight
10.0,P,0,135.1,28.9,Normal
10.0,L,1,136.5,35.1,Overweight
8.0,P,0,124.4,22.1,Normal
10.0,P,0,137.3,29.1,Normal
10.0,L,1,137.1,31.7,Normal
10.0,P,0,133.3,38.0,Overweight
6.0,L,1,113.6,18.6,Normal
12.0,L,1,144.4,42.7,Overweight
8.0,P,0,123.8,28.0,Overweight
8.0,P,0,121.8,26.2,Normal
11.0,P,0,138.6,36.6,Overweight
11.0,P,0,141.1,33.3,Normal
10.0,P,0,132.9,33.0,Overweight
11.0,L,1,146.0,36.8,Normal
11.0,L,1,141.6,36.6,Overweight
12.0,L,1,149.0,37.9,Normal
11.0,P,0,144.7,37.5,Normal
8.0,L,1,123.5,20.8,Underweight
9.0,L,1,128.4,29.6,Normal
6.0,P,0,113.5,20.3,Normal
8.0,P,0,122.8,25.7,Normal
12.0,P,0,147.3,44.7,Overweight
9.0,P,0,126.0,32.6,Overweight
9.0,P,0,125.0,26.7,Normal
8.0,P,0,123.2,20.7,Underweight
10.0,L,1,136.3,34.2,Overweight
10.0,P,0,135.6,35.2,Overweight
11.0,P,0,138.1,36.6,Overweight
7.0,L,1,117.9,24.4,Normal
12.0,P,0,143.8,36.1,Normal
12.0,P,0,146.1,36.8,Normal
10.0,L,1,129.4,29.1,Normal
12.0,P,0,147.2,35.4,Normal
12.0,P,0,145.8,44.6,Overweight
12.0,L,1,147.7,34.5,Normal
11.0,L,1,144.5,38.2,Overweight
6.0,P,0,115.0,21.5,Normal
12.0,L,1,145.1,36.8,Normal
9.0,P,0,129.9,25.8,Normal
9.0,L,1,125.0,25.2,Normal
9.0,L,1,128.2,30.2,Overweight
11.0,P,0,139.7,31.1,Normal
10.0,P,0,130.2,28.2,Normal
10.0,P,0,137.5,32.4,Normal
9.0,P,0,125.0,32.5,Overweight
10.0,L,1,132.8,31.2,Normal
7.0,P,0,117.4,21.3,Normal
12.0,L,1,148.0,41.2,Overweight
6.0,P,0,117.5,17.0,Underweight
10.0,P,0,133.4,28.9,Normal
8.0,P,0,126.2,28.3,Normal
9.0,L,1,129.1,28.0,Normal
9.0,L,1,127.6,22.9,Normal
7.0,L,1,116.8,21.8,Normal
8.0,L,1,119.8,27.4,Overweight
12.0,P,0,147.3,45.6,Overweight
8.0,P,0,123.2,23.9,Normal
8.0,L,1,124.0,28.6,Overweight
9.0,P,0,126.3,23.8,Normal
12.0,P,0,144.9,38.1,Overweight
11.0,P,0,137.2,34.0,Overweight
8.0,L,1,122.5,24.2,Normal
10.0,P,0,138.9,28.5,Normal
7.0,L,1,121.1,19.6,Underweight
9.0,L,1,130.8,26.5,Normal
9.0,L,1,129.3,28.4,Normal
6.0,L,1,115.2,17.0,Underweight
12.0,L,1,145.1,33.3,Normal
11.0,P,0,140.8,31.9,Normal
12.0,L,1,144.6,36.6,Normal
8.0,P,0,123.0,28.7,Overweight
10.0,P,0,136.1,34.9,Overweight
8.0,L,1,125.4,25.1,Normal
7.0,P,0,114.2,24.2,Overweight
10.0,P,0,132.6,26.9,Normal
12.0,P,0,149.0,45.2,Overweight
8.0,L,1,127.6,23.5,Normal
12.0,P,0,146.3,39.6,Overweight
10.0,L,1,136.3,29.9,Normal
9.0,L,1,131.5,29.5,Normal
10.0,L,1,135.3,33.1,Overweight
10.0,L,1,133.3,28.6,Normal
12.0,L,1,147.1,38.4,Normal
9.0,P,0,131.8,28.3,Normal
8.0,P,0,126.1,24.8,Normal
10.0,P,0,131.5,36.5,Overweight
8.0,P,0,120.3,21.3,Normal
10.0,P,0,133.1,25.7,Normal
6.0,L,1,115.3,18.3,Underweight
11.0,L,1,136.6,36.1,Overweight
7.0,L,1,113.3,19.7,Normal
12.0,P,0,148.5,48.0,Overweight
7.0,P,0,117.7,21.6,Normal
11.0,P,0,144.2,30.1,Normal
10.0,P,0,139.7,34.4,Normal
10.0,P,0,134.9,28.7,Normal
6.0,P,0,111.4,19.5,Normal
12.0,P,0,147.3,33.1,Normal
7.0,P,0,121.2,20.1,Underweight
8.0,P,0,126.7,25.0,Normal
11.0,P,0,140.1,32.9,Normal
7.0,P,0,120.9,23.1,Normal
7.0,P,0,117.4,18.0,Underweight
7.0,L,1,117.5,20.3,Normal
7.0,P,0,119.3,24.3,Normal
7.0,L,1,113.6,21.7,Normal
8.0,L,1,121.6,27.3,Overweight
6.0,P,0,113.1,17.0,Underweight
12.0,L,1,145.8,36.9,Normal
12.0,P,0,147.0,38.4,Normal
8.0,L,1,121.7,22.6,Normal
12.0,P,0,147.8,38.6,Normal
9.0,P,0,123.1,32.7,Overweight
11.0,L,1,139.8,36.8,Overweight
7.0,L,1,117.5,24.2,Normal
11.0,P,0,141.0,39.0,Overweight
8.0,P,0,121.6,25.5,Normal
10.0,L,1,133.3,33.5,Overweight
10.0,P,0,132.5,33.1,Overweight
11.0,P,0,143.5,39.5,Overweight
11.0,P,0,142.6,30.5,Normal
6.0,L,1,112.7,21.9,Normal
9.0,P,0,123.0,22.9,Normal
7.0,P,0,116.0,21.5,Normal
7.0,P,0,116.6,21.5,Normal
7.0,P,0,116.9,20.5,Normal
11.0,L,1,143.2,40.2,Overweight
7.0,P,0,117.0,23.7,Normal
10.0,L,1,140.0,31.2,Normal
6.0,L,1,116.0,22.0,Normal
10.0,L,1,133.2,31.1,Normal
12.0,L,1,145.8,41.1,Overweight
8.0,P,0,118.9,29.0,Overweight
11.0,P,0,146.3,33.1,Normal
12.0,P,0,145.1,39.9,Overweight
11.0,P,0,142.5,39.9,Overweight
11.0,P,0,143.1,33.1,Normal
6.0,L,1,116.6,19.0,Underweight
12.0,L,1,147.2,40.1,Overweight
9.0,P,0,126.5,26.5,Normal
11.0,P,0,144.6,34.8,Normal
9.0,L,1,128.0,25.8,Normal
6.0,P,0,114.5,18.3,Underweight
11.0,L,1,137.9,33.9,Normal
11.0,L,1,142.2,39.2,Overweight
9.0,P,0,129.9,25.7,Normal
7.0,P,0,120.0,19.4,Underweight
6.0,L,1,116.1,22.0,Normal
12.0,L,1,144.6,39.1,Overweight
10.0,P,0,132.7,32.9,Overweight
10.0,P,0,130.1,32.4,Overweight
9.0,P,0,128.3,26.1,Normal
10.0,L,1,136.2,27.6,Normal
7.0,P,0,115.8,21.5,Normal
9.0,L,1,130.7,31.9,Overweight
12.0,P,0,147.6,37.4,Normal
8.0,P,0,122.0,20.0,Underweight
6.0,P,0,112.5,20.6,Normal
12.0,L,1,145.8,39.2,Overweight
10.0,P,0,134.0,34.2,Overweight
8.0,L,1,122.3,27.3,Overweight
8.0,P,0,119.3,20.9,Normal
7.0,P,0,117.0,23.5,Normal
8.0,L,1,123.0,27.4,Overweight
8.0,L,1,124.9,22.9,Normal
6.0,P,0,113.4,21.9,Normal
9.0,P,0,125.6,27.4,Normal
10.0,L,1,132.0,26.1,Normal
12.0,L,1,143.4,37.6,Overweight
9.0,L,1,128.1,29.5,Overweight
10.0,P,0,137.2,34.0,Overweight
12.0,L,1,151.3,42.9,Overweight
10.0,P,0,132.5,26.6,Normal
8.0,P,0,125.2,26.3,Normal
6.0,P,0,110.9,17.1,Underweight
11.0,P,0,139.8,30.6,Normal
9.0,P,0,128.8,32.0,Overweight
10.0,P,0,135.0,32.0,Normal
11.0,P,0,142.4,39.5,Overweight
6.0,P,0,118.0,21.2,Normal
9.0,L,1,124.3,27.5,Normal
10.0,L,1,130.9,29.5,Normal
8.0,L,1,121.9,24.0,Normal
12.0,P,0,146.0,41.0,Overweight
11.0,P,0,141.9,31.7,Normal
9.0,L,1,127.4,32.8,Overweight
12.0,P,0,145.8,44.2,Overweight
9.0,P,0,126.0,27.4,Normal
8.0,L,1,121.3,20.7,Normal
10.0,P,0,134.7,30.3,Normal
11.0,P,0,139.8,35.6,Overweight
12.0,P,0,150.5,34.0,Normal
6.0,P,0,111.2,17.0,Underweight
12.0,L,1,149.3,38.1,Normal
8.0,L,1,121.1,25.3,Normal
11.0,L,1,139.9,35.9,Overweight
7.0,L,1,114.9,21.6,Normal
10.0,P,0,133.5,35.1,Overweight
12.0,P,0,151.0,42.1,Overweight
9.0,P,0,128.6,25.7,Normal
12.0,P,0,140.6,39.0,Overweight
10.0,P,0,136.6,32.2,Normal
8.0,P,0,122.2,27.5,Overweight
9.0,P,0,128.3,26.2,Normal
7.0,L,1,116.1,18.0,Underweight
6.0,P,0,116.1,22.0,Normal
7.0,P,0,120.7,18.0,Underweight
10.0,P,0,136.0,27.6,Normal
12.0,P,0,147.5,39.2,Overweight
6.0,L,1,113.0,18.1,Normal
11.0,L,1,143.0,34.6,Normal
12.0,P,0,145.8,41.6,Overweight
6.0,P,0,114.3,22.0,Normal
7.0,L,1,117.5,22.2,Normal
7.0,P,0,116.7,21.3,Normal
7.0,P,0,113.7,18.1,Normal
8.0,L,1,125.3,27.0,Normal
8.0,P,0,126.1,28.2,Normal
9.0,P,0,126.7,26.8,Normal
12.0,P,0,146.2,44.9,Overweight
8.0,P,0,120.2,29.0,Overweight
11.0,L,1,141.8,38.5,Overweight
9.0,P,0,133.0,29.3,Normal
11.0,L,1,140.4,31.6,Normal
8.0,L,1,119.3,29.0,Overweight
9.0,P,0,129.9,22.6,Underweight
10.0,P,0,136.3,30.5,Normal
6.0,P,0,113.2,21.7,Normal
12.0,L,1,147.7,30.0,Underweight
11.0,P,0,137.3,35.3,Overweight
11.0,L,1,139.6,34.8,Normal
6.0,P,0,116.8,20.2,Normal
9.0,P,0,125.9,27.1,Normal
12.0,L,1,146.5,35.8,Normal
7.0,L,1,121.5,18.0,Underweight
12.0,P,0,144.5,45.0,Overweight
7.0,L,1,117.7,18.0,Underweight
9.0,L,1,125.9,24.6,Normal
10.0,P,0,134.4,34.2,Overweight
12.0,P,0,147.7,39.2,Normal
8.0,P,0,122.1,29.0,Overweight
9.0,P,0,132.4,26.1,Normal
12.0,P,0,143.9,33.5,Normal
6.0,P,0,116.4,17.0,Underweight
8.0,L,1,120.2,29.0,Overweight
10.0,L,1,129.4,32.7,Overweight
10.0,L,1,132.2,33.2,Overweight
10.0,P,0,134.3,28.6,Normal
11.0,L,1,139.5,32.5,Normal
8.0,L,1,119.7,20.7,Normal
12.0,P,0,142.0,38.7,Overweight
12.0,P,0,147.3,43.4,Overweight
10.0,P,0,134.1,31.0,Normal
6.0,P,0,114.5,18.9,Normal
10.0,L,1,136.5,33.7,Overweight
7.0,P,0,115.1,18.0,Underweight
11.0,P,0,137.4,40.4,Overweight
12.0,P,0,146.3,40.9,Overweight
11.0,L,1,137.8,37.8,Overweight
11.0,P,0,143.5,36.3,Normal
7.0,P,0,116.0,24.1,Normal
9.0,L,1,133.0,23.4,Underweight
11.0,L,1,135.0,38.2,Overweight
12.0,L,1,146.4,40.7,Overweight
9.0,P,0,128.2,29.8,Overweight
8.0,P,0,120.7,25.2,Normal
9.0,P,0,128.0,23.8,Normal
10.0,P,0,134.0,31.2,Normal
10.0,P,0,130.2,30.2,Normal
12.0,L,1,144.3,39.5,Overweight
9.0,L,1,125.2,27.5,Normal
11.0,L,1,141.7,36.5,Overweight
11.0,P,0,142.4,31.8,Normal
11.0,L,1,142.5,36.9,Overweight
11.0,P,0,135.2,31.7,Normal
10.0,L,1,133.9,34.3,Overweight
11.0,L,1,142.4,41.6,Overweight
12.0,L,1,146.2,38.1,Normal
12.0,P,0,143.6,42.3,Overweight
10.0,L,1,133.4,31.6,Normal
7.0,P,0,113.0,23.0,Overweight
8.0,P,0,123.1,26.9,Normal
10.0,P,0,135.0,30.9,Normal
6.0,P,0,115.3,20.9,Normal
10.0,L,1,132.9,30.4,Normal
10.0,P,0,130.7,28.6,Normal
7.0,L,1,117.3,23.4,Normal
12.0,L,1,148.3,34.9,Normal
11.0,P,0,140.1,35.3,Overweight
8.0,L,1,125.4,24.6,Normal
11.0,P,0,143.1,34.4,Normal
10.0,P,0,137.2,29.2,Normal
9.0,P,0,128.8,29.7,Normal
8.0,L,1,127.7,28.3,Normal
12.0,L,1,146.3,40.4,Overweight
11.0,L,1,143.2,31.5,Normal
6.0,P,0,113.8,22.0,Normal
10.0,L,1,137.1,26.2,Underweight
10.0,P,0,131.0,30.6,Normal
8.0,P,0,123.2,24.2,Normal
8.0,P,0,124.5,26.6,Normal
9.0,P,0,129.0,31.0,Overweight
6.0,P,0,110.5,17.0,Underweight
11.0,L,1,137.2,36.4,Overweight
9.0,L,1,125.0,26.5,Normal
12.0,P,0,148.5,41.2,Overweight
10.0,L,1,134.1,36.8,Overweight
11.0,L,1,141.4,34.7,Normal
6.0,P,0,116.4,19.9,Normal
9.0,P,0,129.3,29.9,Normal
11.0,L,1,137.9,28.0,Normal
7.0,L,1,113.0,22.3,Normal
10.0,L,1,131.3,32.5,Overweight
10.0,P,0,133.6,28.5,Normal
7.0,P,0,118.1,18.0,Underweight
6.0,L,1,117.7,18.1,Underweight
12.0,P,0,145.3,35.8,Normal
11.0,P,0,144.1,35.7,Normal
7.0,P,0,119.2,20.1,Normal
8.0,P,0,122.8,23.0,Normal
9.0,P,0,130.3,26.5,Normal
7.0,L,1,114.2,19.1,Normal
12.0,P,0,145.5,37.0,Normal
9.0,P,0,128.1,29.3,Normal
12.0,P,0,143.7,40.0,Overweight
12.0,L,1,150.1,38.2,Normal
12.0,L,1,146.5,46.1,Overweight
9.0,P,0,128.2,29.2,Normal
8.0,L,1,121.9,22.4,Normal
10.0,P,0,132.4,38.0,Overweight
8.0,P,0,121.7,28.1,Overweight
12.0,L,1,145.2,38.1,Overweight
12.0,P,0,144.2,45.1,Overweight
10.0,P,0,138.7,34.5,Normal
10.0,P,0,137.3,29.7,Normal
11.0,L,1,140.6,36.0,Overweight
11.0,L,1,143.2,36.7,Normal
12.0,L,1,143.1,34.1,Normal
12.0,P,0,144.6,41.3,Overweight
11.0,L,1,143.4,37.4,Overweight
6.0,P,0,112.1,17.2,Underweight
6.0,P,0,116.6,17.0,Underweight
8.0,L,1,124.2,22.4,Normal
8.0,P,0,124.3,20.2,Underweight
9.0,L,1,127.0,31.1,Overweight
11.0,L,1,140.3,40.5,Overweight
12.0,L,1,144.3,42.3,Overweight
10.0,L,1,135.0,35.2,Overweight
11.0,L,1,143.8,40.2,Overweight
9.0,P,0,126.0,28.3,Normal
11.0,L,1,137.0,40.0,Overweight
6.0,P,0,114.6,17.4,Underweight
11.0,P,0,136.6,33.8,Normal
11.0,P,0,142.5,36.7,Overweight
8.0,P,0,121.3,21.4,Normal
10.0,L,1,133.4,30.6,Normal
7.0,L,1,118.0,23.0,Normal
8.0,L,1,119.8,25.3,Normal
9.0,P,0,126.3,27.9,Normal
12.0,P,0,144.4,38.9,Overweight
9.0,P,0,132.1,25.4,Normal
11.0,L,1,139.4,40.9,Overweight
11.0,P,0,139.0,35.2,Overweight
12.0,L,1,146.9,30.0,Underweight
10.0,L,1,135.9,32.3,Normal
9.0,P,0,126.5,30.9,Overweight
8.0,L,1,121.1,24.6,Normal
12.0,P,0,142.8,41.2,Overweight
10.0,L,1,134.3,32.6,Overweight
9.0,P,0,126.9,22.4,Underweight
11.0,P,0,141.0,35.8,Overweight
6.0,L,1,114.6,19.9,Normal
8.0,P,0,123.3,23.9,Normal
8.0,P,0,123.8,22.7,Normal
10.0,L,1,129.9,32.7,Overweight
12.0,L,1,145.2,42.9,Overweight
8.0,P,0,124.2,21.7,Normal
12.0,P,0,140.2,39.2,Overweight
10.0,P,0,136.5,32.7,Normal
6.0,L,1,110.0,18.6,Normal
8.0,L,1,126.5,28.7,Normal
9.0,L,1,126.6,28.0,Normal
8.0,L,1,126.6,22.3,Underweight
10.0,L,1,136.1,36.6,Overweight
9.0,L,1,125.2,34.0,Overweight
11.0,P,0,142.5,30.8,Normal
6.0,P,0,118.0,21.5,Normal
7.0,P,0,115.9,22.6,Normal
11.0,L,1,139.8,35.8,Overweight
10.0,L,1,134.3,38.0,Overweight
11.0,P,0,140.6,33.7,Normal
8.0,P,0,121.4,20.3,Underweight
9.0,P,0,125.7,27.9,Normal
10.0,L,1,138.6,27.8,Normal
9.0,P,0,125.8,27.4,Normal
8.0,L,1,122.7,22.8,Normal
6.0,L,1,113.7,21.8,Normal
10.0,L,1,133.2,33.6,Overweight
11.0,L,1,142.6,34.5,Normal
11.0,L,1,145.5,36.7,Normal
7.0,L,1,117.2,18.0,Underweight
9.0,L,1,130.8,27.4,Normal
7.0,P,0,118.7,19.1,Underweight
9.0,L,1,127.9,31.4,Overweight
6.0,P,0,112.7,21.3,Normal
12.0,P,0,149.3,37.1,Normal
10.0,P,0,133.5,33.8,Overweight
6.0,L,1,113.5,20.0,Normal
8.0,P,0,127.2,26.7,Normal
9.0,L,1,126.2,25.3,Normal
6.0,L,1,115.9,17.9,Underweight
12.0,P,0,145.6,35.5,Normal
7.0,L,1,121.3,20.0,Underweight
8.0,P,0,125.4,27.3,Normal
9.0,P,0,131.7,25.6,Normal
9.0,P,0,127.8,25.7,Normal
9.0,P,0,130.7,29.3,Normal
10.0,P,0,132.6,34.5,Overweight
8.0,P,0,124.5,27.2,Normal
8.0,L,1,127.8,20.0,Underweight
6.0,L,1,112.9,20.2,Normal
9.0,L,1,129.5,22.8,Underweight
12.0,P,0,149.1,39.4,Normal
12.0,P,0,144.2,34.1,Normal
8.0,L,1,121.5,23.4,Normal
11.0,P,0,142.7,34.7,Normal
9.0,L,1,130.5,24.3,Normal
9.0,P,0,123.0,30.4,Overweight
10.0,P,0,131.6,28.8,Normal
7.0,P,0,119.7,21.1,Normal
8.0,L,1,122.9,26.6,Normal
6.0,L,1,116.6,17.0,Underweight
10.0,L,1,137.0,34.2,Overweight
8.0,P,0,124.2,21.6,Normal
7.0,L,1,118.9,19.5,Underweight
11.0,P,0,143.5,32.7,Normal
12.0,L,1,143.6,36.5,Normal
6.0,L,1,114.8,19.3,Normal
7.0,P,0,116.3,22.7,Normal
12.0,P,0,147.5,38.6,Normal
6.0,P,0,113.6,20.8,Normal
10.0,L,1,135.8,29.3,Normal
12.0,L,1,144.2,39.5,Overweight
6.0,P,0,117.5,17.9,Underweight
7.0,L,1,119.7,25.0,Normal
10.0,P,0,136.8,31.2,Normal
12.0,L,1,149.1,46.3,Overweight
12.0,L,1,143.2,37.1,Overweight
12.0,L,1,149.7,37.0,Normal
12.0,L,1,143.6,42.8,Overweight
8.0,P,0,119.3,26.6,Overweight
12.0,L,1,144.2,33.0,Normal
6.0,L,1,112.0,20.9,Normal
12.0,L,1,147.0,34.2,Normal
12.0,P,0,143.6,39.6,Overweight
9.0,P,0,125.3,25.6,Normal
10.0,P,0,132.6,28.4,Normal
10.0,L,1,136.4,28.9,Normal
7.0,L,1,119.3,21.7,Normal
9.0,L,1,127.5,22.0,Underweight
6.0,L,1,110.0,18.4,Normal
10.0,P,0,135.2,27.1,Normal
10.0,P,0,139.2,28.2,Normal
10.0,P,0,139.4,33.1,Normal
6.0,L,1,110.5,18.5,Normal
10.0,L,1,133.0,28.1,Normal
9.0,P,0,125.3,23.8,Normal
6.0,L,1,115.9,20.0,Normal
6.0,L,1,116.2,18.8,Underweight
10.0,L,1,130.4,26.6,Normal
6.0,L,1,115.5,22.0,Normal
8.0,L,1,125.8,28.9,Overweight
6.0,L,1,112.4,19.2,Normal
8.0,L,1,119.3,26.3,Overweight
7.0,P,0,122.8,22.7,Normal
7.0,L,1,117.1,18.4,Underweight
11.0,L,1,143.0,39.6,Overweight
9.0,P,0,128.4,31.7,Overweight
9.0,P,0,128.1,27.5,Normal
10.0,P,0,137.0,36.0,Overweight
10.0,L,1,135.3,32.2,Normal
8.0,P,0,124.0,25.1,Normal
7.0,L,1,120.1,19.2,Underweight
12.0,P,0,142.0,45.0,Obesity
12.0,P,0,151.7,35.3,Normal
12.0,P,0,147.7,38.2,Normal
6.0,P,0,116.0,19.5,Normal
9.0,P,0,125.0,26.8,Normal
10.0,P,0,136.5,36.4,Overweight
11.0,L,1,143.0,34.5,Normal
10.0,P,0,130.0,29.7,Normal
12.0,P,0,149.4,42.7,Overweight
10.0,L,1,133.4,26.0,Normal
11.0,P,0,144.8,41.5,Overweight
11.0,P,0,138.4,31.3,Normal
9.0,P,0,129.8,29.6,Normal
8.0,P,0,127.4,22.0,Underweight
7.0,P,0,116.4,20.3,Normal
10.0,L,1,135.3,33.6,Overweight
10.0,L,1,135.3,31.7,Normal
8.0,P,0,121.7,22.0,Normal
10.0,P,0,128.0,27.5,Normal
6.0,L,1,117.0,17.0,Underweight
10.0,P,0,134.0,32.1,Normal
9.0,L,1,132.4,30.4,Normal
6.0,L,1,116.5,18.5,Underweight
12.0,P,0,145.7,38.5,Overweight
12.0,L,1,142.9,36.4,Normal
7.0,P,0,121.4,20.3,Underweight
10.0,L,1,133.5,33.1,Overweight
11.0,L,1,139.7,33.5,Normal
8.0,L,1,128.0,26.2,Normal
9.0,L,1,130.7,24.1,Normal
6.0,L,1,114.7,19.0,Normal
7.0,P,0,119.9,22.6,Normal
11.0,L,1,139.2,37.2,Overweight
9.0,P,0,123.0,29.4,Overweight
9.0,P,0,128.2,29.4,Normal
8.0,L,1,123.1,23.2,Normal
8.0,P,0,123.0,27.5,Overweight
10.0,P,0,131.8,33.2,Overweight
10.0,P,0,133.5,31.0,Normal
9.0,P,0,131.6,24.9,Normal
9.0,P,0,129.0,26.9,Normal
7.0,L,1,121.0,19.5,Underweight
9.0,L,1,124.1,25.9,Normal
12.0,L,1,150.9,40.8,Normal
6.0,P,0,117.7,17.7,Underweight
9.0,L,1,130.7,24.9,Normal
9.0,L,1,126.5,30.6,Overweight
6.0,P,0,110.2,18.0,Normal
8.0,L,1,119.6,23.5,Normal
12.0,P,0,142.2,42.9,Overweight
10.0,P,0,132.9,28.7,Normal
9.0,L,1,129.6,28.4,Normal
6.0,P,0,116.7,17.1,Underweight
11.0,P,0,146.2,31.4,Normal
9.0,L,1,126.5,26.7,Normal
7.0,L,1,118.5,22.9,Normal
12.0,P,0,146.6,39.6,Overweight
8.0,L,1,119.5,20.5,Normal
7.0,L,1,120.4,21.2,Normal
12.0,P,0,147.5,39.9,Overweight
7.0,P,0,114.9,20.8,Normal
9.0,P,0,126.1,25.9,Normal
12.0,L,1,148.4,42.6,Overweight
10.0,P,0,133.4,31.8,Normal
8.0,P,0,121.7,24.5,Normal
11.0,P,0,135.0,36.8,Overweight
8.0,L,1,126.9,24.8,Normal
12.0,P,0,145.6,41.3,Overweight
8.0,P,0,119.9,22.3,Normal
10.0,P,0,135.8,34.7,Overweight
6.0,L,1,118.0,17.2,Underweight
8.0,P,0,124.4,22.8,Normal
8.0,L,1,122.9,27.4,Overweight
10.0,L,1,134.4,27.4,Normal
9.0,P,0,129.1,26.7,Normal
12.0,L,1,142.2,38.2,Overweight
7.0,P,0,123.0,18.0,Underweight
11.0,L,1,141.1,35.9,Overweight
8.0,L,1,126.6,21.6,Underweight
7.0,L,1,118.6,20.5,Normal
12.0,P,0,140.0,36.7,Overweight
10.0,L,1,132.9,27.4,Normal
10.0,L,1,138.5,36.3,Overweight
10.0,L,1,131.2,30.5,Normal
10.0,P,0,136.5,29.4,Normal
10.0,P,0,131.5,28.9,Normal
11.0,P,0,139.0,37.5,Overweight
9.0,P,0,127.6,25.8,Normal
9.0,P,0,130.0,22.8,Underweight
6.0,L,1,116.4,17.0,Underweight
9.0,P,0,126.7,28.6,Normal
11.0,P,0,140.8,32.6,Normal
12.0,L,1,143.2,45.7,Obesity
7.0,L,1,119.4,22.3,Normal
12.0,L,1,149.3,45.1,Overweight
7.0,L,1,119.5,22.4,Normal
9.0,L,1,127.5,24.3,Normal
10.0,L,1,132.4,26.2,Normal
12.0,L,1,150.3,42.7,Overweight
10.0,P,0,133.0,34.0,Overweight
6.0,L,1,112.7,20.9,Normal
12.0,L,1,143.2,33.2,Normal
12.0,P,0,141.8,44.5,Obesity
11.0,P,0,141.1,28.9,Normal
8.0,L,1,119.5,24.1,Normal
8.0,P,0,124.7,27.8,Normal
7.0,P,0,120.1,18.0,Underweight
9.0,P,0,123.0,28.2,Overweight
8.0,L,1,123.0,25.4,Normal
12.0,P,0,147.1,41.6,Overweight
12.0,P,0,149.2,45.4,Overweight
6.0,L,1,113.0,18.8,Normal
9.0,L,1,128.0,25.1,Normal
12.0,L,1,147.9,37.8,Normal
8.0,L,1,127.5,24.2,Normal
10.0,L,1,130.4,32.2,Overweight
7.0,P,0,117.3,19.0,Underweight
10.0,L,1,133.2,30.0,Normal
11.0,L,1,138.1,37.4,Overweight
8.0,P,0,123.8,24.7,Normal
10.0,P,0,129.8,28.5,Normal
9.0,L,1,126.1,31.7,Overweight
12.0,L,1,148.7,36.8,Normal
8.0,L,1,123.6,24.4,Normal
6.0,L,1,113.8,18.8,Normal
12.0,P,0,147.7,41.2,Overweight
10.0,P,0,137.9,33.7,Normal
7.0,L,1,116.9,19.9,Normal
8.0,L,1,125.8,27.5,Normal
7.0,L,1,113.5,18.0,Underweight
10.0,L,1,129.9,32.6,Overweight
10.0,P,0,136.2,36.7,Overweight
12.0,L,1,142.5,35.9,Normal
10.0,L,1,134.8,35.1,Overweight
12.0,L,1,147.5,33.9,Normal
9.0,P,0,127.5,30.5,Overweight
10.0,L,1,130.1,32.3,Overweight
11.0,P,0,140.7,33.0,Normal
9.0,L,1,127.6,27.4,Normal
11.0,L,1,138.0,35.2,Overweight
11.0,P,0,141.7,36.3,Overweight
11.0,P,0,141.4,38.3,Overweight
11.0,L,1,143.5,36.8,Normal
9.0,L,1,128.7,31.6,Overweight
10.0,P,0,132.6,34.9,Overweight
7.0,L,1,120.6,20.6,Normal
11.0,P,0,142.3,36.6,Overweight
10.0,L,1,135.8,33.0,Normal
7.0,L,1,118.2,19.6,Normal
11.0,L,1,144.8,34.5,Normal
7.0,P,0,119.4,19.4,Underweight
7.0,L,1,117.0,23.0,Normal
8.0,L,1,123.5,20.0,Underweight
9.0,P,0,125.2,26.2,Normal
12.0,P,0,148.0,41.4,Overweight
10.0,P,0,134.0,38.0,Overweight
9.0,P,0,126.0,33.6,Overweight
9.0,L,1,124.8,27.2,Normal
10.0,P,0,134.1,30.3,Normal
10.0,P,0,133.4,30.9,Normal
12.0,L,1,146.7,39.2,Overweight
12.0,P,0,145.4,35.0,Normal
10.0,L,1,134.0,35.0,Overweight
6.0,P,0,115.9,21.6,Normal
12.0,P,0,148.7,38.5,Normal
6.0,P,0,115.4,17.0,Underweight
11.0,P,0,139.7,37.7,Overweight
6.0,L,1,110.6,17.0,Underweight
9.0,P,0,128.3,24.8,Normal
8.0,P,0,123.4,23.0,Normal
12.0,P,0,141.9,36.0,Normal
12.0,P,0,142.3,38.5,Overweight
10.0,L,1,132.5,33.9,Overweight
10.0,L,1,135.1,32.3,Normal
6.0,P,0,115.4,20.9,Normal
9.0,L,1,128.5,31.3,Overweight
8.0,P,0,123.6,26.3,Normal
11.0,L,1,143.7,37.0,Normal
8.0,P,0,125.3,26.5,Normal
7.0,L,1,114.3,22.7,Normal
10.0,P,0,136.4,35.8,Overweight
8.0,L,1,125.8,26.4,Normal
11.0,L,1,139.0,33.5,Normal
10.0,L,1,129.3,33.8,Overweight
9.0,L,1,131.8,24.7,Normal
11.0,L,1,139.5,34.4,Normal
8.0,L,1,126.9,21.1,Underweight
11.0,P,0,140.1,39.2,Overweight
8.0,P,0,122.7,29.0,Overweight
9.0,P,0,126.6,25.4,Normal
7.0,P,0,113.5,18.0,Underweight
7.0,L,1,113.3,20.6,Normal
11.0,L,1,139.7,40.0,Overweight
10.0,P,0,133.3,29.6,Normal
8.0,P,0,120.3,24.9,Normal
7.0,L,1,116.1,21.2,Normal
10.0,L,1,137.8,25.0,Underweight
9.0,P,0,125.1,29.0,Overweight
12.0,L,1,146.1,38.1,Normal
7.0,P,0,113.6,18.2,Normal
7.0,P,0,119.1,23.8,Normal
11.0,P,0,143.0,31.1,Normal
7.0,L,1,118.8,20.3,Normal
9.0,P,0,125.7,25.4,Normal
7.0,P,0,118.2,19.0,Underweight
10.0,P,0,132.2,30.1,Normal
11.0,P,0,139.4,37.9,Overweight
9.0,L,1,127.9,33.1,Overweight
10.0,L,1,132.8,32.2,Overweight
11.0,P,0,141.5,37.0,Overweight
12.0,L,1,151.3,37.2,Normal
6.0,P,0,115.7,18.3,Underweight
8.0,P,0,119.9,25.1,Normal
6.0,L,1,112.2,18.3,Normal
12.0,L,1,144.8,30.0,Normal
10.0,P,0,134.3,31.0,Normal
9.0,L,1,127.6,27.6,Normal
7.0,L,1,121.0,18.9,Underweight
9.0,L,1,128.5,26.9,Normal
9.0,L,1,128.1,26.5,Normal
10.0,P,0,134.3,32.0,Normal
12.0,P,0,141.2,42.3,Overweight
6.0,P,0,112.5,21.0,Normal
9.0,L,1,128.1,27.1,Normal
6.0,L,1,111.1,18.3,Normal
7.0,L,1,116.9,21.7,Normal
11.0,L,1,142.7,40.6,Overweight
12.0,P,0,142.6,37.0,Overweight
12.0,P,0,145.8,40.6,Overweight
8.0,P,0,125.3,29.0,Overweight
8.0,P,0,125.8,25.8,Normal
7.0,P,0,120.2,22.1,Normal
7.0,L,1,115.8,21.5,Normal
10.0,L,1,133.8,35.2,Overweight
7.0,L,1,113.2,21.6,Normal
8.0,L,1,125.2,27.0,Normal
10.0,P,0,136.0,30.1,Normal
9.0,P,0,125.4,29.4,Overweight
9.0,L,1,129.2,25.7,Normal
8.0,P,0,122.4,26.4,Normal
8.0,P,0,118.0,24.1,Normal
12.0,L,1,146.3,40.9,Overweight
12.0,L,1,145.0,34.4,Normal
10.0,L,1,136.2,30.9,Normal
8.0,P,0,125.0,25.2,Normal
9.0,L,1,125.4,31.7,Overweight
12.0,P,0,145.5,39.7,Overweight
9.0,L,1,132.3,31.9,Overweight
9.0,P,0,128.5,26.4,Normal
8.0,L,1,120.6,27.5,Overweight
7.0,P,0,118.9,24.5,Normal
10.0,L,1,134.4,29.3,Normal
9.0,L,1,123.0,22.4,Normal
10.0,L,1,137.2,33.4,Normal
7.0,P,0,117.9,19.2,Underweight
12.0,P,0,147.0,34.5,Normal
7.0,P,0,118.8,21.5,Normal
8.0,P,0,120.9,22.1,Normal
12.0,P,0,149.0,35.3,Normal
11.0,L,1,142.5,35.8,Normal
12.0,L,1,147.1,42.7,Overweight
11.0,L,1,142.4,36.4,Normal
6.0,P,0,111.4,17.9,Normal
12.0,L,1,147.4,36.4,Normal
12.0,L,1,143.0,39.4,Overweight
12.0,P,0,142.5,41.9,Overweight
7.0,P,0,116.7,22.3,Normal
10.0,P,0,136.0,33.5,Overweight
12.0,P,0,150.9,37.7,Normal
9.0,P,0,127.3,32.4,Overweight
6.0,L,1,118.0,18.7,Underweight
9.0,L,1,124.6,32.7,Overweight
9.0,P,0,129.9,25.3,Normal
7.0,L,1,123.0,22.0,Normal
8.0,L,1,120.1,20.0,Underweight
6.0,P,0,110.9,18.1,Normal
9.0,L,1,132.9,25.9,Normal
11.0,L,1,141.0,32.2,Normal
11.0,L,1,143.2,36.5,Normal
7.0,L,1,120.9,20.1,Underweight
11.0,L,1,140.3,34.3,Normal
9.0,L,1,127.0,27.7,Normal
7.0,L,1,116.0,23.0,Normal
11.0,P,0,146.3,35.4,Normal
11.0,P,0,141.6,34.7,Normal
12.0,P,0,143.9,40.7,Overweight
8.0,L,1,127.2,24.5,Normal
11.0,L,1,136.3,34.9,Overweight
11.0,P,0,141.0,33.4,Normal
9.0,L,1,127.1,25.3,Normal
7.0,L,1,116.0,21.4,Normal
7.0,P,0,120.4,20.1,Underweight
6.0,L,1,116.9,20.3,Normal
7.0,L,1,119.3,21.3,Normal
8.0,L,1,126.2,20.8,Underweight
9.0,P,0,125.7,29.9,Overweight
11.0,P,0,144.2,36.0,Normal
9.0,P,0,127.2,24.1,Normal
9.0,L,1,127.7,26.1,Normal
12.0,P,0,150.2,36.5,Normal
9.0,L,1,127.8,28.7,Normal
8.0,P,0,123.8,23.8,Normal
10.0,L,1,131.8,31.5,Overweight
11.0,L,1,137.0,32.1,Normal
12.0,P,0,140.4,36.1,Overweight
10.0,P,0,133.7,29.9,Normal
6.0,P,0,111.9,19.9,Normal
12.0,L,1,146.6,42.3,Overweight
10.0,P,0,130.8,33.5,Overweight
12.0,L,1,146.3,37.7,Normal
10.0,L,1,136.6,30.5,Normal
9.0,P,0,126.3,32.9,Overweight
11.0,L,1,143.9,34.6,Normal
10.0,L,1,132.7,28.8,Normal
10.0,P,0,139.8,31.8,Normal
7.0,P,0,120.3,22.3,Normal
6.0,P,0,118.0,20.8,Normal
9.0,P,0,129.2,22.7,Underweight
11.0,L,1,139.9,32.9,Normal
12.0,L,1,147.3,35.8,Normal
9.0,P,0,130.5,22.7,Underweight
7.0,L,1,113.0,21.2,Normal
8.0,L,1,121.5,23.7,Normal
9.0,P,0,127.9,27.4,Normal
8.0,P,0,124.4,23.8,Normal
10.0,L,1,137.6,28.3,Normal
10.0,P,0,131.6,28.2,Normal
8.0,L,1,120.1,24.4,Normal
10.0,P,0,131.4,33.4,Overweight
9.0,P,0,129.4,32.3,Overweight
10.0,P,0,133.8,33.2,Overweight
9.0,P,0,130.3,25.7,Normal
7.0,L,1,122.0,24.1,Normal
10.0,P,0,138.4,31.7,Normal
8.0,P,0,124.6,20.0,Underweight
8.0,P,0,127.5,28.6,Normal
11.0,P,0,138.3,33.6,Normal
10.0,L,1,131.8,33.0,Overweight
7.0,P,0,117.2,19.2,Normal
10.0,L,1,133.9,30.3,Normal
7.0,P,0,118.4,18.5,Underweight
10.0,P,0,131.5,27.8,Normal
11.0,P,0,137.4,38.7,Overweight
11.0,P,0,141.3,41.0,Overweight
12.0,P,0,143.0,38.3,Overweight
7.0,L,1,122.5,19.8,Underweight
9.0,L,1,131.8,26.2,Normal
11.0,L,1,142.4,32.1,Normal
9.0,L,1,126.5,33.3,Overweight
8.0,L,1,121.2,26.0,Normal
8.0,L,1,124.5,27.7,Normal
12.0,L,1,142.6,39.5,Overweight
8.0,L,1,124.1,21.5,Underweight
9.0,L,1,127.0,26.8,Normal
10.0,P,0,138.9,29.7,Normal
7.0,P,0,114.2,22.5,Normal
10.0,L,1,135.9,33.0,Normal
11.0,P,0,137.7,39.3,Overweight
6.0,L,1,113.7,19.6,Normal
11.0,P,0,143.3,35.0,Normal
12.0,L,1,144.8,37.9,Overweight
9.0,P,0,129.7,26.2,Normal
10.0,L,1,129.1,30.9,Overweight
6.0,P,0,113.4,19.9,Normal
12.0,L,1,145.5,42.9,Overweight
6.0,P,0,113.0,17.0,Underweight
11.0,P,0,142.8,33.5,Normal
6.0,P,0,112.1,19.3,Normal
9.0,P,0,125.9,31.3,Overweight
10.0,P,0,134.4,27.1,Normal
10.0,L,1,131.0,29.8,Normal
11.0,P,0,141.9,37.6,Overweight
6.0,L,1,114.6,17.1,Underweight
9.0,P,0,128.8,32.4,Overweight
8.0,L,1,121.0,28.5,Overweight
11.0,L,1,140.1,33.0,Normal
11.0,P,0,138.9,38.1,Overweight
8.0,P,0,124.4,25.0,Normal
11.0,P,0,140.7,38.6,Overweight
12.0,L,1,152.0,32.3,Normal
10.0,L,1,134.0,32.7,Overweight
10.0,L,1,131.7,30.8,Normal
11.0,P,0,139.4,35.6,Overweight
7.0,P,0,120.8,22.0,Normal
10.0,L,1,135.5,35.3,Overweight
9.0,L,1,126.1,27.4,Normal
11.0,P,0,138.9,35.5,Overweight
7.0,P,0,116.5,22.1,Normal
12.0,L,1,148.9,38.9,Normal
8.0,L,1,124.4,24.8,Normal
10.0,P,0,135.2,32.7,Normal
10.0,P,0,131.9,29.1,Normal
8.0,P,0,120.4,22.3,Normal
11.0,P,0,144.1,32.5,Normal
8.0,P,0,124.6,23.6,Normal
12.0,L,1,140.0,46.1,Obesity
11.0,P,0,141.2,31.8,Normal
8.0,P,0,121.3,29.0,Overweight
12.0,L,1,146.1,39.7,Overweight
7.0,L,1,119.8,23.1,Normal
6.0,P,0,115.5,21.2,Normal
9.0,L,1,123.0,28.8,Overweight
6.0,P,0,110.2,17.0,Underweight
12.0,L,1,140.8,37.3,Overweight
12.0,P,0,143.8,42.2,Overweight
12.0,P,0,146.1,37.8,Normal
7.0,L,1,121.8,24.1,Normal
7.0,L,1,120.1,22.9,Normal
6.0,P,0,115.7,19.1,Normal
10.0,L,1,132.7,29.9,Normal
9.0,P,0,128.1,28.0,Normal
8.0,L,1,123.2,24.9,Normal
6.0,P,0,114.9,19.6,Normal
9.0,P,0,133.0,24.7,Underweight
7.0,L,1,114.1,22.4,Normal
12.0,P,0,145.2,42.4,Overweight
11.0,L,1,141.2,34.5,Normal
7.0,L,1,119.5,18.0,Underweight
11.0,L,1,142.0,32.0,Normal
6.0,L,1,113.0,17.0,Underweight
7.0,L,1,117.1,20.3,Normal
11.0,P,0,140.4,34.4,Normal
12.0,P,0,146.4,33.9,Normal
7.0,P,0,121.6,19.2,Underweight
11.0,L,1,140.1,30.2,Normal
9.0,L,1,125.5,33.6,Overweight
9.0,P,0,124.7,28.6,Overweight
8.0,P,0,122.9,26.6,Normal
10.0,P,0,137.7,25.6,Underweight
7.0,P,0,115.7,23.9,Normal
9.0,L,1,131.1,26.2,Normal
9.0,P,0,126.4,26.8,Normal
9.0,L,1,127.5,30.3,Overweight
9.0,P,0,128.5,23.3,Normal
12.0,P,0,145.9,35.6,Normal
11.0,P,0,144.4,37.5,Normal
8.0,L,1,123.7,20.0,Underweight
9.0,P,0,130.8,28.3,Normal
9.0,P,0,126.5,31.7,Overweight
7.0,P,0,118.5,18.9,Underweight
6.0,P,0,118.0,19.9,Normal
6.0,L,1,112.9,22.0,Normal
8.0,P,0,121.1,28.1,Overweight
10.0,P,0,132.0,27.5,Normal
9.0,L,1,131.0,30.1,Normal
8.0,P,0,124.2,26.3,Normal
9.0,L,1,125.9,29.0,Overweight
6.0,L,1,113.2,20.9,Normal
12.0,P,0,146.0,42.5,Overweight
9.0,P,0,130.0,26.0,Normal
9.0,L,1,123.0,25.8,Normal
11.0,L,1,142.8,34.3,Normal
6.0,L,1,110.1,22.0,Overweight
8.0,P,0,125.0,24.0,Normal
7.0,L,1,118.4,24.4,Normal
10.0,L,1,131.3,29.4,Normal
6.0,P,0,116.5,19.2,Normal
9.0,P,0,132.1,34.0,Overweight
10.0,L,1,133.8,38.0,Overweight
12.0,P,0,145.9,37.9,Normal
11.0,L,1,141.1,31.5,Normal
9.0,L,1,126.2,23.2,Normal
6.0,P,0,115.2,21.6,Normal
7.0,L,1,115.8,20.8,Normal
10.0,P,0,135.9,31.0,Normal
6.0,L,1,110.2,21.1,Normal
8.0,P,0,123.7,23.9,Normal
6.0,L,1,115.0,17.3,Underweight
12.0,L,1,147.9,43.8,Overweight
8.0,L,1,122.0,26.0,Normal
12.0,L,1,145.5,40.3,Overweight
7.0,L,1,118.5,21.3,Normal
9.0,L,1,127.8,27.7,Normal
6.0,P,0,112.1,17.0,Underweight
6.0,P,0,111.2,20.6,Normal
11.0,P,0,143.2,38.4,Overweight
12.0,L,1,148.2,41.2,Overweight
7.0,P,0,116.9,21.8,Normal
12.0,L,1,149.5,39.9,Normal
9.0,P,0,128.5,23.4,Normal
6.0,P,0,117.9,17.0,Underweight
11.0,L,1,143.1,35.0,Normal
12.0,L,1,149.5,36.3,Normal
8.0,L,1,120.4,25.8,Normal
7.0,L,1,119.5,20.3,Normal
9.0,P,0,124.6,26.7,Normal
6.0,L,1,110.9,21.0,Normal
8.0,L,1,125.8,26.5,Normal
9.0,L,1,128.4,26.6,Normal
10.0,L,1,132.3,30.5,Normal
7.0,L,1,121.2,21.6,Normal
12.0,L,1,147.3,40.4,Overweight
12.0,P,0,145.4,30.7,Normal
12.0,P,0,145.3,44.7,Overweight
12.0,P,0,147.5,41.9,Overweight
8.0,L,1,120.2,26.6,Overweight
12.0,P,0,146.9,40.4,Overweight
9.0,P,0,130.1,32.5,Overweight
11.0,P,0,136.6,35.8,Overweight
11.0,L,1,136.2,34.3,Overweight
6.0,P,0,113.8,19.3,Normal
12.0,L,1,146.3,44.0,Overweight
11.0,P,0,140.1,36.6,Overweight
10.0,L,1,136.4,36.9,Overweight
8.0,P,0,122.4,25.8,Normal
6.0,L,1,113.8,21.3,Normal
6.0,L,1,115.2,22.0,Normal
12.0,P,0,145.1,38.7,Overweight
12.0,L,1,148.4,41.8,Overweight
11.0,L,1,139.4,39.6,Overweight
12.0,P,0,140.0,36.0,Overweight
6.0,P,0,111.4,19.9,Normal
7.0,P,0,119.9,18.6,Underweight
7.0,P,0,117.9,23.0,Normal
7.0,L,1,116.4,19.4,Normal
8.0,L,1,122.1,20.0,Underweight
12.0,L,1,147.0,42.0,Overweight
6.0,L,1,116.8,22.0,Normal
8.0,L,1,123.7,23.6,Normal
10.0,L,1,130.6,35.1,Overweight
10.0,P,0,134.0,30.8,Normal
12.0,P,0,146.6,39.5,Overweight
12.0,L,1,140.4,38.8,Overweight
12.0,P,0,145.4,42.8,Overweight
10.0,L,1,137.2,37.0,Overweight
11.0,P,0,136.9,40.1,Overweight
12.0,L,1,143.9,43.2,Overweight
8.0,L,1,123.0,26.7,Normal
7.0,P,0,113.9,22.1,Normal
9.0,P,0,127.2,25.8,Normal
12.0,L,1,147.4,38.9,Normal
6.0,P,0,116.4,17.7,Underweight
7.0,P,0,116.1,18.9,Underweight
6.0,L,1,110.0,21.0,Normal
8.0,P,0,122.6,25.6,Normal
6.0,P,0,110.2,22.0,Overweight
12.0,P,0,148.3,35.0,Normal
7.0,L,1,118.0,25.0,Normal
11.0,L,1,140.1,34.2,Normal
6.0,L,1,111.6,18.8,Normal
10.0,L,1,131.3,31.3,Overweight
11.0,P,0,135.3,36.9,Overweight
8.0,L,1,124.2,25.6,Normal
9.0,L,1,127.0,30.3,Overweight
10.0,P,0,136.2,29.6,Normal
7.0,L,1,117.5,18.0,Underweight
11.0,L,1,139.9,34.3,Normal
9.0,L,1,128.1,26.6,Normal
8.0,L,1,122.0,24.2,Normal
8.0,L,1,125.6,22.2,Normal
9.0,P,0,127.0,30.0,Overweight
12.0,L,1,148.3,39.6,Normal
9.0,L,1,127.4,25.3,Normal
9.0,L,1,131.6,23.0,Underweight
8.0,P,0,124.9,24.1,Normal
12.0,P,0,145.6,37.8,Normal
12.0,L,1,150.3,41.7,Overweight
8.0,L,1,127.9,24.9,Normal
10.0,L,1,136.7,34.3,Overweight
9.0,L,1,129.3,26.3,Normal
9.0,L,1,131.3,26.2,Normal
7.0,L,1,116.7,20.9,Normal
7.0,L,1,118.4,25.0,Normal
7.0,L,1,118.4,20.1,Normal
7.0,L,1,120.4,18.5,Underweight
9.0,P,0,129.7,26.7,Normal
6.0,L,1,112.6,19.3,Normal
7.0,L,1,118.2,21.4,Normal
7.0,L,1,115.2,20.5,Normal
9.0,P,0,128.1,26.4,Normal
9.0,L,1,123.6,30.0,Overweight
6.0,L,1,113.8,19.8,Normal
12.0,P,0,143.9,38.3,Overweight
7.0,P,0,117.3,18.7,Underweight
6.0,L,1,111.7,21.5,Normal
9.0,P,0,129.2,28.7,Normal
7.0,L,1,118.3,24.9,Normal
12.0,P,0,143.6,38.6,Overweight
10.0,P,0,133.6,32.2,Overweight
12.0,L,1,146.3,39.7,Overweight
10.0,L,1,133.6,31.9,Normal
7.0,L,1,118.7,22.5,Normal
10.0,L,1,134.7,33.0,Overweight
12.0,P,0,150.8,38.3,Normal
6.0,L,1,113.9,20.4,Normal
7.0,L,1,118.6,18.9,Underweight
9.0,L,1,125.7,22.1,Underweight
9.0,L,1,124.7,30.3,Overweight
9.0,P,0,125.9,24.2,Normal
11.0,L,1,135.2,37.5,Overweight
6.0,L,1,114.3,20.6,Normal
9.0,P,0,129.4,26.3,Normal
7.0,P,0,121.3,20.8,Normal
8.0,L,1,124.4,25.3,Normal
12.0,P,0,144.7,39.2,Overweight
7.0,P,0,116.0,18.9,Normal
10.0,L,1,130.0,27.4,Normal
7.0,L,1,122.0,18.3,Underweight
8.0,L,1,121.4,23.5,Normal
8.0,P,0,121.5,25.3,Normal
8.0,L,1,124.9,20.8,Underweight
9.0,L,1,128.9,27.9,Normal
6.0,L,1,113.5,18.0,Underweight
9.0,P,0,125.9,29.5,Overweight
10.0,L,1,131.8,27.6,Normal
11.0,L,1,140.7,33.1,Normal
8.0,L,1,122.6,20.0,Underweight
11.0,L,1,136.8,38.0,Overweight
11.0,L,1,141.4,28.5,Normal
8.0,L,1,125.6,25.2,Normal
9.0,P,0,131.9,28.5,Normal
7.0,L,1,118.8,22.5,Normal
9.0,L,1,133.0,25.3,Normal
11.0,L,1,139.4,39.1,Overweight
10.0,P,0,130.2,33.9,Overweight
11.0,L,1,139.0,36.0,Overweight
9.0,P,0,125.0,29.6,Overweight
10.0,P,0,134.6,33.8,Overweight
8.0,P,0,120.1,20.8,Normal
9.0,P,0,125.3,25.8,Normal
12.0,P,0,148.1,42.2,Overweight
7.0,L,1,113.0,22.6,Normal
10.0,P,0,133.1,31.4,Normal
8.0,L,1,122.5,28.0,Overweight
9.0,L,1,126.9,28.8,Normal
7.0,L,1,119.2,19.3,Underweight
9.0,P,0,130.5,27.3,Normal
8.0,L,1,121.6,26.5,Normal
7.0,P,0,114.8,22.3,Normal
11.0,P,0,143.1,40.0,Overweight
9.0,L,1,130.2,26.1,Normal
12.0,P,0,146.9,41.5,Overweight
9.0,P,0,127.5,25.4,Normal
10.0,P,0,134.5,36.0,Overweight
9.0,L,1,126.1,26.8,Normal
10.0,P,0,135.7,29.6,Normal
9.0,L,1,130.7,32.2,Overweight
10.0,P,0,136.6,29.2,Normal
6.0,P,0,114.5,18.4,Normal
6.0,L,1,111.0,22.0,Normal
7.0,P,0,120.6,24.8,Normal
9.0,P,0,127.7,27.1,Normal
9.0,L,1,126.6,23.7,Normal
6.0,L,1,113.0,20.1,Normal
8.0,L,1,123.5,23.4,Normal
8.0,L,1,120.3,25.0,Normal
10.0,P,0,131.6,30.8,Normal
7.0,P,0,119.2,21.4,Normal
10.0,L,1,133.5,30.6,Normal
12.0,L,1,148.2,44.2,Overweight
10.0,L,1,134.6,27.5,Normal
11.0,P,0,139.2,34.8,Normal
9.0,L,1,126.7,28.3,Normal
6.0,P,0,113.6,18.1,Normal
8.0,L,1,128.0,27.3,Normal
12.0,P,0,142.8,32.6,Normal
7.0,P,0,119.0,21.7,Normal
12.0,L,1,146.9,33.2,Normal
10.0,L,1,131.7,31.6,Overweight
9.0,L,1,128.8,27.3,Normal
9.0,L,1,128.5,22.5,Underweight
10.0,P,0,131.6,37.5,Overweight
11.0,P,0,138.6,35.8,Overweight
6.0,P,0,110.4,22.0,Overweight
12.0,P,0,145.0,39.2,Overweight
6.0,L,1,113.4,20.8,Normal
9.0,P,0,127.3,22.1,Underweight
12.0,L,1,145.7,38.5,Overweight
9.0,P,0,131.8,22.0,Underweight
6.0,L,1,116.3,17.5,Underweight
9.0,L,1,131.8,27.8,Normal
10.0,P,0,134.2,32.7,Overweight
6.0,L,1,116.8,20.0,Normal
8.0,P,0,125.8,26.1,Normal
11.0,L,1,142.0,36.2,Normal
6.0,L,1,112.3,22.0,Normal
6.0,P,0,118.0,20.3,Normal
7.0,L,1,115.0,24.6,Overweight
11.0,P,0,143.5,36.1,Normal
6.0,P,0,116.9,18.0,Underweight
10.0,L,1,131.1,28.0,Normal
10.0,P,0,137.2,31.1,Normal
10.0,L,1,131.4,33.1,Overweight
8.0,P,0,122.8,23.2,Normal
11.0,L,1,142.1,36.4,Overweight
11.0,L,1,141.2,31.3,Normal
7.0,L,1,114.1,24.5,Overweight
7.0,L,1,118.7,18.0,Underweight
8.0,P,0,122.7,25.1,Normal
9.0,L,1,125.7,28.4,Normal
7.0,L,1,121.6,19.9,Underweight
10.0,L,1,133.1,28.3,Normal
10.0,L,1,132.0,33.0,Overweight
8.0,P,0,124.3,26.7,Normal
8.0,P,0,121.8,24.5,Normal
7.0,L,1,122.4,23.9,Normal
6.0,L,1,116.2,19.9,Normal
7.0,P,0,115.9,25.0,Overweight
12.0,P,0,147.0,40.9,Overweight
11.0,L,1,139.9,30.8,Normal
8.0,P,0,124.9,25.8,Normal
8.0,L,1,124.0,21.6,Normal
6.0,L,1,114.0,19.7,Normal
8.0,P,0,120.3,24.0,Normal
8.0,P,0,120.9,29.0,Overweight
10.0,P,0,139.9,31.0,Normal
10.0,P,0,135.8,37.2,Overweight
9.0,L,1,129.0,28.6,Normal
7.0,L,1,121.5,20.3,Underweight
12.0,P,0,147.0,39.4,Overweight
7.0,P,0,118.7,21.4,Normal
11.0,P,0,139.8,32.4,Normal
12.0,L,1,141.9,39.8,Overweight
11.0,L,1,143.2,32.9,Normal
11.0,L,1,139.8,33.8,Normal
6.0,L,1,114.7,21.0,Normal
9.0,P,0,125.9,26.8,Normal
8.0,P,0,124.8,20.4,Underweight
9.0,L,1,127.3,29.5,Overweight
10.0,L,1,131.9,29.9,Normal
7.0,P,0,116.0,18.0,Underweight
9.0,L,1,124.5,26.9,Normal
12.0,L,1,146.6,35.8,Normal
9.0,L,1,131.1,29.4,Normal
6.0,P,0,111.0,17.0,Underweight
9.0,L,1,128.4,30.1,Overweight
10.0,P,0,132.6,25.0,Normal
6.0,P,0,115.7,19.7,Normal
11.0,P,0,141.0,33.0,Normal
9.0,L,1,128.1,30.4,Overweight
6.0,P,0,114.7,19.8,Normal
7.0,L,1,119.4,20.7,Normal
7.0,P,0,117.6,19.0,Underweight
9.0,L,1,125.4,29.7,Overweight
9.0,P,0,123.0,26.5,Normal
8.0,L,1,126.8,24.6,Normal
11.0,L,1,144.1,34.8,Normal
7.0,L,1,117.9,21.4,Normal
10.0,L,1,134.9,33.6,Overweight
12.0,P,0,148.7,41.1,Overweight
6.0,P,0,111.7,20.1,Normal
12.0,P,0,143.4,40.1,Overweight
9.0,P,0,129.6,30.9,Overweight
10.0,L,1,135.6,26.4,Normal
6.0,P,0,112.1,20.5,Normal
10.0,P,0,138.6,35.4,Overweight
8.0,P,0,121.9,20.3,Underweight
7.0,P,0,114.3,18.0,Underweight
9.0,L,1,125.1,25.5,Normal
12.0,P,0,142.7,42.6,Overweight
12.0,L,1,146.1,38.7,Overweight
12.0,L,1,145.6,34.2,Normal
11.0,L,1,137.5,35.1,Overweight
6.0,L,1,114.5,20.2,Normal
8.0,P,0,126.2,20.8,Underweight
10.0,P,0,135.1,35.3,Overweight
12.0,P,0,148.7,40.5,Overweight
9.0,L,1,126.8,30.0,Overweight
7.0,P,0,118.2,22.3,Normal
10.0,L,1,137.2,31.3,Normal
6.0,P,0,115.0,19.7,Normal
6.0,L,1,115.6,17.9,Underweight
10.0,L,1,137.3,38.0,Overweight
11.0,P,0,142.3,39.4,Overweight
9.0,L,1,123.8,30.2,Overweight
7.0,P,0,123.0,21.4,Normal
11.0,P,0,141.5,35.2,Normal
8.0,P,0,121.2,24.2,Normal
10.0,P,0,136.1,33.7,Overweight
7.0,P,0,117.0,20.0,Normal
6.0,L,1,111.8,17.0,Underweight
7.0,L,1,121.5,24.7,Normal
12.0,P,0,142.7,37.6,Overweight
6.0,P,0,112.3,20.4,Normal
8.0,L,1,121.2,23.0,Normal
11.0,P,0,140.7,31.8,Normal
11.0,L,1,143.6,31.7,Normal
7.0,L,1,117.7,23.8,Normal
8.0,L,1,121.2,28.1,Overweight
8.0,P,0,128.0,22.2,Underweight
7.0,P,0,120.5,19.7,Underweight
7.0,P,0,120.9,21.3,Normal
12.0,P,0,146.4,39.1,Overweight
10.0,L,1,131.4,34.1,Overweight
11.0,L,1,140.4,31.5,Normal
12.0,L,1,149.9,38.0,Normal
9.0,L,1,125.2,25.6,Normal
8.0,P,0,125.9,22.5,Normal
6.0,P,0,112.5,17.3,Underweight
7.0,L,1,116.7,22.6,Normal
10.0,P,0,130.7,29.6,Normal
7.0,L,1,117.7,21.1,Normal
12.0,P,0,146.0,42.6,Overweight
10.0,P,0,136.3,31.9,Normal
10.0,P,0,132.1,30.3,Normal
7.0,L,1,115.3,19.9,Normal
7.0,P,0,117.8,22.9,Normal
12.0,P,0,149.1,39.6,Normal
8.0,L,1,119.9,22.3,Normal
9.0,P,0,128.7,22.0,Underweight
10.0,L,1,129.1,31.0,Overweight
7.0,L,1,118.8,20.5,Normal
12.0,L,1,143.3,41.0,Overweight
10.0,P,0,134.0,30.3,Normal
7.0,P,0,118.8,18.0,Underweight
6.0,P,0,115.8,20.6,Normal
10.0,P,0,134.5,32.9,Overweight
12.0,L,1,146.4,39.5,Normal
8.0,P,0,121.7,20.9,Normal
8.0,P,0,124.4,28.0,Overweight
8.0,L,1,120.2,20.5,Normal
11.0,L,1,138.1,38.1,Overweight
6.0,L,1,110.5,18.8,Normal
8.0,L,1,125.0,28.9,Overweight
12.0,P,0,145.2,35.3,Normal
10.0,P,0,132.9,30.6,Normal
9.0,P,0,127.6,30.5,Overweight
8.0,P,0,124.7,22.3,Normal
6.0,L,1,111.3,20.4,Normal
10.0,L,1,135.5,26.7,Normal
8.0,L,1,123.9,21.0,Underweight
7.0,L,1,117.7,18.1,Underweight
9.0,P,0,127.6,26.1,Normal
10.0,P,0,134.9,29.8,Normal
11.0,P,0,140.0,35.4,Overweight
11.0,P,0,138.9,39.6,Overweight
6.0,P,0,113.5,17.7,Underweight
9.0,L,1,126.0,30.3,Overweight
7.0,L,1,120.2,18.4,Underweight
11.0,P,0,142.6,28.3,Underweight
11.0,L,1,142.3,35.9,Normal
12.0,L,1,143.1,36.8,Normal
8.0,L,1,126.7,24.0,Normal
10.0,P,0,131.2,29.2,Normal
12.0,P,0,146.5,37.2,Normal
9.0,P,0,132.6,31.9,Overweight
10.0,P,0,135.3,27.9,Normal
11.0,P,0,139.6,36.5,Overweight
10.0,P,0,136.4,26.3,Normal
12.0,P,0,143.5,44.3,Overweight
12.0,L,1,140.4,33.9,Normal
7.0,P,0,121.7,22.8,Normal
9.0,L,1,131.0,23.5,Underweight
9.0,L,1,129.6,28.0,Normal
6.0,L,1,111.0,17.0,Underweight
10.0,L,1,135.5,32.1,Normal
11.0,L,1,143.7,36.8,Normal
9.0,L,1,127.7,31.6,Overweight
9.0,P,0,128.8,27.1,Normal
11.0,L,1,143.0,41.1,Overweight
10.0,L,1,135.0,31.1,Normal
9.0,P,0,127.9,30.2,Overweight
10.0,P,0,137.5,31.5,Normal
8.0,P,0,123.3,22.8,Normal
12.0,L,1,144.1,37.2,Normal
11.0,P,0,138.6,30.3,Normal
12.0,P,0,149.0,35.7,Normal
6.0,L,1,116.9,18.3,Underweight
8.0,L,1,121.0,27.3,Overweight
9.0,L,1,125.3,29.5,Overweight
9.0,P,0,126.0,26.5,Normal
8.0,L,1,120.8,22.4,Normal
12.0,P,0,144.9,41.5,Overweight
11.0,P,0,136.7,35.9,Overweight
11.0,P,0,140.5,36.6,Overweight
12.0,L,1,146.6,33.7,Normal
11.0,P,0,140.5,33.0,Normal
10.0,P,0,134.0,37.1,Overweight
9.0,L,1,130.8,26.1,Normal
11.0,L,1,140.0,35.1,Normal
11.0,P,0,140.9,30.9,Normal
6.0,P,0,113.3,21.9,Normal
12.0,L,1,149.6,42.0,Overweight
9.0,P,0,129.7,30.4,Overweight
11.0,L,1,137.6,33.2,Normal
12.0,P,0,147.5,39.4,Overweight
7.0,L,1,117.3,20.3,Normal
6.0,L,1,110.6,22.0,Overweight
10.0,P,0,132.3,30.2,Normal
9.0,L,1,128.7,30.4,Overweight
12.0,L,1,142.1,39.9,Overweight
10.0,L,1,134.5,32.9,Overweight
10.0,L,1,133.9,32.1,Normal
11.0,L,1,138.8,28.0,Normal
11.0,P,0,145.4,32.8,Normal
10.0,L,1,134.1,29.8,Normal
10.0,P,0,133.3,35.5,Overweight
9.0,L,1,129.1,29.1,Normal
12.0,L,1,147.8,40.7,Overweight
9.0,P,0,129.8,32.6,Overweight
11.0,P,0,143.3,33.7,Normal
11.0,L,1,141.2,32.9,Normal
9.0,L,1,127.8,27.5,Normal
10.0,L,1,128.8,32.7,Overweight
7.0,P,0,116.7,21.0,Normal
6.0,P,0,114.0,18.1,Underweight
11.0,L,1,140.0,33.0,Normal
10.0,L,1,134.4,32.1,Normal
9.0,P,0,127.5,26.9,Normal
7.0,L,1,120.7,24.2,Normal
7.0,L,1,119.1,21.1,Normal
11.0,P,0,141.6,35.3,Normal
8.0,L,1,123.6,23.6,Normal
8.0,P,0,127.0,24.9,Normal
8.0,L,1,123.1,25.3,Normal
6.0,L,1,112.8,21.2,Normal
9.0,P,0,126.1,31.9,Overweight
12.0,P,0,140.1,37.8,Overweight
9.0,L,1,127.3,22.9,Normal
10.0,P,0,137.2,33.9,Overweight
6.0,L,1,110.0,20.8,Normal
7.0,L,1,116.4,20.3,Normal
11.0,L,1,141.6,31.1,Normal
12.0,L,1,145.6,39.4,Overweight
12.0,L,1,140.7,40.8,Overweight
7.0,L,1,121.7,21.3,Normal
9.0,P,0,128.1,25.3,Normal
8.0,L,1,127.3,27.1,Normal
7.0,P,0,120.1,19.1,Underweight
9.0,P,0,128.6,28.1,Normal
8.0,L,1,124.6,26.7,Normal
7.0,L,1,121.2,20.5,Underweight
12.0,P,0,146.2,39.6,Overweight
7.0,L,1,119.6,21.4,Normal
12.0,P,0,147.6,36.5,Normal
9.0,P,0,125.0,33.7,Overweight
6.0,L,1,111.9,17.0,Underweight
12.0,P,0,147.2,41.2,Overweight
6.0,L,1,111.5,19.6,Normal
7.0,P,0,122.7,18.0,Underweight
8.0,P,0,124.5,21.3,Underweight
10.0,L,1,136.5,33.9,Overweight
9.0,P,0,127.9,26.1,Normal
7.0,P,0,118.3,24.2,Normal
9.0,L,1,128.3,31.6,Overweight
7.0,P,0,113.0,18.7,Normal
11.0,L,1,143.0,37.6,Overweight
12.0,L,1,149.0,33.5,Normal
9.0,P,0,128.2,27.6,Normal
7.0,L,1,116.6,24.0,Normal
12.0,L,1,149.5,33.5,Normal
9.0,P,0,127.6,34.0,Overweight
11.0,L,1,143.4,39.0,Overweight
10.0,P,0,130.5,29.1,Normal
7.0,L,1,117.2,19.4,Normal
12.0,L,1,145.5,33.5,Normal
7.0,L,1,121.0,22.1,Normal
12.0,P,0,143.9,36.3,Normal
7.0,P,0,121.3,22.7,Normal
6.0,P,0,111.5,18.8,Normal
9.0,L,1,124.2,33.9,Overweight
7.0,L,1,114.7,18.6,Normal
9.0,L,1,129.5,25.0,Normal
6.0,P,0,115.8,22.0,Normal
12.0,L,1,140.5,42.5,Overweight
11.0,L,1,144.2,34.3,Normal
7.0,P,0,119.5,25.0,Normal
8.0,L,1,123.7,22.6,Normal
9.0,L,1,126.6,32.4,Overweight
9.0,L,1,126.1,29.1,Overweight
9.0,P,0,126.7,27.4,Normal
10.0,L,1,132.8,37.4,Overweight
6.0,P,0,113.4,17.0,Underweight
6.0,P,0,112.4,21.8,Normal
12.0,L,1,143.7,40.6,Overweight
9.0,P,0,127.8,27.5,Normal
10.0,P,0,135.8,30.7,Normal
10.0,L,1,135.5,37.8,Overweight
10.0,P,0,129.6,32.6,Overweight
10.0,P,0,134.4,31.6,Normal
11.0,L,1,141.5,39.1,Overweight
6.0,L,1,115.9,19.0,Normal
10.0,P,0,128.0,28.1,Normal
6.0,P,0,115.8,18.3,Underweight
10.0,P,0,133.8,32.2,Normal
12.0,L,1,145.8,41.8,Overweight
12.0,L,1,146.0,35.2,Normal
8.0,L,1,122.2,24.6,Normal
8.0,L,1,126.1,24.1,Normal
7.0,L,1,118.7,18.7,Underweight
9.0,L,1,127.0,31.4,Overweight
7.0,P,0,117.0,21.3,Normal
12.0,P,0,140.0,41.0,Overweight
11.0,P,0,142.4,37.1,Overweight
8.0,L,1,123.9,29.0,Overweight
8.0,L,1,122.7,24.0,Normal
12.0,L,1,140.8,39.0,Overweight
9.0,P,0,129.6,22.0,Underweight
12.0,L,1,141.6,40.2,Overweight
8.0,P,0,123.8,26.0,Normal
9.0,L,1,126.5,27.8,Normal
9.0,L,1,128.9,28.7,Normal
6.0,L,1,110.6,22.0,Normal
9.0,L,1,133.0,29.1,Normal
7.0,L,1,122.0,21.2,Normal
11.0,L,1,142.0,36.3,Overweight
9.0,L,1,127.0,28.0,Normal
8.0,L,1,120.7,29.0,Overweight
11.0,P,0,139.6,39.9,Overweight
8.0,L,1,124.7,21.8,Normal
9.0,L,1,125.6,27.7,Normal
9.0,P,0,126.1,29.7,Overweight
7.0,P,0,118.8,18.8,Underweight
7.0,P,0,117.1,24.0,Normal
11.0,P,0,138.4,33.7,Normal
8.0,P,0,125.2,21.0,Underweight
12.0,P,0,145.7,39.3,Overweight
11.0,L,1,141.7,34.0,Normal
12.0,L,1,147.6,38.7,Normal
9.0,P,0,128.7,24.2,Normal
9.0,P,0,128.8,28.8,Normal
7.0,L,1,119.6,20.7,Normal
7.0,P,0,114.7,18.5,Normal
12.0,P,0,147.7,40.8,Overweight
8.0,P,0,123.4,25.3,Normal
11.0,P,0,143.9,34.7,Normal
11.0,P,0,143.3,36.5,Normal
12.0,P,0,143.9,40.5,Overweight
11.0,L,1,140.6,32.9,Normal
8.0,L,1,125.7,24.1,Normal
8.0,L,1,120.1,21.3,Normal
6.0,P,0,117.1,21.6,Normal
8.0,P,0,124.9,20.0,Underweight
6.0,P,0,115.6,18.9,Normal
11.0,L,1,139.6,37.9,Overweight
10.0,P,0,136.3,25.2,Underweight
9.0,L,1,129.5,33.0,Overweight
11.0,L,1,140.6,36.7,Overweight
10.0,L,1,130.4,28.1,Normal
10.0,P,0,132.2,33.0,Overweight
8.0,P,0,126.0,23.4,Normal
8.0,L,1,122.7,28.1,Overweight
11.0,P,0,144.5,34.7,Normal
11.0,P,0,141.7,29.2,Normal
9.0,P,0,128.7,30.0,Overweight
11.0,P,0,140.0,41.0,Overweight
10.0,L,1,131.2,33.9,Overweight
10.0,L,1,130.2,30.6,Overweight
7.0,P,0,120.5,21.6,Normal
12.0,P,0,141.5,39.8,Overweight
12.0,L,1,146.5,36.9,Normal
10.0,P,0,132.6,35.5,Overweight
9.0,P,0,127.9,31.0,Overweight
7.0,P,0,118.4,25.0,Normal
8.0,L,1,120.8,22.9,Normal
9.0,L,1,130.7,29.7,Normal
10.0,P,0,133.8,32.2,Overweight
7.0,P,0,120.6,23.9,Normal
10.0,P,0,133.7,35.7,Overweight
11.0,L,1,144.8,34.2,Normal
6.0,P,0,113.8,17.0,Underweight
12.0,P,0,145.5,37.2,Normal
6.0,L,1,116.7,17.4,Underweight
10.0,P,0,135.5,28.6,Normal
12.0,L,1,148.4,38.3,Normal
6.0,L,1,116.6,21.0,Normal
6.0,P,0,115.1,18.4,Underweight
6.0,P,0,114.8,17.6,Underweight
6.0,P,0,118.0,19.5,Normal
6.0,P,0,111.0,22.0,Normal
10.0,P,0,131.8,36.9,Overweight
12.0,L,1,143.5,37.5,Overweight
6.0,L,1,111.6,20.7,Normal
9.0,P,0,127.3,24.9,Normal
10.0,P,0,134.5,32.6,Overweight
9.0,L,1,132.7,25.4,Normal
8.0,P,0,125.3,24.0,Normal
8.0,P,0,120.0,27.7,Overweight
11.0,P,0,138.9,38.4,Overweight
11.0,L,1,142.3,34.9,Normal
8.0,P,0,119.7,23.0,Normal
10.0,L,1,135.8,35.1,Overweight
6.0,P,0,110.3,17.0,Underweight
10.0,L,1,133.4,35.1,Overweight
7.0,L,1,117.8,20.7,Normal
6.0,P,0,112.6,17.7,Underweight
6.0,P,0,116.0,17.3,Underweight
8.0,P,0,120.1,24.0,Normal
6.0,L,1,112.3,20.4,Normal
7.0,L,1,121.8,22.1,Normal
7.0,P,0,119.4,20.9,Normal
9.0,L,1,132.2,27.5,Normal
10.0,L,1,134.9,31.9,Normal
11.0,P,0,141.8,37.2,Overweight
6.0,L,1,113.7,21.0,Normal
10.0,L,1,136.5,32.1,Normal
10.0,P,0,131.4,32.3,Overweight
6.0,L,1,110.5,17.0,Underweight
7.0,L,1,115.1,22.7,Normal
6.0,P,0,112.7,22.0,Normal
10.0,L,1,135.7,26.5,Normal
11.0,P,0,139.8,33.6,Normal
11.0,L,1,140.0,32.0,Normal
7.0,L,1,117.5,20.5,Normal
10.0,L,1,128.2,25.0,Normal
12.0,L,1,150.0,37.7,Normal
9.0,L,1,132.7,25.1,Normal
12.0,P,0,148.8,42.3,Overweight
9.0,L,1,126.2,24.1,Normal
8.0,L,1,127.0,27.6,Normal
10.0,P,0,133.9,25.8,Normal
7.0,L,1,120.1,22.2,Normal
9.0,L,1,126.6,28.1,Normal
12.0,P,0,149.7,36.0,Normal
12.0,P,0,145.6,40.1,Overweight
9.0,L,1,125.9,30.9,Overweight
7.0,P,0,114.0,18.6,Normal
12.0,L,1,145.2,40.7,Overweight
12.0,P,0,141.4,41.5,Overweight
10.0,P,0,135.7,28.8,Normal
6.0,P,0,110.0,18.3,Normal
6.0,L,1,113.6,20.1,Normal
10.0,P,0,134.5,29.7,Normal
7.0,L,1,121.4,21.4,Normal
8.0,L,1,123.9,21.4,Underweight
6.0,P,0,112.6,21.4,Normal
9.0,P,0,130.4,27.3,Normal
9.0,L,1,128.7,28.3,Normal
12.0,P,0,151.4,41.4,Overweight
12.0,L,1,145.6,38.6,Overweight
9.0,P,0,124.4,29.1,Overweight
6.0,P,0,114.4,22.0,Normal
9.0,P,0,124.2,27.7,Normal
9.0,P,0,130.4,25.3,Normal
6.0,L,1,115.1,20.0,Normal
10.0,P,0,135.1,31.1,Normal
11.0,L,1,140.5,34.4,Normal
11.0,L,1,136.9,39.6,Overweight
7.0,P,0,119.9,23.1,Normal
8.0,L,1,125.4,22.9,Normal
7.0,L,1,118.8,18.0,Underweight
11.0,P,0,141.3,37.0,Overweight
9.0,L,1,123.4,29.2,Overweight
11.0,P,0,137.1,34.6,Overweight
12.0,P,0,145.6,39.9,Overweight
11.0,P,0,145.2,38.2,Overweight
10.0,L,1,132.3,36.9,Overweight
11.0,P,0,137.6,28.8,Normal
11.0,P,0,137.5,35.5,Overweight
9.0,P,0,126.1,25.5,Normal
7.0,P,0,115.2,22.2,Normal
8.0,P,0,121.0,24.7,Normal
11.0,P,0,139.0,39.0,Overweight
12.0,P,0,147.9,42.2,Overweight
10.0,L,1,134.2,31.7,Normal
10.0,L,1,132.0,26.4,Normal
12.0,P,0,141.1,37.7,Overweight
11.0,L,1,142.2,38.2,Overweight
9.0,P,0,126.8,26.4,Normal
7.0,L,1,122.2,19.4,Underweight
12.0,P,0,149.1,40.9,Overweight
8.0,L,1,124.4,25.5,Normal
7.0,P,0,122.9,18.0,Underweight
6.0,L,1,114.5,21.9,Normal
6.0,L,1,113.1,21.0,Normal
11.0,L,1,137.2,32.8,Normal
9.0,L,1,128.2,27.4,Normal
12.0,P,0,145.8,41.0,Overweight
9.0,P,0,129.5,28.4,Normal
7.0,L,1,113.4,21.9,Normal
11.0,L,1,140.2,32.1,Normal
10.0,L,1,133.2,31.6,Normal
9.0,L,1,127.7,30.4,Overweight
10.0,L,1,132.1,31.1,Normal
7.0,L,1,123.0,19.0,Underweight
8.0,L,1,124.1,27.3,Normal
11.0,L,1,136.2,35.7,Overweight
12.0,P,0,145.1,42.2,Overweight
9.0,P,0,129.9,29.2,Normal
8.0,L,1,122.0,25.5,Normal
8.0,L,1,126.4,20.0,Underweight
9.0,L,1,128.8,30.3,Overweight
7.0,P,0,119.5,21.7,Normal
8.0,L,1,128.0,23.7,Normal
8.0,L,1,124.7,24.7,Normal
9.0,P,0,128.1,29.4,Normal
10.0,L,1,135.9,33.1,Normal
11.0,P,0,143.2,32.1,Normal
10.0,P,0,130.9,28.8,Normal
6.0,P,0,114.2,18.1,Underweight
7.0,L,1,118.0,21.5,Normal
12.0,P,0,147.5,38.7,Normal
10.0,L,1,131.6,29.4,Normal
11.0,L,1,144.1,36.4,Normal
7.0,L,1,116.9,22.6,Normal
10.0,L,1,135.6,29.1,Normal
10.0,L,1,131.2,31.6,Overweight
7.0,L,1,120.6,19.2,Underweight
7.0,L,1,117.7,18.8,Underweight
11.0,L,1,141.2,35.1,Normal
7.0,L,1,120.4,25.0,Normal
10.0,L,1,131.2,31.4,Overweight
9.0,L,1,125.5,23.1,Normal
11.0,P,0,145.0,34.1,Normal
9.0,P,0,125.4,28.7,Overweight
11.0,L,1,139.9,37.7,Overweight
10.0,L,1,135.1,32.2,Normal
9.0,P,0,130.0,23.4,Underweight
9.0,P,0,128.1,28.6,Normal
12.0,P,0,150.8,31.6,Underweight
7.0,P,0,120.3,25.0,Normal
10.0,P,0,136.7,33.9,Overweight
9.0,P,0,124.6,32.3,Overweight
7.0,P,0,114.4,18.0,Underweight
10.0,L,1,128.0,33.2,Overweight
8.0,L,1,127.2,22.4,Underweight
8.0,L,1,125.7,24.6,Normal
11.0,P,0,140.6,28.0,Normal
6.0,P,0,113.0,19.5,Normal
9.0,P,0,127.3,29.3,Overweight
6.0,P,0,113.8,18.7,Normal
9.0,L,1,130.4,28.0,Normal
12.0,P,0,145.7,42.5,Overweight
12.0,P,0,152.0,39.1,Normal
10.0,P,0,137.2,29.0,Normal
11.0,L,1,139.3,39.0,Overweight
7.0,L,1,117.1,25.0,Overweight
12.0,L,1,145.6,37.6,Normal
6.0,P,0,114.3,19.1,Normal
6.0,P,0,110.3,18.5,Normal
12.0,L,1,143.1,41.1,Overweight
9.0,L,1,126.1,22.0,Underweight
8.0,L,1,125.5,24.2,Normal
11.0,L,1,143.4,36.1,Normal
7.0,P,0,117.2,22.7,Normal
12.0,P,0,149.0,40.3,Overweight
7.0,P,0,120.2,21.4,Normal
11.0,L,1,145.5,37.8,Normal
9.0,L,1,131.9,27.1,Normal
7.0,P,0,123.0,23.9,Normal
7.0,L,1,116.9,20.1,Normal
8.0,L,1,123.7,25.2,Normal
11.0,P,0,142.6,30.7,Normal
12.0,L,1,144.2,39.8,Overweight
6.0,L,1,115.6,19.7,Normal
9.0,P,0,127.1,26.2,Normal
9.0,P,0,133.0,27.9,Normal
8.0,L,1,126.0,23.4,Normal
12.0,P,0,145.3,40.5,Overweight
12.0,L,1,148.2,38.8,Normal
12.0,L,1,145.6,40.8,Overweight
9.0,L,1,126.7,28.1,Normal
10.0,P,0,135.4,25.0,Underweight
8.0,L,1,122.7,24.6,Normal
7.0,P,0,122.2,23.8,Normal
7.0,P,0,120.1,21.4,Normal
11.0,L,1,143.1,31.1,Normal
6.0,P,0,113.8,20.4,Normal
11.0,P,0,139.6,41.1,Overweight
12.0,P,0,150.6,32.9,Normal
11.0,L,1,135.6,33.5,Overweight
6.0,P,0,111.2,20.2,Normal
10.0,P,0,134.6,28.0,Normal
11.0,P,0,137.4,38.5,Overweight
8.0,L,1,119.7,22.9,Normal
9.0,L,1,128.5,23.4,Normal
11.0,L,1,141.6,37.1,Overweight
8.0,P,0,126.0,22.2,Underweight
8.0,L,1,125.2,25.6,Normal
6.0,L,1,115.3,17.2,Underweight
11.0,P,0,137.5,34.3,Overweight
7.0,P,0,113.4,20.6,Normal
7.0,P,0,116.3,21.7,Normal
10.0,P,0,135.3,33.1,Overweight
8.0,L,1,125.2,22.0,Normal
10.0,L,1,130.5,33.1,Overweight
8.0,L,1,119.9,25.7,Normal
6.0,P,0,110.3,18.4,Normal
6.0,P,0,115.2,17.3,Underweight
12.0,L,1,146.7,41.3,Overweight
7.0,L,1,117.4,24.3,Normal
12.0,L,1,144.4,42.1,Overweight
12.0,P,0,147.3,40.4,Overweight
9.0,P,0,124.0,24.0,Normal
9.0,P,0,125.7,28.1,Normal
7.0,L,1,113.0,20.0,Normal
10.0,L,1,133.7,35.7,Overweight
11.0,L,1,141.8,33.8,Normal
8.0,L,1,125.6,27.8,Normal
8.0,P,0,118.4,24.1,Normal
7.0,P,0,117.6,23.8,Normal
7.0,P,0,115.9,19.9,Normal
8.0,L,1,126.2,25.5,Normal
8.0,L,1,121.9,23.7,Normal
8.0,L,1,123.1,24.8,Normal
8.0,P,0,121.9,23.1,Normal
12.0,P,0,143.5,43.7,Overweight
11.0,P,0,145.9,38.4,Overweight
9.0,L,1,131.2,26.3,Normal
7.0,P,0,118.2,22.9,Normal
12.0,P,0,145.7,45.6,Overweight
10.0,L,1,130.5,31.9,Overweight
12.0,L,1,147.1,39.6,Overweight
11.0,P,0,139.8,39.2,Overweight
9.0,L,1,129.7,23.0,Underweight
8.0,P,0,122.7,25.2,Normal
6.0,P,0,115.1,20.0,Normal
7.0,P,0,117.0,21.6,Normal
9.0,P,0,127.8,25.0,Normal
10.0,L,1,133.2,30.4,Normal
12.0,P,0,146.8,39.4,Overweight
12.0,P,0,145.6,40.8,Overweight
12.0,P,0,151.5,33.1,Normal
8.0,P,0,121.6,20.0,Underweight
9.0,P,0,129.9,33.1,Overweight
10.0,P,0,135.8,33.5,Overweight
8.0,P,0,124.8,27.7,Normal
12.0,P,0,143.2,46.0,Obesity
6.0,P,0,111.7,22.0,Normal
8.0,L,1,125.1,28.1,Normal
12.0,P,0,147.1,39.5,Overweight
10.0,P,0,131.9,36.3,Overweight
8.0,L,1,124.9,27.3,Normal
11.0,P,0,138.4,34.3,Normal
6.0,L,1,111.1,17.9,Normal
9.0,L,1,130.7,28.3,Normal
12.0,L,1,147.6,40.2,Overweight
11.0,P,0,138.3,33.8,Normal
8.0,L,1,124.7,27.7,Normal
10.0,L,1,131.4,30.4,Normal
10.0,L,1,134.6,35.1,Overweight
11.0,P,0,138.2,30.9,Normal
6.0,L,1,112.3,17.7,Normal
10.0,P,0,133.0,28.6,Normal
10.0,L,1,134.7,27.8,Normal
12.0,P,0,147.9,38.6,Normal
9.0,P,0,128.9,27.7,Normal
10.0,P,0,134.6,32.4,Normal
10.0,P,0,129.9,35.0,Overweight
12.0,P,0,144.8,41.9,Overweight
12.0,P,0,147.8,32.2,Normal
10.0,L,1,134.3,34.4,Overweight
12.0,L,1,146.5,36.6,Normal
10.0,L,1,134.6,32.6,Normal
11.0,P,0,136.8,32.0,Normal
11.0,L,1,138.0,32.1,Normal
7.0,P,0,120.9,19.6,Underweight
8.0,L,1,125.9,23.6,Normal
10.0,P,0,136.1,32.6,Normal
7.0,L,1,116.4,22.2,Normal
10.0,L,1,139.4,30.1,Normal
11.0,L,1,143.7,40.8,Overweight
11.0,L,1,140.2,36.3,Overweight
8.0,L,1,126.3,24.8,Normal
12.0,P,0,143.2,40.7,Overweight
12.0,L,1,148.6,41.7,Overweight
12.0,P,0,149.6,39.4,Normal
7.0,P,0,120.8,23.9,Normal
6.0,L,1,110.3,22.0,Overweight
10.0,P,0,132.7,35.2,Overweight
12.0,P,0,147.7,36.9,Normal
7.0,L,1,115.4,23.6,Normal
9.0,P,0,132.0,28.5,Normal
11.0,L,1,141.6,30.2,Normal
9.0,L,1,126.8,29.2,Overweight
11.0,P,0,142.1,36.9,Overweight
8.0,L,1,122.6,26.9,Normal
12.0,L,1,149.7,35.2,Normal
8.0,P,0,118.9,23.3,Normal
10.0,L,1,134.9,26.5,Normal
7.0,L,1,119.9,19.8,Underweight
9.0,L,1,129.9,31.8,Overweight
9.0,L,1,127.2,28.6,Normal
7.0,P,0,114.8,21.8,Normal
10.0,L,1,135.2,26.8,Normal
6.0,P,0,111.5,21.9,Normal
12.0,P,0,148.6,38.5,Normal
6.0,P,0,114.0,17.8,Underweight
10.0,L,1,134.4,33.5,Overweight
12.0,P,0,146.4,46.4,Overweight
12.0,P,0,146.9,39.7,Overweight
7.0,L,1,118.6,21.7,Normal
11.0,P,0,136.6,35.1,Overweight
10.0,L,1,133.3,30.4,Normal
8.0,L,1,122.4,20.0,Underweight
8.0,P,0,118.3,21.3,Normal
8.0,P,0,125.0,22.6,Normal
12.0,P,0,147.2,40.7,Overweight
12.0,P,0,143.2,42.2,Overweight
9.0,L,1,124.6,34.0,Overweight
7.0,L,1,121.1,23.3,Normal
8.0,L,1,121.2,25.5,Normal
8.0,P,0,122.9,23.0,Normal
9.0,P,0,128.1,30.6,Overweight
9.0,P,0,127.5,25.8,Normal
12.0,P,0,146.2,44.8,Overweight
12.0,L,1,151.1,39.5,Normal
6.0,P,0,110.3,17.1,Normal
6.0,L,1,113.5,17.6,Underweight
8.0,L,1,121.7,21.5,Normal
6.0,L,1,112.5,18.4,Normal
8.0,L,1,121.8,20.0,Underweight
9.0,P,0,123.2,29.6,Overweight
7.0,P,0,118.6,23.5,Normal
10.0,P,0,134.0,33.8,Overweight
11.0,P,0,139.1,32.7,Normal
10.0,P,0,136.6,27.7,Normal
8.0,L,1,121.6,24.8,Normal
8.0,P,0,124.0,23.5,Normal
9.0,L,1,125.0,28.4,Overweight
11.0,L,1,139.9,38.8,Overweight
10.0,P,0,137.2,35.3,Overweight
12.0,P,0,149.9,44.8,Overweight
7.0,L,1,117.9,24.9,Normal
11.0,L,1,139.1,33.6,Normal
11.0,P,0,144.2,33.5,Normal
9.0,P,0,129.9,29.5,Normal
7.0,L,1,115.5,25.0,Overweight
11.0,P,0,145.4,43.0,Overweight
10.0,L,1,136.8,28.7,Normal
10.0,L,1,133.8,37.2,Overweight
10.0,L,1,130.5,27.0,Normal
8.0,P,0,125.0,27.6,Normal
11.0,P,0,143.5,31.9,Normal
9.0,P,0,124.2,29.5,Overweight
10.0,L,1,140.0,31.0,Normal
8.0,P,0,126.4,21.9,Underweight
8.0,P,0,125.8,27.3,Normal
9.0,L,1,126.7,22.0,Underweight
11.0,L,1,135.0,37.1,Overweight
9.0,L,1,125.1,32.4,Overweight
12.0,L,1,147.5,34.2,Normal
12.0,P,0,147.4,38.5,Normal
7.0,P,0,117.6,23.1,Normal
10.0,P,0,139.2,31.4,Normal
8.0,P,0,124.5,24.3,Normal
10.0,L,1,136.2,29.7,Normal
6.0,P,0,114.5,20.0,Normal
9.0,L,1,126.0,31.3,Overweight
11.0,P,0,146.3,41.4,Overweight
7.0,L,1,118.3,22.1,Normal
12.0,L,1,148.9,37.0,Normal
12.0,P,0,143.6,41.8,Overweight
8.0,L,1,120.6,26.6,Overweight
7.0,L,1,115.8,25.0,Overweight
11.0,L,1,139.1,35.1,Overweight
10.0,P,0,134.1,36.2,Overweight
8.0,P,0,123.1,25.4,Normal
8.0,L,1,126.5,23.2,Normal
12.0,L,1,142.5,41.5,Overweight
8.0,L,1,124.8,24.5,Normal
7.0,L,1,116.4,18.0,Underweight
7.0,P,0,115.8,19.8,Normal
12.0,P,0,143.5,39.2,Overweight
6.0,P,0,117.6,22.0,Normal
6.0,P,0,118.0,20.6,Normal
12.0,L,1,140.0,33.6,Normal
11.0,L,1,143.9,38.3,Overweight
7.0,L,1,116.9,22.7,Normal
11.0,P,0,139.3,37.9,Overweight
6.0,L,1,115.7,22.0,Normal
11.0,L,1,142.9,35.7,Normal
9.0,L,1,128.5,31.7,Overweight
8.0,L,1,121.7,23.6,Normal
7.0,P,0,115.0,23.0,Normal
11.0,L,1,139.3,36.7,Overweight
8.0,P,0,124.9,21.4,Underweight
8.0,P,0,124.3,26.0,Normal
10.0,P,0,129.3,30.3,Overweight
8.0,L,1,121.4,22.1,Normal
9.0,L,1,129.4,28.7,Normal
10.0,L,1,129.2,31.6,Overweight
7.0,P,0,113.0,18.0,Normal
12.0,L,1,145.3,37.6,Normal
10.0,L,1,135.0,36.7,Overweight
10.0,L,1,136.2,32.8,Normal
12.0,L,1,152.0,37.3,Normal
11.0,P,0,137.2,31.1,Normal
8.0,P,0,123.0,24.0,Normal
11.0,P,0,141.4,36.0,Overweight
7.0,P,0,120.4,19.8,Underweight
8.0,L,1,119.5,25.6,Normal
12.0,L,1,148.9,42.1,Overweight
6.0,P,0,116.7,20.0,Normal
7.0,P,0,120.4,19.2,Underweight
9.0,P,0,127.4,30.3,Overweight
12.0,P,0,142.9,37.2,Overweight
11.0,L,1,136.7,35.9,Overweight
9.0,P,0,127.0,26.5,Normal
12.0,P,0,146.9,37.0,Normal
11.0,L,1,140.4,35.8,Overweight
6.0,L,1,115.6,18.3,Underweight
6.0,L,1,114.8,17.4,Underweight
8.0,P,0,127.0,28.0,Normal
11.0,P,0,142.8,37.8,Overweight
8.0,P,0,125.2,23.6,Normal
10.0,L,1,134.5,32.6,Normal
9.0,P,0,128.6,27.5,Normal
8.0,P,0,120.4,28.2,Overweight
11.0,P,0,142.1,30.1,Normal
6.0,P,0,116.8,21.9,Normal
6.0,P,0,112.9,18.0,Normal
6.0,L,1,115.5,17.8,Underweight
10.0,P,0,138.8,29.1,Normal
8.0,L,1,124.2,24.5,Normal
10.0,L,1,137.2,30.7,Normal
10.0,P,0,133.5,36.6,Overweight
11.0,L,1,142.7,30.3,Normal
7.0,P,0,119.7,21.9,Normal
8.0,L,1,124.0,25.4,Normal
9.0,P,0,127.9,27.3,Normal
11.0,L,1,137.8,35.4,Overweight
10.0,L,1,130.9,34.6,Overweight
6.0,L,1,112.4,20.6,Normal
11.0,L,1,143.1,35.8,Normal
6.0,L,1,117.5,22.0,Normal
9.0,L,1,129.7,28.5,Normal
7.0,L,1,120.1,22.7,Normal
9.0,P,0,127.0,30.9,Overweight
6.0,L,1,114.4,17.0,Underweight
9.0,L,1,128.2,26.9,Normal
10.0,L,1,133.3,38.0,Overweight
9.0,L,1,128.9,26.9,Normal
7.0,P,0,117.4,23.0,Normal
11.0,L,1,143.3,34.5,Normal
6.0,L,1,113.7,20.7,Normal
12.0,P,0,148.0,41.2,Overweight
6.0,P,0,110.1,17.0,Normal
10.0,L,1,131.8,28.1,Normal
8.0,L,1,121.6,24.5,Normal
6.0,P,0,110.5,17.2,Normal
8.0,P,0,121.8,27.8,Overweight
6.0,P,0,114.0,18.9,Normal
9.0,P,0,127.6,29.5,Overweight
10.0,L,1,133.5,32.5,Overweight
12.0,P,0,142.1,39.1,Overweight
9.0,L,1,130.6,23.3,Underweight
7.0,P,0,117.2,18.0,Underweight
12.0,L,1,147.0,39.9,Overweight
6.0,L,1,112.0,18.6,Normal
12.0,L,1,142.7,38.0,Overweight
7.0,L,1,119.0,20.0,Normal
7.0,L,1,116.8,24.1,Normal
8.0,L,1,123.6,23.7,Normal
8.0,P,0,118.4,26.0,Overweight
9.0,L,1,129.4,24.7,Normal
12.0,P,0,144.5,38.2,Overweight
6.0,L,1,115.0,18.1,Underweight
6.0,L,1,113.6,17.0,Underweight
11.0,P,0,136.5,37.1,Overweight
11.0,L,1,138.0,32.8,Normal
10.0,L,1,134.6,31.6,Normal
9.0,P,0,130.1,25.1,Normal
8.0,P,0,127.5,22.0,Underweight
10.0,P,0,131.9,27.4,Normal
8.0,L,1,120.6,21.8,Normal
11.0,P,0,145.1,36.6,Normal
10.0,P,0,131.0,38.0,Obesity
7.0,L,1,123.0,20.9,Underweight
8.0,L,1,123.7,23.0,Normal
8.0,L,1,119.4,25.2,Normal
9.0,P,0,128.6,31.0,Overweight
8.0,L,1,125.2,20.2,Underweight
9.0,L,1,129.8,28.2,Normal
7.0,P,0,120.0,22.3,Normal
9.0,L,1,127.9,31.8,Overweight
11.0,L,1,145.3,36.0,Normal
11.0,P,0,139.6,36.3,Overweight
12.0,L,1,147.0,41.8,Overweight
7.0,P,0,116.0,18.4,Underweight
8.0,P,0,127.5,23.2,Normal
9.0,L,1,127.2,24.2,Normal
12.0,P,0,146.0,44.0,Overweight
7.0,L,1,120.8,21.6,Normal
12.0,P,0,143.1,41.1,Overweight
8.0,L,1,120.9,26.2,Normal
9.0,P,0,128.6,26.4,Normal
12.0,P,0,144.8,41.7,Overweight
9.0,P,0,128.5,24.4,Normal
12.0,L,1,140.3,34.5,Normal
11.0,P,0,135.8,32.3,Normal
11.0,P,0,143.3,38.9,Overweight
11.0,P,0,138.2,35.0,Overweight
6.0,L,1,116.1,19.1,Normal
12.0,P,0,147.6,38.4,Normal
11.0,P,0,139.9,39.8,Overweight
10.0,P,0,129.3,37.3,Obesity
8.0,P,0,126.1,27.6,Normal
11.0,L,1,142.2,28.0,Underweight
11.0,P,0,142.2,33.6,Normal
7.0,P,0,119.6,21.2,Normal
6.0,L,1,112.6,19.2,Normal
7.0,P,0,117.9,23.5,Normal
10.0,P,0,133.9,32.4,Overweight
6.0,P,0,115.4,18.0,Underweight
12.0,P,0,146.6,37.6,Normal
7.0,L,1,120.7,22.5,Normal
11.0,L,1,142.2,36.9,Overweight
8.0,P,0,121.1,24.0,Normal
6.0,P,0,112.9,19.8,Normal
10.0,P,0,135.8,26.2,Normal
12.0,L,1,143.7,38.5,Overweight
7.0,L,1,119.0,25.0,Normal
7.0,L,1,117.8,23.2,Normal
11.0,L,1,139.4,37.9,Overweight
10.0,L,1,131.8,29.8,Normal
12.0,P,0,141.6,36.7,Overweight
10.0,L,1,133.6,29.4,Normal
9.0,P,0,127.0,29.9,Overweight
9.0,L,1,124.9,29.4,Overweight
7.0,P,0,120.1,25.0,Normal
10.0,L,1,132.7,30.7,Normal
8.0,L,1,119.2,22.8,Normal
6.0,L,1,111.9,19.3,Normal
7.0,L,1,119.9,23.0,Normal
11.0,P,0,139.3,31.1,Normal
7.0,P,0,114.7,25.0,Overweight
11.0,L,1,142.6,28.0,Underweight
10.0,L,1,133.0,30.9,Normal
11.0,P,0,138.9,33.2,Normal
8.0,L,1,126.4,28.6,Normal
12.0,L,1,147.7,36.8,Normal
8.0,P,0,121.5,23.9,Normal
11.0,L,1,142.1,34.3,Normal
12.0,P,0,145.5,42.5,Overweight
7.0,L,1,113.1,22.9,Normal
7.0,L,1,122.5,22.2,Normal
12.0,L,1,146.3,48.0,Obesity
12.0,L,1,152.0,39.6,Normal
8.0,L,1,123.3,27.0,Normal
11.0,P,0,140.1,34.1,Normal
12.0,P,0,143.4,30.6,Normal
8.0,L,1,124.9,21.5,Underweight
12.0,L,1,145.2,40.4,Overweight
8.0,L,1,122.5,24.9,Normal
6.0,L,1,111.5,17.0,Underweight
9.0,L,1,131.7,28.3,Normal
9.0,P,0,128.7,34.0,Overweight
9.0,P,0,129.8,24.6,Normal
6.0,P,0,113.4,21.3,Normal
9.0,P,0,126.2,22.0,Underweight
11.0,P,0,144.2,31.6,Normal
12.0,L,1,145.4,40.8,Overweight
8.0,L,1,123.7,28.8,Overweight
12.0,P,0,144.2,35.0,Normal
12.0,P,0,148.2,42.3,Overweight
8.0,L,1,119.1,21.7,Normal
10.0,L,1,136.1,30.8,Normal
7.0,P,0,115.7,20.8,Normal
7.0,L,1,114.3,24.0,Overweight
9.0,L,1,126.1,27.1,Normal
11.0,L,1,141.6,41.9,Overweight
11.0,P,0,141.1,40.3,Overweight
8.0,P,0,122.8,20.0,Underweight
7.0,L,1,118.8,19.3,Underweight
7.0,L,1,116.3,18.0,Underweight
7.0,P,0,115.7,19.6,Normal
12.0,P,0,148.3,36.5,Normal
10.0,L,1,135.1,30.4,Normal
7.0,P,0,117.5,21.5,Normal
11.0,L,1,138.6,35.1,Overweight
6.0,L,1,115.1,21.0,Normal
12.0,P,0,145.2,39.2,Overweight
9.0,L,1,124.9,31.8,Overweight
12.0,P,0,144.1,38.0,Overweight
8.0,L,1,118.4,21.6,Normal
6.0,L,1,117.7,22.0,Normal
7.0,P,0,117.9,21.6,Normal
8.0,P,0,122.5,20.0,Underweight
11.0,L,1,140.5,36.5,Overweight
12.0,L,1,146.3,38.3,Normal
10.0,L,1,137.1,27.3,Normal
11.0,P,0,144.1,34.7,Normal
10.0,P,0,136.9,28.4,Normal
12.0,L,1,144.2,42.1,Overweight
11.0,L,1,140.8,32.3,Normal
10.0,P,0,134.6,29.0,Normal
7.0,P,0,117.6,19.6,Normal
8.0,P,0,124.5,25.5,Normal
10.0,L,1,134.2,25.5,Normal
9.0,P,0,129.2,31.4,Overweight
9.0,P,0,127.2,26.9,Normal
8.0,L,1,123.2,23.7,Normal
11.0,L,1,141.8,36.3,Overweight
11.0,P,0,139.8,37.2,Overweight
8.0,L,1,123.7,26.3,Normal
6.0,L,1,111.7,21.1,Normal
8.0,L,1,121.9,24.3,Normal
10.0,P,0,138.5,32.9,Normal
10.0,L,1,136.3,33.4,Normal
7.0,L,1,115.9,20.8,Normal
10.0,P,0,129.3,28.4,Normal
11.0,P,0,145.0,30.6,Normal
7.0,L,1,113.0,25.0,Overweight
7.0,L,1,115.5,23.2,Normal
7.0,P,0,113.0,19.7,Normal
11.0,P,0,141.7,40.9,Overweight
11.0,P,0,138.0,31.9,Normal
9.0,P,0,125.3,27.6,Normal
8.0,P,0,122.8,25.3,Normal
11.0,L,1,139.6,31.6,Normal
11.0,P,0,138.0,37.8,Overweight
12.0,P,0,140.0,42.8,Overweight
12.0,L,1,148.5,44.2,Overweight
6.0,P,0,110.0,17.1,Normal
8.0,L,1,125.3,24.8,Normal
8.0,P,0,124.9,25.2,Normal
9.0,L,1,127.6,23.4,Normal
11.0,L,1,145.2,31.2,Normal
7.0,P,0,115.4,24.8,Overweight
10.0,P,0,137.0,28.1,Normal
10.0,L,1,129.2,35.2,Overweight
11.0,P,0,142.4,36.9,Overweight
6.0,L,1,112.9,17.8,Underweight
6.0,P,0,113.1,19.7,Normal
11.0,L,1,141.8,34.0,Normal
7.0,P,0,120.0,24.5,Normal
12.0,L,1,145.6,40.9,Overweight
7.0,P,0,115.8,20.7,Normal
9.0,L,1,127.0,32.8,Overweight
12.0,L,1,143.8,36.6,Normal
9.0,P,0,128.8,24.0,Normal
8.0,L,1,122.9,20.0,Underweight
12.0,P,0,147.4,35.6,Normal
12.0,L,1,143.5,38.6,Overweight
10.0,L,1,137.9,29.6,Normal
8.0,L,1,128.0,23.2,Normal
8.0,P,0,119.7,23.4,Normal
12.0,L,1,146.5,37.0,Normal
10.0,L,1,131.8,34.1,Overweight
10.0,P,0,131.2,29.4,Normal
11.0,L,1,140.5,36.0,Overweight
9.0,L,1,127.0,33.2,Overweight
7.0,L,1,117.2,22.5,Normal
11.0,P,0,139.8,34.5,Normal
12.0,L,1,147.2,39.8,Overweight
11.0,P,0,143.5,39.9,Overweight
7.0,P,0,115.7,21.3,Normal
7.0,L,1,115.9,20.2,Normal
9.0,L,1,133.0,28.8,Normal
10.0,P,0,132.7,31.0,Normal
7.0,P,0,116.9,20.2,Normal
11.0,L,1,144.8,33.0,Normal
10.0,L,1,134.1,37.7,Overweight
9.0,L,1,127.0,27.9,Normal
8.0,L,1,124.6,25.7,Normal
10.0,P,0,134.4,34.5,Overweight
8.0,L,1,124.3,22.5,Normal
8.0,P,0,122.9,25.1,Normal
11.0,L,1,137.8,35.0,Overweight
10.0,L,1,135.0,34.4,Overweight
9.0,P,0,132.4,28.2,Normal
8.0,L,1,120.5,27.0,Overweight
8.0,L,1,122.3,26.4,Normal
7.0,L,1,120.0,21.2,Normal
8.0,L,1,118.2,25.5,Overweight
12.0,P,0,147.9,36.8,Normal
11.0,L,1,145.6,30.4,Normal
9.0,L,1,124.9,27.1,Normal
7.0,L,1,119.3,20.8,Normal
8.0,P,0,121.6,23.7,Normal
8.0,L,1,125.6,23.0,Normal
8.0,P,0,124.8,25.7,Normal
7.0,P,0,117.7,22.1,Normal
11.0,L,1,142.9,33.4,Normal
8.0,P,0,120.8,23.7,Normal
9.0,P,0,130.3,28.9,Normal
6.0,L,1,116.3,17.0,Underweight
11.0,P,0,141.0,35.9,Overweight
12.0,P,0,144.2,34.9,Normal
11.0,L,1,141.3,34.2,Normal
9.0,P,0,131.6,29.4,Normal
11.0,L,1,138.4,34.6,Overweight
9.0,L,1,126.2,26.0,Normal
11.0,L,1,137.7,36.0,Overweight
11.0,P,0,143.3,34.4,Normal
8.0,P,0,118.5,23.8,Normal
9.0,P,0,129.2,28.9,Normal
8.0,P,0,127.8,23.2,Normal
12.0,L,1,145.2,38.5,Overweight
10.0,L,1,132.5,33.0,Overweight
9.0,P,0,127.5,30.4,Overweight
6.0,L,1,114.1,20.8,Normal
10.0,P,0,135.6,31.2,Normal
12.0,P,0,147.7,32.6,Normal
10.0,L,1,134.8,29.4,Normal
12.0,P,0,147.0,36.3,Normal
9.0,P,0,130.0,22.0,Underweight
11.0,P,0,139.6,34.7,Normal
8.0,L,1,121.3,22.3,Normal
7.0,L,1,114.2,19.6,Normal
10.0,P,0,133.5,25.2,Normal
11.0,L,1,139.5,39.0,Overweight
11.0,P,0,145.2,33.1,Normal
6.0,P,0,116.1,17.0,Underweight
10.0,P,0,140.0,32.6,Normal
6.0,P,0,110.3,22.0,Overweight
11.0,P,0,139.3,34.0,Normal
6.0,L,1,116.7,19.9,Normal
8.0,P,0,128.0,26.2,Normal
11.0,P,0,143.9,39.7,Overweight
12.0,L,1,146.8,44.0,Overweight
6.0,L,1,113.7,21.7,Normal
12.0,L,1,145.3,38.5,Overweight
12.0,L,1,150.4,37.3,Normal
11.0,P,0,140.5,35.0,Normal
11.0,L,1,138.4,42.5,Obesity
9.0,L,1,131.3,26.3,Normal
9.0,L,1,133.0,24.1,Underweight
9.0,P,0,123.4,28.8,Overweight
7.0,L,1,113.8,18.0,Underweight
12.0,L,1,145.1,36.5,Normal
6.0,P,0,113.7,17.1,Underweight
9.0,L,1,127.7,30.3,Overweight
11.0,P,0,135.0,35.3,Overweight
7.0,P,0,118.4,19.0,Underweight
6.0,P,0,116.6,20.6,Normal
10.0,P,0,133.2,33.3,Overweight
8.0,P,0,122.4,29.0,Overweight
6.0,L,1,111.7,19.3,Normal
12.0,P,0,144.4,40.8,Overweight
6.0,L,1,115.7,18.2,Underweight
12.0,L,1,146.4,40.0,Overweight
8.0,L,1,122.8,21.4,Normal
10.0,P,0,138.3,32.5,Normal
11.0,L,1,139.2,37.9,Overweight
9.0,L,1,129.9,29.4,Normal
6.0,P,0,118.0,17.5,Underweight
9.0,P,0,130.0,30.7,Overweight
6.0,P,0,113.4,18.0,Normal
12.0,L,1,148.6,40.7,Overweight
6.0,L,1,110.0,19.5,Normal
10.0,P,0,136.3,30.1,Normal
10.0,L,1,130.2,30.8,Overweight
12.0,P,0,145.9,40.7,Overweight
11.0,P,0,140.8,40.4,Overweight
11.0,P,0,140.6,37.2,Overweight
9.0,P,0,124.0,31.5,Overweight
12.0,P,0,143.9,41.6,Overweight
12.0,L,1,140.9,41.5,Overweight
7.0,P,0,121.4,22.6,Normal
12.0,P,0,145.7,37.9,Normal
9.0,L,1,129.1,25.1,Normal
11.0,L,1,137.2,36.6,Overweight
11.0,P,0,144.2,38.7,Overweight
8.0,P,0,121.7,22.2,Normal
10.0,P,0,135.7,31.7,Normal
7.0,L,1,117.2,23.2,Normal
11.0,P,0,139.3,29.6,Normal
12.0,P,0,147.2,41.5,Overweight
11.0,P,0,145.3,36.1,Normal
11.0,L,1,140.6,30.3,Normal
12.0,L,1,149.9,39.4,Normal
11.0,P,0,142.1,39.6,Overweight
6.0,P,0,112.5,18.6,Normal
10.0,P,0,133.1,30.0,Normal
10.0,L,1,137.7,32.2,Normal
8.0,P,0,127.1,23.3,Normal
10.0,P,0,136.1,28.4,Normal
9.0,L,1,127.0,30.5,Overweight
6.0,L,1,110.4,17.1,Underweight
7.0,L,1,120.5,22.1,Normal
12.0,P,0,146.7,34.1,Normal
12.0,P,0,144.7,40.3,Overweight
11.0,P,0,140.7,36.7,Overweight
10.0,L,1,137.8,31.2,Normal
9.0,L,1,126.6,27.3,Normal
7.0,P,0,116.7,20.6,Normal
6.0,P,0,113.9,19.6,Normal
7.0,P,0,118.2,21.6,Normal
10.0,L,1,133.2,33.7,Overweight
12.0,P,0,143.2,41.8,Overweight
11.0,P,0,143.3,37.5,Overweight
6.0,P,0,110.9,22.0,Normal
12.0,P,0,147.9,43.2,Overweight
7.0,L,1,119.2,18.0,Underweight
9.0,P,0,124.4,26.6,Normal
10.0,P,0,135.7,29.3,Normal
6.0,L,1,116.7,17.0,Underweight
8.0,L,1,125.8,29.0,Overweight
12.0,P,0,141.9,37.6,Overweight
10.0,L,1,136.3,31.1,Normal
6.0,P,0,112.4,20.0,Normal
12.0,P,0,146.2,42.5,Overweight
11.0,L,1,136.2,36.9,Overweight
11.0,P,0,147.0,42.6,Overweight
8.0,P,0,118.6,20.8,Normal
12.0,P,0,144.5,41.9,Overweight
8.0,L,1,121.5,24.0,Normal
6.0,P,0,110.0,17.7,Normal
8.0,P,0,123.9,26.4,Normal
12.0,P,0,143.8,32.1,Normal
11.0,P,0,140.3,33.5,Normal
11.0,P,0,144.8,36.0,Normal
9.0,P,0,127.8,32.7,Overweight
12.0,P,0,146.0,38.2,Normal
7.0,P,0,119.6,22.8,Normal
9.0,P,0,129.3,26.4,Normal
11.0,L,1,140.2,36.1,Overweight
8.0,P,0,118.1,23.0,Normal
11.0,P,0,142.7,30.7,Normal
8.0,L,1,125.8,28.8,Overweight
6.0,L,1,111.5,20.5,Normal
11.0,P,0,136.8,39.6,Overweight
8.0,L,1,125.0,28.5,Overweight
8.0,L,1,118.0,23.6,Normal
9.0,L,1,128.5,22.0,Underweight
11.0,L,1,140.6,40.7,Overweight
8.0,P,0,127.4,25.0,Normal
10.0,P,0,131.0,34.1,Overweight
11.0,L,1,142.9,37.7,Overweight
9.0,P,0,125.4,32.9,Overweight
9.0,P,0,126.5,31.8,Overweight
7.0,P,0,121.9,22.5,Normal
7.0,P,0,117.7,18.0,Underweight
7.0,L,1,119.0,20.7,Normal
7.0,P,0,119.9,23.2,Normal
8.0,L,1,124.2,23.2,Normal
9.0,P,0,130.9,28.4,Normal
8.0,L,1,120.5,24.4,Normal
8.0,P,0,123.8,21.0,Underweight
12.0,L,1,150.8,41.8,Overweight
6.0,P,0,113.9,19.8,Normal
8.0,P,0,124.3,26.2,Normal
8.0,P,0,120.0,23.6,Normal
12.0,L,1,143.4,41.3,Overweight
9.0,P,0,127.4,25.3,Normal
11.0,L,1,138.8,34.9,Overweight
12.0,L,1,140.0,38.4,Normal
11.0,L,1,138.2,35.9,Overweight
6.0,P,0,116.6,22.0,Normal
9.0,P,0,126.0,28.6,Normal
11.0,L,1,142.9,35.6,Normal
12.0,L,1,144.8,46.6,Obesity
6.0,P,0,112.2,19.0,Normal
6.0,L,1,112.7,22.0,Normal
8.0,L,1,127.3,28.7,Normal
12.0,P,0,146.5,43.5,Overweight
9.0,L,1,127.3,24.2,Normal
10.0,L,1,133.5,34.2,Overweight
6.0,L,1,111.2,19.3,Normal
7.0,P,0,119.5,24.7,Normal
11.0,L,1,138.9,39.5,Overweight
12.0,L,1,141.9,35.8,Normal
8.0,L,1,124.8,26.3,Normal
11.0,P,0,143.8,39.6,Overweight
8.0,L,1,123.9,23.4,Normal
7.0,L,1,121.2,23.8,Normal
7.0,L,1,118.7,19.5,Underweight
10.0,L,1,132.4,36.9,Normal
12.0,P,0,145.2,43.9,Overweight
8.0,P,0,118.0,25.5,Overweight
9.0,P,0,124.8,28.0,Normal
11.0,P,0,139.9,41.1,Overweight
11.0,L,1,141.1,37.4,Overweight
8.0,P,0,125.0,25.4,Normal
6.0,L,1,115.3,18.9,Normal
9.0,P,0,129.6,26.9,Normal
9.0,L,1,127.6,28.9,Normal
6.0,P,0,117.8,18.3,Underweight
6.0,L,1,116.8,19.4,Normal
8.0,P,0,126.9,22.6,Normal
10.0,L,1,135.3,35.9,Overweight
9.0,P,0,125.1,28.6,Overweight
7.0,L,1,117.0,21.2,Normal
7.0,L,1,120.3,23.9,Normal
8.0,L,1,118.4,22.7,Normal
10.0,P,0,132.4,30.2,Normal
9.0,P,0,127.7,24.5,Normal
12.0,P,0,146.9,42.1,Overweight
6.0,L,1,115.1,19.0,Normal
8.0,L,1,120.4,20.0,Underweight
9.0,L,1,127.4,23.4,Normal
6.0,P,0,113.1,21.2,Normal
10.0,L,1,132.2,30.0,Normal
6.0,L,1,113.3,21.2,Normal
6.0,L,1,114.0,18.1,Underweight
11.0,L,1,146.1,31.8,Normal
8.0,L,1,122.4,22.9,Normal
10.0,P,0,134.1,31.5,Normal
11.0,L,1,144.2,35.1,Normal
11.0,P,0,138.1,32.7,Normal
12.0,P,0,147.3,36.3,Normal
9.0,L,1,129.2,32.9,Overweight
12.0,P,0,146.3,38.1,Normal
11.0,P,0,143.7,35.7,Normal
6.0,P,0,113.1,19.0,Normal
10.0,L,1,132.1,29.4,Normal
12.0,L,1,148.2,43.7,Overweight
8.0,P,0,121.5,24.3,Normal
9.0,P,0,129.8,27.4,Normal
7.0,L,1,116.4,20.6,Normal
8.0,P,0,118.0,23.2,Normal
10.0,L,1,136.2,28.4,Normal
7.0,L,1,117.3,20.1,Normal
8.0,P,0,122.7,25.6,Normal
7.0,L,1,119.7,23.6,Normal
10.0,P,0,138.8,32.8,Normal
7.0,P,0,117.1,22.0,Normal
7.0,L,1,118.7,23.1,Normal
8.0,P,0,120.8,21.9,Normal
11.0,P,0,139.3,35.9,Overweight
12.0,P,0,149.6,42.5,Overweight
8.0,P,0,122.6,29.0,Overweight
11.0,L,1,141.6,36.7,Overweight
12.0,P,0,146.7,36.1,Normal
6.0,P,0,111.2,18.1,Normal
6.0,L,1,112.7,21.2,Normal
7.0,L,1,121.8,22.9,Normal
7.0,P,0,116.2,25.0,Overweight
7.0,P,0,117.5,18.0,Underweight
10.0,P,0,135.2,31.5,Normal
12.0,L,1,142.7,41.1,Overweight
6.0,L,1,115.3,20.9,Normal
11.0,L,1,139.9,37.3,Overweight
9.0,P,0,130.8,24.1,Normal
7.0,L,1,115.7,23.5,Normal
7.0,L,1,113.7,22.6,Normal
7.0,L,1,121.2,23.3,Normal
6.0,L,1,111.8,17.5,Normal
10.0,L,1,128.0,29.9,Overweight
8.0,L,1,119.2,20.9,Normal
6.0,L,1,115.5,20.8,Normal
7.0,L,1,116.1,21.5,Normal
11.0,L,1,141.7,37.1,Overweight
9.0,P,0,127.9,25.9,Normal
12.0,P,0,148.9,39.3,Normal
10.0,P,0,137.9,30.9,Normal
12.0,P,0,144.8,37.7,Normal
7.0,L,1,117.3,22.5,Normal
9.0,L,1,128.4,26.3,Normal
6.0,P,0,114.9,20.3,Normal
11.0,P,0,139.3,33.6,Normal
11.0,L,1,141.2,40.7,Overweight
9.0,P,0,126.2,24.5,Normal
10.0,P,0,132.8,32.3,Overweight
9.0,L,1,123.0,26.6,Normal
11.0,L,1,141.2,33.4,Normal
8.0,L,1,120.5,22.9,Normal
8.0,P,0,119.6,24.0,Normal
8.0,P,0,121.5,24.9,Normal
10.0,P,0,134.8,32.0,Normal
12.0,P,0,146.1,38.3,Normal
9.0,P,0,126.6,30.4,Overweight
12.0,P,0,146.1,39.3,Overweight
7.0,L,1,120.3,20.3,Normal
10.0,L,1,135.1,28.9,Normal
12.0,L,1,152.0,36.4,Normal
6.0,P,0,115.8,18.5,Underweight
8.0,P,0,123.2,28.5,Overweight
6.0,P,0,112.4,22.0,Normal
9.0,L,1,132.0,32.0,Overweight
10.0,P,0,137.4,31.2,Normal
11.0,L,1,139.9,34.4,Normal
6.0,P,0,110.9,17.0,Underweight
9.0,P,0,128.4,24.4,Normal
10.0,P,0,131.1,29.4,Normal
12.0,L,1,141.6,38.2,Overweight
9.0,L,1,126.0,33.4,Overweight
8.0,P,0,121.4,25.1,Normal
9.0,L,1,129.0,27.6,Normal
8.0,L,1,122.8,27.9,Overweight
10.0,P,0,130.8,30.7,Normal
9.0,L,1,132.8,28.3,Normal
8.0,P,0,126.4,22.3,Underweight
7.0,P,0,117.9,21.0,Normal
10.0,L,1,131.6,30.0,Normal
10.0,P,0,133.8,32.5,Overweight
9.0,L,1,125.8,25.2,Normal
10.0,L,1,130.6,33.9,Overweight
7.0,P,0,116.7,18.0,Underweight
10.0,L,1,134.2,31.2,Normal
7.0,L,1,116.5,20.4,Normal
7.0,L,1,119.0,20.9,Normal
12.0,P,0,147.6,41.4,Overweight
7.0,P,0,114.9,23.7,Normal
10.0,P,0,136.7,31.3,Normal
7.0,P,0,119.6,21.3,Normal
9.0,P,0,128.6,27.0,Normal
7.0,P,0,116.3,18.0,Underweight
9.0,L,1,128.8,28.2,Normal
9.0,P,0,126.9,29.0,Overweight
6.0,L,1,115.0,17.6,Underweight
9.0,L,1,124.0,30.6,Overweight
8.0,L,1,122.6,23.9,Normal
10.0,L,1,134.0,29.8,Normal
11.0,P,0,144.9,35.2,Normal
10.0,P,0,136.9,34.1,Overweight
8.0,L,1,123.5,20.3,Underweight
11.0,P,0,140.9,34.8,Normal
9.0,P,0,124.3,26.5,Normal
8.0,P,0,121.7,23.4,Normal
11.0,L,1,141.8,35.4,Normal
12.0,L,1,141.4,33.5,Normal
6.0,L,1,116.4,19.7,Normal
9.0,P,0,129.1,27.4,Normal
8.0,L,1,118.0,23.7,Normal
12.0,L,1,146.1,41.6,Overweight
11.0,P,0,140.8,37.3,Overweight
10.0,P,0,130.7,25.4,Normal
10.0,P,0,131.0,27.2,Normal
7.0,L,1,121.0,23.9,Normal
9.0,L,1,127.4,23.6,Normal
11.0,P,0,137.9,33.3,Normal
11.0,L,1,144.3,34.7,Normal
12.0,L,1,140.3,43.6,Obesity
10.0,L,1,133.7,35.1,Overweight
9.0,L,1,128.0,30.4,Overweight
7.0,L,1,121.9,18.0,Underweight
12.0,P,0,147.3,35.6,Normal
7.0,L,1,123.0,18.0,Underweight
10.0,P,0,133.3,29.8,Normal
12.0,L,1,140.0,46.2,Obesity
10.0,L,1,139.6,31.9,Normal
12.0,P,0,146.9,41.7,Overweight
8.0,P,0,120.6,29.0,Overweight
6.0,P,0,115.3,19.4,Normal
11.0,L,1,144.7,36.2,Normal
6.0,P,0,116.0,22.0,Normal
10.0,L,1,134.0,30.2,Normal
6.0,P,0,111.7,19.4,Normal
7.0,P,0,116.9,25.0,Overweight
6.0,L,1,116.5,18.6,Underweight
12.0,L,1,147.1,41.8,Overweight
9.0,P,0,131.3,24.8,Normal
11.0,L,1,143.5,38.9,Overweight
10.0,L,1,134.4,32.8,Overweight
10.0,P,0,132.0,31.9,Overweight
9.0,P,0,125.4,31.8,Overweight
12.0,L,1,146.7,34.6,Normal
11.0,P,0,137.1,32.5,Normal
7.0,P,0,115.3,18.8,Normal
8.0,L,1,128.0,26.1,Normal
8.0,L,1,118.0,21.6,Normal
8.0,L,1,120.1,25.8,Normal
11.0,P,0,142.6,37.7,Overweight
11.0,L,1,140.9,30.6,Normal
7.0,P,0,115.6,23.9,Normal
8.0,L,1,127.2,23.9,Normal
8.0,P,0,127.8,27.6,Normal
10.0,P,0,133.6,28.1,Normal
9.0,P,0,128.0,28.4,Normal
7.0,P,0,118.5,23.4,Normal
11.0,L,1,140.6,34.3,Normal
11.0,L,1,142.7,32.8,Normal
7.0,P,0,115.8,22.2,Normal
10.0,P,0,134.6,28.9,Normal
10.0,P,0,135.7,35.5,Overweight
9.0,L,1,128.4,28.2,Normal
9.0,L,1,125.4,29.4,Overweight
9.0,P,0,128.3,31.6,Overweight
10.0,L,1,132.0,29.0,Normal
7.0,L,1,120.5,19.3,Underweight
8.0,L,1,125.1,24.6,Normal
9.0,P,0,129.9,29.0,Normal
8.0,P,0,122.4,25.7,Normal
10.0,L,1,132.5,34.3,Overweight
10.0,P,0,131.7,33.8,Overweight
6.0,P,0,113.1,18.1,Normal
12.0,P,0,143.4,36.6,Normal
8.0,P,0,120.1,22.4,Normal
10.0,L,1,134.1,34.4,Overweight
10.0,L,1,132.1,32.6,Overweight
10.0,L,1,136.6,29.4,Normal
11.0,L,1,135.4,32.7,Normal
8.0,P,0,121.8,24.1,Normal
6.0,P,0,110.0,21.2,Normal
6.0,L,1,114.1,18.3,Normal
6.0,P,0,111.5,18.4,Normal
8.0,P,0,119.1,23.1,Normal
10.0,P,0,133.3,30.7,Normal
10.0,L,1,129.4,31.2,Overweight
11.0,L,1,140.8,36.4,Overweight
6.0,P,0,114.0,21.7,Normal
9.0,L,1,131.6,30.2,Normal
10.0,P,0,135.7,35.7,Overweight
10.0,P,0,134.8,30.0,Normal
10.0,P,0,134.4,30.6,Normal
6.0,P,0,110.1,19.5,Normal
6.0,L,1,114.8,19.2,Normal
8.0,P,0,124.0,25.4,Normal
6.0,L,1,111.5,20.3,Normal
11.0,P,0,139.1,32.9,Normal
7.0,P,0,118.3,20.5,Normal
6.0,L,1,116.1,20.5,Normal
10.0,L,1,136.2,33.4,Overweight
6.0,P,0,115.7,20.3,Normal
11.0,L,1,141.5,40.0,Overweight
9.0,P,0,127.5,27.8,Normal
11.0,P,0,142.0,35.0,Normal
7.0,P,0,120.3,18.9,Underweight
10.0,L,1,134.1,31.4,Normal
11.0,P,0,139.1,38.2,Overweight
12.0,L,1,148.8,38.6,Normal
7.0,L,1,118.9,20.7,Normal
12.0,P,0,145.3,43.7,Overweight
10.0,L,1,135.1,35.7,Overweight
10.0,P,0,134.3,30.9,Normal
8.0,L,1,118.6,20.3,Normal
8.0,P,0,124.7,21.3,Underweight
8.0,L,1,121.8,22.1,Normal
11.0,L,1,141.4,36.1,Overweight
9.0,P,0,133.0,29.4,Normal
9.0,P,0,128.6,24.3,Normal
8.0,L,1,123.1,29.0,Overweight
7.0,L,1,117.6,23.7,Normal
10.0,P,0,129.3,27.6,Normal
9.0,L,1,129.5,27.9,Normal
7.0,P,0,116.9,22.1,Normal
8.0,P,0,126.9,23.6,Normal
12.0,L,1,142.9,41.2,Overweight
9.0,P,0,127.8,31.6,Overweight
9.0,L,1,128.6,29.8,Overweight
6.0,L,1,110.0,19.3,Normal
8.0,L,1,121.2,22.1,Normal
8.0,P,0,119.2,25.1,Normal
8.0,P,0,118.6,26.2,Overweight
12.0,P,0,144.4,38.7,Normal
10.0,L,1,133.8,33.4,Overweight
8.0,L,1,125.3,22.0,Normal
10.0,P,0,134.3,28.9,Normal
8.0,L,1,119.1,24.5,Normal
8.0,P,0,121.3,22.7,Normal
12.0,P,0,145.3,37.1,Normal
10.0,L,1,134.5,25.0,Underweight
9.0,L,1,125.3,32.0,Overweight
7.0,L,1,118.8,22.2,Normal
10.0,L,1,132.9,30.5,Normal
12.0,L,1,143.8,40.7,Overweight
11.0,P,0,143.3,39.0,Overweight
7.0,P,0,117.6,25.0,Overweight
12.0,P,0,145.4,41.2,Overweight
10.0,P,0,130.7,29.3,Normal
10.0,L,1,138.1,29.5,Normal
8.0,L,1,124.9,27.2,Normal
12.0,P,0,143.0,36.1,Normal
12.0,P,0,143.0,40.7,Overweight
11.0,P,0,140.0,35.0,Normal
6.0,L,1,113.3,18.8,Normal
6.0,L,1,112.6,20.5,Normal
11.0,P,0,135.7,35.0,Overweight
12.0,P,0,144.4,35.3,Normal
11.0,P,0,142.4,36.0,Normal
6.0,P,0,115.7,19.8,Normal
12.0,P,0,149.0,39.2,Normal
8.0,L,1,125.3,20.0,Underweight
7.0,P,0,120.9,18.7,Underweight
9.0,P,0,130.7,30.3,Normal
9.0,P,0,128.6,30.2,Overweight
10.0,L,1,133.1,36.9,Overweight
10.0,L,1,134.7,30.7,Normal
9.0,L,1,129.2,25.5,Normal
12.0,L,1,142.2,38.5,Overweight
9.0,L,1,127.1,23.1,Normal
11.0,L,1,142.8,33.4,Normal
10.0,L,1,134.8,26.7,Normal
9.0,P,0,130.7,26.1,Normal
12.0,L,1,146.6,41.6,Overweight
12.0,L,1,146.6,33.5,Normal
10.0,P,0,132.1,31.6,Overweight
8.0,P,0,119.9,20.0,Underweight
8.0,P,0,123.5,28.7,Overweight
11.0,L,1,140.2,36.8,Overweight
7.0,P,0,115.8,19.1,Normal
6.0,L,1,111.2,20.1,Normal
6.0,P,0,115.5,22.0,Normal
9.0,L,1,127.3,25.4,Normal
9.0,P,0,126.2,29.4,Overweight
11.0,P,0,139.0,35.7,Overweight
10.0,L,1,131.3,30.1,Normal
7.0,P,0,116.7,25.0,Overweight
9.0,P,0,130.6,25.1,Normal
6.0,P,0,117.3,18.2,Underweight
10.0,L,1,134.9,32.1,Normal
9.0,P,0,130.0,29.6,Normal
12.0,P,0,152.0,37.9,Normal
12.0,L,1,149.8,39.6,Normal
12.0,L,1,145.3,45.8,Overweight
7.0,L,1,120.1,20.8,Normal
11.0,L,1,143.7,33.2,Normal
12.0,P,0,144.0,39.4,Overweight
7.0,P,0,123.0,22.4,Normal
12.0,P,0,147.4,41.6,Overweight
12.0,P,0,142.6,39.2,Overweight
10.0,L,1,132.8,34.0,Overweight
12.0,L,1,146.2,36.8,Normal
7.0,P,0,118.1,20.2,Normal
11.0,P,0,141.0,37.4,Overweight
8.0,L,1,121.1,24.2,Normal
9.0,L,1,129.9,28.2,Normal
12.0,L,1,147.4,42.7,Overweight
10.0,P,0,131.4,32.7,Overweight
10.0,P,0,133.6,33.7,Overweight
7.0,L,1,114.4,18.0,Underweight
11.0,L,1,139.0,41.8,Overweight
10.0,L,1,131.8,27.8,Normal
8.0,L,1,123.1,22.5,Normal
11.0,L,1,138.8,40.1,Overweight
7.0,P,0,121.2,20.5,Underweight
8.0,L,1,122.9,20.5,Underweight
6.0,L,1,113.6,20.7,Normal
6.0,L,1,117.4,17.4,Underweight
8.0,L,1,127.9,22.8,Underweight
9.0,P,0,126.8,28.2,Normal
9.0,P,0,130.9,33.0,Overweight
10.0,P,0,133.7,27.7,Normal
8.0,L,1,123.5,21.3,Underweight
12.0,L,1,149.9,42.6,Overweight
11.0,P,0,141.4,34.6,Normal
9.0,P,0,129.4,25.7,Normal
12.0,P,0,145.5,42.8,Overweight
7.0,L,1,119.0,20.4,Normal
10.0,L,1,137.4,32.7,Normal
11.0,P,0,137.4,31.4,Normal
8.0,L,1,120.4,27.3,Overweight
11.0,P,0,143.8,33.9,Normal
11.0,L,1,142.3,33.6,Normal
11.0,L,1,145.7,36.0,Normal
9.0,L,1,128.4,24.3,Normal
8.0,L,1,122.4,24.0,Normal
11.0,L,1,138.3,36.1,Overweight
7.0,P,0,120.2,18.1,Underweight
9.0,L,1,127.3,26.1,Normal
12.0,P,0,150.4,35.9,Normal
12.0,L,1,144.1,40.3,Overweight
8.0,L,1,122.3,28.1,Overweight
8.0,P,0,121.1,24.8,Normal
11.0,P,0,142.2,29.7,Normal
8.0,P,0,122.0,22.7,Normal
11.0,L,1,144.6,32.3,Normal
10.0,L,1,135.2,35.9,Overweight
11.0,P,0,138.0,36.4,Overweight
7.0,P,0,121.4,18.0,Underweight
10.0,L,1,132.0,35.1,Overweight
11.0,P,0,138.5,32.2,Normal
11.0,P,0,142.0,37.3,Overweight
11.0,P,0,139.4,39.3,Overweight
9.0,L,1,123.0,33.0,Overweight
12.0,P,0,145.5,47.5,Obesity
9.0,L,1,132.8,32.8,Overweight
10.0,L,1,136.4,33.1,Normal
8.0,P,0,122.2,26.5,Normal
10.0,P,0,132.5,33.8,Overweight
11.0,L,1,139.7,34.7,Normal
9.0,P,0,130.2,25.0,Normal
7.0,L,1,116.8,23.0,Normal
8.0,L,1,126.7,24.4,Normal
11.0,P,0,140.0,37.0,Overweight
9.0,P,0,130.1,31.2,Overweight
12.0,P,0,146.1,35.4,Normal
6.0,P,0,114.4,18.2,Underweight
9.0,L,1,126.9,28.7,Normal
7.0,L,1,115.2,20.6,Normal
6.0,P,0,113.1,20.4,Normal
12.0,L,1,145.6,42.1,Overweight
10.0,L,1,133.6,31.0,Normal
11.0,L,1,139.6,40.5,Overweight
6.0,L,1,114.3,17.1,Underweight
6.0,L,1,112.1,22.0,Normal
9.0,P,0,126.0,30.1,Overweight
10.0,L,1,136.8,25.5,Underweight
10.0,P,0,134.1,29.8,Normal
12.0,L,1,147.4,37.9,Normal
6.0,P,0,113.4,21.2,Normal
11.0,L,1,140.3,38.3,Overweight
7.0,P,0,121.4,18.2,Underweight
11.0,L,1,135.8,33.6,Overweight
12.0,P,0,146.1,42.9,Overweight
11.0,P,0,141.0,35.4,Normal
10.0,L,1,135.8,30.3,Normal
11.0,P,0,144.6,35.2,Normal
7.0,L,1,118.8,25.0,Normal
8.0,L,1,125.3,25.3,Normal
7.0,L,1,117.6,20.1,Normal
7.0,P,0,118.2,18.0,Underweight
12.0,L,1,141.6,40.6,Overweight
8.0,P,0,125.4,25.2,Normal
7.0,P,0,115.2,22.1,Normal
11.0,L,1,147.0,34.0,Normal
12.0,L,1,142.9,38.5,Overweight
11.0,L,1,144.2,34.5,Normal
11.0,P,0,140.8,34.1,Normal
11.0,L,1,140.0,32.1,Normal
11.0,L,1,138.5,38.7,Overweight
9.0,L,1,131.7,26.8,Normal
9.0,P,0,129.7,26.4,Normal
9.0,P,0,126.2,28.8,Overweight
12.0,L,1,142.0,34.7,Normal
11.0,P,0,138.4,35.6,Overweight
6.0,L,1,117.4,20.2,Normal
11.0,P,0,142.0,34.5,Normal
10.0,L,1,140.0,27.8,Normal
7.0,P,0,122.2,25.0,Normal
11.0,P,0,141.3,38.5,Overweight
10.0,P,0,138.6,37.1,Overweight
7.0,P,0,120.6,18.8,Underweight
10.0,P,0,131.8,37.1,Overweight
6.0,P,0,115.3,17.7,Underweight
9.0,L,1,129.0,23.6,Normal
7.0,P,0,117.5,24.7,Normal
8.0,L,1,126.0,28.2,Normal
8.0,P,0,124.5,20.0,Underweight
9.0,L,1,126.9,24.0,Normal
11.0,L,1,138.2,34.9,Overweight
12.0,L,1,145.7,36.9,Normal
12.0,L,1,145.1,43.0,Overweight
12.0,P,0,147.5,37.9,Normal
7.0,P,0,116.3,19.9,Normal
8.0,P,0,123.4,22.5,Normal
7.0,L,1,119.1,21.3,Normal
8.0,P,0,119.4,26.5,Overweight
9.0,L,1,125.1,33.3,Overweight
9.0,P,0,128.2,32.2,Overweight
6.0,L,1,111.6,20.5,Normal
11.0,L,1,138.9,31.5,Normal
7.0,P,0,118.5,21.6,Normal
12.0,L,1,146.9,43.5,Overweight
9.0,L,1,127.5,25.5,Normal
8.0,L,1,123.1,27.4,Overweight
12.0,L,1,145.2,37.7,Normal
7.0,P,0,117.6,23.5,Normal
9.0,P,0,125.7,28.5,Normal
6.0,L,1,114.9,20.0,Normal
9.0,P,0,125.8,26.6,Normal
9.0,L,1,125.6,30.8,Overweight
11.0,P,0,141.9,36.6,Overweight
10.0,L,1,133.1,31.2,Normal
12.0,L,1,147.4,39.7,Overweight
9.0,L,1,127.2,29.0,Normal
9.0,L,1,131.0,28.4,Normal
8.0,L,1,124.6,23.2,Normal
12.0,P,0,150.8,40.3,Normal
12.0,P,0,144.4,37.7,Overweight
11.0,P,0,141.4,34.0,Normal
9.0,P,0,129.1,28.3,Normal
7.0,L,1,116.0,18.0,Underweight
9.0,P,0,124.9,23.7,Normal
7.0,P,0,118.3,19.4,Underweight
9.0,L,1,124.5,30.1,Overweight
10.0,L,1,137.1,32.2,Normal
9.0,L,1,130.9,22.7,Underweight
11.0,P,0,145.7,35.9,Normal
12.0,P,0,146.2,37.1,Normal
9.0,L,1,126.0,27.4,Normal
12.0,P,0,145.6,43.4,Overweight
10.0,P,0,130.7,31.6,Overweight
11.0,P,0,141.6,39.7,Overweight
8.0,L,1,119.4,26.3,Overweight
10.0,L,1,132.1,31.4,Normal
9.0,L,1,126.7,25.4,Normal
10.0,P,0,134.7,30.2,Normal
8.0,P,0,123.0,22.6,Normal
10.0,P,0,133.9,30.8,Normal
9.0,L,1,127.4,25.0,Normal
9.0,L,1,126.5,23.5,Normal
7.0,P,0,123.0,22.9,Normal
9.0,L,1,127.2,27.3,Normal
12.0,P,0,141.9,40.4,Overweight
9.0,P,0,127.7,30.1,Overweight
12.0,L,1,143.9,39.8,Overweight
11.0,L,1,142.8,28.3,Underweight
12.0,L,1,140.5,40.1,Overweight
11.0,P,0,135.3,36.6,Overweight
11.0,L,1,146.3,31.5,Normal
9.0,P,0,126.0,22.0,Underweight
12.0,L,1,142.4,37.6,Overweight
7.0,L,1,113.1,18.9,Normal
10.0,L,1,136.5,27.8,Normal
7.0,L,1,117.9,20.2,Normal
9.0,L,1,129.1,28.1,Normal
9.0,P,0,126.6,25.5,Normal
11.0,L,1,137.9,40.7,Overweight
11.0,P,0,144.2,33.4,Normal
6.0,L,1,114.1,20.9,Normal
12.0,P,0,148.8,34.5,Normal
12.0,L,1,145.5,40.2,Overweight
8.0,P,0,119.2,28.6,Overweight
6.0,L,1,115.0,20.0,Normal
7.0,L,1,119.7,19.9,Underweight
6.0,P,0,111.1,17.0,Underweight
11.0,P,0,142.4,32.5,Normal
7.0,P,0,120.8,18.0,Underweight
7.0,P,0,120.5,20.3,Normal
9.0,L,1,132.4,28.2,Normal
7.0,P,0,114.8,18.0,Underweight
10.0,L,1,133.6,33.1,Overweight
9.0,L,1,127.6,29.7,Overweight
9.0,P,0,124.2,28.7,Overweight
12.0,P,0,144.1,36.0,Normal
9.0,P,0,127.7,31.3,Overweight
12.0,P,0,149.4,37.8,Normal
8.0,L,1,126.2,29.0,Overweight
10.0,P,0,135.5,32.1,Normal
7.0,P,0,118.0,25.0,Normal
7.0,L,1,121.3,18.8,Underweight
11.0,P,0,141.7,36.4,Overweight
9.0,L,1,125.9,30.2,Overweight
10.0,L,1,135.5,30.4,Normal
11.0,L,1,139.0,37.7,Overweight
11.0,L,1,139.0,33.4,Normal
10.0,P,0,138.1,32.8,Normal
6.0,P,0,115.9,17.6,Underweight
12.0,L,1,144.6,41.0,Overweight
12.0,P,0,147.3,42.3,Overweight
10.0,L,1,133.8,33.6,Overweight
10.0,P,0,134.0,34.0,Overweight
9.0,P,0,132.0,27.2,Normal
7.0,P,0,114.6,20.8,Normal
8.0,L,1,120.1,22.1,Normal
9.0,P,0,126.2,23.6,Normal
11.0,P,0,138.7,36.5,Overweight
7.0,L,1,122.1,21.1,Normal
10.0,L,1,134.3,33.9,Overweight
12.0,P,0,148.4,35.3,Normal
6.0,P,0,112.4,18.8,Normal
11.0,P,0,141.0,37.8,Overweight
7.0,L,1,118.0,21.4,Normal
11.0,L,1,138.3,37.1,Overweight
9.0,P,0,129.5,29.2,Normal
8.0,L,1,123.7,24.8,Normal
8.0,P,0,125.1,25.3,Normal
12.0,P,0,148.2,39.3,Normal
7.0,P,0,118.5,18.8,Underweight
8.0,L,1,123.8,25.8,Normal
6.0,P,0,112.8,17.6,Underweight
10.0,L,1,132.2,32.2,Overweight
8.0,L,1,125.5,24.0,Normal
11.0,P,0,138.3,31.5,Normal
10.0,L,1,130.4,30.4,Normal
10.0,P,0,139.4,35.1,Overweight
9.0,P,0,128.4,25.8,Normal
8.0,L,1,122.5,20.0,Underweight
11.0,P,0,142.3,37.4,Overweight
6.0,L,1,114.8,21.4,Normal
12.0,P,0,146.8,37.6,Normal
10.0,P,0,132.9,30.0,Normal
12.0,L,1,146.6,39.5,Overweight
9.0,P,0,125.7,34.0,Overweight
12.0,P,0,144.3,38.3,Overweight
8.0,L,1,118.0,25.8,Overweight
10.0,P,0,133.7,33.1,Overweight
6.0,L,1,111.7,20.1,Normal
11.0,L,1,141.4,39.0,Overweight
9.0,L,1,128.9,26.0,Normal
6.0,P,0,112.7,19.1,Normal
10.0,L,1,130.5,28.3,Normal
7.0,P,0,116.3,19.5,Normal
7.0,L,1,116.0,22.4,Normal
10.0,L,1,132.3,33.9,Overweight
8.0,L,1,122.2,21.6,Normal
11.0,L,1,139.3,34.8,Normal
6.0,P,0,113.4,18.7,Normal
11.0,L,1,141.2,39.0,Overweight
11.0,L,1,136.8,37.9,Overweight
10.0,P,0,128.7,28.2,Normal
9.0,L,1,125.3,24.3,Normal
6.0,L,1,113.7,18.4,Normal
7.0,P,0,121.7,22.3,Normal
7.0,P,0,117.8,24.8,Normal
7.0,P,0,121.6,22.5,Normal
12.0,L,1,147.2,41.9,Overweight
12.0,P,0,144.3,39.0,Overweight
11.0,L,1,140.1,35.3,Normal
9.0,P,0,126.0,28.5,Normal
6.0,L,1,114.3,20.2,Normal
7.0,L,1,117.5,21.0,Normal
7.0,L,1,119.7,20.6,Normal
10.0,P,0,135.5,31.6,Normal
8.0,P,0,123.7,21.1,Underweight
10.0,L,1,137.7,33.2,Normal
8.0,L,1,126.3,20.0,Underweight
6.0,P,0,115.9,17.8,Underweight
8.0,L,1,126.5,21.9,Underweight
10.0,P,0,139.4,29.4,Normal
11.0,P,0,139.0,39.1,Overweight
12.0,P,0,150.3,40.6,Normal
8.0,L,1,124.0,25.1,Normal
10.0,P,0,135.5,27.5,Normal
11.0,P,0,141.3,35.2,Normal
12.0,L,1,144.6,39.6,Overweight
8.0,L,1,122.5,27.1,Overweight
9.0,P,0,125.7,26.5,Normal
11.0,P,0,139.5,34.6,Normal
10.0,P,0,138.5,25.5,Underweight
7.0,L,1,123.0,22.4,Normal
9.0,L,1,126.9,29.0,Overweight
7.0,L,1,114.5,18.0,Underweight
6.0,P,0,116.2,22.0,Normal
11.0,P,0,140.6,36.3,Overweight
12.0,P,0,148.6,43.1,Overweight
6.0,L,1,113.3,20.8,Normal
6.0,L,1,111.8,22.0,Normal
10.0,P,0,128.0,38.0,Obesity
6.0,L,1,112.5,18.9,Normal
7.0,L,1,121.2,20.3,Underweight
6.0,L,1,110.9,18.5,Normal
6.0,P,0,113.6,18.4,Normal
10.0,P,0,133.4,29.9,Normal
11.0,L,1,143.4,32.4,Normal
7.0,P,0,119.8,23.0,Normal
9.0,L,1,123.0,33.4,Obesity
11.0,P,0,143.3,31.3,Normal
11.0,P,0,146.6,32.7,Normal
7.0,L,1,117.4,21.0,Normal
12.0,L,1,145.2,35.6,Normal
11.0,P,0,136.0,30.9,Normal
9.0,P,0,124.6,29.7,Overweight
8.0,P,0,119.0,28.0,Overweight
10.0,L,1,133.3,30.3,Normal
9.0,P,0,126.9,30.3,Overweight
8.0,L,1,124.0,24.7,Normal
6.0,L,1,112.9,19.5,Normal
9.0,L,1,127.6,27.0,Normal
8.0,P,0,126.5,22.0,Underweight
8.0,P,0,122.5,24.1,Normal
12.0,P,0,148.0,40.6,Overweight
11.0,P,0,143.9,35.7,Normal
9.0,P,0,125.5,28.2,Normal
7.0,L,1,122.2,19.8,Underweight
7.0,P,0,119.2,20.5,Normal
12.0,L,1,145.7,43.0,Overweight
6.0,L,1,113.7,20.9,Normal
12.0,P,0,140.2,33.1,Normal
6.0,L,1,113.4,21.0,Normal
6.0,L,1,114.2,19.1,Normal
10.0,P,0,136.3,26.9,Normal
10.0,P,0,132.0,30.6,Normal
8.0,P,0,124.3,29.0,Overweight
9.0,L,1,124.3,22.9,Normal
11.0,L,1,137.6,33.8,Normal
11.0,P,0,136.1,34.8,Overweight
8.0,P,0,124.9,21.1,Underweight
12.0,P,0,152.0,40.0,Normal
10.0,P,0,137.3,30.7,Normal
12.0,P,0,147.0,38.7,Normal
9.0,L,1,124.2,30.5,Overweight
9.0,L,1,124.1,34.0,Obesity
9.0,P,0,128.1,34.0,Overweight
6.0,L,1,115.4,21.6,Normal
9.0,P,0,128.7,26.9,Normal
10.0,P,0,129.0,26.2,Normal
9.0,L,1,127.8,24.7,Normal
11.0,L,1,138.9,29.8,Normal
8.0,P,0,122.3,26.0,Normal
7.0,P,0,119.4,24.5,Normal
11.0,P,0,138.6,34.5,Normal
12.0,P,0,144.1,37.2,Normal
11.0,L,1,142.2,37.3,Overweight
11.0,L,1,145.3,32.5,Normal
11.0,L,1,140.8,35.0,Normal
12.0,L,1,146.7,41.6,Overweight
11.0,P,0,141.8,35.3,Normal
6.0,L,1,112.4,22.0,Normal
12.0,P,0,148.0,37.0,Normal
8.0,L,1,120.9,25.2,Normal
9.0,L,1,124.4,27.1,Normal
10.0,P,0,134.6,25.5,Normal
8.0,P,0,120.3,27.1,Overweight
10.0,L,1,133.5,32.2,Overweight
6.0,P,0,112.7,21.5,Normal
10.0,P,0,134.2,27.8,Normal
11.0,L,1,144.8,28.0,Underweight
8.0,P,0,126.4,28.8,Overweight
9.0,P,0,123.0,27.1,Normal
11.0,P,0,141.0,39.3,Overweight
9.0,L,1,132.6,25.6,Normal
11.0,P,0,145.6,37.6,Normal
11.0,L,1,144.5,35.0,Normal
11.0,P,0,143.3,35.3,Normal
11.0,L,1,141.2,34.9,Normal
8.0,L,1,124.7,28.4,Overweight
9.0,P,0,129.7,29.8,Normal
9.0,L,1,131.3,23.0,Underweight
8.0,L,1,121.7,26.0,Normal
10.0,L,1,132.9,27.5,Normal
11.0,P,0,135.0,40.1,Obesity
12.0,L,1,146.1,33.0,Normal
10.0,P,0,133.8,38.0,Overweight
7.0,L,1,114.5,20.3,Normal
8.0,L,1,118.0,28.1,Overweight
8.0,L,1,119.7,21.4,Normal
9.0,L,1,129.0,31.6,Overweight
12.0,P,0,147.8,43.9,Overweight
9.0,P,0,128.9,27.8,Normal
12.0,L,1,143.9,42.1,Overweight
7.0,P,0,119.6,24.3,Normal
8.0,L,1,119.1,24.1,Normal
10.0,L,1,131.0,34.8,Overweight
9.0,P,0,128.3,29.2,Normal
9.0,L,1,133.0,27.7,Normal
12.0,P,0,147.6,44.8,Overweight
11.0,L,1,138.0,36.9,Overweight
10.0,L,1,134.0,27.3,Normal
6.0,L,1,114.6,21.8,Normal
10.0,L,1,128.3,33.4,Overweight
9.0,L,1,125.1,24.6,Normal
9.0,P,0,127.8,34.0,Overweight
9.0,P,0,126.7,24.7,Normal
6.0,L,1,115.5,17.5,Underweight
12.0,L,1,146.3,39.2,Overweight
10.0,P,0,138.3,33.7,Normal
9.0,L,1,125.0,32.2,Overweight
10.0,L,1,134.6,32.4,Normal
11.0,P,0,139.2,40.9,Overweight
12.0,P,0,144.0,34.7,Normal
8.0,L,1,120.6,22.9,Normal
6.0,L,1,110.7,22.0,Normal
10.0,P,0,133.1,30.6,Normal
10.0,L,1,128.2,34.2,Overweight
11.0,L,1,139.2,30.3,Normal
7.0,L,1,117.5,22.1,Normal
9.0,L,1,131.7,33.3,Overweight
8.0,L,1,123.2,23.5,Normal
8.0,L,1,118.6,28.4,Overweight
10.0,L,1,133.1,33.6,Overweight
6.0,L,1,112.1,20.6,Normal
10.0,P,0,136.7,28.8,Normal
7.0,L,1,117.1,22.2,Normal
10.0,L,1,131.2,34.1,Overweight
9.0,P,0,129.4,30.8,Overweight
7.0,P,0,119.3,23.7,Normal
11.0,L,1,135.7,33.7,Overweight
8.0,L,1,123.6,21.6,Normal
6.0,P,0,113.1,18.9,Normal
12.0,L,1,148.1,43.1,Overweight
8.0,P,0,120.3,28.9,Overweight
6.0,P,0,113.2,18.0,Normal
11.0,P,0,139.8,36.3,Overweight
9.0,P,0,125.3,29.5,Overweight
8.0,P,0,125.1,27.4,Normal
9.0,P,0,131.8,31.8,Overweight
7.0,L,1,121.5,21.3,Normal
8.0,P,0,124.1,22.8,Normal
11.0,L,1,140.5,30.5,Normal
10.0,P,0,136.2,30.3,Normal
11.0,L,1,137.7,32.3,Normal
7.0,L,1,119.6,18.0,Underweight
8.0,P,0,124.9,23.7,Normal
8.0,L,1,126.4,23.4,Normal
12.0,P,0,144.8,35.5,Normal
11.0,L,1,143.2,35.9,Normal
9.0,L,1,132.9,28.1,Normal
10.0,P,0,134.8,25.4,Underweight
9.0,L,1,125.4,26.0,Normal
10.0,L,1,132.5,28.2,Normal
10.0,P,0,131.2,25.0,Normal
7.0,L,1,118.2,21.1,Normal
9.0,L,1,133.0,22.0,Underweight
9.0,P,0,127.7,30.6,Overweight
8.0,L,1,120.9,21.6,Normal
12.0,L,1,147.9,32.9,Normal
8.0,L,1,120.9,27.4,Overweight
12.0,L,1,145.6,43.7,Overweight
11.0,P,0,143.2,37.0,Overweight
12.0,P,0,151.8,35.7,Normal
9.0,L,1,123.6,24.0,Normal
11.0,L,1,136.3,35.7,Overweight
9.0,P,0,124.3,30.8,Overweight
7.0,P,0,117.3,21.5,Normal
9.0,L,1,129.3,28.7,Normal
8.0,L,1,125.8,23.6,Normal
6.0,P,0,110.2,21.8,Normal
11.0,P,0,137.4,33.4,Normal
10.0,P,0,138.4,33.3,Normal
8.0,P,0,122.3,20.6,Underweight
11.0,L,1,144.3,36.5,Normal
6.0,L,1,114.8,21.0,Normal
11.0,L,1,141.4,37.8,Overweight
8.0,P,0,128.0,25.2,Normal
7.0,L,1,119.0,21.8,Normal
10.0,L,1,131.7,30.2,Normal
8.0,P,0,121.7,22.9,Normal
12.0,P,0,149.4,35.1,Normal
9.0,L,1,129.1,24.2,Normal
7.0,P,0,113.6,22.7,Normal
9.0,L,1,124.4,28.4,Overweight
7.0,P,0,118.7,18.9,Underweight
11.0,P,0,141.8,36.5,Overweight
7.0,P,0,118.0,21.8,Normal
9.0,L,1,129.9,27.7,Normal
11.0,L,1,142.0,31.1,Normal
10.0,P,0,129.0,26.0,Normal
9.0,P,0,126.1,32.5,Overweight
9.0,P,0,128.3,29.4,Normal
10.0,L,1,136.1,31.0,Normal
11.0,L,1,140.6,40.5,Overweight
10.0,P,0,135.2,31.6,Normal
6.0,L,1,115.9,21.5,Normal
6.0,P,0,115.6,20.7,Normal
9.0,L,1,128.9,26.8,Normal
12.0,P,0,146.9,30.0,Underweight
11.0,L,1,144.7,35.6,Normal
10.0,P,0,134.5,32.0,Normal
9.0,P,0,128.5,31.1,Overweight
8.0,L,1,123.8,21.8,Normal
9.0,L,1,129.3,28.8,Normal
12.0,P,0,149.4,40.5,Overweight
11.0,L,1,141.6,35.0,Normal
9.0,L,1,132.2,30.0,Normal
12.0,P,0,145.6,41.0,Overweight
11.0,P,0,139.0,34.4,Normal
10.0,L,1,139.0,30.6,Normal
9.0,L,1,130.5,30.9,Overweight
7.0,P,0,116.8,21.0,Normal
9.0,P,0,130.0,29.7,Normal
11.0,L,1,141.3,38.7,Overweight
12.0,P,0,148.6,41.3,Overweight
10.0,P,0,133.7,28.2,Normal
8.0,L,1,121.0,25.4,Normal
10.0,P,0,136.5,32.4,Normal
6.0,L,1,113.2,19.5,Normal
7.0,L,1,113.4,23.5,Overweight
6.0,L,1,114.4,20.1,Normal
11.0,L,1,139.7,29.3,Normal
8.0,L,1,122.8,26.2,Normal
11.0,L,1,140.7,35.0,Normal
7.0,L,1,122.0,20.5,Underweight
8.0,P,0,124.9,25.4,Normal
9.0,P,0,126.7,30.5,Overweight
9.0,P,0,131.0,29.0,Normal
10.0,L,1,135.6,34.2,Overweight
9.0,P,0,130.3,28.8,Normal
11.0,P,0,139.3,35.3,Overweight
7.0,L,1,118.4,22.9,Normal
6.0,P,0,115.1,20.8,Normal
6.0,P,0,112.1,18.8,Normal
10.0,P,0,134.8,30.8,Normal
6.0,P,0,110.7,19.3,Normal
8.0,L,1,126.9,20.6,Underweight
12.0,P,0,148.7,42.3,Overweight
6.0,L,1,110.2,17.2,Normal
11.0,L,1,144.1,37.6,Overweight
9.0,P,0,124.4,27.3,Normal
7.0,L,1,116.5,22.0,Normal
8.0,P,0,127.1,20.0,Underweight
12.0,P,0,144.3,39.6,Overweight
7.0,P,0,115.5,23.9,Normal
10.0,P,0,135.0,31.0,Normal
11.0,L,1,139.1,30.6,Normal
6.0,L,1,113.4,22.0,Normal
8.0,P,0,120.7,26.3,Overweight
12.0,L,1,145.8,35.0,Normal
9.0,L,1,125.2,26.7,Normal
11.0,P,0,140.0,34.9,Normal
10.0,L,1,132.6,32.8,Overweight
9.0,L,1,125.1,30.2,Overweight
12.0,L,1,151.5,42.1,Overweight
7.0,P,0,119.4,20.3,Normal
8.0,L,1,123.3,22.3,Normal
10.0,L,1,137.6,30.5,Normal
12.0,P,0,144.2,37.0,Normal
6.0,P,0,115.1,18.8,Normal
7.0,P,0,116.7,24.2,Normal
9.0,P,0,127.0,32.6,Overweight
12.0,L,1,146.8,41.1,Overweight
11.0,P,0,138.3,36.4,Overweight
10.0,P,0,133.1,29.3,Normal
6.0,L,1,112.2,20.5,Normal
7.0,L,1,118.9,21.9,Normal
12.0,P,0,150.4,37.8,Normal
12.0,L,1,144.1,42.1,Overweight
10.0,L,1,132.9,32.0,Overweight
12.0,P,0,147.3,41.6,Overweight
11.0,P,0,138.0,33.5,Normal
8.0,P,0,125.6,23.6,Normal
7.0,L,1,115.2,19.7,Normal
10.0,P,0,137.5,29.6,Normal
10.0,P,0,132.1,32.0,Overweight
6.0,P,0,117.0,22.0,Normal
10.0,L,1,133.4,27.9,Normal
11.0,P,0,140.5,37.9,Overweight
10.0,L,1,131.2,26.1,Normal
12.0,L,1,141.6,38.5,Overweight
8.0,P,0,120.9,24.4,Normal
7.0,L,1,120.5,22.9,Normal
7.0,L,1,116.4,20.0,Normal
9.0,P,0,130.0,22.9,Underweight
6.0,P,0,112.1,19.6,Normal
12.0,P,0,144.8,41.2,Overweight
7.0,L,1,116.1,23.3,Normal
7.0,L,1,115.9,20.6,Normal
9.0,P,0,129.0,30.4,Overweight
12.0,P,0,143.8,34.8,Normal
11.0,L,1,140.7,37.7,Overweight
6.0,P,0,112.1,20.9,Normal
6.0,P,0,114.3,17.5,Underweight
9.0,L,1,125.5,27.2,Normal
11.0,P,0,141.2,39.0,Overweight
9.0,P,0,127.3,34.0,Overweight
9.0,L,1,125.8,28.7,Overweight
11.0,L,1,142.4,36.7,Overweight
9.0,L,1,126.9,29.6,Overweight
12.0,P,0,145.3,36.1,Normal
10.0,L,1,134.7,29.6,Normal
9.0,P,0,130.2,31.2,Overweight
9.0,L,1,126.8,30.4,Overweight
7.0,L,1,115.2,23.3,Normal
8.0,P,0,125.9,21.7,Underweight
10.0,P,0,137.8,36.6,Overweight
7.0,P,0,120.4,21.5,Normal
12.0,L,1,144.3,39.4,Overweight
11.0,L,1,144.6,36.9,Normal
11.0,L,1,141.5,33.4,Normal
10.0,P,0,130.6,31.7,Overweight
9.0,P,0,126.6,30.2,Overweight
8.0,L,1,122.0,27.3,Overweight
12.0,P,0,146.5,42.2,Overweight
10.0,L,1,132.5,32.7,Overweight
8.0,L,1,124.4,26.5,Normal
12.0,L,1,146.9,41.4,Overweight
11.0,P,0,144.0,34.8,Normal
7.0,P,0,118.2,21.7,Normal
9.0,P,0,126.8,24.1,Normal
10.0,L,1,134.9,30.4,Normal
11.0,L,1,138.2,40.9,Overweight
9.0,P,0,126.4,30.1,Overweight
8.0,L,1,121.0,22.4,Normal
6.0,L,1,114.1,17.0,Underweight
7.0,L,1,119.9,21.1,Normal
9.0,L,1,133.0,29.0,Normal
12.0,P,0,148.4,44.4,Overweight
11.0,L,1,142.7,32.0,Normal
8.0,P,0,121.8,25.3,Normal
7.0,L,1,121.0,23.7,Normal
11.0,P,0,141.8,40.1,Overweight
10.0,L,1,129.3,32.8,Overweight
7.0,L,1,115.1,24.3,Overweight
7.0,P,0,115.7,21.8,Normal
11.0,L,1,139.7,33.2,Normal
6.0,P,0,116.1,18.6,Underweight
12.0,L,1,149.3,36.4,Normal
9.0,L,1,123.7,24.5,Normal
11.0,P,0,145.7,30.1,Normal
12.0,P,0,145.0,39.0,Overweight
11.0,P,0,142.4,37.2,Overweight
12.0,P,0,143.1,34.6,Normal
12.0,P,0,146.7,40.1,Overweight
9.0,P,0,129.9,28.5,Normal
12.0,P,0,144.2,42.5,Overweight
9.0,L,1,125.3,25.1,Normal
8.0,P,0,125.8,23.3,Normal
9.0,P,0,128.1,27.6,Normal
9.0,L,1,127.4,25.7,Normal
9.0,P,0,127.4,33.4,Overweight
10.0,P,0,128.6,32.6,Overweight
8.0,P,0,123.2,23.8,Normal
10.0,P,0,134.6,30.7,Normal
11.0,L,1,141.9,37.6,Overweight
12.0,P,0,146.1,42.4,Overweight
7.0,P,0,115.1,20.4,Normal
12.0,L,1,146.8,38.7,Normal
9.0,P,0,130.6,28.7,Normal
12.0,L,1,151.5,39.1,Normal
8.0,L,1,120.3,24.5,Normal
12.0,L,1,144.1,37.6,Overweight
6.0,L,1,116.9,17.1,Underweight
8.0,L,1,120.2,20.4,Normal
7.0,L,1,120.7,20.0,Underweight
7.0,P,0,116.4,25.0,Overweight
10.0,L,1,136.4,28.3,Normal
8.0,P,0,120.2,26.9,Overweight
10.0,P,0,131.3,36.8,Overweight
12.0,P,0,150.2,41.5,Overweight
11.0,P,0,141.0,39.1,Overweight
9.0,P,0,125.8,31.4,Overweight
10.0,L,1,134.0,30.1,Normal
9.0,L,1,126.6,31.1,Overweight
8.0,L,1,122.8,23.0,Normal
6.0,L,1,114.4,21.6,Normal
11.0,L,1,142.6,31.9,Normal
10.0,P,0,135.6,32.6,Normal
12.0,P,0,143.7,40.4,Overweight
10.0,L,1,134.4,31.2,Normal
11.0,L,1,141.4,39.9,Overweight
12.0,P,0,147.6,39.4,Overweight
12.0,L,1,141.7,36.5,Overweight
10.0,L,1,135.7,30.6,Normal
11.0,L,1,141.0,39.3,Overweight
12.0,P,0,146.3,39.7,Overweight
11.0,L,1,135.0,35.3,Overweight
8.0,P,0,122.6,27.1,Overweight
7.0,P,0,118.4,20.8,Normal
9.0,P,0,129.6,29.2,Normal
8.0,L,1,121.8,23.9,Normal
12.0,L,1,141.6,34.4,Normal
9.0,P,0,131.3,29.4,Normal
10.0,L,1,134.9,26.7,Normal
11.0,P,0,139.7,38.4,Overweight
12.0,P,0,143.0,36.3,Normal
12.0,L,1,147.4,36.8,Normal
7.0,P,0,115.6,23.2,Normal
12.0,P,0,142.7,43.5,Overweight
9.0,P,0,127.9,29.5,Overweight
10.0,P,0,133.9,27.9,Normal
11.0,P,0,139.0,35.4,Overweight
12.0,L,1,147.0,39.6,Overweight
7.0,P,0,118.2,18.7,Underweight
9.0,L,1,131.8,30.1,Normal
11.0,P,0,142.2,35.7,Normal
9.0,P,0,123.0,28.1,Overweight
9.0,L,1,128.8,31.3,Overweight
7.0,P,0,115.4,20.0,Normal
7.0,L,1,117.3,20.6,Normal
7.0,P,0,116.2,21.8,Normal
6.0,P,0,111.9,21.6,Normal
7.0,L,1,119.2,23.0,Normal
7.0,P,0,119.0,25.0,Normal
7.0,L,1,120.1,22.3,Normal
7.0,L,1,119.1,18.5,Underweight
12.0,P,0,144.9,34.9,Normal
7.0,L,1,118.0,19.6,Normal
7.0,P,0,116.2,22.9,Normal
7.0,L,1,114.6,18.4,Normal
11.0,P,0,137.1,31.2,Normal
11.0,L,1,139.9,32.4,Normal
12.0,L,1,145.4,40.6,Overweight
11.0,L,1,136.5,36.5,Overweight
7.0,P,0,119.4,19.7,Underweight
11.0,L,1,139.8,38.4,Overweight
9.0,L,1,124.5,29.4,Overweight
8.0,P,0,122.6,24.2,Normal
10.0,P,0,138.4,28.4,Normal
9.0,L,1,127.3,27.1,Normal
9.0,P,0,128.5,24.8,Normal
12.0,L,1,143.6,38.7,Overweight
6.0,P,0,110.9,19.9,Normal
12.0,L,1,143.4,41.6,Overweight
8.0,P,0,123.6,27.5,Overweight
6.0,L,1,116.4,21.9,Normal
11.0,L,1,139.3,36.4,Overweight
9.0,P,0,128.6,25.1,Normal
11.0,L,1,141.1,35.6,Normal
6.0,P,0,117.0,18.7,Underweight
6.0,P,0,110.1,17.7,Normal
7.0,P,0,119.1,24.9,Normal
9.0,L,1,123.3,24.2,Normal
11.0,P,0,141.6,29.6,Normal
7.0,P,0,121.8,20.5,Underweight
9.0,P,0,127.1,27.4,Normal
9.0,P,0,128.5,23.8,Normal
10.0,P,0,135.1,35.9,Overweight
12.0,L,1,147.8,39.2,Normal
11.0,P,0,140.1,28.0,Normal
8.0,L,1,123.5,23.7,Normal
10.0,L,1,129.2,31.5,Overweight
6.0,L,1,112.2,17.9,Normal
10.0,P,0,137.7,31.1,Normal
6.0,P,0,115.4,19.9,Normal
9.0,L,1,130.9,29.2,Normal
11.0,L,1,143.6,36.0,Normal
12.0,L,1,147.2,34.5,Normal
12.0,L,1,145.8,37.1,Normal
11.0,P,0,145.8,40.4,Overweight
11.0,L,1,142.8,31.6,Normal
7.0,P,0,116.7,23.5,Normal
10.0,P,0,133.2,26.5,Normal
12.0,P,0,147.8,39.2,Normal
9.0,L,1,130.2,23.1,Underweight
10.0,P,0,135.8,30.9,Normal
9.0,P,0,123.0,28.0,Overweight
9.0,L,1,131.0,26.0,Normal
8.0,L,1,122.7,28.3,Overweight
12.0,P,0,146.1,37.1,Normal
6.0,L,1,113.1,20.9,Normal
9.0,P,0,123.5,23.4,Normal
10.0,P,0,132.0,36.7,Overweight
8.0,P,0,121.1,24.7,Normal
10.0,L,1,135.7,34.5,Overweight
8.0,L,1,123.9,27.4,Normal
9.0,P,0,128.5,31.0,Overweight
12.0,P,0,148.3,45.1,Overweight
8.0,L,1,122.3,26.6,Normal
12.0,L,1,146.1,36.0,Normal
9.0,P,0,130.1,26.3,Normal
12.0,P,0,146.1,45.5,Overweight
8.0,L,1,121.9,23.1,Normal
6.0,P,0,118.0,18.2,Underweight
12.0,L,1,147.7,38.3,Normal
11.0,P,0,137.9,42.4,Obesity
10.0,P,0,131.0,30.1,Normal
12.0,P,0,147.0,42.4,Overweight
6.0,L,1,113.1,17.3,Underweight
11.0,L,1,140.9,35.9,Overweight
12.0,L,1,147.6,40.5,Overweight
12.0,L,1,147.4,41.0,Overweight
12.0,P,0,140.0,35.1,Normal
8.0,P,0,122.2,21.2,Normal
6.0,P,0,114.6,19.5,Normal
8.0,L,1,127.5,24.3,Normal
6.0,P,0,112.0,18.8,Normal
12.0,P,0,148.2,35.8,Normal
7.0,P,0,116.2,21.7,Normal
11.0,L,1,141.3,36.3,Overweight
6.0,L,1,112.7,19.7,Normal
10.0,P,0,129.7,27.3,Normal
10.0,P,0,134.4,28.8,Normal
9.0,P,0,126.7,33.2,Overweight
9.0,L,1,126.6,27.8,Normal
10.0,L,1,133.7,31.0,Normal
8.0,L,1,123.4,20.0,Underweight
11.0,L,1,137.1,40.7,Overweight
11.0,L,1,139.7,30.7,Normal
11.0,L,1,140.0,39.0,Overweight
8.0,L,1,122.1,20.3,Underweight
9.0,P,0,123.0,27.4,Overweight
12.0,P,0,147.1,39.4,Overweight
9.0,P,0,130.1,26.1,Normal
6.0,P,0,115.8,19.5,Normal
11.0,P,0,142.0,34.1,Normal
12.0,L,1,147.9,40.4,Overweight
8.0,P,0,120.5,21.2,Normal
6.0,L,1,115.4,20.1,Normal
11.0,L,1,138.0,35.0,Overweight
12.0,L,1,141.1,37.5,Overweight
9.0,P,0,127.5,28.2,Normal
11.0,P,0,141.9,42.7,Overweight
12.0,L,1,150.3,36.9,Normal
9.0,P,0,126.8,27.9,Normal
8.0,P,0,121.5,25.9,Normal
7.0,P,0,116.8,21.6,Normal
11.0,L,1,142.4,40.9,Overweight
12.0,P,0,140.5,34.4,Normal
7.0,P,0,119.3,18.5,Underweight
10.0,P,0,135.0,32.5,Normal
7.0,P,0,119.5,22.5,Normal
9.0,P,0,129.9,28.2,Normal
8.0,P,0,123.0,26.6,Normal
12.0,L,1,144.3,37.6,Overweight
9.0,L,1,130.0,31.0,Overweight
8.0,L,1,125.3,24.2,Normal
6.0,L,1,115.0,17.9,Underweight
9.0,P,0,126.3,26.5,Normal
12.0,L,1,144.9,39.1,Overweight
9.0,L,1,127.7,26.8,Normal
6.0,L,1,116.1,18.1,Underweight
7.0,P,0,117.8,24.5,Normal
9.0,L,1,128.4,24.1,Normal
9.0,L,1,127.2,29.6,Overweight
7.0,P,0,118.6,19.0,Underweight
9.0,L,1,125.1,30.0,Overweight
11.0,L,1,142.2,33.3,Normal
9.0,L,1,131.5,24.7,Normal
7.0,L,1,117.2,21.4,Normal
10.0,P,0,135.0,33.0,Overweight
7.0,L,1,116.2,23.1,Normal
9.0,P,0,124.7,24.2,Normal
11.0,P,0,140.4,29.9,Normal
8.0,P,0,119.3,22.0,Normal
7.0,L,1,114.5,24.3,Overweight
10.0,P,0,132.8,27.1,Normal
11.0,L,1,143.2,38.1,Overweight
9.0,P,0,124.5,29.5,Overweight
9.0,L,1,130.9,28.0,Normal
12.0,L,1,145.4,36.2,Normal
9.0,P,0,128.4,30.3,Overweight
11.0,L,1,143.3,37.4,Overweight
9.0,P,0,127.3,26.2,Normal
10.0,P,0,137.1,32.6,Normal
12.0,L,1,146.2,30.0,Normal
10.0,P,0,135.9,31.3,Normal
8.0,L,1,119.4,25.4,Normal
6.0,L,1,110.2,21.2,Normal
8.0,P,0,123.1,29.0,Overweight
10.0,P,0,135.7,26.8,Normal
8.0,P,0,118.8,21.5,Normal
9.0,P,0,125.3,30.0,Overweight
12.0,L,1,147.9,40.9,Overweight
7.0,P,0,115.1,25.0,Overweight
10.0,L,1,135.4,31.7,Normal
7.0,L,1,123.0,18.6,Underweight
9.0,P,0,129.7,27.4,Normal
11.0,P,0,142.2,38.9,Overweight
9.0,P,0,133.0,24.6,Underweight
9.0,L,1,127.8,29.8,Overweight
11.0,L,1,143.5,39.7,Overweight
6.0,L,1,115.8,17.9,Underweight
12.0,P,0,146.8,42.2,Overweight
10.0,L,1,134.8,29.1,Normal
12.0,P,0,143.2,32.6,Normal
11.0,L,1,144.7,34.0,Normal
6.0,L,1,116.5,22.0,Normal
10.0,L,1,135.0,34.0,Overweight
11.0,L,1,140.7,34.9,Normal
9.0,P,0,128.0,27.6,Normal
6.0,P,0,116.8,17.0,Underweight
10.0,L,1,135.9,34.5,Overweight
6.0,L,1,117.9,20.6,Normal
7.0,L,1,120.3,25.0,Normal
8.0,L,1,121.4,26.2,Normal
8.0,P,0,121.1,21.4,Normal
10.0,P,0,133.8,27.4,Normal
11.0,L,1,144.3,36.1,Normal
11.0,L,1,138.8,29.8,Normal
11.0,L,1,141.3,29.8,Normal
12.0,P,0,146.0,44.3,Overweight
9.0,P,0,124.9,24.9,Normal
11.0,L,1,138.5,39.4,Overweight
11.0,L,1,140.6,31.6,Normal
7.0,P,0,117.3,18.8,Underweight
7.0,P,0,116.1,18.2,Underweight
8.0,L,1,121.3,22.2,Normal
7.0,P,0,117.8,20.0,Normal
10.0,P,0,128.8,34.2,Overweight
10.0,L,1,131.9,38.0,Overweight
12.0,P,0,146.2,41.0,Overweight
8.0,P,0,123.7,27.2,Normal
11.0,P,0,141.3,36.6,Overweight
7.0,P,0,119.2,18.7,Underweight
9.0,L,1,130.4,30.8,Overweight
12.0,L,1,144.8,41.9,Overweight
9.0,L,1,129.7,27.5,Normal
9.0,P,0,125.7,25.3,Normal
10.0,P,0,139.2,30.3,Normal
11.0,P,0,143.7,32.6,Normal
9.0,L,1,127.6,27.9,Normal
8.0,L,1,124.7,27.2,Normal
10.0,P,0,133.5,35.2,Overweight
10.0,L,1,137.9,34.1,Normal
7.0,P,0,116.4,24.3,Normal
11.0,L,1,139.3,35.2,Overweight
7.0,L,1,120.1,20.4,Normal
10.0,L,1,130.8,32.7,Overweight
10.0,L,1,136.4,34.3,Overweight
10.0,L,1,132.6,35.6,Overweight
8.0,P,0,123.6,20.0,Underweight
10.0,L,1,135.5,31.5,Normal
8.0,P,0,124.3,22.9,Normal
11.0,L,1,141.8,31.2,Normal
11.0,P,0,141.0,34.0,Normal
6.0,P,0,113.3,20.0,Normal
6.0,P,0,117.5,22.0,Normal
12.0,P,0,140.0,36.6,Overweight
12.0,P,0,148.2,43.1,Overweight
7.0,P,0,114.9,18.0,Underweight
9.0,P,0,125.4,28.9,Overweight
11.0,L,1,139.7,34.8,Normal
6.0,P,0,114.5,17.9,Underweight
12.0,L,1,144.3,45.1,Overweight
12.0,L,1,146.3,34.3,Normal
11.0,L,1,138.3,32.7,Normal
11.0,L,1,141.1,29.0,Normal
12.0,L,1,148.4,36.9,Normal
6.0,L,1,114.6,17.7,Underweight
6.0,L,1,113.6,17.6,Underweight
12.0,P,0,142.8,46.2,Obesity
10.0,L,1,132.3,31.0,Normal
7.0,P,0,119.3,19.5,Underweight
6.0,P,0,115.4,19.8,Normal
8.0,P,0,122.8,27.2,Overweight
6.0,P,0,114.1,17.1,Underweight
10.0,L,1,128.7,29.5,Normal
8.0,L,1,125.7,25.6,Normal
10.0,L,1,131.5,33.0,Overweight
7.0,P,0,118.1,19.4,Underweight
12.0,P,0,144.2,38.6,Overweight
10.0,L,1,134.6,34.2,Overweight
12.0,L,1,144.1,40.8,Overweight
8.0,L,1,124.3,27.6,Normal
10.0,P,0,136.0,38.0,Overweight
11.0,L,1,141.6,35.6,Normal
7.0,P,0,117.3,21.6,Normal
10.0,L,1,137.7,32.0,Normal
8.0,L,1,120.5,24.9,Normal
9.0,L,1,125.7,25.2,Normal
10.0,L,1,135.6,36.0,Overweight
8.0,P,0,123.0,26.0,Normal
12.0,P,0,144.7,35.8,Normal
11.0,P,0,139.0,34.8,Overweight
10.0,L,1,135.6,36.1,Overweight
11.0,L,1,141.3,34.0,Normal
7.0,L,1,113.0,23.5,Overweight
12.0,L,1,144.7,42.5,Overweight
11.0,P,0,139.8,32.2,Normal
9.0,L,1,123.0,28.1,Overweight
11.0,P,0,141.4,32.8,Normal
9.0,P,0,130.0,28.1,Normal
8.0,P,0,122.7,20.3,Underweight
8.0,P,0,125.4,28.1,Normal
10.0,P,0,135.4,29.6,Normal
6.0,L,1,117.0,20.7,Normal
7.0,L,1,118.6,18.6,Underweight
7.0,P,0,119.4,18.0,Underweight
9.0,L,1,131.5,30.0,Normal
7.0,L,1,117.1,23.0,Normal
9.0,L,1,129.6,27.5,Normal
7.0,P,0,120.6,18.7,Underweight
6.0,P,0,113.8,20.6,Normal
9.0,P,0,127.9,28.9,Normal
6.0,P,0,112.8,18.0,Normal
9.0,L,1,128.7,30.7,Overweight
10.0,L,1,130.4,33.3,Overweight
11.0,P,0,140.6,30.2,Normal
10.0,L,1,132.2,28.1,Normal
12.0,L,1,146.5,44.9,Overweight
8.0,L,1,118.8,22.9,Normal
12.0,L,1,151.4,42.5,Overweight
9.0,P,0,127.6,28.0,Normal
10.0,P,0,135.2,38.0,Overweight
10.0,P,0,135.5,31.3,Normal
10.0,L,1,134.8,27.9,Normal
10.0,P,0,134.5,30.5,Normal
12.0,P,0,145.5,38.2,Overweight
8.0,L,1,125.2,20.0,Underweight
7.0,L,1,119.1,22.1,Normal
6.0,P,0,116.7,19.2,Normal
7.0,P,0,121.0,20.3,Underweight
12.0,P,0,145.8,38.4,Overweight
8.0,L,1,120.5,28.1,Overweight
12.0,L,1,147.1,34.0,Normal
9.0,P,0,128.2,34.0,Overweight
12.0,P,0,145.3,38.1,Overweight
7.0,L,1,116.5,25.0,Overweight
9.0,L,1,129.4,22.6,Underweight
12.0,L,1,140.0,41.1,Overweight
10.0,P,0,132.8,34.1,Overweight
7.0,P,0,119.9,22.8,Normal
8.0,P,0,122.7,26.4,Normal
11.0,L,1,139.6,28.0,Normal
9.0,L,1,128.2,29.8,Overweight
7.0,L,1,119.3,19.2,Underweight
7.0,L,1,120.2,22.3,Normal
8.0,P,0,126.2,21.9,Underweight
12.0,L,1,145.3,37.9,Normal
9.0,P,0,128.7,25.4,Normal
7.0,L,1,117.5,18.7,Underweight
11.0,P,0,144.1,36.5,Normal
6.0,L,1,116.0,20.6,Normal
8.0,L,1,124.6,27.0,Normal
6.0,P,0,117.4,17.0,Underweight
12.0,L,1,144.9,45.8,Overweight
10.0,P,0,137.6,33.7,Normal
12.0,P,0,143.4,40.8,Overweight
11.0,P,0,142.4,36.7,Overweight
7.0,L,1,116.3,19.4,Normal
10.0,P,0,130.8,33.6,Overweight
12.0,L,1,143.4,39.2,Overweight
8.0,P,0,122.2,25.7,Normal
10.0,L,1,137.1,32.4,Normal
8.0,L,1,120.9,28.9,Overweight
9.0,L,1,128.6,25.2,Normal
12.0,L,1,142.8,37.8,Overweight
11.0,L,1,140.2,33.3,Normal
7.0,L,1,115.7,20.1,Normal
9.0,P,0,127.5,27.1,Normal
10.0,P,0,133.8,32.7,Overweight
8.0,L,1,121.7,22.0,Normal
6.0,L,1,114.8,21.5,Normal
9.0,L,1,126.2,32.3,Overweight
7.0,P,0,114.3,19.7,Normal
10.0,L,1,132.1,30.7,Normal
8.0,P,0,121.9,22.6,Normal
8.0,P,0,124.5,22.1,Normal
11.0,P,0,140.6,36.6,Overweight
11.0,P,0,139.9,31.2,Normal
12.0,L,1,146.4,34.8,Normal
8.0,P,0,123.2,29.0,Overweight
6.0,L,1,112.0,17.0,Underweight
7.0,P,0,114.3,21.0,Normal
7.0,P,0,120.4,18.0,Underweight
8.0,L,1,121.1,23.6,Normal
6.0,P,0,112.9,18.1,Normal
10.0,P,0,135.4,31.2,Normal
7.0,L,1,117.3,23.8,Normal
11.0,P,0,137.3,32.2,Normal
8.0,P,0,123.6,29.0,Overweight
7.0,L,1,123.0,24.0,Normal
7.0,L,1,120.6,22.6,Normal
8.0,L,1,124.1,27.2,Normal
9.0,P,0,127.8,25.6,Normal
7.0,L,1,120.9,23.8,Normal
7.0,L,1,118.7,24.7,Normal
11.0,L,1,136.5,35.7,Overweight
11.0,P,0,141.9,38.1,Overweight
11.0,P,0,142.4,32.1,Normal
10.0,P,0,132.3,32.7,Overweight
11.0,L,1,141.3,35.6,Normal
7.0,L,1,117.2,21.5,Normal
12.0,P,0,147.2,44.8,Overweight
7.0,L,1,117.1,21.2,Normal
12.0,P,0,145.9,40.5,Overweight
10.0,L,1,132.0,28.6,Normal
11.0,L,1,140.2,34.9,Normal
12.0,P,0,144.2,38.7,Overweight
6.0,P,0,116.2,17.0,Underweight
11.0,P,0,141.9,32.3,Normal
8.0,L,1,126.4,23.9,Normal
10.0,L,1,131.6,31.8,Overweight
12.0,L,1,142.9,37.8,Overweight
8.0,P,0,119.5,25.2,Normal
10.0,L,1,138.6,34.4,Normal
7.0,L,1,120.2,19.0,Underweight
11.0,L,1,140.4,36.5,Overweight
9.0,P,0,128.1,25.9,Normal
11.0,P,0,142.3,35.8,Normal
8.0,L,1,121.5,22.3,Normal
9.0,P,0,126.2,33.2,Overweight
12.0,P,0,146.7,39.2,Overweight
10.0,P,0,137.2,28.6,Normal
8.0,L,1,126.1,23.9,Normal
11.0,P,0,143.8,35.1,Normal
7.0,L,1,116.8,22.3,Normal
10.0,P,0,136.2,32.7,Normal
12.0,L,1,147.7,39.3,Overweight
12.0,L,1,144.8,36.4,Normal
10.0,P,0,136.9,32.2,Normal
7.0,L,1,116.5,18.0,Underweight
12.0,P,0,146.7,35.0,Normal
12.0,P,0,146.3,37.2,Normal
7.0,L,1,113.7,20.6,Normal
12.0,L,1,151.0,36.5,Normal
12.0,L,1,146.6,32.5,Normal
9.0,L,1,125.5,25.4,Normal
12.0,P,0,145.1,41.2,Overweight
6.0,L,1,112.2,19.1,Normal
9.0,P,0,128.4,27.3,Normal
11.0,L,1,141.8,36.6,Overweight
6.0,P,0,115.7,21.8,Normal
12.0,P,0,144.7,39.7,Overweight
9.0,L,1,128.3,24.7,Normal
7.0,P,0,119.6,20.6,Normal
11.0,L,1,138.5,30.9,Normal
8.0,L,1,124.2,20.0,Underweight
8.0,P,0,120.7,23.8,Normal
8.0,P,0,125.6,22.0,Underweight
9.0,P,0,126.4,29.3,Overweight
10.0,L,1,132.1,25.4,Normal
12.0,P,0,146.1,40.7,Overweight
10.0,L,1,133.7,30.8,Normal
7.0,L,1,119.1,23.4,Normal
6.0,L,1,117.4,22.0,Normal
10.0,P,0,134.2,31.0,Normal
11.0,L,1,137.1,35.7,Overweight
8.0,P,0,121.2,25.3,Normal
12.0,P,0,146.1,39.5,Overweight
8.0,P,0,122.0,27.4,Overweight
6.0,L,1,112.4,19.4,Normal
7.0,P,0,113.9,21.7,Normal
9.0,P,0,130.0,28.0,Normal
7.0,P,0,118.0,18.9,Underweight
7.0,P,0,115.2,25.0,Overweight
8.0,P,0,123.7,25.1,Normal
12.0,P,0,147.4,38.1,Normal
7.0,L,1,119.1,23.6,Normal
6.0,L,1,118.0,17.7,Underweight
8.0,P,0,123.1,26.5,Normal
9.0,P,0,133.0,25.6,Normal
10.0,L,1,129.7,32.0,Overweight
6.0,L,1,114.2,21.1,Normal
8.0,P,0,125.6,22.7,Normal
9.0,L,1,127.2,22.0,Underweight
7.0,L,1,121.5,25.0,Normal
11.0,L,1,141.2,33.7,Normal
11.0,P,0,141.0,33.6,Normal
8.0,L,1,122.5,23.8,Normal
12.0,P,0,144.3,39.1,Overweight
8.0,L,1,121.5,24.5,Normal
7.0,P,0,116.8,22.4,Normal
7.0,L,1,119.1,20.3,Normal
9.0,P,0,131.3,27.3,Normal
6.0,P,0,114.4,21.9,Normal
11.0,L,1,141.0,37.4,Overweight
10.0,P,0,132.5,35.0,Overweight
10.0,P,0,134.2,28.5,Normal
6.0,L,1,110.9,18.7,Normal
7.0,P,0,118.1,25.0,Normal
12.0,L,1,146.3,41.7,Overweight
6.0,L,1,115.3,20.4,Normal
8.0,L,1,119.2,29.0,Overweight
6.0,L,1,111.1,20.2,Normal
8.0,L,1,123.3,26.0,Normal
6.0,P,0,115.1,20.6,Normal
11.0,L,1,143.4,41.1,Overweight
6.0,P,0,111.3,17.0,Underweight
8.0,L,1,120.0,24.3,Normal
9.0,L,1,130.6,29.4,Normal
12.0,L,1,148.5,35.4,Normal
9.0,P,0,128.5,22.0,Underweight
12.0,P,0,146.2,42.8,Overweight
11.0,P,0,145.2,36.8,Normal
12.0,L,1,145.9,38.0,Normal
12.0,L,1,144.9,38.9,Overweight
11.0,L,1,142.4,33.3,Normal
9.0,L,1,129.9,25.0,Normal
6.0,L,1,110.7,19.8,Normal
12.0,L,1,142.8,37.7,Overweight
8.0,L,1,121.3,27.8,Overweight
11.0,P,0,143.5,39.2,Overweight
6.0,L,1,114.6,22.0,Normal
10.0,L,1,128.4,34.6,Overweight
6.0,L,1,113.1,21.3,Normal
9.0,L,1,123.0,26.8,Normal
9.0,P,0,126.4,25.1,Normal
7.0,L,1,118.8,22.0,Normal
12.0,L,1,147.4,40.3,Overweight
11.0,P,0,145.6,37.5,Normal
8.0,P,0,124.1,24.3,Normal
7.0,P,0,120.3,19.3,Underweight
11.0,P,0,140.5,35.8,Overweight
9.0,P,0,130.9,29.7,Normal
10.0,P,0,133.0,32.0,Overweight
7.0,P,0,119.3,18.0,Underweight
10.0,P,0,138.8,26.9,Underweight
7.0,P,0,118.4,22.2,Normal
9.0,P,0,127.8,24.9,Normal
12.0,L,1,143.8,38.8,Overweight
8.0,L,1,125.5,23.5,Normal
9.0,P,0,127.4,22.3,Underweight
7.0,L,1,116.8,25.0,Overweight
7.0,L,1,116.9,19.7,Normal
11.0,L,1,136.0,32.6,Normal
6.0,P,0,114.4,20.2,Normal
10.0,L,1,134.8,35.5,Overweight
8.0,P,0,119.9,27.5,Overweight
6.0,L,1,117.3,18.4,Underweight
11.0,L,1,138.6,38.0,Overweight
10.0,P,0,130.9,31.4,Overweight
6.0,P,0,113.1,21.5,Normal
11.0,P,0,138.9,35.6,Overweight
10.0,P,0,137.6,36.9,Overweight
11.0,P,0,141.5,31.6,Normal
6.0,P,0,114.7,17.8,Underweight
8.0,P,0,127.3,20.0,Underweight
8.0,P,0,120.6,22.0,Normal
8.0,P,0,123.7,20.0,Underweight
11.0,L,1,142.3,36.6,Overweight
6.0,P,0,112.6,20.6,Normal
10.0,P,0,138.2,31.6,Normal
11.0,P,0,142.6,35.1,Normal
8.0,L,1,120.8,25.9,Normal
8.0,L,1,124.3,25.9,Normal
9.0,L,1,128.5,24.8,Normal
12.0,P,0,145.1,44.9,Overweight
11.0,P,0,139.4,33.7,Normal
12.0,L,1,145.2,41.4,Overweight
8.0,P,0,125.1,23.3,Normal
11.0,P,0,137.3,38.9,Overweight
11.0,P,0,146.8,34.3,Normal
12.0,L,1,144.9,41.2,Overweight
8.0,P,0,123.4,20.0,Underweight
10.0,L,1,134.4,29.6,Normal
9.0,P,0,126.8,27.5,Normal
10.0,P,0,134.5,34.9,Overweight
7.0,L,1,115.1,21.0,Normal
8.0,P,0,122.6,21.9,Normal
12.0,P,0,144.8,37.9,Overweight
12.0,L,1,146.0,39.2,Overweight
11.0,L,1,139.5,33.8,Normal
12.0,L,1,150.2,35.1,Normal
7.0,L,1,115.1,18.7,Normal
11.0,P,0,142.6,33.0,Normal
11.0,L,1,137.8,37.1,Overweight
11.0,P,0,141.0,34.8,Normal
10.0,L,1,130.0,32.2,Overweight
10.0,L,1,135.8,35.5,Overweight
11.0,L,1,144.1,35.6,Normal
11.0,P,0,139.0,32.7,Normal
11.0,P,0,138.3,39.6,Overweight
10.0,P,0,134.2,29.9,Normal
7.0,L,1,115.3,21.3,Normal
12.0,P,0,141.2,35.7,Normal
7.0,L,1,114.5,19.2,Normal
10.0,L,1,131.8,38.0,Overweight
9.0,P,0,125.7,30.0,Overweight
12.0,L,1,150.2,39.1,Normal
9.0,L,1,127.2,32.3,Overweight
12.0,P,0,148.2,36.4,Normal
10.0,P,0,135.3,31.5,Normal
6.0,P,0,115.6,22.0,Normal
8.0,P,0,119.6,27.2,Overweight
6.0,P,0,115.9,17.5,Underweight
8.0,P,0,123.6,21.7,Normal
8.0,P,0,123.6,22.7,Normal
6.0,P,0,118.0,18.6,Underweight
9.0,P,0,123.0,26.1,Normal
6.0,P,0,112.2,17.6,Underweight
10.0,L,1,130.6,30.2,Normal
12.0,P,0,152.0,35.3,Normal
10.0,P,0,132.6,34.4,Overweight
7.0,P,0,118.2,22.7,Normal
12.0,L,1,149.8,38.0,Normal
10.0,L,1,135.1,30.0,Normal
10.0,L,1,136.7,32.2,Normal
11.0,L,1,142.8,38.8,Overweight
11.0,P,0,142.1,34.6,Normal
6.0,P,0,114.4,20.7,Normal
10.0,P,0,137.1,28.6,Normal
8.0,L,1,123.5,22.6,Normal
11.0,P,0,142.3,35.2,Normal
6.0,L,1,115.9,21.0,Normal
11.0,L,1,138.6,35.7,Overweight
7.0,L,1,114.0,22.8,Normal
7.0,P,0,116.3,21.0,Normal
10.0,P,0,135.9,34.5,Overweight
10.0,L,1,131.6,27.7,Normal
12.0,P,0,146.9,39.0,Overweight
8.0,P,0,123.0,25.2,Normal
12.0,P,0,142.8,37.6,Overweight
8.0,P,0,118.8,25.1,Normal
10.0,P,0,135.6,29.3,Normal
7.0,L,1,116.4,25.0,Overweight
12.0,L,1,145.2,36.5,Normal
8.0,L,1,124.0,29.0,Overweight
7.0,P,0,119.1,23.5,Normal
9.0,L,1,128.7,29.3,Normal
7.0,P,0,117.7,25.0,Overweight
11.0,L,1,144.1,39.8,Overweight
10.0,P,0,136.1,32.2,Normal
6.0,L,1,112.1,19.2,Normal
12.0,L,1,148.4,41.5,Overweight
7.0,P,0,113.0,19.9,Normal
10.0,L,1,135.7,31.5,Normal
9.0,P,0,130.2,25.9,Normal
12.0,P,0,146.1,40.2,Overweight
10.0,P,0,132.5,28.4,Normal
10.0,P,0,132.7,32.7,Overweight
12.0,P,0,147.1,41.0,Overweight
10.0,L,1,134.9,29.2,Normal
12.0,P,0,146.3,37.4,Normal
11.0,P,0,142.7,40.7,Overweight
10.0,L,1,130.9,27.1,Normal
12.0,P,0,143.7,36.3,Normal
11.0,P,0,138.1,35.5,Overweight
11.0,L,1,144.9,35.8,Normal
7.0,P,0,119.3,21.5,Normal
8.0,P,0,119.4,20.5,Normal
7.0,L,1,114.5,22.4,Normal
7.0,L,1,118.6,18.4,Underweight
6.0,P,0,113.9,20.4,Normal
8.0,P,0,123.8,23.3,Normal
7.0,L,1,116.7,23.5,Normal
9.0,P,0,127.0,30.8,Overweight
12.0,P,0,146.6,33.2,Normal
12.0,L,1,142.6,40.1,Overweight
11.0,L,1,144.9,35.4,Normal
8.0,L,1,121.6,22.6,Normal
8.0,P,0,123.3,23.4,Normal
9.0,L,1,127.9,28.0,Normal
7.0,L,1,118.5,24.7,Normal
10.0,L,1,134.6,32.8,Overweight
11.0,P,0,135.6,32.4,Normal
9.0,P,0,126.1,29.4,Overweight
9.0,L,1,130.2,25.8,Normal
9.0,L,1,125.5,22.4,Normal
12.0,P,0,144.9,36.7,Normal
11.0,L,1,146.1,30.4,Normal
10.0,P,0,130.8,32.3,Overweight
11.0,P,0,145.0,33.7,Normal
10.0,L,1,133.7,28.0,Normal
7.0,L,1,119.5,22.3,Normal
7.0,L,1,118.5,23.0,Normal
11.0,P,0,143.8,36.4,Normal
7.0,P,0,117.3,24.6,Normal
8.0,L,1,122.9,25.0,Normal
12.0,P,0,144.3,40.4,Overweight
10.0,L,1,133.4,33.8,Overweight
9.0,P,0,129.6,24.5,Normal
8.0,P,0,121.3,25.5,Normal
6.0,P,0,112.6,18.5,Normal
9.0,P,0,130.4,23.3,Underweight
9.0,P,0,129.1,23.9,Normal
12.0,P,0,144.4,41.4,Overweight
6.0,P,0,110.8,18.5,Normal
8.0,P,0,126.4,23.9,Normal
11.0,P,0,139.6,38.6,Overweight
6.0,L,1,112.3,20.7,Normal
9.0,L,1,128.4,30.2,Overweight
11.0,L,1,140.2,33.8,Normal
7.0,P,0,120.3,24.7,Normal
11.0,P,0,144.9,33.9,Normal
10.0,P,0,134.7,25.0,Underweight
9.0,L,1,127.0,31.2,Overweight
7.0,P,0,118.0,21.9,Normal
9.0,L,1,129.3,26.6,Normal
12.0,P,0,146.8,41.2,Overweight
11.0,L,1,137.5,38.1,Overweight
7.0,L,1,114.8,23.5,Normal
7.0,P,0,114.7,22.4,Normal
10.0,L,1,135.9,31.6,Normal
11.0,P,0,144.1,35.2,Normal
7.0,L,1,115.3,18.0,Underweight
10.0,P,0,131.8,36.0,Overweight
10.0,L,1,135.4,27.6,Normal
10.0,P,0,135.5,36.0,Overweight
12.0,L,1,148.6,38.8,Normal
8.0,L,1,124.7,26.5,Normal
11.0,L,1,140.3,39.6,Overweight
6.0,P,0,118.0,19.0,Underweight
6.0,P,0,118.0,21.7,Normal
9.0,P,0,130.2,32.3,Overweight
7.0,P,0,123.0,23.4,Normal
11.0,P,0,136.6,37.0,Overweight
9.0,L,1,127.7,31.8,Overweight
9.0,P,0,127.8,31.1,Overweight
12.0,L,1,148.1,33.7,Normal
9.0,L,1,130.0,30.2,Normal
9.0,P,0,128.8,28.1,Normal
12.0,P,0,146.9,43.0,Overweight
12.0,L,1,147.9,43.7,Overweight
9.0,P,0,127.4,31.5,Overweight
9.0,L,1,126.7,31.2,Overweight
12.0,P,0,145.5,41.1,Overweight
9.0,L,1,128.1,28.3,Normal
12.0,L,1,141.8,34.8,Normal
10.0,P,0,136.9,33.8,Overweight
7.0,L,1,118.3,18.2,Underweight
7.0,P,0,115.8,23.3,Normal
8.0,L,1,122.2,27.7,Overweight
10.0,P,0,130.4,37.2,Overweight
8.0,P,0,123.4,22.3,Normal
9.0,L,1,130.6,29.2,Normal
12.0,P,0,145.2,41.6,Overweight
7.0,L,1,117.6,21.1,Normal
11.0,P,0,140.8,35.3,Normal
12.0,L,1,146.2,37.3,Normal
11.0,P,0,141.1,37.4,Overweight
10.0,L,1,132.2,33.5,Overweight
12.0,P,0,142.5,34.7,Normal
10.0,L,1,132.1,29.8,Normal
9.0,L,1,129.7,24.6,Normal
6.0,L,1,112.8,20.0,Normal
11.0,L,1,140.2,36.4,Overweight
11.0,P,0,143.6,36.3,Normal
10.0,P,0,131.4,34.7,Overweight
8.0,L,1,127.1,28.7,Normal
11.0,P,0,144.3,33.2,Normal
8.0,L,1,125.5,25.9,Normal
6.0,P,0,110.2,17.5,Normal
8.0,L,1,122.0,21.6,Normal
6.0,L,1,115.7,17.1,Underweight
8.0,L,1,124.9,28.6,Overweight
9.0,P,0,129.9,27.3,Normal
8.0,L,1,122.0,23.7,Normal
8.0,L,1,118.9,25.0,Normal
8.0,L,1,126.2,22.7,Normal
11.0,P,0,140.7,36.4,Overweight
7.0,L,1,116.7,21.1,Normal
9.0,L,1,126.9,29.0,Normal
12.0,P,0,147.9,39.4,Overweight
9.0,L,1,123.0,27.6,Overweight
10.0,P,0,130.7,29.5,Normal
12.0,P,0,145.1,36.7,Normal
12.0,L,1,143.7,36.8,Normal
10.0,P,0,132.4,31.1,Normal
6.0,P,0,115.3,20.6,Normal
9.0,L,1,125.0,24.0,Normal
12.0,L,1,151.1,40.2,Normal
9.0,L,1,126.5,32.6,Overweight
7.0,L,1,117.7,24.0,Normal
9.0,L,1,126.3,24.8,Normal
11.0,L,1,137.9,31.1,Normal
11.0,L,1,142.8,36.4,Normal
11.0,L,1,142.6,35.8,Normal
12.0,L,1,145.1,41.4,Overweight
12.0,P,0,144.3,37.5,Overweight
9.0,L,1,128.8,29.3,Normal
12.0,P,0,142.5,43.9,Overweight
11.0,P,0,139.6,34.9,Normal
10.0,L,1,133.6,35.8,Overweight
12.0,L,1,143.7,41.8,Overweight
11.0,L,1,140.6,37.3,Overweight
8.0,P,0,126.9,25.4,Normal
8.0,P,0,122.6,26.8,Normal
11.0,L,1,138.6,34.3,Normal
10.0,L,1,134.8,25.8,Normal
10.0,L,1,132.9,30.6,Normal
6.0,P,0,113.9,17.6,Underweight
10.0,P,0,131.5,32.0,Overweight
10.0,P,0,134.2,30.0,Normal
10.0,P,0,134.7,32.8,Overweight
9.0,P,0,130.5,26.0,Normal
8.0,L,1,126.2,25.7,Normal
10.0,P,0,133.5,28.4,Normal
7.0,L,1,121.8,18.0,Underweight
10.0,L,1,131.4,32.7,Overweight
11.0,L,1,140.2,35.9,Overweight
11.0,P,0,138.9,31.4,Normal
11.0,L,1,144.4,32.5,Normal
11.0,P,0,138.8,32.4,Normal
10.0,L,1,135.4,35.2,Overweight
8.0,L,1,118.0,25.0,Normal
6.0,L,1,110.0,19.0,Normal
8.0,P,0,124.6,26.2,Normal
8.0,P,0,121.5,28.1,Overweight
12.0,L,1,143.6,39.4,Overweight
12.0,P,0,144.8,37.6,Normal
10.0,P,0,136.1,32.4,Normal
12.0,L,1,147.3,33.7,Normal
9.0,L,1,132.9,24.8,Normal
10.0,L,1,137.2,26.4,Normal
11.0,L,1,139.1,33.8,Normal
12.0,P,0,147.8,39.9,Overweight
12.0,L,1,145.4,39.1,Overweight
10.0,L,1,138.9,28.8,Normal
12.0,L,1,145.5,37.6,Normal
7.0,P,0,118.8,25.0,Normal
10.0,P,0,133.2,27.6,Normal
6.0,L,1,110.9,20.4,Normal
10.0,P,0,131.5,29.0,Normal
8.0,P,0,122.4,24.5,Normal
11.0,P,0,137.3,32.5,Normal
7.0,P,0,115.1,24.8,Overweight
6.0,L,1,112.4,17.6,Underweight
8.0,L,1,122.2,26.2,Normal
11.0,P,0,141.6,32.0,Normal
12.0,P,0,145.4,33.7,Normal
7.0,L,1,121.4,24.7,Normal
9.0,L,1,126.3,27.4,Normal
9.0,P,0,127.0,28.9,Normal
11.0,L,1,142.9,34.4,Normal
9.0,L,1,128.1,29.5,Normal
7.0,P,0,118.3,24.4,Normal
8.0,L,1,123.5,27.1,Normal
11.0,L,1,145.0,32.5,Normal
10.0,P,0,132.5,33.6,Overweight
12.0,P,0,145.5,40.2,Overweight
10.0,L,1,138.1,30.2,Normal
11.0,P,0,141.1,34.4,Normal
8.0,P,0,126.8,25.3,Normal
6.0,P,0,114.1,20.5,Normal
8.0,P,0,122.1,27.4,Overweight
10.0,L,1,132.5,29.1,Normal
9.0,P,0,123.0,31.9,Overweight
12.0,P,0,144.9,35.1,Normal
6.0,L,1,112.4,17.0,Underweight
8.0,P,0,122.0,22.9,Normal
12.0,L,1,146.6,38.5,Normal
8.0,P,0,126.5,23.8,Normal
10.0,L,1,136.1,32.2,Normal
7.0,P,0,116.5,18.8,Underweight
8.0,P,0,121.8,25.5,Normal
7.0,P,0,119.8,19.4,Underweight
7.0,L,1,120.3,20.5,Normal
8.0,L,1,126.3,23.0,Normal
12.0,P,0,148.5,38.2,Normal
9.0,P,0,128.1,32.7,Overweight
9.0,L,1,125.8,27.6,Normal
7.0,L,1,117.4,21.4,Normal
12.0,P,0,142.6,45.3,Obesity
12.0,P,0,150.2,37.4,Normal
7.0,L,1,115.2,21.7,Normal
8.0,P,0,122.6,28.1,Overweight
10.0,L,1,130.0,30.0,Normal
10.0,P,0,137.1,34.9,Overweight
12.0,L,1,145.4,36.6,Normal
6.0,P,0,111.6,19.4,Normal
9.0,L,1,125.2,29.6,Overweight
6.0,P,0,116.1,18.3,Underweight
7.0,P,0,118.0,21.5,Normal
11.0,P,0,140.3,33.8,Normal
11.0,P,0,138.1,34.9,Overweight
9.0,L,1,126.2,28.7,Overweight
11.0,P,0,139.5,34.2,Normal
11.0,L,1,142.9,33.6,Normal
10.0,L,1,134.6,28.4,Normal
10.0,P,0,136.2,30.5,Normal
10.0,L,1,137.7,32.9,Normal
7.0,P,0,120.7,23.7,Normal
10.0,L,1,135.0,26.0,Normal
12.0,L,1,146.0,34.6,Normal
11.0,P,0,143.9,33.0,Normal
11.0,P,0,143.1,34.8,Normal
8.0,L,1,119.0,22.6,Normal
12.0,L,1,143.7,40.4,Overweight
12.0,L,1,143.5,40.1,Overweight
6.0,L,1,118.0,19.1,Underweight
9.0,L,1,128.8,34.0,Overweight
10.0,L,1,134.0,29.5,Normal
12.0,P,0,143.4,33.1,Normal
12.0,P,0,146.5,34.0,Normal
10.0,P,0,134.5,33.1,Overweight
12.0,L,1,144.6,44.0,Overweight
12.0,P,0,146.9,38.5,Normal
8.0,P,0,123.2,24.5,Normal
11.0,L,1,141.4,40.2,Overweight
8.0,L,1,119.7,28.4,Overweight
11.0,L,1,138.1,35.0,Overweight
10.0,P,0,133.6,32.7,Overweight
10.0,L,1,133.4,34.4,Overweight
10.0,P,0,133.8,33.1,Overweight
8.0,L,1,120.6,26.2,Overweight
10.0,L,1,134.2,33.8,Overweight
8.0,P,0,125.3,28.4,Overweight
11.0,L,1,139.7,28.0,Normal
10.0,L,1,131.4,34.5,Overweight
11.0,P,0,143.1,32.2,Normal
12.0,P,0,148.6,38.4,Normal
12.0,P,0,147.3,39.1,Overweight
12.0,L,1,145.2,37.9,Normal
12.0,P,0,146.6,39.2,Overweight
12.0,L,1,146.8,39.3,Overweight
9.0,L,1,124.6,28.9,Overweight
7.0,P,0,119.8,23.4,Normal
12.0,L,1,143.8,37.4,Overweight
8.0,P,0,123.5,22.8,Normal
7.0,L,1,119.6,21.7,Normal
8.0,L,1,119.7,25.1,Normal
8.0,P,0,123.1,25.1,Normal
8.0,L,1,119.8,23.1,Normal
9.0,L,1,132.7,25.5,Normal
10.0,P,0,135.4,29.8,Normal
9.0,L,1,128.7,30.9,Overweight
7.0,P,0,117.9,20.7,Normal
12.0,L,1,147.2,40.0,Overweight
10.0,P,0,135.6,30.7,Normal
12.0,L,1,149.4,39.7,Normal
7.0,P,0,120.2,18.4,Underweight
10.0,P,0,135.6,29.0,Normal
7.0,P,0,113.9,21.6,Normal
7.0,P,0,123.0,21.3,Normal
8.0,L,1,128.0,22.7,Underweight
11.0,L,1,139.0,35.3,Overweight
8.0,P,0,126.6,22.2,Underweight
10.0,P,0,133.1,35.3,Overweight
7.0,P,0,122.3,24.9,Normal
9.0,L,1,130.4,30.0,Normal
10.0,P,0,132.6,32.2,Overweight
8.0,L,1,124.5,23.8,Normal
8.0,P,0,123.2,26.7,Normal
10.0,L,1,130.4,34.2,Overweight
10.0,L,1,132.0,27.1,Normal
11.0,L,1,140.4,32.4,Normal
8.0,L,1,125.5,21.7,Underweight
7.0,L,1,117.8,22.9,Normal
11.0,L,1,142.4,37.5,Overweight
12.0,L,1,149.1,42.0,Overweight
10.0,L,1,134.7,29.1,Normal
9.0,L,1,128.5,28.7,Normal
7.0,L,1,122.6,23.5,Normal
12.0,P,0,148.1,40.4,Overweight
7.0,P,0,114.8,18.8,Normal
12.0,P,0,144.2,38.9,Overweight
11.0,P,0,139.0,38.6,Overweight
6.0,L,1,113.7,17.0,Underweight
12.0,L,1,149.7,34.9,Normal
11.0,L,1,141.6,38.1,Overweight
7.0,L,1,115.2,24.1,Overweight
12.0,L,1,149.4,39.6,Normal
8.0,L,1,120.8,21.8,Normal
6.0,L,1,116.3,20.8,Normal
11.0,L,1,139.4,34.0,Normal
8.0,L,1,122.1,25.3,Normal
10.0,L,1,136.7,27.9,Normal
6.0,L,1,112.4,18.9,Normal
8.0,L,1,122.4,26.5,Normal
11.0,P,0,139.4,35.7,Overweight
6.0,L,1,115.2,17.1,Underweight
10.0,L,1,133.5,25.6,Normal
11.0,P,0,140.4,35.6,Overweight
9.0,L,1,126.0,26.0,Normal
12.0,L,1,148.0,42.7,Overweight
10.0,L,1,134.5,34.6,Overweight
12.0,P,0,145.0,40.1,Overweight
7.0,P,0,115.6,19.1,Normal
9.0,L,1,123.4,24.9,Normal
12.0,P,0,143.6,37.4,Overweight
8.0,P,0,122.3,22.8,Normal
10.0,L,1,138.0,29.4,Normal
9.0,L,1,126.2,30.1,Overweight
8.0,P,0,121.9,23.8,Normal
10.0,L,1,135.6,32.1,Normal
12.0,P,0,144.2,38.0,Overweight
12.0,P,0,146.6,35.8,Normal
11.0,P,0,140.6,32.4,Normal
9.0,P,0,127.3,31.4,Overweight
9.0,P,0,130.0,25.2,Normal
12.0,P,0,146.9,38.3,Normal
9.0,L,1,131.7,25.7,Normal
12.0,L,1,150.3,42.8,Overweight
7.0,L,1,119.3,22.0,Normal
11.0,L,1,143.7,36.2,Normal
8.0,P,0,119.8,21.4,Normal
7.0,P,0,120.5,20.0,Underweight
9.0,P,0,130.5,25.3,Normal
12.0,L,1,145.1,39.9,Overweight
8.0,L,1,122.2,21.4,Normal
10.0,P,0,133.8,35.2,Overweight
10.0,L,1,130.8,29.4,Normal
6.0,L,1,114.5,18.8,Normal
7.0,P,0,118.3,19.7,Normal
7.0,P,0,123.0,23.8,Normal
9.0,L,1,128.8,28.5,Normal
11.0,L,1,142.8,29.0,Normal
8.0,L,1,128.0,20.5,Underweight
11.0,L,1,138.2,41.7,Overweight
10.0,L,1,134.7,33.7,Overweight
10.0,P,0,139.0,32.7,Normal
9.0,P,0,130.8,29.6,Normal
7.0,L,1,113.6,21.1,Normal
11.0,L,1,140.8,32.6,Normal
11.0,P,0,147.0,34.4,Normal
12.0,P,0,147.2,33.9,Normal
9.0,L,1,129.5,26.8,Normal
7.0,L,1,119.1,21.0,Normal
8.0,L,1,123.2,23.3,Normal
7.0,L,1,118.5,18.0,Underweight
8.0,L,1,121.1,28.0,Overweight
8.0,P,0,126.8,21.4,Underweight
10.0,L,1,128.0,31.4,Overweight
9.0,L,1,132.2,23.0,Underweight
8.0,P,0,125.7,23.0,Normal
8.0,L,1,126.3,24.6,Normal
9.0,P,0,126.0,32.3,Overweight
9.0,L,1,129.2,29.8,Normal
6.0,L,1,112.6,18.4,Normal
11.0,P,0,137.7,30.4,Normal
8.0,L,1,121.2,20.0,Underweight
12.0,L,1,143.8,39.3,Overweight
11.0,L,1,140.7,36.0,Overweight
10.0,L,1,135.6,33.0,Normal
8.0,P,0,124.6,22.5,Normal
10.0,P,0,138.7,25.0,Underweight
11.0,P,0,142.6,32.5,Normal
7.0,L,1,121.9,22.4,Normal
11.0,P,0,142.6,39.8,Overweight
12.0,P,0,150.6,38.1,Normal
11.0,L,1,137.7,38.9,Overweight
9.0,P,0,133.0,26.3,Normal
8.0,P,0,128.0,23.9,Normal
10.0,L,1,135.6,31.4,Normal
12.0,P,0,147.1,39.2,Overweight
6.0,P,0,112.9,20.2,Normal
7.0,L,1,116.0,22.9,Normal
6.0,L,1,111.2,17.0,Underweight
8.0,L,1,121.7,27.1,Overweight
8.0,L,1,120.7,23.8,Normal
10.0,P,0,133.2,38.0,Overweight
11.0,P,0,144.8,35.1,Normal
10.0,P,0,138.7,31.5,Normal
7.0,L,1,119.0,22.4,Normal
10.0,L,1,136.2,33.3,Normal
11.0,P,0,139.5,38.1,Overweight
7.0,L,1,119.4,24.5,Normal
10.0,P,0,132.2,31.5,Overweight
12.0,L,1,148.9,37.5,Normal
11.0,P,0,141.5,36.7,Overweight
11.0,L,1,138.1,33.9,Normal
8.0,P,0,124.2,29.0,Overweight
7.0,L,1,113.6,23.9,Overweight
12.0,L,1,144.6,42.7,Overweight
7.0,P,0,115.1,22.1,Normal
7.0,P,0,121.1,22.8,Normal
8.0,L,1,120.6,23.1,Normal
8.0,P,0,119.7,26.3,Overweight
7.0,L,1,118.6,21.3,Normal
11.0,P,0,136.0,32.9,Normal
9.0,L,1,129.4,28.3,Normal
12.0,L,1,147.4,35.2,Normal
11.0,P,0,147.0,39.5,Overweight
12.0,L,1,149.6,39.5,Normal
7.0,P,0,118.8,20.1,Normal
8.0,L,1,127.4,26.9,Normal
8.0,P,0,124.5,22.9,Normal
10.0,L,1,134.5,28.6,Normal
9.0,L,1,126.1,32.6,Overweight
8.0,P,0,118.0,21.3,Normal
9.0,P,0,129.8,25.0,Normal
11.0,L,1,140.1,32.1,Normal
9.0,P,0,131.2,29.3,Normal
6.0,P,0,110.0,20.9,Normal
6.0,P,0,116.4,18.6,Underweight
11.0,L,1,142.4,42.1,Overweight
11.0,P,0,140.0,33.5,Normal
8.0,L,1,121.7,28.5,Overweight
11.0,L,1,138.1,34.3,Normal
9.0,L,1,129.4,24.8,Normal
9.0,L,1,130.3,31.3,Overweight
12.0,P,0,146.6,37.4,Normal
12.0,L,1,145.3,44.5,Overweight
12.0,L,1,144.0,39.4,Overweight
12.0,L,1,148.0,38.0,Normal
11.0,L,1,141.6,39.4,Overweight
12.0,P,0,148.7,41.5,Overweight
6.0,P,0,117.3,17.0,Underweight
9.0,L,1,123.0,23.0,Normal
11.0,L,1,139.4,33.4,Normal
9.0,P,0,129.3,25.9,Normal
12.0,L,1,144.7,37.3,Normal
11.0,P,0,141.2,37.1,Overweight
11.0,P,0,135.5,30.3,Normal
7.0,P,0,119.9,21.6,Normal
10.0,L,1,135.8,29.7,Normal
11.0,L,1,135.5,36.8,Overweight
8.0,P,0,122.1,23.7,Normal
6.0,L,1,113.0,22.0,Normal
8.0,L,1,121.7,25.6,Normal
12.0,P,0,144.5,34.9,Normal
12.0,L,1,148.3,38.2,Normal
8.0,P,0,125.1,21.4,Underweight
9.0,L,1,124.8,28.9,Overweight
12.0,L,1,148.6,41.5,Overweight
8.0,P,0,120.9,25.1,Normal
9.0,P,0,126.5,26.3,Normal
12.0,L,1,146.2,37.4,Normal
11.0,L,1,142.1,33.8,Normal
9.0,L,1,131.7,31.9,Overweight
7.0,L,1,119.6,22.8,Normal
8.0,L,1,121.7,25.8,Normal
10.0,L,1,133.7,30.4,Normal
11.0,L,1,141.2,33.8,Normal
8.0,L,1,124.6,24.1,Normal
10.0,P,0,133.1,27.5,Normal
9.0,L,1,127.5,25.7,Normal
9.0,P,0,132.1,27.9,Normal
7.0,L,1,123.0,22.9,Normal
12.0,L,1,147.0,38.2,Normal
10.0,L,1,134.2,32.3,Normal
9.0,L,1,130.5,34.0,Overweight
10.0,P,0,134.7,26.2,Normal
6.0,P,0,116.8,19.6,Normal
7.0,L,1,113.7,20.1,Normal
11.0,L,1,140.0,40.1,Overweight
10.0,P,0,129.4,32.3,Overweight
11.0,P,0,139.3,28.0,Normal
10.0,P,0,133.2,33.2,Overweight
11.0,L,1,135.2,34.3,Overweight
11.0,P,0,141.5,30.6,Normal
11.0,P,0,142.7,35.7,Normal
7.0,L,1,121.0,23.6,Normal
8.0,L,1,121.9,26.0,Normal
9.0,L,1,125.6,26.3,Normal
11.0,P,0,142.1,36.7,Overweight
11.0,P,0,140.3,34.3,Normal
10.0,P,0,131.6,34.9,Overweight
10.0,P,0,134.5,36.4,Overweight
7.0,P,0,116.6,25.0,Overweight
8.0,P,0,128.0,22.4,Underweight
10.0,L,1,134.8,34.2,Overweight
11.0,L,1,140.5,41.0,Overweight
8.0,L,1,123.9,27.0,Normal
12.0,P,0,148.7,33.9,Normal
12.0,L,1,148.8,31.3,Normal
10.0,L,1,134.2,30.3,Normal
6.0,P,0,115.6,20.0,Normal
10.0,P,0,137.6,28.8,Normal
9.0,L,1,127.1,31.0,Overweight
10.0,L,1,128.0,33.7,Overweight
12.0,P,0,143.3,35.4,Normal
11.0,P,0,140.1,33.7,Normal
10.0,P,0,134.0,31.8,Normal
12.0,P,0,142.7,42.3,Overweight
10.0,L,1,135.1,38.0,Overweight
10.0,P,0,134.7,33.4,Overweight
12.0,L,1,147.7,41.4,Overweight
7.0,P,0,121.1,21.0,Normal
12.0,P,0,146.2,32.4,Normal
11.0,P,0,143.5,33.2,Normal
7.0,L,1,115.3,23.4,Normal
10.0,P,0,136.1,28.8,Normal
8.0,L,1,122.8,27.0,Normal
10.0,L,1,137.6,28.0,Normal
11.0,P,0,140.3,38.7,Overweight
8.0,L,1,125.6,20.0,Underweight
8.0,P,0,120.3,24.3,Normal
12.0,L,1,144.4,38.4,Overweight
10.0,P,0,135.5,25.0,Underweight
7.0,P,0,115.4,19.5,Normal
7.0,P,0,116.2,18.0,Underweight
11.0,L,1,141.0,33.6,Normal
7.0,L,1,116.7,23.0,Normal
12.0,P,0,143.7,38.4,Overweight
9.0,L,1,129.0,25.7,Normal
6.0,P,0,110.6,20.9,Normal
7.0,L,1,116.9,24.0,Normal
11.0,P,0,140.9,38.0,Overweight
12.0,P,0,143.7,42.9,Overweight
12.0,L,1,147.3,35.2,Normal
8.0,L,1,124.2,21.1,Underweight
12.0,L,1,149.4,39.2,Normal
12.0,L,1,143.0,36.4,Normal
9.0,P,0,126.9,28.9,Normal
10.0,P,0,131.8,31.6,Overweight
10.0,P,0,135.0,30.5,Normal
7.0,P,0,115.5,24.9,Overweight
12.0,L,1,144.1,39.7,Overweight
11.0,L,1,143.7,29.6,Normal
6.0,L,1,113.1,20.2,Normal
7.0,P,0,119.6,25.0,Normal
11.0,L,1,136.6,37.4,Overweight
9.0,L,1,124.5,26.4,Normal
8.0,P,0,126.6,21.6,Underweight
11.0,L,1,141.2,34.3,Normal
12.0,L,1,144.8,35.2,Normal
12.0,P,0,150.7,37.7,Normal
12.0,P,0,145.8,40.3,Overweight
11.0,P,0,138.5,36.0,Overweight
9.0,P,0,127.9,32.3,Overweight
6.0,P,0,115.7,18.4,Underweight
12.0,L,1,144.9,38.7,Overweight
9.0,P,0,124.1,28.2,Overweight
9.0,P,0,132.0,28.4,Normal
7.0,P,0,122.1,19.9,Underweight
6.0,L,1,117.6,22.0,Normal
7.0,P,0,117.9,24.4,Normal
12.0,L,1,142.6,37.1,Overweight
11.0,P,0,145.9,32.6,Normal
6.0,P,0,112.9,19.1,Normal
12.0,P,0,144.6,43.3,Overweight
12.0,P,0,147.1,37.2,Normal
12.0,L,1,144.2,39.9,Overweight
11.0,L,1,140.2,33.0,Normal
8.0,L,1,125.1,23.7,Normal
11.0,P,0,141.9,38.9,Overweight
12.0,L,1,146.7,38.7,Normal
12.0,L,1,144.4,36.5,Normal
10.0,P,0,129.9,29.6,Normal
7.0,P,0,119.9,18.1,Underweight
11.0,L,1,143.6,37.5,Overweight
6.0,P,0,112.7,18.4,Normal
11.0,P,0,143.5,34.3,Normal
6.0,L,1,114.0,21.2,Normal
6.0,L,1,113.1,19.0,Normal
12.0,P,0,148.8,39.7,Normal
7.0,P,0,119.9,21.5,Normal
6.0,L,1,111.6,17.0,Underweight
12.0,L,1,144.0,44.4,Overweight
12.0,P,0,145.1,43.8,Overweight
6.0,P,0,111.4,21.4,Normal
8.0,P,0,124.5,20.1,Underweight
10.0,L,1,134.2,28.9,Normal
7.0,P,0,118.2,24.2,Normal
8.0,P,0,120.8,26.6,Overweight
11.0,L,1,143.6,41.3,Overweight
11.0,P,0,141.9,39.3,Overweight
10.0,P,0,140.0,33.4,Normal
7.0,L,1,117.1,23.6,Normal
8.0,L,1,124.6,23.9,Normal
6.0,L,1,117.8,21.8,Normal
12.0,P,0,147.9,36.2,Normal
9.0,L,1,125.5,24.8,Normal
11.0,P,0,141.4,33.2,Normal
8.0,L,1,125.5,25.2,Normal
9.0,P,0,129.6,29.1,Normal
9.0,L,1,127.0,27.0,Normal
9.0,L,1,129.8,25.7,Normal
6.0,L,1,115.0,17.0,Underweight
6.0,L,1,112.9,20.7,Normal
9.0,L,1,125.6,29.8,Overweight
9.0,L,1,130.9,27.4,Normal
9.0,P,0,125.1,32.8,Overweight
9.0,L,1,129.1,23.9,Normal
10.0,P,0,132.2,29.4,Normal
10.0,P,0,133.5,31.1,Normal
12.0,P,0,151.0,35.2,Normal
6.0,P,0,116.7,21.6,Normal
12.0,P,0,147.6,37.2,Normal
7.0,P,0,116.1,18.0,Underweight
10.0,P,0,137.0,34.4,Overweight
9.0,L,1,127.7,28.3,Normal
7.0,P,0,116.4,19.8,Normal
7.0,P,0,119.3,19.2,Underweight
9.0,P,0,129.7,26.0,Normal
7.0,L,1,118.2,22.2,Normal
7.0,L,1,119.9,23.7,Normal
10.0,P,0,134.5,29.8,Normal
6.0,P,0,116.7,18.8,Underweight
8.0,P,0,127.6,26.3,Normal
6.0,P,0,115.8,18.4,Underweight
10.0,P,0,131.1,32.4,Overweight
6.0,P,0,111.8,17.4,Underweight
8.0,L,1,123.0,24.9,Normal
11.0,P,0,140.6,35.9,Overweight
9.0,P,0,133.0,30.1,Normal
11.0,L,1,142.3,35.8,Normal
10.0,L,1,131.0,31.3,Overweight
8.0,L,1,121.5,21.7,Normal
10.0,P,0,133.2,32.1,Overweight
8.0,P,0,120.6,25.0,Normal
11.0,P,0,140.3,34.2,Normal
11.0,L,1,142.0,30.8,Normal
6.0,L,1,112.1,18.9,Normal
8.0,P,0,126.0,26.1,Normal
12.0,P,0,148.2,36.1,Normal
12.0,L,1,145.1,40.8,Overweight
7.0,L,1,120.6,20.3,Underweight
7.0,L,1,114.8,18.9,Normal
6.0,P,0,112.1,18.1,Normal
9.0,P,0,131.7,25.2,Normal
7.0,L,1,120.5,18.0,Underweight
7.0,P,0,113.5,21.9,Normal
12.0,P,0,147.7,38.1,Normal
12.0,P,0,146.2,39.1,Overweight
7.0,L,1,121.5,21.0,Normal
8.0,L,1,122.3,28.4,Normal
9.0,L,1,131.8,34.0,Overweight
7.0,P,0,115.6,18.0,Underweight
6.0,L,1,112.7,18.1,Normal
7.0,L,1,118.3,22.4,Normal
7.0,L,1,117.7,19.1,Underweight
11.0,P,0,137.2,40.6,Overweight
10.0,L,1,129.9,33.5,Overweight
11.0,P,0,140.4,38.1,Overweight
10.0,L,1,137.4,28.8,Normal
10.0,P,0,132.7,30.7,Normal
9.0,P,0,125.5,30.0,Overweight
12.0,P,0,148.7,34.5,Normal
7.0,L,1,118.0,22.2,Normal
9.0,L,1,130.4,33.2,Overweight
7.0,P,0,116.3,23.4,Normal
10.0,L,1,134.9,32.2,Normal
11.0,P,0,139.9,35.4,Overweight
12.0,P,0,146.6,38.9,Overweight
9.0,L,1,124.5,23.2,Normal
7.0,P,0,118.8,20.6,Normal
9.0,P,0,126.2,27.2,Normal
9.0,P,0,129.1,27.1,Normal
9.0,P,0,129.7,27.7,Normal
10.0,L,1,135.9,33.6,Overweight
7.0,P,0,115.8,18.7,Underweight
7.0,L,1,118.7,21.3,Normal
9.0,P,0,129.6,27.2,Normal
11.0,L,1,139.3,33.7,Normal
11.0,P,0,139.9,33.8,Normal
7.0,P,0,121.0,25.0,Normal
7.0,L,1,121.6,19.3,Underweight
9.0,P,0,126.6,24.5,Normal
9.0,P,0,129.9,29.7,Normal
12.0,L,1,147.0,42.2,Overweight
7.0,P,0,119.8,20.1,Underweight
6.0,P,0,114.2,19.0,Normal
10.0,L,1,134.3,31.9,Normal
9.0,P,0,127.8,23.6,Normal
8.0,L,1,118.2,28.1,Overweight
10.0,L,1,131.6,27.2,Normal
8.0,L,1,125.8,24.4,Normal
7.0,L,1,115.0,24.9,Overweight
11.0,L,1,141.1,33.9,Normal
12.0,L,1,148.2,38.4,Normal
12.0,L,1,144.5,40.0,Overweight
10.0,P,0,136.2,27.9,Normal
10.0,P,0,132.0,35.0,Overweight
11.0,P,0,143.8,33.4,Normal
11.0,L,1,144.2,33.8,Normal
12.0,L,1,144.2,38.3,Overweight
7.0,L,1,116.7,18.0,Underweight
9.0,P,0,126.6,31.3,Overweight
11.0,P,0,144.5,29.9,Normal
8.0,P,0,124.4,20.8,Underweight
7.0,L,1,116.3,22.3,Normal
9.0,L,1,130.6,27.1,Normal
10.0,L,1,137.2,32.7,Normal
12.0,L,1,145.1,34.4,Normal
9.0,L,1,126.9,28.0,Normal
9.0,P,0,127.2,31.7,Overweight
9.0,P,0,130.8,25.9,Normal
12.0,L,1,144.5,44.4,Overweight
7.0,L,1,118.7,20.1,Normal
6.0,P,0,111.5,17.0,Underweight
12.0,P,0,145.4,37.4,Normal
6.0,P,0,117.2,20.0,Normal
10.0,L,1,134.5,31.7,Normal
6.0,P,0,114.6,17.0,Underweight
12.0,P,0,146.9,36.0,Normal
9.0,L,1,129.8,24.7,Normal
8.0,P,0,121.0,23.4,Normal
11.0,L,1,140.6,38.0,Overweight
9.0,L,1,130.4,31.6,Overweight
11.0,L,1,137.1,36.0,Overweight
9.0,L,1,128.5,27.3,Normal
7.0,L,1,118.5,19.5,Underweight
11.0,P,0,143.8,40.3,Overweight
7.0,P,0,116.0,20.6,Normal
10.0,L,1,131.2,35.8,Overweight
9.0,P,0,131.8,27.3,Normal
8.0,L,1,120.3,21.2,Normal
11.0,L,1,139.9,37.4,Overweight
8.0,L,1,121.5,21.2,Normal
12.0,P,0,146.2,39.4,Overweight
11.0,P,0,142.0,40.1,Overweight
6.0,L,1,114.7,19.4,Normal
7.0,L,1,118.6,21.9,Normal
12.0,L,1,143.2,41.7,Overweight
9.0,L,1,125.9,29.8,Overweight
6.0,P,0,114.9,17.6,Underweight
12.0,L,1,150.0,35.9,Normal
7.0,P,0,120.1,22.2,Normal
11.0,L,1,139.9,38.3,Overweight
9.0,L,1,128.4,26.9,Normal
7.0,P,0,120.1,19.2,Underweight
6.0,P,0,116.9,17.9,Underweight
12.0,L,1,142.6,39.1,Overweight
6.0,P,0,112.6,19.1,Normal
8.0,L,1,124.1,26.9,Normal
6.0,P,0,113.8,20.5,Normal
11.0,P,0,143.3,40.5,Overweight
10.0,P,0,133.6,31.7,Normal
7.0,P,0,119.4,19.6,Underweight
8.0,L,1,119.7,25.0,Normal
12.0,L,1,145.1,40.9,Overweight
7.0,L,1,116.9,21.1,Normal
8.0,P,0,119.5,24.9,Normal
12.0,P,0,143.9,39.6,Overweight
6.0,L,1,115.4,18.8,Normal
10.0,P,0,133.2,30.9,Normal
8.0,L,1,124.8,27.5,Normal
8.0,P,0,124.4,27.6,Normal
11.0,P,0,140.7,34.0,Normal
12.0,L,1,144.2,35.9,Normal
6.0,L,1,114.6,20.8,Normal
11.0,L,1,144.3,28.0,Underweight
10.0,L,1,134.7,28.6,Normal
7.0,P,0,119.8,21.5,Normal
6.0,L,1,111.7,17.5,Underweight
7.0,L,1,115.5,19.1,Normal
7.0,P,0,116.1,23.3,Normal
9.0,P,0,130.2,30.4,Normal
11.0,L,1,144.4,36.9,Normal
6.0,L,1,118.0,19.7,Normal
7.0,L,1,115.9,19.5,Normal
7.0,P,0,116.1,21.2,Normal
12.0,P,0,146.6,37.9,Normal
9.0,P,0,124.2,24.6,Normal
11.0,P,0,139.3,38.9,Overweight
10.0,L,1,130.9,29.7,Normal
11.0,L,1,143.0,35.6,Normal
6.0,P,0,113.8,18.8,Normal
8.0,P,0,125.4,24.1,Normal
7.0,L,1,115.9,22.9,Normal
12.0,P,0,150.5,40.4,Normal
11.0,L,1,141.6,37.7,Overweight
8.0,P,0,119.0,22.7,Normal
10.0,P,0,134.8,31.2,Normal
9.0,L,1,127.8,26.4,Normal
11.0,P,0,146.3,36.5,Normal
8.0,L,1,124.8,20.0,Underweight
6.0,P,0,113.7,19.1,Normal
8.0,P,0,120.0,25.1,Normal
8.0,P,0,124.1,28.2,Overweight
8.0,P,0,125.3,24.5,Normal
12.0,P,0,143.7,33.5,Normal
6.0,L,1,111.1,20.9,Normal
11.0,L,1,141.1,42.0,Overweight
11.0,P,0,141.1,37.1,Overweight
7.0,P,0,119.1,24.8,Normal
9.0,L,1,127.4,28.9,Normal
7.0,P,0,121.3,20.0,Underweight
12.0,P,0,147.8,37.8,Normal
9.0,P,0,127.9,25.8,Normal
12.0,P,0,146.9,35.2,Normal
10.0,L,1,137.2,32.6,Normal
9.0,L,1,129.1,26.9,Normal
9.0,L,1,132.3,32.7,Overweight
12.0,L,1,145.0,45.2,Overweight
6.0,L,1,117.8,22.0,Normal
11.0,L,1,138.9,36.1,Overweight
11.0,L,1,142.1,34.5,Normal
12.0,P,0,150.1,37.7,Normal
7.0,P,0,121.8,20.2,Underweight
12.0,L,1,146.7,36.3,Normal
10.0,P,0,135.9,32.5,Normal
9.0,P,0,130.2,29.5,Normal
12.0,L,1,140.0,35.2,Normal
11.0,L,1,137.8,31.7,Normal
12.0,P,0,151.5,38.0,Normal
6.0,P,0,116.3,20.1,Normal
9.0,L,1,128.7,30.0,Overweight
8.0,P,0,119.7,27.6,Overweight
9.0,P,0,125.1,29.9,Overweight
7.0,L,1,118.1,22.5,Normal
11.0,L,1,145.8,36.9,Normal
6.0,P,0,115.4,20.6,Normal
9.0,P,0,133.0,24.4,Underweight
7.0,P,0,113.1,21.6,Normal
9.0,P,0,130.6,30.9,Overweight
10.0,P,0,131.8,34.0,Overweight
8.0,L,1,120.0,25.0,Normal
7.0,P,0,120.5,22.6,Normal
12.0,L,1,144.8,38.6,Normal
11.0,L,1,144.0,36.3,Normal
6.0,P,0,114.2,18.7,Normal
7.0,P,0,121.7,22.5,Normal
8.0,P,0,119.0,28.9,Overweight
6.0,P,0,113.4,20.7,Normal
8.0,L,1,122.2,21.7,Normal
11.0,P,0,144.9,33.4,Normal
7.0,L,1,113.6,22.9,Normal
9.0,L,1,128.8,28.3,Normal
10.0,P,0,132.0,34.9,Overweight
10.0,L,1,128.2,33.6,Overweight
10.0,P,0,132.1,30.6,Normal
6.0,P,0,115.6,21.0,Normal
9.0,L,1,126.9,24.6,Normal
9.0,L,1,131.4,33.9,Overweight
9.0,P,0,130.2,33.8,Overweight
8.0,P,0,122.2,23.5,Normal
8.0,L,1,118.5,24.9,Normal
12.0,L,1,145.6,34.8,Normal
11.0,P,0,140.6,33.1,Normal
12.0,L,1,143.2,39.3,Overweight
8.0,L,1,124.5,21.4,Underweight
9.0,P,0,127.2,30.0,Overweight
9.0,P,0,125.9,30.6,Overweight
11.0,P,0,141.3,38.0,Overweight
7.0,L,1,118.4,21.5,Normal
12.0,P,0,145.1,43.0,Overweight
10.0,L,1,137.5,32.0,Normal
7.0,P,0,114.9,18.3,Underweight
8.0,L,1,122.5,21.3,Normal
8.0,P,0,119.4,20.0,Normal
11.0,L,1,140.9,34.1,Normal
12.0,L,1,148.7,36.5,Normal
10.0,L,1,132.8,32.8,Overweight
12.0,P,0,148.1,36.8,Normal
9.0,P,0,128.4,26.5,Normal
12.0,L,1,142.1,43.1,Overweight
11.0,P,0,142.5,31.1,Normal
8.0,P,0,125.5,29.0,Overweight
8.0,P,0,123.3,20.0,Underweight
11.0,L,1,144.2,36.0,Normal
12.0,L,1,147.5,43.0,Overweight
7.0,L,1,118.7,21.5,Normal
10.0,L,1,134.4,30.9,Normal
9.0,L,1,125.3,28.1,Normal
10.0,P,0,133.2,32.2,Overweight
6.0,P,0,115.1,17.6,Underweight
12.0,L,1,140.5,33.0,Normal
7.0,L,1,117.6,20.8,Normal
12.0,P,0,147.2,41.6,Overweight
11.0,P,0,140.6,34.3,Normal
11.0,P,0,138.8,38.7,Overweight
6.0,P,0,112.7,20.5,Normal
6.0,L,1,116.8,17.3,Underweight
7.0,L,1,121.1,25.0,Normal
6.0,P,0,111.8,18.4,Normal
12.0,P,0,141.9,39.6,Overweight
11.0,P,0,139.4,33.8,Normal
11.0,L,1,140.7,36.6,Overweight
10.0,L,1,135.4,33.8,Overweight
8.0,P,0,126.7,20.5,Underweight
8.0,P,0,127.5,25.5,Normal
6.0,L,1,110.5,17.7,Normal
11.0,P,0,141.4,37.8,Overweight
8.0,P,0,124.7,25.0,Normal
12.0,P,0,148.8,39.9,Normal
8.0,L,1,121.1,22.5,Normal
10.0,L,1,130.4,27.6,Normal
11.0,L,1,144.8,32.3,Normal
12.0,P,0,144.7,35.9,Normal
9.0,L,1,125.7,30.5,Overweight
7.0,L,1,118.2,23.9,Normal
7.0,P,0,119.8,21.3,Normal
7.0,P,0,115.9,21.6,Normal
9.0,P,0,128.1,27.7,Normal
7.0,P,0,118.9,20.2,Normal
8.0,L,1,124.1,20.0,Underweight
7.0,P,0,119.6,18.0,Underweight
6.0,P,0,117.5,19.4,Normal
11.0,L,1,140.1,35.1,Normal
12.0,L,1,146.5,42.9,Overweight
9.0,L,1,124.9,30.1,Overweight
8.0,P,0,127.5,21.9,Underweight
8.0,L,1,123.0,24.4,Normal
8.0,P,0,118.0,22.9,Normal
8.0,L,1,124.4,21.7,Normal
11.0,P,0,142.2,36.9,Overweight
8.0,L,1,123.4,26.2,Normal
7.0,L,1,113.1,20.7,Normal
8.0,L,1,123.9,26.5,Normal
12.0,P,0,146.1,37.5,Normal
7.0,L,1,118.3,19.2,Underweight
11.0,L,1,143.6,38.4,Overweight
6.0,P,0,113.3,22.0,Normal
9.0,P,0,130.0,24.7,Normal
11.0,P,0,145.3,34.7,Normal
10.0,L,1,131.6,31.9,Overweight
11.0,P,0,139.0,38.7,Overweight
12.0,P,0,146.6,40.1,Overweight
12.0,L,1,149.1,40.0,Overweight
9.0,L,1,133.0,27.0,Normal
7.0,P,0,116.0,19.5,Normal
12.0,P,0,144.9,40.0,Overweight
11.0,P,0,142.6,35.2,Normal
7.0,L,1,119.7,20.3,Normal
11.0,L,1,141.9,37.0,Overweight
10.0,P,0,131.7,35.1,Overweight
11.0,L,1,138.6,39.3,Overweight
7.0,L,1,115.4,18.0,Underweight
9.0,L,1,129.0,27.1,Normal
8.0,L,1,120.9,20.0,Underweight
12.0,L,1,143.9,40.0,Overweight
7.0,P,0,120.8,19.3,Underweight
12.0,L,1,144.2,37.6,Overweight
10.0,P,0,130.9,32.3,Overweight
9.0,L,1,126.2,25.7,Normal
9.0,L,1,125.2,23.9,Normal
12.0,P,0,140.4,38.0,Overweight
8.0,P,0,119.7,24.7,Normal
9.0,L,1,129.2,22.0,Underweight
12.0,P,0,151.0,35.5,Normal
9.0,P,0,130.1,27.2,Normal
10.0,L,1,134.0,31.4,Normal
10.0,P,0,134.0,29.1,Normal
12.0,P,0,149.3,38.7,Normal
6.0,P,0,113.0,19.9,Normal
9.0,L,1,130.7,26.2,Normal
7.0,L,1,120.6,22.7,Normal
10.0,L,1,138.8,31.0,Normal
10.0,P,0,137.9,28.0,Normal
10.0,L,1,136.1,33.2,Normal
12.0,L,1,145.6,43.5,Overweight
10.0,L,1,136.1,29.3,Normal
7.0,P,0,113.5,21.6,Normal
11.0,L,1,142.1,37.6,Overweight
10.0,L,1,130.8,33.4,Overweight
12.0,L,1,147.2,36.4,Normal
8.0,P,0,125.2,26.2,Normal
6.0,P,0,114.4,19.9,Normal
11.0,L,1,139.2,37.5,Overweight
9.0,P,0,130.0,29.1,Normal
12.0,L,1,145.4,42.6,Overweight
12.0,P,0,141.8,36.8,Overweight
12.0,L,1,146.7,40.0,Overweight
8.0,P,0,119.5,24.0,Normal
11.0,P,0,138.9,37.6,Overweight
9.0,L,1,128.4,30.4,Overweight
11.0,L,1,138.4,41.1,Overweight
6.0,L,1,112.0,22.0,Normal
7.0,L,1,115.8,19.7,Normal
11.0,P,0,140.2,31.1,Normal
7.0,L,1,119.1,19.0,Underweight
9.0,L,1,129.9,27.3,Normal
6.0,L,1,117.6,20.8,Normal
9.0,P,0,127.8,26.0,Normal
10.0,P,0,132.7,29.5,Normal
10.0,L,1,129.2,26.2,Normal
9.0,L,1,128.4,31.2,Overweight
10.0,L,1,138.9,31.3,Normal
12.0,P,0,152.0,37.2,Normal
6.0,P,0,110.4,17.4,Normal
9.0,P,0,124.0,33.7,Overweight
9.0,P,0,127.4,25.5,Normal
6.0,P,0,114.4,19.3,Normal
12.0,L,1,145.6,35.7,Normal
7.0,L,1,120.3,19.9,Underweight
7.0,L,1,118.8,20.6,Normal
11.0,P,0,142.6,36.1,Normal
10.0,L,1,133.5,30.3,Normal
10.0,P,0,132.0,28.8,Normal
7.0,L,1,122.4,20.4,Underweight
7.0,L,1,114.6,21.1,Normal
12.0,L,1,144.1,38.8,Overweight
8.0,L,1,119.8,26.7,Overweight
8.0,L,1,122.4,24.4,Normal
11.0,L,1,140.9,33.6,Normal
6.0,P,0,112.0,21.8,Normal
11.0,P,0,141.9,34.3,Normal
12.0,P,0,142.8,34.5,Normal
9.0,P,0,132.0,25.7,Normal
12.0,P,0,147.5,38.0,Normal
6.0,P,0,116.9,21.9,Normal
11.0,L,1,142.7,39.6,Overweight
11.0,P,0,138.7,29.9,Normal
11.0,P,0,139.9,31.4,Normal
11.0,L,1,139.7,37.0,Overweight
8.0,P,0,120.4,23.8,Normal
11.0,L,1,145.7,30.2,Normal
9.0,L,1,129.9,30.5,Overweight
8.0,L,1,122.3,22.5,Normal
9.0,L,1,131.7,34.0,Overweight
11.0,L,1,137.2,41.4,Overweight
9.0,P,0,125.9,27.5,Normal
6.0,L,1,112.8,19.0,Normal
11.0,L,1,141.3,33.5,Normal
9.0,L,1,127.3,24.1,Normal
9.0,L,1,127.1,24.3,Normal
6.0,L,1,110.1,20.7,Normal
8.0,P,0,122.7,20.4,Underweight
12.0,L,1,146.9,40.5,Overweight
12.0,P,0,147.0,36.1,Normal
8.0,P,0,123.8,20.0,Underweight
8.0,L,1,126.6,20.0,Underweight
12.0,P,0,145.7,37.3,Normal
11.0,P,0,140.4,31.5,Normal
7.0,L,1,120.9,20.5,Normal
7.0,L,1,118.7,23.3,Normal
8.0,L,1,124.4,28.8,Overweight
9.0,P,0,127.5,22.8,Normal
9.0,L,1,128.5,22.2,Underweight
11.0,P,0,136.0,34.3,Overweight
8.0,P,0,124.7,26.9,Normal
11.0,P,0,137.8,34.8,Overweight
10.0,L,1,131.1,31.3,Overweight
11.0,P,0,142.2,37.2,Overweight
12.0,L,1,145.0,37.9,Overweight
10.0,L,1,135.3,30.3,Normal
11.0,P,0,139.7,37.0,Overweight
11.0,L,1,142.5,31.8,Normal
10.0,L,1,131.5,33.7,Overweight
8.0,P,0,121.4,24.2,Normal
10.0,P,0,132.9,28.0,Normal
7.0,P,0,115.4,18.9,Normal
9.0,P,0,128.0,28.9,Normal
10.0,P,0,136.6,31.9,Normal
7.0,P,0,119.6,20.2,Normal
8.0,P,0,125.8,27.2,Normal
11.0,L,1,141.0,33.9,Normal
6.0,L,1,116.9,20.1,Normal
9.0,P,0,126.7,27.8,Normal
11.0,L,1,144.6,38.2,Overweight
12.0,P,0,148.2,42.6,Overweight
12.0,P,0,147.4,37.9,Normal
10.0,L,1,136.7,32.0,Normal
10.0,L,1,135.2,30.4,Normal
8.0,P,0,124.2,23.3,Normal
11.0,P,0,135.6,32.5,Normal
9.0,P,0,133.0,30.5,Normal
8.0,L,1,121.1,29.0,Overweight
10.0,P,0,137.0,30.6,Normal
10.0,P,0,131.4,31.7,Overweight
7.0,L,1,117.0,20.5,Normal
6.0,L,1,113.1,17.0,Underweight
10.0,L,1,132.4,30.3,Normal
10.0,L,1,132.8,30.2,Normal
8.0,L,1,124.1,28.2,Overweight
7.0,L,1,118.7,22.2,Normal
7.0,L,1,119.5,19.8,Underweight
9.0,L,1,128.5,31.0,Overweight
9.0,P,0,126.6,30.0,Overweight
12.0,P,0,143.8,40.2,Overweight
7.0,L,1,122.0,25.0,Normal
11.0,P,0,139.1,32.6,Normal
10.0,P,0,132.9,33.6,Overweight
10.0,L,1,137.3,30.8,Normal
12.0,L,1,146.8,42.3,Overweight
8.0,L,1,128.0,24.8,Normal
11.0,P,0,137.7,34.3,Overweight
9.0,L,1,126.3,31.0,Overweight
8.0,P,0,122.2,22.9,Normal
9.0,P,0,125.5,26.7,Normal
9.0,L,1,131.0,23.6,Underweight
10.0,L,1,134.9,31.6,Normal
7.0,L,1,117.0,21.8,Normal
11.0,L,1,139.7,31.9,Normal
9.0,L,1,130.5,27.5,Normal
8.0,P,0,124.3,23.7,Normal
11.0,L,1,144.8,33.1,Normal
9.0,P,0,130.2,28.6,Normal
7.0,L,1,115.6,18.9,Normal
11.0,L,1,146.3,30.4,Normal
8.0,P,0,122.3,24.0,Normal
10.0,L,1,133.2,29.9,Normal
6.0,P,0,110.0,17.9,Normal
7.0,P,0,113.9,25.0,Overweight
11.0,P,0,142.5,33.5,Normal
9.0,L,1,124.8,32.1,Overweight
8.0,P,0,119.8,20.9,Normal
12.0,L,1,143.9,39.5,Overweight
8.0,P,0,124.9,24.0,Normal
9.0,L,1,128.5,25.0,Normal
8.0,L,1,120.8,20.7,Normal
9.0,P,0,124.0,26.6,Normal
12.0,P,0,144.1,37.1,Normal
11.0,L,1,144.5,32.6,Normal
11.0,P,0,137.6,39.6,Overweight
12.0,P,0,147.2,37.7,Normal
9.0,L,1,131.9,25.3,Normal
8.0,P,0,124.5,21.9,Normal
12.0,L,1,148.2,39.0,Normal
12.0,P,0,144.7,37.5,Normal
9.0,L,1,124.5,28.0,Overweight
8.0,L,1,122.8,20.7,Underweight
9.0,P,0,127.8,22.0,Underweight
9.0,L,1,125.5,32.1,Overweight
7.0,L,1,119.0,22.1,Normal
7.0,P,0,119.2,21.9,Normal
9.0,L,1,128.1,24.1,Normal
12.0,L,1,146.2,42.8,Overweight
12.0,P,0,147.0,43.5,Overweight
8.0,L,1,125.2,27.3,Normal
8.0,L,1,123.4,24.9,Normal
9.0,L,1,127.5,26.4,Normal
11.0,L,1,143.0,38.7,Overweight
12.0,L,1,150.5,40.4,Normal
8.0,L,1,120.8,29.0,Overweight
8.0,L,1,126.1,21.0,Underweight
12.0,P,0,146.5,36.8,Normal
12.0,L,1,146.5,39.2,Overweight
9.0,P,0,126.7,32.2,Overweight
9.0,L,1,129.2,32.8,Overweight
11.0,L,1,142.9,33.7,Normal
6.0,L,1,118.0,20.0,Normal
6.0,L,1,118.0,20.3,Normal
12.0,L,1,145.2,41.5,Overweight
9.0,P,0,127.9,26.2,Normal
7.0,L,1,116.7,20.2,Normal
7.0,L,1,118.0,20.2,Normal
12.0,P,0,147.6,37.8,Normal
9.0,L,1,123.9,25.4,Normal
12.0,L,1,146.1,34.3,Normal
7.0,L,1,117.3,22.1,Normal
11.0,P,0,144.5,36.9,Normal
7.0,L,1,114.9,23.2,Normal
12.0,P,0,146.7,36.3,Normal
9.0,P,0,130.9,30.2,Normal
9.0,P,0,126.9,30.2,Overweight
12.0,P,0,144.2,36.3,Normal
11.0,L,1,144.1,38.6,Overweight
11.0,P,0,139.8,33.0,Normal
11.0,L,1,141.5,34.5,Normal
7.0,P,0,119.3,21.7,Normal
7.0,P,0,118.6,21.5,Normal
11.0,P,0,140.5,34.3,Normal
6.0,P,0,111.9,18.3,Normal
12.0,L,1,143.6,42.1,Overweight
10.0,L,1,132.8,33.0,Overweight
12.0,L,1,150.1,39.2,Normal
10.0,L,1,130.0,31.6,Overweight
8.0,P,0,127.3,25.0,Normal
10.0,P,0,132.3,32.9,Overweight
7.0,P,0,113.2,22.3,Normal
10.0,L,1,136.6,28.1,Normal
11.0,L,1,144.0,31.2,Normal
8.0,P,0,123.1,24.1,Normal
9.0,L,1,127.5,28.7,Normal
9.0,P,0,128.3,26.9,Normal
7.0,P,0,123.0,24.8,Normal
7.0,P,0,116.7,19.3,Normal
8.0,P,0,123.5,24.8,Normal
12.0,L,1,141.6,34.5,Normal
6.0,L,1,112.7,19.2,Normal
11.0,P,0,143.4,37.6,Overweight
6.0,L,1,111.0,21.5,Normal
9.0,L,1,123.4,28.4,Overweight
7.0,L,1,120.7,25.0,Normal
7.0,L,1,118.8,19.5,Underweight
9.0,P,0,125.2,26.4,Normal
8.0,P,0,122.4,22.1,Normal
6.0,L,1,113.0,18.4,Normal
7.0,L,1,116.5,23.6,Normal
10.0,L,1,135.1,27.8,Normal
8.0,L,1,122.3,25.8,Normal
9.0,P,0,127.3,23.4,Normal
12.0,L,1,149.5,38.4,Normal
11.0,L,1,143.4,33.3,Normal
9.0,P,0,126.8,23.7,Normal
7.0,L,1,122.2,19.0,Underweight
10.0,P,0,137.8,33.3,Normal
11.0,P,0,142.7,38.9,Overweight
9.0,L,1,128.0,28.0,Normal
11.0,P,0,140.6,33.6,Normal
12.0,P,0,146.1,41.5,Overweight
8.0,L,1,124.8,22.8,Normal
11.0,L,1,139.7,36.8,Overweight
8.0,P,0,126.9,24.4,Normal
9.0,P,0,131.3,29.2,Normal
6.0,L,1,114.4,19.3,Normal
10.0,L,1,131.9,32.6,Overweight
9.0,P,0,129.9,23.6,Underweight
7.0,L,1,122.5,19.1,Underweight
12.0,P,0,147.9,41.8,Overweight
9.0,P,0,123.7,22.1,Normal
10.0,L,1,134.0,28.5,Normal
8.0,L,1,120.0,25.4,Normal
12.0,L,1,143.9,38.1,Overweight
10.0,P,0,134.7,31.4,Normal
8.0,L,1,122.2,24.7,Normal
10.0,P,0,135.3,34.1,Overweight
8.0,P,0,123.1,22.8,Normal
6.0,L,1,110.9,20.3,Normal
10.0,P,0,132.3,38.0,Overweight
7.0,P,0,115.9,20.1,Normal
11.0,P,0,135.9,36.5,Overweight
10.0,P,0,135.4,32.2,Normal
11.0,P,0,141.0,36.3,Overweight
11.0,P,0,139.3,36.2,Overweight
11.0,P,0,138.6,32.5,Normal
12.0,P,0,140.1,40.7,Overweight
9.0,P,0,123.7,26.8,Normal
8.0,L,1,120.6,25.3,Normal
9.0,P,0,128.5,28.3,Normal
9.0,L,1,129.7,23.8,Normal
8.0,L,1,119.0,24.4,Normal
9.0,L,1,127.7,32.7,Overweight
11.0,P,0,137.9,29.8,Normal
8.0,L,1,124.4,20.4,Underweight
7.0,P,0,118.4,23.9,Normal
9.0,P,0,131.6,29.3,Normal
8.0,P,0,122.1,23.9,Normal
12.0,P,0,147.2,36.5,Normal
6.0,P,0,114.0,18.2,Normal
9.0,P,0,129.9,27.9,Normal
11.0,P,0,142.6,34.3,Normal
7.0,L,1,118.6,19.1,Underweight
12.0,P,0,149.3,36.1,Normal
8.0,L,1,125.8,22.7,Normal
9.0,P,0,124.9,29.9,Overweight
9.0,L,1,130.5,26.1,Normal
12.0,P,0,146.6,38.4,Normal
10.0,P,0,129.5,31.1,Overweight
10.0,P,0,135.0,36.4,Overweight
11.0,P,0,137.6,36.1,Overweight
11.0,L,1,140.0,33.2,Normal
8.0,P,0,123.2,21.9,Normal
12.0,L,1,146.7,45.8,Overweight
8.0,P,0,122.7,24.2,Normal
8.0,L,1,123.0,26.1,Normal
11.0,L,1,141.4,34.4,Normal
8.0,P,0,122.4,24.6,Normal
10.0,L,1,134.7,32.8,Overweight
9.0,P,0,124.9,27.1,Normal
8.0,L,1,125.5,20.1,Underweight
7.0,P,0,117.6,20.2,Normal
7.0,L,1,116.8,23.8,Normal
6.0,L,1,117.4,18.6,Underweight
12.0,P,0,143.4,38.5,Overweight
10.0,P,0,135.2,25.5,Underweight
6.0,L,1,114.7,18.1,Underweight
6.0,L,1,112.3,17.7,Underweight
9.0,L,1,127.1,33.1,Overweight
7.0,L,1,117.7,20.6,Normal
9.0,L,1,126.9,27.7,Normal
9.0,P,0,127.0,23.7,Normal
8.0,L,1,121.1,22.9,Normal
9.0,L,1,128.3,27.2,Normal
12.0,P,0,149.3,38.2,Normal
7.0,P,0,113.3,18.8,Normal
10.0,L,1,129.4,28.6,Normal
12.0,P,0,149.3,35.5,Normal
8.0,L,1,121.0,23.3,Normal
7.0,P,0,117.7,18.4,Underweight
8.0,L,1,124.1,25.7,Normal
6.0,P,0,110.0,17.8,Normal
11.0,L,1,137.5,32.5,Normal
8.0,P,0,122.9,23.4,Normal
10.0,P,0,135.9,28.9,Normal
7.0,L,1,115.3,23.2,Normal
12.0,P,0,147.4,31.5,Normal
7.0,P,0,116.6,20.4,Normal
10.0,P,0,130.8,31.8,Overweight
12.0,P,0,146.3,31.3,Normal
11.0,P,0,135.0,38.5,Overweight
12.0,L,1,148.9,41.4,Overweight
8.0,P,0,123.1,20.0,Underweight
7.0,L,1,116.0,23.1,Normal
7.0,L,1,114.6,21.9,Normal
8.0,L,1,118.0,26.7,Overweight
12.0,L,1,150.3,40.6,Normal
10.0,L,1,131.9,25.0,Normal
12.0,L,1,147.1,39.1,Overweight
8.0,L,1,124.7,25.0,Normal
11.0,L,1,136.6,30.4,Normal
9.0,L,1,124.6,28.2,Overweight
6.0,P,0,114.5,20.2,Normal
7.0,P,0,115.7,23.2,Normal
10.0,P,0,134.3,31.4,Normal
7.0,P,0,118.8,19.7,Underweight
7.0,P,0,121.3,24.9,Normal
11.0,L,1,138.6,32.8,Normal
8.0,L,1,123.1,23.1,Normal
8.0,P,0,122.7,26.1,Normal
11.0,L,1,135.0,28.0,Normal
11.0,P,0,137.8,32.8,Normal
7.0,L,1,117.4,23.5,Normal
9.0,P,0,130.6,25.3,Normal
6.0,L,1,114.5,18.9,Normal
7.0,P,0,119.1,20.4,Normal
11.0,L,1,145.2,32.1,Normal
8.0,P,0,121.2,24.9,Normal
11.0,L,1,136.4,30.0,Normal
9.0,L,1,128.0,26.6,Normal
7.0,P,0,119.0,18.5,Underweight
12.0,L,1,150.9,37.1,Normal
12.0,P,0,147.2,42.7,Overweight
6.0,L,1,112.5,19.4,Normal
8.0,L,1,120.1,23.5,Normal
11.0,L,1,139.0,38.0,Overweight
10.0,P,0,139.3,29.3,Normal
6.0,L,1,114.2,20.6,Normal
12.0,L,1,142.8,41.5,Overweight
12.0,L,1,142.9,34.6,Normal
10.0,P,0,130.3,32.1,Overweight
12.0,L,1,148.1,40.4,Overweight
12.0,P,0,142.6,34.5,Normal
12.0,L,1,145.8,35.9,Normal
7.0,L,1,117.8,21.9,Normal
11.0,L,1,140.8,38.9,Overweight
12.0,L,1,148.7,41.2,Overweight
8.0,P,0,125.9,26.4,Normal
7.0,P,0,119.7,23.9,Normal
10.0,P,0,132.6,29.3,Normal
9.0,L,1,130.8,29.2,Normal
8.0,L,1,124.5,20.0,Underweight
7.0,L,1,113.7,22.0,Normal
10.0,P,0,133.9,37.9,Overweight
10.0,L,1,138.0,28.9,Normal
11.0,P,0,144.4,36.1,Normal
10.0,L,1,135.7,27.6,Normal
12.0,P,0,148.4,38.9,Normal
12.0,L,1,141.8,41.1,Overweight
9.0,L,1,125.4,33.7,Overweight
11.0,L,1,142.6,36.3,Normal
11.0,L,1,144.2,38.2,Overweight
11.0,L,1,141.5,36.0,Normal
12.0,L,1,142.7,41.3,Overweight
12.0,L,1,148.1,39.9,Overweight
8.0,L,1,124.9,21.3,Underweight
10.0,P,0,134.2,34.0,Overweight
12.0,P,0,148.0,36.4,Normal
10.0,L,1,132.3,27.8,Normal
11.0,P,0,140.4,43.0,Overweight
7.0,P,0,118.8,20.3,Normal
6.0,L,1,110.5,20.6,Normal
7.0,P,0,121.6,20.4,Underweight
9.0,P,0,130.8,29.0,Normal
12.0,L,1,147.5,42.7,Overweight
10.0,P,0,136.5,32.1,Normal
9.0,L,1,129.4,29.0,Normal
9.0,L,1,126.2,27.7,Normal
12.0,P,0,149.1,44.8,Overweight
11.0,L,1,143.0,34.1,Normal
12.0,L,1,146.7,34.2,Normal
7.0,P,0,118.4,24.6,Normal
9.0,P,0,130.4,23.1,Underweight
12.0,L,1,146.1,40.9,Overweight
12.0,L,1,148.9,36.8,Normal
7.0,P,0,120.2,20.1,Underweight
10.0,L,1,138.9,36.1,Overweight
6.0,P,0,116.8,19.1,Normal
10.0,L,1,133.2,36.9,Overweight
8.0,P,0,122.7,26.2,Normal
10.0,P,0,135.6,37.3,Overweight
8.0,L,1,125.1,27.4,Normal
10.0,P,0,138.1,32.9,Normal
9.0,L,1,125.5,28.6,Overweight
7.0,P,0,118.1,21.7,Normal
6.0,P,0,111.3,17.3,Underweight
11.0,L,1,137.8,37.4,Overweight
9.0,P,0,127.7,26.1,Normal
9.0,P,0,127.4,28.3,Normal
7.0,L,1,119.3,18.0,Underweight
8.0,P,0,122.3,26.7,Normal
10.0,L,1,132.3,34.4,Overweight
7.0,L,1,116.9,18.1,Underweight
9.0,P,0,124.0,31.1,Overweight
11.0,L,1,140.4,37.7,Overweight
9.0,P,0,133.0,31.0,Normal
11.0,L,1,144.1,36.5,Normal
7.0,P,0,114.7,19.9,Normal
8.0,P,0,121.9,28.5,Overweight
10.0,P,0,133.1,34.8,Overweight
9.0,P,0,127.8,27.0,Normal
11.0,P,0,140.0,31.6,Normal
9.0,L,1,127.0,30.2,Overweight
6.0,L,1,111.2,17.3,Underweight
9.0,P,0,125.6,32.3,Overweight
10.0,L,1,135.8,29.6,Normal
8.0,P,0,123.5,25.3,Normal
10.0,P,0,132.8,36.9,Overweight
6.0,L,1,111.3,21.5,Normal
6.0,L,1,111.2,22.0,Normal
10.0,P,0,133.7,27.6,Normal
12.0,L,1,144.9,40.2,Overweight
11.0,P,0,139.6,31.1,Normal
12.0,P,0,142.9,38.5,Overweight
7.0,P,0,117.9,18.6,Underweight
9.0,L,1,130.6,31.5,Overweight
7.0,P,0,118.2,21.0,Normal
10.0,P,0,132.7,27.6,Normal
9.0,L,1,130.0,28.9,Normal
10.0,P,0,133.6,34.3,Overweight
9.0,P,0,130.3,33.2,Overweight
6.0,L,1,113.9,19.2,Normal
10.0,P,0,135.8,26.8,Normal
11.0,L,1,145.3,33.2,Normal
10.0,L,1,136.1,31.7,Normal
9.0,P,0,127.2,30.3,Overweight
11.0,P,0,141.3,34.5,Normal
8.0,L,1,122.8,24.6,Normal
11.0,P,0,139.7,31.4,Normal
11.0,P,0,141.9,30.6,Normal
11.0,P,0,136.5,34.3,Overweight
11.0,P,0,141.3,31.0,Normal
7.0,P,0,121.3,20.3,Underweight
9.0,L,1,129.4,25.8,Normal
11.0,P,0,138.9,40.1,Overweight
7.0,L,1,119.3,18.9,Underweight
10.0,L,1,133.6,31.7,Normal
7.0,L,1,114.6,18.0,Underweight
10.0,P,0,136.1,29.1,Normal
9.0,P,0,127.0,26.6,Normal
8.0,P,0,123.3,29.0,Overweight
12.0,P,0,144.9,43.6,Overweight
11.0,P,0,140.5,31.8,Normal
8.0,L,1,120.5,27.4,Overweight
8.0,P,0,122.8,22.9,Normal
10.0,L,1,131.0,36.4,Overweight
8.0,L,1,123.3,23.4,Normal
11.0,P,0,141.3,35.6,Normal
10.0,L,1,132.7,32.5,Overweight
6.0,P,0,113.9,18.4,Normal
8.0,L,1,125.9,20.0,Underweight
9.0,L,1,125.9,22.7,Normal
11.0,L,1,143.4,31.6,Normal
10.0,P,0,132.4,32.8,Overweight
9.0,P,0,128.0,24.8,Normal
10.0,L,1,131.5,34.3,Overweight
11.0,L,1,143.0,42.9,Overweight
6.0,P,0,113.6,21.8,Normal
9.0,L,1,131.1,25.2,Normal
9.0,P,0,128.9,32.1,Overweight
8.0,P,0,124.3,27.7,Normal
6.0,P,0,113.6,17.0,Underweight
10.0,P,0,133.7,26.6,Normal
9.0,L,1,126.0,28.6,Overweight
7.0,L,1,116.8,20.7,Normal
10.0,P,0,130.3,30.5,Normal
12.0,L,1,145.0,38.0,Overweight
11.0,P,0,145.1,31.1,Normal
10.0,P,0,131.0,28.8,Normal
8.0,L,1,123.6,22.9,Normal
12.0,L,1,151.5,42.4,Overweight
8.0,L,1,118.0,29.0,Overweight
10.0,L,1,134.8,34.6,Overweight
11.0,P,0,143.4,38.0,Overweight
10.0,P,0,136.2,33.6,Overweight
6.0,L,1,113.9,18.7,Normal
12.0,P,0,148.3,38.5,Normal
7.0,L,1,117.0,22.2,Normal
8.0,L,1,120.0,24.9,Normal
10.0,L,1,130.8,33.0,Overweight
10.0,L,1,137.2,33.9,Overweight
12.0,P,0,147.1,42.6,Overweight
11.0,L,1,141.5,32.3,Normal
7.0,P,0,115.7,19.4,Normal
8.0,P,0,118.4,23.0,Normal
8.0,L,1,123.4,23.8,Normal
8.0,L,1,126.5,21.6,Underweight
10.0,L,1,132.1,34.9,Overweight
6.0,P,0,114.0,17.1,Underweight
9.0,L,1,127.9,29.5,Overweight
11.0,L,1,142.7,33.4,Normal
8.0,P,0,125.2,24.4,Normal
8.0,P,0,119.6,28.0,Overweight
10.0,P,0,133.0,37.1,Overweight
8.0,L,1,123.0,23.7,Normal
9.0,P,0,128.6,27.1,Normal
10.0,P,0,134.5,35.8,Overweight
10.0,L,1,129.0,31.8,Overweight
11.0,P,0,142.9,34.5,Normal
8.0,L,1,124.7,22.3,Normal
7.0,L,1,121.2,21.7,Normal
8.0,L,1,121.3,22.6,Normal
10.0,L,1,131.7,32.3,Overweight
9.0,L,1,128.9,33.2,Overweight
6.0,L,1,114.6,18.9,Normal
12.0,P,0,146.2,43.7,Overweight
12.0,P,0,144.3,42.9,Overweight
11.0,L,1,139.6,39.6,Overweight
7.0,L,1,115.5,18.0,Underweight
9.0,P,0,128.0,26.6,Normal
8.0,P,0,122.9,23.1,Normal
11.0,P,0,141.0,38.5,Overweight
10.0,P,0,129.8,27.9,Normal
11.0,L,1,143.1,37.3,Overweight
6.0,L,1,113.9,17.5,Underweight
11.0,P,0,141.9,37.2,Overweight
12.0,L,1,143.8,33.8,Normal
12.0,L,1,148.8,35.6,Normal
7.0,L,1,119.3,20.7,Normal
9.0,L,1,133.0,31.6,Normal
8.0,L,1,120.9,28.1,Overweight
8.0,L,1,120.8,21.2,Normal
9.0,L,1,128.3,31.4,Overweight
7.0,L,1,117.5,23.7,Normal
11.0,P,0,140.2,35.4,Normal
11.0,L,1,142.9,32.3,Normal
6.0,L,1,111.4,18.8,Normal
9.0,P,0,123.7,25.4,Normal
11.0,L,1,142.3,33.4,Normal
9.0,P,0,131.1,25.2,Normal
10.0,P,0,133.4,37.2,Overweight
11.0,L,1,141.2,35.3,Normal
8.0,P,0,122.9,24.6,Normal
10.0,L,1,134.2,31.9,Normal
12.0,L,1,142.7,35.7,Normal
7.0,P,0,118.5,18.0,Underweight
12.0,L,1,144.0,37.6,Overweight
9.0,P,0,129.5,28.9,Normal
7.0,P,0,119.0,22.1,Normal
11.0,L,1,140.8,38.2,Overweight
7.0,P,0,118.9,21.0,Normal
6.0,L,1,114.5,19.6,Normal
8.0,P,0,121.8,27.4,Overweight
10.0,L,1,132.4,32.5,Overweight
8.0,P,0,125.5,27.0,Normal
8.0,P,0,119.9,24.4,Normal
11.0,L,1,143.2,35.3,Normal
11.0,P,0,138.6,37.0,Overweight
11.0,L,1,140.4,30.5,Normal
10.0,L,1,132.7,30.8,Normal
8.0,L,1,123.8,20.0,Underweight
12.0,L,1,144.0,37.1,Normal
12.0,L,1,146.3,31.0,Normal
11.0,L,1,142.5,34.5,Normal
12.0,L,1,148.5,40.6,Overweight
12.0,P,0,147.8,40.3,Overweight
9.0,L,1,128.9,23.9,Normal
6.0,L,1,113.5,17.0,Underweight
11.0,P,0,143.3,36.0,Normal
6.0,L,1,112.6,21.7,Normal
7.0,L,1,116.0,21.6,Normal
10.0,P,0,135.9,30.8,Normal
8.0,L,1,127.6,25.4,Normal
9.0,P,0,126.7,27.0,Normal
6.0,L,1,114.8,19.0,Normal
11.0,L,1,138.7,33.2,Normal
8.0,P,0,122.1,26.6,Normal
9.0,L,1,127.7,27.4,Normal
12.0,P,0,145.2,39.6,Overweight
12.0,L,1,147.0,37.5,Normal
7.0,P,0,118.7,18.0,Underweight
8.0,P,0,122.8,28.0,Overweight
8.0,L,1,123.7,26.9,Normal
7.0,L,1,119.0,23.2,Normal
12.0,L,1,148.6,42.5,Overweight
11.0,L,1,139.8,34.7,Normal
10.0,L,1,130.0,31.2,Overweight
11.0,L,1,144.3,36.0,Normal
11.0,P,0,142.3,33.8,Normal
8.0,P,0,119.7,23.1,Normal
9.0,L,1,131.7,28.5,Normal
8.0,P,0,121.9,25.7,Normal
12.0,P,0,148.4,33.3,Normal
9.0,L,1,129.5,34.0,Overweight
8.0,P,0,124.7,23.2,Normal
7.0,L,1,119.8,22.3,Normal
12.0,P,0,144.1,37.6,Overweight
11.0,P,0,140.1,33.0,Normal
8.0,P,0,125.7,23.9,Normal
10.0,L,1,134.9,32.5,Normal
6.0,L,1,112.5,19.3,Normal
12.0,L,1,150.4,39.5,Normal
9.0,L,1,126.4,25.7,Normal
9.0,L,1,124.4,30.8,Overweight
7.0,L,1,115.7,24.8,Overweight
6.0,P,0,114.1,20.9,Normal
7.0,L,1,116.9,22.0,Normal
8.0,L,1,121.8,24.7,Normal
6.0,P,0,111.9,21.1,Normal
8.0,L,1,127.1,21.2,Underweight
10.0,L,1,134.1,26.9,Normal
10.0,P,0,136.7,29.1,Normal
8.0,P,0,120.7,20.0,Underweight
10.0,P,0,137.4,28.3,Normal
9.0,L,1,131.3,30.4,Normal
10.0,L,1,132.7,37.9,Overweight
11.0,P,0,144.8,35.6,Normal
9.0,P,0,131.5,26.1,Normal
10.0,L,1,132.3,28.5,Normal
12.0,P,0,143.7,44.6,Overweight
8.0,L,1,123.0,20.0,Underweight
11.0,L,1,143.1,36.4,Normal
10.0,L,1,132.6,35.5,Overweight
7.0,L,1,118.0,20.5,Normal
6.0,L,1,111.5,17.1,Underweight
12.0,L,1,146.9,39.0,Overweight
9.0,P,0,126.8,34.0,Overweight
11.0,L,1,137.6,37.3,Overweight
10.0,L,1,132.8,31.7,Normal
11.0,L,1,137.9,36.2,Overweight
7.0,L,1,119.7,22.7,Normal
6.0,P,0,115.7,17.8,Underweight
10.0,P,0,134.3,33.0,Overweight
12.0,L,1,147.0,37.2,Normal
8.0,L,1,124.3,23.7,Normal
8.0,L,1,120.2,26.9,Overweight
11.0,L,1,141.9,39.2,Overweight
6.0,L,1,112.6,20.8,Normal
12.0,P,0,141.4,38.8,Overweight
8.0,L,1,119.9,26.0,Overweight
9.0,P,0,126.2,30.2,Overweight
6.0,P,0,111.9,20.5,Normal
8.0,P,0,121.4,22.0,Normal
9.0,L,1,130.0,34.0,Overweight
12.0,L,1,146.7,39.3,Overweight
8.0,L,1,124.8,25.5,Normal
7.0,P,0,120.2,20.7,Normal
10.0,L,1,138.8,30.3,Normal
7.0,L,1,115.3,21.9,Normal
8.0,P,0,125.5,26.9,Normal
9.0,P,0,126.5,23.2,Normal
11.0,L,1,138.0,37.7,Overweight
10.0,P,0,134.5,30.1,Normal
11.0,P,0,141.1,36.3,Overweight
6.0,P,0,116.3,19.4,Normal
12.0,P,0,147.3,35.1,Normal
10.0,L,1,135.1,31.6,Normal
7.0,P,0,121.8,19.6,Underweight
9.0,P,0,129.3,24.6,Normal
11.0,P,0,136.7,39.3,Overweight
8.0,L,1,124.7,25.1,Normal
7.0,P,0,119.9,19.2,Underweight
12.0,P,0,143.4,37.6,Overweight
9.0,L,1,129.2,27.8,Normal
7.0,L,1,118.2,19.5,Underweight
10.0,L,1,140.0,29.5,Normal
12.0,P,0,144.4,44.4,Overweight
9.0,L,1,123.7,23.4,Normal
7.0,P,0,119.4,21.4,Normal
12.0,P,0,143.7,36.2,Normal
8.0,P,0,128.0,21.4,Underweight
9.0,P,0,128.2,25.7,Normal
12.0,L,1,144.0,41.7,Overweight
7.0,P,0,120.9,21.6,Normal
7.0,L,1,122.6,22.8,Normal
7.0,L,1,118.5,23.7,Normal
11.0,P,0,140.3,35.0,Normal
9.0,L,1,123.0,26.3,Normal
10.0,L,1,133.2,32.6,Overweight
12.0,L,1,143.9,38.6,Overweight
10.0,L,1,135.8,26.3,Normal
7.0,P,0,118.6,20.5,Normal
6.0,L,1,117.8,17.0,Underweight
11.0,L,1,136.5,36.4,Overweight
7.0,P,0,116.2,23.4,Normal
9.0,L,1,127.2,28.3,Normal
11.0,P,0,139.0,36.6,Overweight
6.0,L,1,111.5,18.8,Normal
11.0,P,0,140.7,35.4,Normal
11.0,L,1,142.3,36.7,Overweight
10.0,L,1,134.9,30.5,Normal
12.0,L,1,146.1,37.1,Normal
8.0,L,1,121.9,26.6,Normal
8.0,P,0,123.2,26.9,Normal
10.0,P,0,134.0,28.5,Normal
10.0,P,0,132.3,35.9,Overweight
12.0,L,1,150.2,38.9,Normal
12.0,L,1,147.6,37.6,Normal
11.0,L,1,140.4,34.7,Normal
9.0,L,1,129.6,31.5,Overweight
6.0,L,1,113.8,18.6,Normal
10.0,L,1,135.4,32.8,Normal
9.0,L,1,125.9,30.5,Overweight
7.0,P,0,116.8,24.8,Overweight
6.0,P,0,114.6,17.6,Underweight
8.0,L,1,125.8,20.4,Underweight
6.0,L,1,114.9,18.1,Underweight
6.0,L,1,111.5,18.6,Normal
12.0,L,1,146.3,38.9,Overweight
6.0,L,1,113.7,18.0,Underweight
8.0,P,0,123.5,25.0,Normal
11.0,L,1,142.3,32.1,Normal
9.0,P,0,123.8,30.9,Overweight
9.0,L,1,130.0,25.8,Normal
11.0,L,1,137.8,39.8,Overweight
8.0,L,1,124.1,25.0,Normal
7.0,P,0,119.7,24.1,Normal
11.0,L,1,139.4,34.4,Normal
12.0,P,0,148.5,35.1,Normal
8.0,P,0,124.0,28.1,Overweight
7.0,P,0,118.7,20.4,Normal
10.0,L,1,133.8,26.6,Normal
7.0,L,1,120.2,22.0,Normal
11.0,P,0,143.4,35.8,Normal
7.0,P,0,123.0,23.6,Normal
11.0,L,1,142.4,38.8,Overweight
6.0,L,1,116.6,20.6,Normal
11.0,L,1,141.1,33.8,Normal
12.0,P,0,142.0,31.8,Normal
12.0,L,1,149.9,40.1,Normal
11.0,P,0,138.3,32.8,Normal
8.0,L,1,120.3,29.0,Overweight
12.0,L,1,143.0,42.5,Overweight
11.0,P,0,138.6,28.0,Normal
10.0,L,1,131.7,29.3,Normal
9.0,P,0,131.4,29.9,Normal
11.0,L,1,141.3,33.1,Normal
12.0,L,1,145.2,34.2,Normal
12.0,P,0,146.5,38.2,Normal
10.0,L,1,134.3,31.5,Normal
7.0,L,1,115.9,23.4,Normal
10.0,L,1,133.2,33.3,Overweight
7.0,P,0,121.6,22.0,Normal
12.0,L,1,145.3,42.7,Overweight
9.0,L,1,125.1,28.4,Overweight
8.0,P,0,123.7,22.6,Normal
6.0,P,0,112.9,21.9,Normal
8.0,L,1,121.7,27.7,Overweight
10.0,L,1,135.2,31.9,Normal
12.0,L,1,142.9,37.5,Overweight
6.0,P,0,116.5,22.0,Normal
12.0,P,0,150.4,43.1,Overweight
11.0,P,0,141.4,36.4,Overweight
11.0,L,1,135.3,29.6,Normal
12.0,L,1,144.8,35.1,Normal
6.0,L,1,113.4,18.4,Normal
12.0,L,1,146.6,44.1,Overweight
8.0,P,0,120.1,26.6,Overweight
7.0,L,1,121.4,23.5,Normal
10.0,L,1,130.1,27.1,Normal
10.0,P,0,130.5,29.9,Normal
10.0,L,1,135.3,25.0,Underweight
12.0,P,0,146.3,39.0,Overweight
8.0,P,0,121.0,22.8,Normal
6.0,L,1,117.5,17.9,Underweight
9.0,P,0,124.4,29.2,Overweight
7.0,P,0,115.5,20.3,Normal
10.0,L,1,131.3,31.5,Overweight
11.0,P,0,142.5,33.0,Normal
12.0,P,0,147.1,37.9,Normal
8.0,P,0,120.0,25.0,Normal
9.0,P,0,124.6,27.3,Normal
8.0,L,1,122.3,21.4,Normal
11.0,P,0,140.8,38.4,Overweight
11.0,L,1,143.7,34.2,Normal
8.0,L,1,120.2,24.7,Normal
9.0,L,1,124.6,23.3,Normal
12.0,L,1,143.1,45.0,Overweight
10.0,P,0,135.5,29.5,Normal
11.0,P,0,138.3,40.0,Overweight
7.0,P,0,120.1,19.8,Underweight
9.0,L,1,124.8,30.8,Overweight
11.0,L,1,138.9,38.2,Overweight
12.0,L,1,143.8,38.4,Overweight
12.0,L,1,145.9,36.7,Normal
9.0,P,0,125.7,23.8,Normal
7.0,P,0,120.9,25.0,Normal
11.0,L,1,142.4,32.5,Normal
8.0,P,0,121.3,24.7,Normal
10.0,P,0,132.1,30.1,Normal
7.0,P,0,121.8,20.9,Normal
11.0,P,0,137.3,36.6,Overweight
8.0,P,0,123.6,24.6,Normal
11.0,P,0,140.8,37.8,Overweight
12.0,P,0,147.6,38.7,Normal
8.0,L,1,123.8,27.6,Normal
12.0,L,1,145.2,39.3,Overweight
8.0,P,0,128.0,23.5,Normal
7.0,P,0,113.0,23.5,Overweight
12.0,P,0,145.8,34.9,Normal
8.0,L,1,122.0,25.8,Normal
10.0,P,0,133.1,35.8,Overweight
10.0,L,1,132.8,27.3,Normal
10.0,L,1,131.9,26.7,Normal
11.0,L,1,137.3,35.0,Overweight
9.0,L,1,128.8,29.2,Normal
8.0,P,0,121.5,23.3,Normal
12.0,L,1,146.2,43.1,Overweight
10.0,P,0,133.2,31.6,Normal
11.0,L,1,141.8,30.9,Normal
6.0,L,1,114.0,17.0,Underweight
10.0,L,1,135.7,28.3,Normal
12.0,L,1,147.8,38.5,Normal
12.0,P,0,147.3,36.8,Normal
12.0,L,1,140.0,32.0,Normal
7.0,L,1,115.6,25.0,Overweight
11.0,P,0,141.5,40.2,Overweight
11.0,P,0,139.5,36.5,Overweight
11.0,L,1,140.6,33.9,Normal
8.0,P,0,124.3,24.7,Normal
8.0,L,1,125.1,25.5,Normal
7.0,L,1,119.0,18.4,Underweight
6.0,P,0,113.3,21.6,Normal
8.0,P,0,123.0,23.9,Normal
11.0,L,1,140.6,32.3,Normal
7.0,L,1,115.9,24.0,Normal
11.0,L,1,142.1,37.8,Overweight
10.0,P,0,137.8,33.9,Normal
8.0,L,1,122.6,27.8,Overweight
9.0,L,1,127.4,31.7,Overweight
8.0,P,0,128.0,24.8,Normal
7.0,P,0,116.7,24.0,Normal
12.0,L,1,144.3,35.4,Normal
11.0,L,1,139.3,33.8,Normal
12.0,P,0,144.7,37.8,Overweight
11.0,P,0,142.6,32.3,Normal
10.0,P,0,134.6,32.2,Normal
7.0,P,0,120.8,21.9,Normal
10.0,L,1,129.2,34.1,Overweight
6.0,L,1,111.4,21.3,Normal
9.0,L,1,128.5,24.5,Normal
10.0,P,0,138.4,25.0,Underweight
8.0,L,1,121.2,25.7,Normal
8.0,P,0,121.7,28.4,Overweight
7.0,L,1,120.2,20.9,Normal
10.0,P,0,133.1,32.1,Overweight
8.0,L,1,121.5,27.3,Overweight
10.0,P,0,131.1,34.1,Overweight
6.0,P,0,117.1,20.9,Normal
8.0,P,0,121.0,25.0,Normal
10.0,P,0,135.9,28.8,Normal
10.0,P,0,136.9,31.1,Normal
7.0,L,1,121.5,21.8,Normal
6.0,P,0,110.6,22.0,Normal
10.0,P,0,135.1,28.3,Normal
7.0,L,1,121.0,18.0,Underweight
12.0,P,0,147.2,39.4,Overweight
8.0,P,0,125.5,22.6,Normal
11.0,L,1,139.9,43.0,Overweight
11.0,P,0,147.0,35.9,Normal
11.0,P,0,144.9,33.6,Normal
6.0,P,0,115.5,19.3,Normal
12.0,P,0,143.4,38.1,Overweight
10.0,P,0,133.7,31.1,Normal
10.0,P,0,135.8,36.3,Overweight
7.0,L,1,118.0,22.3,Normal
7.0,P,0,114.0,18.0,Underweight
6.0,P,0,111.4,18.5,Normal
8.0,P,0,120.7,20.8,Normal
11.0,L,1,142.2,37.0,Overweight
7.0,P,0,118.5,23.3,Normal
6.0,P,0,115.3,19.5,Normal
9.0,P,0,127.4,30.8,Overweight
10.0,P,0,130.6,27.4,Normal
9.0,L,1,127.4,27.8,Normal
12.0,P,0,144.9,36.5,Normal
8.0,P,0,123.0,22.8,Normal
10.0,L,1,139.8,35.8,Overweight
7.0,L,1,119.6,18.3,Underweight
9.0,P,0,128.7,22.8,Underweight
8.0,L,1,123.4,27.5,Overweight
6.0,L,1,113.4,21.8,Normal
10.0,L,1,128.0,31.2,Overweight
12.0,P,0,151.3,39.1,Normal
11.0,L,1,138.6,32.9,Normal
9.0,P,0,130.6,32.5,Overweight
7.0,P,0,113.0,23.3,Overweight
12.0,L,1,140.0,40.4,Overweight
11.0,P,0,140.0,35.2,Normal
8.0,P,0,124.1,25.2,Normal
6.0,L,1,116.3,22.0,Normal
8.0,P,0,120.5,26.0,Normal
8.0,L,1,126.1,21.5,Underweight
6.0,P,0,116.0,19.6,Normal
11.0,P,0,143.6,31.3,Normal
9.0,P,0,133.0,31.9,Overweight
10.0,L,1,138.4,28.0,Normal
11.0,P,0,140.3,35.1,Normal
10.0,L,1,135.9,34.9,Overweight
12.0,L,1,149.8,34.3,Normal
8.0,L,1,125.8,22.4,Normal
9.0,L,1,127.3,31.1,Overweight
6.0,P,0,112.3,21.8,Normal
12.0,P,0,146.0,40.9,Overweight
8.0,L,1,122.4,23.0,Normal
11.0,P,0,136.9,35.7,Overweight
9.0,P,0,129.4,25.4,Normal
11.0,P,0,142.2,32.8,Normal
10.0,P,0,133.6,31.8,Normal
8.0,L,1,122.2,22.0,Normal
8.0,P,0,121.8,22.7,Normal
12.0,L,1,142.8,38.5,Overweight
12.0,L,1,146.6,38.9,Overweight
12.0,L,1,144.5,42.2,Overweight
9.0,L,1,124.6,25.2,Normal
10.0,P,0,135.1,29.3,Normal
6.0,L,1,114.7,19.8,Normal
9.0,P,0,130.7,28.4,Normal
8.0,P,0,121.6,23.2,Normal
9.0,L,1,125.5,25.9,Normal
12.0,L,1,145.5,37.5,Normal
7.0,P,0,122.5,24.6,Normal
8.0,L,1,118.0,22.5,Normal
11.0,L,1,145.4,35.6,Normal
11.0,P,0,140.1,37.9,Overweight
12.0,P,0,149.7,47.4,Overweight
11.0,P,0,143.1,35.3,Normal
7.0,L,1,116.8,18.0,Underweight
8.0,P,0,126.8,23.6,Normal
7.0,P,0,118.4,23.7,Normal
8.0,P,0,124.1,26.7,Normal
8.0,P,0,125.0,23.4,Normal
9.0,P,0,132.5,28.8,Normal
6.0,P,0,112.7,19.4,Normal
10.0,P,0,137.1,31.6,Normal
12.0,P,0,143.2,36.5,Normal
12.0,P,0,146.2,38.0,Normal
11.0,P,0,139.4,31.7,Normal
7.0,P,0,119.3,23.1,Normal
6.0,L,1,110.2,18.3,Normal
12.0,L,1,147.6,34.8,Normal
7.0,P,0,115.5,18.0,Underweight
12.0,P,0,147.0,37.8,Normal
10.0,L,1,132.9,32.2,Overweight
8.0,P,0,124.3,25.2,Normal
8.0,P,0,118.1,20.4,Normal
10.0,L,1,138.2,30.2,Normal
6.0,L,1,114.2,21.7,Normal
10.0,L,1,132.8,31.1,Normal
10.0,L,1,135.9,25.4,Underweight
10.0,L,1,134.0,36.1,Overweight
6.0,P,0,113.4,20.6,Normal
6.0,L,1,113.9,20.1,Normal
6.0,L,1,111.6,20.3,Normal
9.0,P,0,128.6,29.7,Normal
6.0,P,0,112.6,21.1,Normal
12.0,P,0,142.9,36.5,Normal
12.0,P,0,149.8,33.2,Normal
8.0,P,0,118.2,25.2,Overweight
10.0,P,0,129.6,35.5,Overweight
6.0,L,1,112.8,20.1,Normal
10.0,L,1,135.6,32.5,Normal
7.0,P,0,116.1,23.1,Normal
12.0,L,1,147.3,43.6,Overweight
10.0,L,1,129.9,29.3,Normal
8.0,P,0,119.5,28.1,Overweight
12.0,L,1,150.1,40.4,Normal
10.0,L,1,135.0,32.3,Normal
8.0,P,0,126.6,22.3,Underweight
11.0,L,1,140.8,32.0,Normal
6.0,P,0,117.0,21.6,Normal
10.0,P,0,134.7,35.9,Overweight
12.0,P,0,143.9,39.0,Overweight
10.0,L,1,130.0,29.4,Normal
10.0,P,0,133.3,30.5,Normal
8.0,P,0,122.6,24.0,Normal
11.0,L,1,140.1,38.2,Overweight
7.0,L,1,118.1,25.0,Normal
10.0,P,0,138.1,37.8,Overweight
9.0,P,0,127.3,29.2,Overweight
9.0,P,0,126.9,22.0,Underweight
9.0,P,0,127.7,32.5,Overweight
10.0,P,0,135.9,30.0,Normal
6.0,P,0,114.8,21.3,Normal
11.0,L,1,143.2,33.3,Normal
8.0,L,1,125.8,23.7,Normal
10.0,P,0,136.5,31.3,Normal
12.0,L,1,145.3,36.6,Normal
7.0,P,0,117.4,20.6,Normal
8.0,L,1,121.8,24.2,Normal
8.0,P,0,124.9,26.5,Normal
11.0,P,0,136.6,30.0,Normal
11.0,L,1,139.1,28.0,Normal
6.0,L,1,116.2,18.9,Normal
7.0,L,1,118.4,19.5,Underweight
12.0,L,1,147.4,45.8,Overweight
11.0,L,1,139.3,31.8,Normal
8.0,P,0,123.1,23.4,Normal
8.0,L,1,125.0,23.4,Normal
12.0,P,0,144.3,37.9,Overweight
8.0,P,0,122.2,24.1,Normal
9.0,L,1,129.4,29.5,Normal
6.0,P,0,111.3,19.3,Normal
10.0,L,1,131.4,36.1,Overweight
10.0,P,0,134.8,35.7,Overweight
10.0,L,1,134.4,33.9,Overweight
10.0,P,0,132.3,34.6,Overweight
10.0,L,1,132.0,26.8,Normal
10.0,P,0,133.0,26.8,Normal
9.0,P,0,127.2,22.1,Underweight
7.0,P,0,119.5,20.8,Normal
10.0,P,0,133.3,32.4,Overweight
11.0,L,1,140.7,31.7,Normal
6.0,P,0,114.3,18.2,Underweight
6.0,L,1,114.8,19.9,Normal
10.0,L,1,129.3,38.0,Obesity
12.0,P,0,148.6,39.3,Normal
11.0,P,0,137.9,37.3,Overweight
7.0,L,1,119.4,23.4,Normal
11.0,P,0,140.9,36.5,Overweight
9.0,P,0,130.0,26.4,Normal
10.0,P,0,137.2,30.9,Normal
7.0,P,0,119.6,20.8,Normal
7.0,L,1,120.6,22.5,Normal
9.0,L,1,129.9,24.5,Normal
6.0,P,0,117.2,21.8,Normal
8.0,P,0,124.4,28.5,Overweight
7.0,P,0,117.5,23.8,Normal
11.0,P,0,145.6,31.1,Normal
11.0,L,1,141.1,34.6,Normal
9.0,L,1,130.8,32.9,Overweight
7.0,L,1,120.8,20.5,Normal
10.0,P,0,137.6,34.3,Overweight
7.0,L,1,118.9,19.8,Underweight
6.0,L,1,110.0,20.1,Normal
6.0,P,0,114.4,19.6,Normal
7.0,L,1,118.4,18.0,Underweight
10.0,L,1,136.1,29.9,Normal
12.0,L,1,143.7,37.8,Overweight
7.0,L,1,117.7,19.2,Underweight
10.0,L,1,135.9,25.0,Underweight
10.0,P,0,136.7,28.7,Normal
10.0,L,1,139.5,35.3,Overweight
6.0,L,1,112.5,17.7,Normal
11.0,P,0,141.5,43.0,Overweight
9.0,P,0,131.2,30.9,Normal
10.0,P,0,132.1,33.6,Overweight
9.0,L,1,125.3,26.0,Normal
10.0,P,0,131.9,29.9,Normal
9.0,L,1,132.4,30.7,Normal
10.0,P,0,133.5,31.7,Normal
12.0,L,1,149.2,40.6,Overweight
11.0,L,1,136.5,33.6,Overweight
10.0,P,0,135.3,37.0,Overweight
11.0,P,0,138.7,43.0,Obesity
8.0,L,1,124.5,22.7,Normal
8.0,P,0,120.1,20.0,Underweight
10.0,L,1,132.1,30.4,Normal
11.0,L,1,140.8,35.4,Normal
9.0,P,0,132.0,28.3,Normal
10.0,L,1,136.1,28.2,Normal
10.0,P,0,130.2,31.7,Overweight
8.0,P,0,126.5,26.0,Normal
11.0,P,0,142.2,39.7,Overweight
9.0,P,0,128.2,31.4,Overweight
9.0,P,0,124.3,27.3,Normal
8.0,L,1,119.1,27.4,Overweight
7.0,L,1,119.9,21.2,Normal
8.0,P,0,128.0,20.4,Underweight
10.0,P,0,131.9,27.9,Normal
8.0,P,0,121.3,24.5,Normal
8.0,L,1,126.0,23.8,Normal
9.0,L,1,131.5,27.7,Normal
9.0,P,0,128.4,28.8,Normal
9.0,P,0,130.2,28.5,Normal
9.0,L,1,129.6,25.8,Normal
12.0,L,1,141.4,41.3,Overweight
7.0,L,1,118.1,19.5,Underweight
8.0,L,1,121.6,26.1,Normal
10.0,P,0,134.1,34.1,Overweight
7.0,L,1,114.3,18.0,Underweight
8.0,L,1,123.4,20.8,Underweight
6.0,P,0,115.0,19.1,Normal
7.0,P,0,115.9,19.2,Normal
12.0,L,1,147.2,42.1,Overweight
10.0,L,1,136.5,35.3,Overweight
10.0,P,0,134.6,32.6,Normal
6.0,L,1,112.4,21.7,Normal
11.0,L,1,141.4,39.1,Overweight
9.0,L,1,131.6,22.9,Underweight
10.0,L,1,136.8,35.0,Overweight
10.0,P,0,134.8,30.9,Normal
6.0,L,1,114.1,21.5,Normal
7.0,P,0,118.1,18.1,Underweight
11.0,L,1,140.0,37.1,Overweight
10.0,L,1,136.1,31.6,Normal
8.0,P,0,121.8,28.3,Overweight
8.0,P,0,121.7,24.7,Normal
8.0,P,0,125.8,25.0,Normal
10.0,L,1,131.2,34.5,Overweight
7.0,P,0,121.8,22.3,Normal
12.0,P,0,147.3,40.2,Overweight
11.0,L,1,139.3,36.6,Overweight
11.0,P,0,138.6,32.8,Normal
8.0,P,0,121.9,22.5,Normal
7.0,L,1,115.5,22.2,Normal
11.0,P,0,142.2,36.1,Normal
11.0,L,1,143.6,37.8,Overweight
8.0,P,0,123.7,28.1,Overweight
9.0,L,1,130.4,30.7,Overweight
6.0,P,0,114.2,18.8,Normal
9.0,P,0,130.8,34.0,Overweight
8.0,L,1,122.4,29.0,Overweight
10.0,P,0,136.0,28.7,Normal
9.0,L,1,130.5,28.3,Normal
9.0,L,1,129.6,27.6,Normal
12.0,L,1,146.4,38.6,Overweight
6.0,P,0,116.0,17.4,Underweight
10.0,P,0,133.4,27.9,Normal
7.0,P,0,113.0,19.2,Normal
7.0,P,0,118.0,18.6,Underweight
12.0,P,0,141.3,44.1,Obesity
8.0,L,1,120.8,24.3,Normal
12.0,P,0,143.9,34.5,Normal
8.0,L,1,121.2,29.0,Overweight
11.0,P,0,142.4,35.8,Normal
9.0,P,0,127.8,32.6,Overweight
11.0,L,1,139.2,37.6,Overweight
8.0,P,0,118.2,27.8,Overweight
8.0,P,0,121.1,20.8,Normal
10.0,L,1,134.6,25.0,Underweight
10.0,P,0,135.0,35.6,Overweight
11.0,P,0,144.3,30.4,Normal
8.0,L,1,121.1,25.7,Normal
9.0,P,0,127.0,23.0,Normal
12.0,L,1,148.2,41.0,Overweight
10.0,L,1,130.8,32.3,Overweight
12.0,P,0,143.4,40.2,Overweight
12.0,P,0,145.4,43.9,Overweight
7.0,P,0,120.2,22.3,Normal
11.0,P,0,145.1,28.7,Underweight
12.0,P,0,143.9,34.6,Normal
11.0,P,0,140.8,36.6,Overweight
12.0,L,1,145.4,30.2,Normal
8.0,P,0,122.5,23.1,Normal
9.0,L,1,125.7,28.9,Overweight
9.0,P,0,127.7,29.5,Overweight
7.0,P,0,115.5,18.2,Underweight
7.0,P,0,115.7,24.1,Normal
9.0,L,1,124.7,28.1,Overweight
9.0,L,1,128.4,29.5,Normal
12.0,P,0,142.8,41.5,Overweight
11.0,L,1,135.6,35.4,Overweight
8.0,P,0,119.8,23.2,Normal
6.0,P,0,115.9,20.9,Normal
9.0,P,0,133.0,31.1,Normal
12.0,P,0,147.4,35.7,Normal
8.0,P,0,122.4,23.1,Normal
7.0,P,0,114.9,21.3,Normal
7.0,L,1,117.3,20.9,Normal
9.0,P,0,126.8,27.3,Normal
9.0,P,0,131.6,24.6,Normal
10.0,P,0,131.0,31.1,Overweight
7.0,P,0,117.8,22.7,Normal
8.0,L,1,120.6,29.0,Overweight
7.0,L,1,118.1,20.4,Normal
7.0,P,0,120.3,24.9,Normal
7.0,P,0,118.6,21.1,Normal
9.0,L,1,128.9,30.6,Overweight
8.0,L,1,123.0,26.4,Normal
9.0,L,1,130.3,31.0,Overweight
7.0,L,1,120.0,23.0,Normal
11.0,P,0,137.3,38.5,Overweight
12.0,L,1,148.6,40.0,Overweight
11.0,P,0,141.5,36.8,Overweight
11.0,L,1,138.8,32.6,Normal
7.0,L,1,115.3,20.8,Normal
10.0,P,0,130.9,36.3,Overweight
7.0,P,0,115.5,25.0,Overweight
6.0,P,0,117.2,18.8,Underweight
11.0,P,0,140.3,35.9,Overweight
8.0,L,1,121.1,24.0,Normal
12.0,L,1,144.3,39.2,Overweight
7.0,P,0,116.2,22.5,Normal
8.0,P,0,122.7,24.4,Normal
6.0,P,0,114.4,18.0,Underweight
10.0,P,0,136.7,34.5,Overweight
7.0,P,0,116.3,20.3,Normal
8.0,P,0,126.5,20.0,Underweight
9.0,P,0,123.0,32.0,Overweight
9.0,L,1,124.1,22.0,Normal
12.0,L,1,149.8,40.2,Normal
7.0,L,1,115.5,21.4,Normal
9.0,L,1,127.6,24.5,Normal
12.0,L,1,145.1,41.7,Overweight
12.0,P,0,149.1,40.3,Overweight
6.0,L,1,111.0,19.6,Normal
7.0,P,0,121.0,24.0,Normal
7.0,L,1,114.1,25.0,Overweight
10.0,L,1,133.0,31.9,Overweight
6.0,L,1,114.2,21.2,Normal
9.0,P,0,129.7,25.0,Normal
12.0,L,1,149.5,37.6,Normal
6.0,P,0,112.2,22.0,Normal
11.0,P,0,143.2,35.5,Normal
7.0,P,0,118.3,20.2,Normal
8.0,L,1,127.4,21.1,Underweight
9.0,L,1,128.5,29.0,Normal
8.0,P,0,124.1,29.0,Overweight
9.0,L,1,127.7,26.4,Normal
12.0,L,1,145.6,38.9,Overweight
8.0,L,1,121.4,26.4,Normal
11.0,P,0,140.0,31.9,Normal
8.0,P,0,124.5,25.1,Normal
12.0,P,0,146.7,35.5,Normal
8.0,L,1,125.6,24.0,Normal
11.0,L,1,143.1,34.0,Normal
9.0,P,0,126.6,26.6,Normal
7.0,L,1,122.7,25.0,Normal
7.0,P,0,117.6,20.7,Normal
9.0,P,0,125.2,32.8,Overweight
11.0,L,1,138.8,35.3,Overweight
12.0,L,1,145.3,41.1,Overweight
12.0,P,0,144.9,41.6,Overweight
8.0,P,0,120.0,20.3,Normal
11.0,L,1,142.9,38.1,Overweight
11.0,P,0,146.8,35.4,Normal
11.0,P,0,140.4,34.2,Normal
10.0,P,0,129.5,30.2,Overweight
10.0,P,0,136.9,31.0,Normal
8.0,L,1,118.6,22.4,Normal
12.0,L,1,143.9,36.3,Normal
8.0,L,1,119.5,29.0,Overweight
11.0,L,1,141.7,37.3,Overweight
9.0,L,1,129.6,28.1,Normal
6.0,L,1,117.0,19.6,Normal
8.0,P,0,122.6,22.1,Normal
11.0,L,1,140.9,38.5,Overweight
8.0,P,0,124.7,22.1,Normal
9.0,P,0,131.6,25.8,Normal
6.0,P,0,114.3,17.6,Underweight
7.0,P,0,118.5,24.9,Normal
8.0,L,1,124.7,29.0,Overweight
11.0,P,0,140.8,36.5,Overweight
12.0,L,1,145.0,38.4,Overweight
10.0,P,0,134.9,32.4,Normal
12.0,P,0,146.5,38.8,Overweight
11.0,L,1,143.8,38.7,Overweight
10.0,P,0,134.8,38.0,Overweight
10.0,L,1,133.3,34.2,Overweight
12.0,L,1,148.0,41.8,Overweight
8.0,L,1,122.6,24.4,Normal
11.0,P,0,142.5,33.3,Normal
10.0,P,0,134.6,35.1,Overweight
11.0,L,1,147.0,35.1,Normal
12.0,L,1,145.8,42.1,Overweight
6.0,P,0,117.7,22.0,Normal
9.0,P,0,130.1,31.8,Overweight
11.0,L,1,138.4,39.9,Overweight
10.0,L,1,137.3,31.9,Normal
7.0,L,1,115.3,18.8,Normal
9.0,P,0,128.6,32.9,Overweight
12.0,L,1,148.3,43.5,Overweight
6.0,L,1,115.5,21.3,Normal
11.0,L,1,144.1,37.3,Normal
10.0,P,0,136.3,26.5,Normal
10.0,L,1,132.1,30.2,Normal
9.0,P,0,128.3,27.3,Normal
12.0,L,1,144.2,39.4,Overweight
11.0,L,1,139.9,36.0,Overweight
6.0,L,1,113.4,20.6,Normal
8.0,P,0,122.5,28.7,Overweight
10.0,P,0,138.0,32.8,Normal
12.0,L,1,145.1,36.7,Normal
9.0,L,1,126.4,27.5,Normal
11.0,P,0,142.6,37.0,Overweight
8.0,P,0,123.4,24.0,Normal
8.0,P,0,123.1,25.7,Normal
7.0,L,1,117.7,19.4,Underweight
8.0,P,0,121.2,24.0,Normal
10.0,L,1,135.2,34.4,Overweight
12.0,P,0,146.3,36.7,Normal
12.0,P,0,148.7,42.6,Overweight
6.0,L,1,110.4,22.0,Overweight
8.0,P,0,125.2,24.9,Normal
11.0,L,1,145.3,36.6,Normal
9.0,P,0,126.0,27.7,Normal
11.0,L,1,141.6,34.6,Normal
7.0,P,0,117.1,19.1,Underweight
12.0,L,1,149.5,38.2,Normal
9.0,P,0,130.7,29.5,Normal
7.0,P,0,118.5,19.1,Underweight
12.0,P,0,143.9,37.8,Overweight
12.0,P,0,143.6,39.8,Overweight
8.0,L,1,123.6,26.0,Normal
12.0,L,1,143.4,34.0,Normal
10.0,L,1,134.4,26.8,Normal
11.0,L,1,139.0,32.8,Normal
12.0,L,1,143.7,42.0,Overweight
8.0,L,1,122.3,25.1,Normal
8.0,P,0,120.9,26.2,Normal
12.0,P,0,146.2,42.6,Overweight
12.0,L,1,149.7,32.2,Normal
6.0,L,1,114.0,17.1,Underweight
10.0,L,1,137.9,32.5,Normal
11.0,L,1,141.1,35.0,Normal
9.0,P,0,126.9,26.9,Normal
11.0,P,0,141.4,39.9,Overweight
6.0,P,0,113.2,21.4,Normal
7.0,P,0,120.2,19.1,Underweight
10.0,L,1,132.2,32.8,Overweight
12.0,L,1,147.4,41.5,Overweight
6.0,P,0,111.5,18.2,Normal
9.0,P,0,124.3,29.0,Overweight
7.0,P,0,122.5,25.0,Normal
9.0,P,0,124.2,25.7,Normal
12.0,P,0,141.3,37.6,Overweight
7.0,P,0,121.1,25.0,Normal
8.0,L,1,120.7,24.1,Normal
10.0,L,1,133.7,32.8,Overweight
9.0,P,0,129.0,34.0,Overweight
11.0,P,0,143.3,43.0,Overweight
9.0,P,0,123.7,28.8,Overweight
11.0,P,0,141.7,35.9,Normal
8.0,L,1,125.4,24.3,Normal
8.0,L,1,123.2,22.2,Normal
11.0,L,1,140.0,35.3,Normal
7.0,L,1,116.7,24.2,Normal
7.0,L,1,118.7,20.6,Normal
8.0,L,1,119.4,26.1,Overweight
7.0,L,1,116.4,21.2,Normal
12.0,P,0,150.5,39.7,Normal
8.0,P,0,125.2,29.0,Overweight
9.0,L,1,130.8,24.6,Normal
6.0,P,0,110.0,19.7,Normal
10.0,L,1,130.4,30.2,Normal
10.0,P,0,133.0,35.0,Overweight
9.0,P,0,132.2,29.3,Normal
9.0,P,0,132.4,30.7,Normal
12.0,P,0,145.1,42.5,Overweight
12.0,P,0,147.9,40.2,Overweight
9.0,P,0,131.3,27.1,Normal
10.0,L,1,132.8,35.1,Overweight
7.0,L,1,115.1,21.6,Normal
8.0,L,1,122.2,26.6,Normal
12.0,L,1,147.4,34.2,Normal
12.0,P,0,145.2,39.3,Overweight
12.0,L,1,140.2,37.1,Overweight
11.0,L,1,141.6,38.7,Overweight
6.0,P,0,115.7,17.9,Underweight
12.0,L,1,148.8,32.7,Normal
11.0,P,0,142.6,36.4,Normal
10.0,L,1,128.0,27.9,Normal
7.0,P,0,121.9,25.0,Normal
8.0,L,1,126.0,25.2,Normal
11.0,P,0,143.3,35.5,Normal
9.0,P,0,129.1,32.1,Overweight
10.0,P,0,137.1,29.4,Normal
7.0,P,0,118.8,21.9,Normal
10.0,P,0,134.1,34.0,Overweight
8.0,L,1,122.4,22.8,Normal
8.0,L,1,124.4,22.4,Normal
11.0,L,1,138.5,34.2,Normal
8.0,P,0,121.5,22.7,Normal
6.0,P,0,117.9,22.0,Normal
12.0,P,0,145.4,38.0,Normal
9.0,L,1,132.9,26.3,Normal
6.0,P,0,116.1,21.6,Normal
8.0,P,0,123.2,22.4,Normal
11.0,P,0,137.9,36.4,Overweight
11.0,L,1,138.0,32.0,Normal
12.0,P,0,142.3,40.0,Overweight
11.0,L,1,142.5,36.4,Normal
8.0,L,1,126.6,23.7,Normal
9.0,L,1,127.0,26.6,Normal
10.0,L,1,129.4,35.7,Overweight
10.0,L,1,131.4,29.2,Normal
10.0,P,0,138.8,32.7,Normal
8.0,P,0,122.3,20.0,Underweight
7.0,P,0,116.7,20.4,Normal
10.0,P,0,134.0,37.7,Overweight
11.0,L,1,141.4,30.0,Normal
7.0,P,0,116.7,19.7,Normal
8.0,L,1,119.3,21.2,Normal
10.0,L,1,131.8,33.9,Overweight
7.0,L,1,116.7,18.3,Underweight
11.0,L,1,136.7,36.2,Overweight
11.0,L,1,141.0,35.4,Normal
12.0,P,0,146.8,41.1,Overweight
7.0,P,0,114.3,25.0,Overweight
7.0,P,0,114.6,23.0,Normal
8.0,L,1,120.6,23.2,Normal
10.0,L,1,134.1,32.9,Overweight
11.0,P,0,140.0,35.9,Overweight
10.0,L,1,131.1,32.6,Overweight
7.0,P,0,118.6,20.4,Normal
9.0,P,0,133.0,30.8,Normal
11.0,P,0,143.1,35.1,Normal
7.0,L,1,119.3,23.3,Normal
6.0,P,0,113.0,17.3,Underweight
9.0,P,0,131.2,32.2,Overweight
12.0,L,1,148.7,39.5,Normal
11.0,L,1,143.0,33.7,Normal
9.0,P,0,129.7,29.3,Normal
7.0,L,1,116.9,20.9,Normal
11.0,P,0,145.3,36.3,Normal
11.0,P,0,138.3,36.9,Overweight
6.0,L,1,110.0,20.0,Normal
10.0,L,1,129.8,34.2,Overweight
8.0,P,0,120.1,29.0,Overweight
12.0,P,0,144.0,37.7,Overweight
11.0,L,1,141.4,33.4,Normal
8.0,L,1,122.7,23.2,Normal
9.0,L,1,128.1,26.4,Normal
7.0,P,0,119.5,23.2,Normal
6.0,P,0,111.6,20.5,Normal
6.0,P,0,111.7,17.0,Underweight
10.0,L,1,134.4,27.6,Normal
6.0,P,0,113.5,18.2,Normal
8.0,L,1,122.0,24.9,Normal
10.0,P,0,131.3,30.4,Normal
7.0,P,0,115.9,19.0,Normal
12.0,L,1,145.0,42.7,Overweight
12.0,L,1,140.0,39.3,Overweight
10.0,P,0,135.6,32.7,Normal
7.0,P,0,113.0,24.5,Overweight
6.0,P,0,111.6,20.3,Normal
12.0,L,1,144.1,40.1,Overweight
11.0,P,0,137.9,35.2,Overweight
11.0,P,0,137.8,32.7,Normal
12.0,P,0,146.4,42.8,Overweight
11.0,L,1,143.5,37.8,Overweight
9.0,P,0,127.2,29.7,Overweight
10.0,P,0,131.5,33.4,Overweight
12.0,P,0,144.1,40.2,Overweight
7.0,P,0,119.1,22.1,Normal
12.0,P,0,144.1,37.3,Normal
11.0,P,0,143.1,35.7,Normal
12.0,P,0,144.7,38.4,Overweight
11.0,P,0,142.9,39.6,Overweight
7.0,P,0,115.8,19.2,Normal
9.0,L,1,128.3,23.5,Normal
9.0,P,0,125.7,31.2,Overweight
11.0,P,0,139.2,31.5,Normal
8.0,L,1,127.3,23.5,Normal
6.0,L,1,112.6,18.0,Normal
10.0,P,0,135.2,31.2,Normal
11.0,P,0,142.1,33.9,Normal
9.0,L,1,126.2,30.8,Overweight
12.0,L,1,148.1,35.4,Normal
8.0,P,0,123.3,22.2,Normal
7.0,L,1,121.5,21.6,Normal
8.0,P,0,119.8,25.6,Normal
12.0,P,0,146.0,36.6,Normal
10.0,P,0,136.9,35.2,Overweight
9.0,P,0,124.3,33.9,Overweight
11.0,L,1,142.0,39.8,Overweight
7.0,P,0,119.6,18.5,Underweight
9.0,P,0,130.1,30.8,Overweight
8.0,L,1,122.5,28.2,Overweight
9.0,L,1,130.2,26.7,Normal
10.0,L,1,133.7,27.5,Normal
8.0,P,0,120.1,27.9,Overweight
11.0,L,1,138.8,34.4,Normal
12.0,P,0,143.0,40.2,Overweight
12.0,L,1,142.9,39.0,Overweight
8.0,P,0,123.1,21.4,Normal
8.0,L,1,127.7,22.9,Normal
8.0,P,0,126.3,27.5,Normal
8.0,L,1,120.5,28.0,Overweight
6.0,L,1,113.4,20.9,Normal
8.0,L,1,121.5,23.8,Normal
10.0,L,1,133.5,26.5,Normal
11.0,L,1,143.3,32.9,Normal
8.0,L,1,119.5,26.2,Overweight
8.0,L,1,127.7,21.2,Underweight
10.0,L,1,129.1,30.2,Overweight
8.0,L,1,118.0,23.0,Normal
11.0,L,1,137.6,38.9,Overweight
12.0,L,1,146.6,40.1,Overweight
10.0,P,0,134.8,30.5,Normal
9.0,L,1,130.1,30.2,Normal
12.0,L,1,140.6,42.8,Overweight
8.0,P,0,122.0,25.9,Normal
9.0,L,1,127.8,29.6,Overweight
11.0,L,1,138.5,30.7,Normal
11.0,L,1,143.2,33.7,Normal
11.0,P,0,142.3,40.1,Overweight
10.0,P,0,137.9,31.7,Normal
8.0,L,1,123.9,20.0,Underweight
10.0,P,0,135.8,28.5,Normal
6.0,L,1,113.8,18.7,Normal
6.0,P,0,111.4,21.1,Normal
7.0,P,0,119.2,20.9,Normal
12.0,P,0,146.3,36.9,Normal
9.0,P,0,129.5,34.0,Overweight
7.0,L,1,116.6,22.9,Normal
7.0,P,0,121.3,21.6,Normal
8.0,P,0,123.8,22.3,Normal
6.0,L,1,112.2,18.1,Normal
12.0,L,1,144.8,33.0,Normal
9.0,P,0,129.5,28.0,Normal
10.0,P,0,135.4,28.9,Normal
10.0,L,1,138.7,28.0,Normal
8.0,P,0,122.1,23.0,Normal
12.0,P,0,148.6,37.8,Normal
9.0,P,0,126.9,25.2,Normal
11.0,L,1,138.5,35.7,Overweight
7.0,P,0,119.1,23.3,Normal
12.0,L,1,142.7,33.6,Normal
6.0,L,1,113.9,17.8,Underweight
11.0,P,0,139.9,33.5,Normal
12.0,L,1,145.0,37.1,Normal
12.0,L,1,146.1,43.4,Overweight
7.0,L,1,117.4,25.0,Overweight
12.0,P,0,149.0,43.2,Overweight
7.0,L,1,119.8,18.0,Underweight
7.0,P,0,117.1,21.8,Normal
12.0,P,0,144.7,34.7,Normal
9.0,L,1,128.1,23.1,Normal
8.0,L,1,124.7,27.1,Normal
8.0,L,1,127.2,26.1,Normal
11.0,L,1,142.3,34.3,Normal
12.0,P,0,143.4,32.1,Normal
7.0,P,0,117.4,25.0,Overweight
10.0,L,1,132.2,27.9,Normal
9.0,P,0,129.1,31.0,Overweight
7.0,P,0,113.5,25.0,Overweight
9.0,L,1,123.2,32.6,Overweight
11.0,P,0,143.1,39.1,Overweight
12.0,P,0,143.6,35.0,Normal
12.0,P,0,147.1,42.9,Overweight
9.0,L,1,125.4,28.7,Overweight
11.0,P,0,139.5,31.3,Normal
12.0,P,0,147.1,40.1,Overweight
9.0,P,0,126.0,31.1,Overweight
12.0,L,1,144.9,36.8,Normal
12.0,P,0,140.6,40.4,Overweight
11.0,L,1,141.1,40.4,Overweight
7.0,P,0,115.7,19.8,Normal
6.0,P,0,111.6,20.8,Normal
9.0,P,0,126.9,26.5,Normal
7.0,L,1,115.0,20.9,Normal
12.0,P,0,144.9,41.7,Overweight
10.0,P,0,135.8,28.8,Normal
12.0,L,1,143.4,39.1,Overweight
9.0,L,1,128.0,25.5,Normal
11.0,P,0,142.5,38.3,Overweight
10.0,P,0,134.4,30.0,Normal
6.0,L,1,114.8,18.5,Normal
12.0,P,0,145.5,43.4,Overweight
7.0,P,0,115.5,23.6,Normal
10.0,P,0,134.8,28.7,Normal
8.0,L,1,124.9,22.2,Normal
8.0,L,1,124.9,23.7,Normal
12.0,L,1,144.5,32.8,Normal
9.0,L,1,128.0,26.3,Normal
11.0,P,0,138.1,28.3,Normal
7.0,P,0,121.0,21.9,Normal
9.0,P,0,127.8,33.5,Overweight
9.0,P,0,129.2,25.8,Normal
8.0,L,1,125.4,29.0,Overweight
12.0,L,1,148.1,40.6,Overweight
9.0,P,0,129.1,24.7,Normal
6.0,P,0,112.7,19.6,Normal
10.0,L,1,134.8,35.2,Overweight
10.0,L,1,134.8,35.4,Overweight
11.0,P,0,142.1,37.4,Overweight
9.0,L,1,125.8,23.6,Normal
7.0,L,1,114.0,19.7,Normal
12.0,P,0,140.8,37.5,Overweight
10.0,L,1,131.9,31.5,Overweight
10.0,P,0,136.4,29.7,Normal
10.0,P,0,135.1,29.7,Normal
11.0,P,0,139.0,31.3,Normal
8.0,P,0,119.1,24.0,Normal
10.0,L,1,132.1,30.3,Normal
12.0,P,0,151.1,41.7,Overweight
9.0,P,0,133.0,26.7,Normal
12.0,P,0,146.0,35.9,Normal
6.0,L,1,115.5,20.5,Normal
7.0,L,1,119.0,18.9,Underweight
10.0,P,0,138.7,27.2,Normal
10.0,L,1,137.8,31.7,Normal
9.0,L,1,128.6,28.9,Normal
11.0,L,1,140.7,38.7,Overweight
6.0,P,0,114.3,17.8,Underweight
6.0,L,1,114.8,21.7,Normal
11.0,P,0,139.2,41.2,Overweight
9.0,P,0,130.2,28.3,Normal
10.0,L,1,133.4,29.3,Normal
9.0,P,0,127.0,25.7,Normal
10.0,P,0,131.6,31.1,Normal
11.0,P,0,144.8,38.3,Overweight
10.0,L,1,132.8,28.9,Normal
6.0,L,1,116.0,19.3,Normal
9.0,L,1,125.1,26.1,Normal
6.0,P,0,112.5,20.4,Normal
10.0,P,0,134.9,38.0,Overweight
7.0,L,1,116.9,21.3,Normal
8.0,L,1,121.3,24.1,Normal
9.0,L,1,127.7,26.7,Normal
11.0,P,0,143.4,37.2,Overweight
11.0,P,0,137.8,34.3,Overweight
11.0,P,0,141.7,35.2,Normal
8.0,L,1,124.1,25.5,Normal
8.0,L,1,124.9,26.8,Normal
12.0,L,1,149.7,39.7,Normal
11.0,P,0,139.9,36.0,Overweight
10.0,L,1,134.8,32.2,Normal
6.0,P,0,116.1,21.4,Normal
9.0,L,1,125.2,29.8,Overweight
9.0,L,1,131.3,25.8,Normal
7.0,L,1,120.9,20.0,Underweight
12.0,L,1,143.5,37.7,Overweight
11.0,P,0,144.8,30.0,Normal
7.0,P,0,119.4,21.5,Normal
8.0,L,1,123.3,24.6,Normal
10.0,L,1,132.8,32.4,Overweight
8.0,L,1,124.8,24.8,Normal
8.0,P,0,125.7,29.0,Overweight
9.0,P,0,129.0,25.0,Normal
6.0,P,0,115.0,17.4,Underweight
8.0,P,0,127.0,24.1,Normal
8.0,L,1,122.2,26.3,Normal
6.0,P,0,114.2,19.5,Normal
11.0,L,1,143.1,36.3,Normal
7.0,L,1,115.6,23.5,Normal
12.0,P,0,147.7,33.0,Normal
7.0,L,1,118.1,21.1,Normal
9.0,P,0,128.3,29.0,Normal
10.0,P,0,131.4,27.4,Normal
10.0,P,0,132.7,34.2,Overweight
11.0,L,1,144.5,34.3,Normal
7.0,P,0,118.2,22.0,Normal
11.0,L,1,139.2,34.6,Normal
6.0,P,0,114.9,18.8,Normal
8.0,P,0,119.0,25.4,Normal
7.0,P,0,122.3,21.8,Normal
8.0,L,1,122.8,23.9,Normal
9.0,L,1,128.1,22.4,Underweight
12.0,L,1,145.0,42.9,Overweight
10.0,L,1,134.0,28.8,Normal
6.0,P,0,110.0,18.2,Normal
8.0,L,1,118.0,26.6,Overweight
7.0,P,0,116.3,21.6,Normal
12.0,L,1,146.2,34.5,Normal
8.0,P,0,123.2,28.3,Overweight
12.0,P,0,145.0,37.5,Normal
10.0,P,0,135.4,29.0,Normal
8.0,L,1,125.7,21.3,Underweight
10.0,L,1,131.3,34.3,Overweight
8.0,L,1,124.9,25.1,Normal
7.0,L,1,115.9,20.4,Normal
6.0,L,1,115.3,21.6,Normal
7.0,L,1,120.2,21.9,Normal
9.0,L,1,126.0,28.9,Overweight
12.0,L,1,148.2,40.9,Overweight
8.0,P,0,119.5,25.4,Normal
11.0,P,0,138.6,35.0,Overweight
7.0,L,1,115.9,24.4,Overweight
8.0,L,1,123.8,22.2,Normal
10.0,P,0,131.4,35.8,Overweight
12.0,L,1,146.2,38.6,Overweight
7.0,L,1,118.7,21.7,Normal
11.0,P,0,145.2,38.5,Overweight
11.0,P,0,141.1,39.3,Overweight
10.0,L,1,133.7,30.1,Normal
8.0,L,1,119.6,20.0,Underweight
12.0,P,0,145.6,40.5,Overweight
8.0,L,1,121.3,21.8,Normal
10.0,P,0,131.9,36.1,Overweight
12.0,L,1,145.2,36.0,Normal
12.0,P,0,145.7,41.2,Overweight
10.0,P,0,137.5,34.0,Normal
10.0,L,1,136.0,29.3,Normal
10.0,P,0,131.7,35.6,Overweight
8.0,P,0,123.0,25.8,Normal
12.0,L,1,144.8,39.5,Overweight
10.0,L,1,136.2,33.9,Overweight
12.0,P,0,144.8,39.5,Overweight
7.0,P,0,116.5,23.1,Normal
6.0,L,1,113.3,18.5,Normal
9.0,L,1,130.2,28.1,Normal
7.0,L,1,119.9,24.6,Normal
11.0,L,1,143.1,35.6,Normal
9.0,P,0,124.9,26.8,Normal
10.0,L,1,133.0,29.0,Normal
12.0,P,0,148.4,37.2,Normal
12.0,P,0,151.5,35.3,Normal
8.0,P,0,124.1,26.8,Normal
10.0,P,0,135.6,34.1,Overweight
7.0,L,1,117.7,24.3,Normal
12.0,L,1,146.6,37.0,Normal
6.0,P,0,115.9,17.0,Underweight
8.0,L,1,125.5,23.1,Normal
10.0,L,1,136.2,35.4,Overweight
9.0,L,1,130.9,30.4,Normal
8.0,L,1,121.0,29.0,Overweight
10.0,P,0,133.4,28.6,Normal
7.0,L,1,115.7,19.9,Normal
6.0,P,0,112.5,17.8,Normal
10.0,L,1,136.6,34.8,Overweight
6.0,P,0,112.9,17.8,Underweight
9.0,L,1,125.6,31.1,Overweight
9.0,L,1,124.0,29.0,Overweight
10.0,P,0,133.5,26.2,Normal
10.0,P,0,136.0,25.0,Underweight
11.0,L,1,138.7,38.3,Overweight
11.0,L,1,144.0,38.6,Overweight
11.0,P,0,141.1,32.4,Normal
12.0,L,1,145.2,35.1,Normal
11.0,P,0,139.2,39.8,Overweight
10.0,P,0,136.6,26.3,Normal
7.0,L,1,120.9,18.0,Underweight
7.0,L,1,119.4,22.2,Normal
11.0,P,0,139.4,30.7,Normal
11.0,P,0,137.5,40.2,Overweight
7.0,L,1,121.1,21.3,Normal
7.0,L,1,119.5,23.0,Normal
9.0,L,1,128.2,28.5,Normal
9.0,P,0,127.3,29.0,Normal
10.0,P,0,132.2,29.1,Normal
9.0,P,0,132.3,27.0,Normal
9.0,P,0,127.1,24.8,Normal
11.0,P,0,142.5,37.5,Overweight
6.0,L,1,115.8,21.8,Normal
11.0,L,1,138.6,33.9,Normal
8.0,P,0,118.0,29.0,Overweight
11.0,P,0,140.3,39.3,Overweight
6.0,P,0,110.0,19.8,Normal
12.0,P,0,145.2,38.9,Overweight
7.0,L,1,117.2,21.2,Normal
7.0,P,0,116.7,21.8,Normal
7.0,P,0,123.0,23.0,Normal
9.0,L,1,131.6,24.2,Underweight
12.0,P,0,144.8,43.0,Overweight
6.0,L,1,117.8,17.9,Underweight
8.0,P,0,120.6,27.0,Overweight
12.0,L,1,147.9,37.6,Normal
10.0,L,1,135.6,31.0,Normal
11.0,P,0,140.7,31.4,Normal
11.0,L,1,138.6,41.3,Overweight
9.0,P,0,130.4,24.8,Normal
9.0,L,1,131.8,29.0,Normal
9.0,P,0,127.0,32.5,Overweight
7.0,P,0,119.7,25.0,Normal
12.0,L,1,141.8,38.9,Overweight
12.0,P,0,146.1,42.0,Overweight
11.0,P,0,144.1,34.1,Normal
8.0,L,1,119.2,28.4,Overweight
11.0,P,0,141.2,35.2,Normal
10.0,L,1,134.0,35.1,Overweight
8.0,L,1,123.4,23.6,Normal
7.0,L,1,120.8,22.1,Normal
6.0,P,0,112.4,19.1,Normal
11.0,L,1,140.1,31.1,Normal
8.0,P,0,125.8,24.1,Normal
9.0,P,0,123.0,26.7,Normal
8.0,P,0,127.2,21.6,Underweight
11.0,L,1,144.2,34.4,Normal
12.0,P,0,144.0,37.1,Normal
10.0,L,1,137.4,29.6,Normal
8.0,L,1,123.4,22.7,Normal
10.0,P,0,140.0,28.7,Normal
8.0,L,1,125.8,21.0,Underweight
8.0,L,1,126.7,26.6,Normal
6.0,L,1,115.3,21.0,Normal
11.0,L,1,142.0,35.8,Normal
6.0,L,1,112.4,18.4,Normal
8.0,P,0,126.9,20.0,Underweight
9.0,P,0,132.0,30.6,Normal
11.0,L,1,141.4,28.0,Normal
12.0,P,0,145.7,34.6,Normal
11.0,P,0,140.4,42.2,Overweight
9.0,L,1,131.9,28.3,Normal
8.0,P,0,126.2,21.1,Normal
12.0,P,0,146.5,35.5,Normal
11.0,L,1,139.8,35.4,Overweight
10.0,P,0,129.7,32.6,Overweight
8.0,P,0,124.2,25.4,Normal
7.0,L,1,117.0,22.9,Normal
6.0,L,1,112.0,21.5,Normal
11.0,L,1,139.4,32.2,Normal
11.0,L,1,139.4,36.2,Overweight
8.0,L,1,124.8,24.3,Normal
8.0,P,0,126.3,25.3,Normal
12.0,L,1,148.6,44.2,Overweight
11.0,L,1,144.7,36.5,Normal
10.0,P,0,132.0,27.4,Normal
8.0,P,0,123.9,23.6,Normal
11.0,P,0,139.7,32.0,Normal
11.0,L,1,142.8,35.6,Normal
11.0,P,0,140.8,42.6,Overweight
12.0,P,0,148.8,41.2,Overweight
12.0,P,0,149.0,40.4,Overweight
8.0,P,0,124.1,24.0,Normal
7.0,L,1,115.6,22.6,Normal
12.0,L,1,144.9,39.7,Overweight
11.0,L,1,140.9,37.2,Overweight
12.0,P,0,148.2,42.7,Overweight
11.0,L,1,144.9,35.3,Normal
7.0,L,1,116.7,24.8,Overweight
10.0,L,1,133.9,37.4,Overweight
11.0,P,0,142.6,37.2,Overweight
7.0,P,0,121.0,21.5,Normal
10.0,P,0,133.0,34.2,Overweight
12.0,P,0,152.0,42.5,Overweight
6.0,L,1,117.8,19.1,Underweight
9.0,P,0,125.6,22.4,Normal
10.0,L,1,135.3,28.5,Normal
10.0,L,1,138.1,32.1,Normal
8.0,P,0,126.1,21.7,Underweight
12.0,P,0,146.9,35.1,Normal
11.0,P,0,138.0,32.8,Normal
11.0,L,1,142.4,31.2,Normal
8.0,L,1,120.9,22.9,Normal
11.0,L,1,141.0,33.0,Normal
9.0,L,1,129.1,29.9,Normal
11.0,P,0,141.7,29.6,Normal
11.0,L,1,145.3,35.7,Normal
8.0,P,0,119.5,29.0,Overweight
9.0,P,0,126.6,26.4,Normal
12.0,P,0,149.2,37.2,Normal
6.0,L,1,118.0,18.3,Underweight
11.0,P,0,136.6,32.1,Normal
6.0,L,1,115.5,17.7,Underweight
6.0,L,1,110.3,18.3,Normal
12.0,L,1,147.3,37.4,Normal
6.0,L,1,116.9,20.7,Normal
12.0,L,1,147.3,39.1,Overweight
9.0,L,1,128.7,23.2,Underweight
9.0,P,0,130.3,31.9,Overweight
9.0,P,0,130.6,24.4,Normal
12.0,P,0,145.3,39.5,Overweight
9.0,L,1,126.9,24.4,Normal
7.0,P,0,117.8,25.0,Overweight
10.0,P,0,134.3,27.4,Normal
12.0,L,1,145.9,40.2,Overweight
10.0,L,1,134.8,30.8,Normal
9.0,P,0,128.0,24.1,Normal
9.0,L,1,126.4,22.3,Underweight
12.0,L,1,143.6,42.9,Overweight
7.0,P,0,117.2,23.7,Normal
7.0,P,0,116.2,24.1,Normal
8.0,L,1,122.1,24.2,Normal
9.0,L,1,128.5,27.0,Normal
10.0,L,1,130.2,34.2,Overweight
10.0,P,0,135.3,34.0,Overweight
12.0,L,1,146.5,41.3,Overweight
12.0,L,1,140.5,35.0,Normal
10.0,L,1,133.3,31.4,Normal
8.0,P,0,121.7,24.2,Normal
8.0,P,0,121.8,29.0,Overweight
11.0,P,0,145.5,39.8,Overweight
11.0,P,0,142.4,31.3,Normal
12.0,L,1,147.9,36.3,Normal
8.0,L,1,123.0,26.0,Normal
7.0,L,1,122.0,23.0,Normal
12.0,L,1,141.1,33.8,Normal
11.0,P,0,141.3,33.4,Normal
12.0,L,1,149.9,39.0,Normal
7.0,L,1,122.9,25.0,Normal
11.0,P,0,143.7,38.3,Overweight
9.0,L,1,128.8,26.5,Normal
11.0,P,0,143.8,32.7,Normal
8.0,L,1,118.8,24.5,Normal
10.0,P,0,136.5,30.4,Normal
8.0,P,0,120.8,21.6,Normal
7.0,L,1,119.9,23.1,Normal
11.0,L,1,138.2,36.0,Overweight
8.0,P,0,120.4,26.4,Overweight
7.0,L,1,114.6,23.3,Normal
9.0,L,1,129.9,32.8,Overweight
10.0,P,0,132.9,27.4,Normal
6.0,P,0,114.5,21.1,Normal
6.0,P,0,117.4,19.8,Normal
12.0,L,1,148.9,41.1,Overweight
8.0,P,0,124.8,20.0,Underweight
6.0,L,1,118.0,18.6,Underweight
8.0,L,1,119.9,23.1,Normal
12.0,P,0,143.7,41.3,Overweight
7.0,L,1,116.5,20.5,Normal
11.0,P,0,139.3,35.8,Overweight
10.0,P,0,131.1,31.2,Overweight
7.0,L,1,123.0,24.7,Normal
12.0,P,0,146.3,40.2,Overweight
9.0,L,1,128.5,26.6,Normal
6.0,L,1,116.6,19.4,Normal
9.0,L,1,123.6,24.8,Normal
10.0,P,0,135.3,28.8,Normal
9.0,L,1,125.4,25.3,Normal
10.0,L,1,132.9,36.4,Overweight
10.0,L,1,136.3,36.5,Overweight
12.0,L,1,146.7,38.5,Normal
11.0,P,0,142.8,31.2,Normal
8.0,L,1,121.7,20.2,Underweight
6.0,L,1,117.2,19.7,Normal
11.0,L,1,141.3,36.9,Overweight
8.0,P,0,118.2,23.0,Normal
7.0,P,0,113.0,21.3,Normal
7.0,L,1,121.2,25.0,Normal
9.0,L,1,128.5,30.6,Overweight
9.0,L,1,125.1,27.3,Normal
10.0,P,0,133.6,36.1,Overweight
6.0,P,0,113.2,17.6,Underweight
8.0,P,0,125.8,25.4,Normal
8.0,L,1,127.1,25.7,Normal
11.0,P,0,140.9,43.0,Overweight
9.0,L,1,127.2,26.0,Normal
11.0,P,0,139.8,29.1,Normal
7.0,L,1,115.3,24.8,Overweight
9.0,L,1,123.0,30.1,Overweight
11.0,L,1,140.6,31.8,Normal
11.0,P,0,137.1,36.7,Overweight
7.0,L,1,122.7,20.2,Underweight
12.0,L,1,142.0,41.5,Overweight
8.0,P,0,120.6,28.3,Overweight
11.0,P,0,135.0,35.1,Overweight
11.0,P,0,142.2,30.7,Normal
7.0,L,1,114.9,22.5,Normal
11.0,L,1,136.4,33.1,Normal
10.0,P,0,134.6,32.9,Overweight
7.0,L,1,117.6,22.5,Normal
9.0,L,1,130.6,28.5,Normal
10.0,L,1,137.0,28.9,Normal
11.0,P,0,143.8,40.6,Overweight
6.0,P,0,114.2,21.1,Normal
10.0,L,1,134.0,28.1,Normal
9.0,L,1,133.0,23.5,Underweight
10.0,P,0,135.3,27.2,Normal
8.0,P,0,119.6,26.5,Overweight
10.0,P,0,132.7,30.5,Normal
8.0,L,1,121.5,26.4,Normal
9.0,L,1,132.8,27.3,Normal
7.0,L,1,114.9,18.0,Underweight
10.0,P,0,132.7,31.5,Normal
11.0,P,0,143.5,34.1,Normal
7.0,P,0,116.1,25.0,Overweight
6.0,P,0,112.5,18.4,Normal
7.0,P,0,113.9,22.2,Normal
8.0,L,1,120.5,21.5,Normal
10.0,L,1,138.8,28.2,Normal
9.0,P,0,128.0,27.2,Normal
9.0,L,1,126.0,26.3,Normal
8.0,P,0,120.5,25.6,Normal
12.0,P,0,151.2,42.6,Overweight
10.0,L,1,137.5,32.1,Normal
10.0,L,1,134.3,31.1,Normal
8.0,L,1,123.4,22.2,Normal
9.0,L,1,124.4,22.1,Normal
6.0,P,0,113.8,17.1,Underweight
8.0,L,1,121.7,21.3,Normal
10.0,L,1,131.4,28.6,Normal
6.0,P,0,114.1,17.6,Underweight
9.0,L,1,124.9,31.2,Overweight
12.0,P,0,144.8,39.1,Overweight
7.0,P,0,114.5,25.0,Overweight
8.0,P,0,118.3,27.2,Overweight
8.0,P,0,122.1,21.2,Normal
8.0,P,0,124.1,23.5,Normal
10.0,P,0,130.4,28.1,Normal
10.0,P,0,132.6,29.1,Normal
10.0,L,1,134.1,37.1,Overweight
8.0,L,1,125.3,26.3,Normal
7.0,L,1,114.8,18.0,Underweight
8.0,L,1,124.9,24.2,Normal
9.0,P,0,129.7,27.2,Normal
12.0,L,1,146.7,39.0,Overweight
7.0,L,1,118.5,19.0,Underweight
12.0,P,0,145.0,38.1,Overweight
6.0,L,1,118.0,21.9,Normal
7.0,P,0,123.0,23.3,Normal
10.0,P,0,131.9,30.2,Normal
7.0,P,0,118.9,20.6,Normal
9.0,P,0,129.7,25.1,Normal
9.0,P,0,129.2,25.7,Normal
9.0,P,0,129.6,30.7,Overweight
11.0,P,0,138.6,41.0,Overweight
6.0,L,1,114.0,20.5,Normal
12.0,L,1,147.6,35.8,Normal
9.0,L,1,127.6,27.5,Normal
9.0,L,1,133.0,24.8,Underweight
11.0,P,0,138.7,33.8,Normal
8.0,L,1,122.1,22.3,Normal
8.0,L,1,124.1,23.9,Normal
7.0,L,1,120.0,24.3,Normal
11.0,L,1,138.4,37.8,Overweight
7.0,P,0,118.3,18.0,Underweight
7.0,P,0,120.5,18.1,Underweight
9.0,L,1,128.1,27.3,Normal
12.0,P,0,143.4,37.8,Overweight
8.0,P,0,122.0,23.6,Normal
11.0,P,0,137.9,33.5,Normal
7.0,L,1,119.9,18.0,Underweight
11.0,L,1,144.2,38.7,Overweight
12.0,P,0,150.9,38.2,Normal
9.0,P,0,131.0,27.4,Normal
8.0,P,0,126.5,29.0,Overweight
9.0,L,1,124.9,26.8,Normal
7.0,L,1,113.5,24.8,Overweight
8.0,L,1,127.3,21.8,Underweight
7.0,P,0,118.5,19.3,Underweight
12.0,P,0,146.9,38.1,Normal
9.0,L,1,129.6,27.7,Normal
12.0,L,1,145.4,32.4,Normal
12.0,L,1,147.9,37.2,Normal
11.0,L,1,144.2,42.0,Overweight
10.0,L,1,137.3,30.6,Normal
12.0,L,1,146.2,40.1,Overweight
11.0,P,0,146.4,35.7,Normal
8.0,L,1,120.8,28.6,Overweight
7.0,L,1,118.1,18.0,Underweight
7.0,L,1,116.7,22.0,Normal
12.0,L,1,149.2,36.0,Normal
11.0,L,1,138.1,43.0,Obesity
9.0,P,0,131.9,29.2,Normal
6.0,P,0,113.9,17.5,Underweight
8.0,P,0,120.4,20.9,Normal
8.0,L,1,121.1,23.7,Normal
8.0,L,1,124.3,21.6,Underweight
11.0,L,1,136.5,34.6,Overweight
8.0,P,0,125.2,26.6,Normal
10.0,L,1,130.9,29.8,Normal
12.0,P,0,143.6,39.7,Overweight
7.0,P,0,113.4,23.3,Overweight
12.0,P,0,140.2,36.0,Overweight
6.0,L,1,112.4,19.9,Normal
9.0,P,0,126.7,28.2,Normal
8.0,L,1,124.7,27.4,Normal
9.0,L,1,125.8,29.1,Overweight
9.0,L,1,127.7,27.1,Normal
11.0,L,1,142.7,36.7,Overweight
11.0,P,0,138.9,32.5,Normal
7.0,P,0,115.2,21.2,Normal
9.0,P,0,127.6,29.8,Overweight
12.0,P,0,147.1,37.6,Normal
12.0,P,0,144.7,39.6,Overweight
8.0,L,1,124.8,26.7,Normal
12.0,L,1,144.8,39.4,Overweight
6.0,L,1,116.2,19.7,Normal
11.0,P,0,146.5,38.0,Normal
11.0,P,0,147.0,37.8,Normal
7.0,P,0,121.6,21.9,Normal
6.0,P,0,114.8,18.3,Underweight
10.0,P,0,132.8,33.2,Overweight
11.0,P,0,140.6,36.0,Overweight
11.0,L,1,136.4,31.0,Normal
10.0,L,1,136.4,32.1,Normal
12.0,L,1,148.9,36.6,Normal
8.0,P,0,119.1,27.0,Overweight
11.0,L,1,141.0,37.9,Overweight
8.0,L,1,120.0,24.4,Normal
7.0,L,1,119.7,20.7,Normal
6.0,P,0,112.4,17.7,Underweight
9.0,L,1,130.8,27.8,Normal
10.0,P,0,132.3,34.3,Overweight
12.0,P,0,144.3,42.6,Overweight
12.0,P,0,146.5,34.5,Normal
10.0,L,1,134.2,32.4,Normal
12.0,P,0,145.5,40.9,Overweight
10.0,L,1,135.9,34.2,Overweight
11.0,L,1,141.4,29.8,Normal
12.0,P,0,146.4,36.2,Normal
10.0,P,0,136.3,27.9,Normal
10.0,P,0,132.4,29.6,Normal
11.0,L,1,141.7,33.4,Normal
8.0,P,0,121.2,27.8,Overweight
12.0,P,0,143.2,40.3,Overweight
8.0,L,1,127.1,22.2,Underweight
9.0,P,0,124.8,27.8,Normal
8.0,P,0,121.4,26.7,Overweight
12.0,L,1,149.1,37.1,Normal
8.0,P,0,123.8,22.8,Normal
9.0,P,0,125.8,29.1,Overweight
6.0,P,0,110.6,21.9,Normal
9.0,P,0,130.8,25.8,Normal
12.0,L,1,140.0,46.8,Obesity
12.0,P,0,143.2,43.8,Overweight
6.0,L,1,113.6,22.0,Normal
12.0,L,1,141.4,43.0,Overweight
12.0,L,1,145.9,41.8,Overweight
9.0,P,0,130.4,29.7,Normal
12.0,P,0,147.6,35.3,Normal
12.0,L,1,148.9,39.6,Normal
8.0,P,0,120.9,25.6,Normal
9.0,P,0,125.2,31.0,Overweight
7.0,P,0,118.1,24.5,Normal
12.0,P,0,143.6,42.0,Overweight
8.0,P,0,118.0,25.1,Overweight
12.0,P,0,147.1,37.5,Normal
11.0,L,1,143.4,35.5,Normal
8.0,L,1,124.7,26.4,Normal
8.0,L,1,118.4,21.2,Normal
11.0,L,1,143.2,36.6,Normal
11.0,L,1,143.3,31.2,Normal
9.0,P,0,126.9,33.3,Overweight
12.0,L,1,149.4,41.4,Overweight
7.0,L,1,118.8,19.8,Normal
12.0,P,0,142.0,35.2,Normal
12.0,P,0,145.7,32.0,Normal
9.0,L,1,133.0,33.2,Overweight
7.0,L,1,113.0,18.3,Normal
11.0,L,1,139.3,31.4,Normal
9.0,L,1,126.4,32.0,Overweight
12.0,L,1,146.5,39.8,Overweight
9.0,L,1,124.6,27.8,Normal
12.0,P,0,148.8,43.6,Overweight
10.0,L,1,137.1,27.6,Normal
10.0,L,1,132.8,26.4,Normal
7.0,L,1,116.3,22.5,Normal
10.0,P,0,135.8,34.0,Overweight
8.0,L,1,125.6,21.1,Underweight
11.0,L,1,141.3,37.1,Overweight
11.0,P,0,139.7,37.8,Overweight
9.0,L,1,129.6,26.5,Normal
6.0,P,0,113.0,19.8,Normal
12.0,P,0,143.4,39.8,Overweight
12.0,P,0,150.5,39.0,Normal
11.0,L,1,143.9,36.7,Normal
9.0,P,0,123.5,28.0,Overweight
9.0,P,0,123.0,33.3,Overweight
11.0,L,1,138.2,39.2,Overweight
7.0,L,1,117.2,23.1,Normal
6.0,L,1,113.1,19.4,Normal
9.0,L,1,125.2,26.1,Normal
8.0,L,1,126.2,20.0,Underweight
8.0,P,0,118.9,22.6,Normal
6.0,P,0,110.0,19.6,Normal
9.0,L,1,124.9,28.0,Normal
11.0,L,1,143.9,32.6,Normal
10.0,L,1,130.4,31.8,Overweight
11.0,L,1,141.6,37.5,Overweight
8.0,P,0,120.7,26.6,Overweight
8.0,L,1,126.8,24.9,Normal
11.0,L,1,139.1,34.2,Normal
9.0,P,0,126.6,28.2,Normal
6.0,L,1,117.6,17.9,Underweight
7.0,L,1,116.1,23.4,Normal
6.0,P,0,114.1,19.0,Normal
8.0,P,0,125.6,25.5,Normal
10.0,P,0,132.0,35.5,Overweight
12.0,P,0,146.4,38.3,Normal
12.0,P,0,143.4,36.7,Normal
10.0,P,0,139.0,29.8,Normal
9.0,L,1,124.9,26.3,Normal
6.0,P,0,115.8,20.8,Normal
11.0,P,0,145.4,33.6,Normal
9.0,P,0,124.8,33.8,Overweight
9.0,P,0,126.9,25.3,Normal
7.0,P,0,117.4,20.9,Normal
6.0,P,0,115.2,17.7,Underweight
10.0,P,0,132.0,30.8,Normal
11.0,P,0,142.3,38.7,Overweight
8.0,P,0,124.0,24.4,Normal
6.0,L,1,115.9,17.0,Underweight
8.0,P,0,127.1,22.1,Underweight
11.0,L,1,143.3,34.7,Normal
10.0,P,0,128.1,30.8,Overweight
12.0,P,0,146.1,36.6,Normal
12.0,P,0,143.7,38.3,Overweight
12.0,P,0,146.5,40.5,Overweight
7.0,L,1,114.2,19.8,Normal
8.0,P,0,118.4,26.8,Overweight
9.0,P,0,126.7,30.7,Overweight
7.0,L,1,116.5,20.3,Normal
8.0,L,1,122.5,26.7,Normal
6.0,P,0,113.1,20.3,Normal
12.0,L,1,145.2,41.9,Overweight
10.0,P,0,133.7,35.2,Overweight
6.0,P,0,111.9,22.0,Normal
10.0,L,1,132.6,28.9,Normal
6.0,P,0,117.4,17.5,Underweight
7.0,P,0,121.1,22.0,Normal
10.0,P,0,133.3,28.5,Normal
10.0,P,0,131.0,34.7,Overweight
10.0,L,1,136.7,32.5,Normal
11.0,L,1,139.1,37.2,Overweight
9.0,L,1,126.5,24.4,Normal
12.0,P,0,142.1,43.8,Overweight
7.0,P,0,121.4,21.8,Normal
6.0,P,0,115.7,17.2,Underweight
9.0,P,0,125.3,33.8,Overweight
12.0,L,1,145.1,40.4,Overweight
6.0,P,0,112.6,19.5,Normal
7.0,L,1,116.8,18.2,Underweight
11.0,P,0,144.9,34.4,Normal
8.0,P,0,123.2,25.8,Normal
11.0,P,0,138.6,34.6,Overweight
8.0,L,1,123.3,25.7,Normal
9.0,P,0,129.0,24.5,Normal
6.0,L,1,111.9,18.2,Normal
9.0,L,1,124.3,31.1,Overweight
11.0,L,1,141.5,38.1,Overweight
10.0,L,1,136.0,31.6,Normal
11.0,P,0,137.6,34.2,Overweight
10.0,L,1,132.7,27.8,Normal
11.0,L,1,140.4,36.9,Overweight
8.0,L,1,120.1,21.0,Normal
10.0,L,1,138.8,31.9,Normal
11.0,P,0,136.4,36.0,Overweight
12.0,L,1,147.3,38.9,Normal
11.0,L,1,139.3,36.3,Overweight
12.0,L,1,150.1,35.7,Normal
10.0,P,0,136.7,35.1,Overweight
8.0,P,0,123.2,22.5,Normal
11.0,P,0,139.2,35.7,Overweight
10.0,L,1,132.1,35.2,Overweight
6.0,P,0,112.1,21.5,Normal
6.0,L,1,112.8,17.7,Underweight
10.0,P,0,134.4,25.0,Underweight
8.0,L,1,122.8,21.0,Underweight
10.0,L,1,137.5,33.6,Normal
6.0,L,1,115.8,20.1,Normal
7.0,L,1,120.6,23.0,Normal
12.0,L,1,148.7,40.6,Overweight
11.0,L,1,139.5,33.9,Normal
11.0,P,0,142.7,35.4,Normal
6.0,L,1,117.3,22.0,Normal
10.0,P,0,133.6,28.2,Normal
11.0,P,0,135.0,30.7,Normal
10.0,P,0,136.8,29.6,Normal
12.0,P,0,147.3,43.7,Overweight
10.0,L,1,137.9,36.0,Overweight
6.0,L,1,116.1,20.9,Normal
11.0,P,0,139.6,38.4,Overweight
11.0,L,1,140.0,31.7,Normal
12.0,L,1,146.7,38.6,Normal
12.0,L,1,140.0,40.9,Overweight
8.0,L,1,127.6,25.7,Normal
7.0,L,1,119.7,20.2,Normal
6.0,L,1,112.5,19.6,Normal
12.0,L,1,148.0,40.0,Overweight
12.0,L,1,141.5,40.3,Overweight
9.0,P,0,133.0,26.2,Normal
9.0,L,1,126.2,22.0,Underweight
11.0,L,1,143.7,42.6,Overweight
12.0,L,1,148.5,33.1,Normal
7.0,P,0,118.7,22.1,Normal
8.0,L,1,125.6,25.3,Normal
9.0,P,0,128.0,32.2,Overweight
9.0,P,0,127.2,27.0,Normal
10.0,P,0,133.6,30.3,Normal
12.0,L,1,148.2,36.1,Normal
12.0,L,1,150.6,41.0,Overweight
10.0,P,0,134.5,35.1,Overweight
9.0,L,1,128.2,27.6,Normal
6.0,L,1,117.8,17.2,Underweight
8.0,L,1,128.0,28.7,Normal
9.0,P,0,127.9,28.2,Normal
11.0,P,0,135.9,28.5,Normal
8.0,P,0,124.4,21.2,Underweight
11.0,L,1,141.1,40.8,Overweight
8.0,L,1,123.3,24.4,Normal
10.0,L,1,134.4,32.6,Overweight
9.0,P,0,125.8,27.8,Normal
7.0,P,0,118.1,20.7,Normal
11.0,P,0,140.2,33.4,Normal
11.0,L,1,135.6,39.6,Overweight
12.0,L,1,146.0,39.9,Overweight
10.0,P,0,132.1,34.5,Overweight
7.0,L,1,121.7,22.2,Normal
8.0,P,0,126.2,23.5,Normal
11.0,L,1,146.3,37.1,Normal
6.0,L,1,114.1,17.3,Underweight
12.0,L,1,145.3,38.7,Overweight
6.0,P,0,115.0,22.0,Normal
8.0,P,0,121.0,21.9,Normal
7.0,P,0,117.4,19.1,Underweight
7.0,P,0,118.2,23.7,Normal
12.0,L,1,146.2,42.2,Overweight
11.0,P,0,145.1,31.2,Normal
7.0,P,0,117.8,19.8,Normal
12.0,L,1,146.1,40.0,Overweight
7.0,P,0,115.3,24.4,Overweight
11.0,P,0,141.0,36.0,Overweight
12.0,P,0,146.1,35.2,Normal
11.0,P,0,141.4,33.4,Normal
11.0,P,0,138.3,36.7,Overweight
8.0,P,0,120.3,26.8,Overweight
12.0,L,1,148.6,37.1,Normal
11.0,P,0,138.1,32.5,Normal
8.0,P,0,119.1,24.9,Normal
11.0,P,0,141.9,40.2,Overweight
11.0,P,0,140.5,37.3,Overweight
10.0,L,1,132.6,30.6,Normal
10.0,P,0,132.2,30.2,Normal
10.0,P,0,128.4,28.2,Normal
12.0,L,1,144.2,45.0,Overweight
11.0,L,1,137.3,33.5,Normal
7.0,P,0,121.0,23.0,Normal
9.0,P,0,129.9,34.0,Overweight
9.0,P,0,126.8,33.4,Overweight
10.0,P,0,131.4,34.5,Overweight
8.0,P,0,126.4,26.1,Normal
11.0,L,1,140.1,31.0,Normal
12.0,P,0,148.2,38.7,Normal
12.0,P,0,145.3,42.8,Overweight
8.0,P,0,125.5,27.8,Normal
11.0,L,1,140.3,34.2,Normal
9.0,P,0,124.9,29.0,Overweight
11.0,P,0,139.4,36.8,Overweight
6.0,L,1,111.3,19.0,Normal
10.0,P,0,132.7,31.2,Normal
12.0,P,0,149.1,38.0,Normal
7.0,P,0,122.7,25.0,Normal
12.0,P,0,142.9,40.0,Overweight
11.0,L,1,140.4,30.7,Normal
10.0,P,0,135.4,27.1,Normal
11.0,P,0,137.7,30.2,Normal
8.0,L,1,123.0,22.6,Normal
7.0,L,1,119.4,22.4,Normal
11.0,L,1,141.6,37.3,Overweight
9.0,P,0,128.7,27.9,Normal
9.0,L,1,126.2,26.1,Normal
12.0,P,0,146.7,37.2,Normal
9.0,P,0,133.0,22.0,Underweight
8.0,P,0,127.6,24.7,Normal
9.0,L,1,127.4,24.8,Normal
11.0,P,0,144.4,30.8,Normal
6.0,L,1,112.9,18.4,Normal
8.0,P,0,126.4,28.0,Normal
11.0,P,0,138.6,32.3,Normal
7.0,P,0,121.5,22.0,Normal
10.0,L,1,137.4,31.9,Normal
12.0,L,1,144.1,33.5,Normal
10.0,P,0,129.9,34.2,Overweight
11.0,P,0,144.4,36.9,Normal
12.0,L,1,148.4,38.9,Normal
8.0,P,0,125.8,22.9,Normal
9.0,P,0,128.5,24.5,Normal
8.0,L,1,126.0,28.3,Normal
10.0,L,1,130.4,33.2,Overweight
10.0,P,0,133.3,36.4,Overweight
10.0,L,1,129.5,28.3,Normal
12.0,L,1,147.7,40.7,Overweight
6.0,L,1,115.3,19.5,Normal
9.0,P,0,130.0,27.9,Normal
9.0,L,1,127.6,26.1,Normal
11.0,L,1,142.0,37.5,Overweight
6.0,P,0,114.3,21.4,Normal
8.0,P,0,122.7,25.0,Normal
9.0,P,0,127.1,25.6,Normal
7.0,L,1,116.9,24.7,Overweight
10.0,L,1,137.5,34.8,Overweight
12.0,L,1,145.3,40.8,Overweight
8.0,P,0,128.0,27.4,Normal
11.0,L,1,141.1,30.5,Normal
12.0,P,0,143.0,39.4,Overweight
10.0,P,0,135.5,29.3,Normal
12.0,P,0,145.3,43.3,Overweight
7.0,L,1,118.5,21.5,Normal
9.0,P,0,123.0,26.0,Normal
12.0,P,0,144.1,43.1,Overweight
12.0,L,1,149.1,37.0,Normal
11.0,L,1,142.2,30.1,Normal
9.0,P,0,131.6,29.0,Normal
12.0,P,0,148.7,36.9,Normal
9.0,L,1,128.3,23.8,Normal
8.0,L,1,123.7,26.6,Normal
11.0,L,1,138.4,36.9,Overweight
10.0,P,0,131.3,30.9,Normal
8.0,P,0,119.0,22.3,Normal
11.0,L,1,141.5,34.2,Normal
12.0,L,1,145.2,40.1,Overweight
10.0,P,0,137.3,27.7,Normal
9.0,P,0,127.9,31.4,Overweight
9.0,L,1,126.7,27.2,Normal
10.0,L,1,132.4,29.2,Normal
9.0,L,1,125.9,29.7,Overweight
11.0,L,1,141.4,31.5,Normal
8.0,L,1,127.6,21.4,Underweight
8.0,P,0,120.1,24.7,Normal
12.0,L,1,145.4,37.0,Normal
8.0,L,1,126.6,25.2,Normal
9.0,L,1,126.2,28.8,Overweight
10.0,L,1,130.9,28.3,Normal
6.0,L,1,111.9,22.0,Normal
10.0,L,1,134.7,31.5,Normal
11.0,P,0,135.0,37.5,Overweight
11.0,L,1,137.8,35.1,Overweight
12.0,L,1,146.6,33.2,Normal
10.0,P,0,132.0,34.0,Overweight
10.0,P,0,129.1,28.8,Normal
10.0,L,1,131.2,27.9,Normal
8.0,P,0,121.2,24.5,Normal
8.0,P,0,119.7,22.2,Normal
10.0,L,1,134.6,29.2,Normal
6.0,P,0,117.6,17.0,Underweight
10.0,P,0,138.6,29.7,Normal
8.0,P,0,119.6,25.0,Normal
10.0,P,0,136.1,29.5,Normal
10.0,L,1,137.3,31.8,Normal
7.0,L,1,116.7,20.5,Normal
10.0,L,1,136.3,30.5,Normal
8.0,P,0,123.3,26.0,Normal
11.0,P,0,135.7,36.1,Overweight
9.0,P,0,131.4,29.4,Normal
7.0,P,0,118.1,20.3,Normal
7.0,P,0,115.0,21.2,Normal
11.0,P,0,139.5,38.6,Overweight
6.0,P,0,111.4,19.3,Normal
11.0,L,1,138.0,39.2,Overweight
7.0,L,1,119.0,21.5,Normal
9.0,L,1,129.3,25.4,Normal
6.0,L,1,116.2,20.2,Normal
11.0,L,1,139.5,32.0,Normal
7.0,L,1,114.8,21.9,Normal
12.0,L,1,147.2,42.5,Overweight
10.0,P,0,133.9,33.9,Overweight
7.0,L,1,115.8,21.9,Normal
8.0,P,0,124.9,29.0,Overweight
6.0,L,1,115.9,21.2,Normal
12.0,P,0,140.7,39.2,Overweight
9.0,P,0,127.1,28.2,Normal
10.0,L,1,138.6,29.5,Normal
10.0,P,0,136.2,32.6,Normal
12.0,L,1,143.6,37.2,Overweight
9.0,P,0,128.9,27.3,Normal
8.0,L,1,122.8,23.1,Normal
12.0,P,0,147.2,33.5,Normal
11.0,L,1,139.0,31.4,Normal
12.0,L,1,143.9,38.3,Overweight
10.0,L,1,131.9,29.1,Normal
9.0,P,0,126.3,28.5,Normal
10.0,P,0,134.7,32.6,Normal
8.0,P,0,125.7,21.1,Underweight
7.0,L,1,113.7,20.2,Normal
11.0,L,1,144.7,33.7,Normal
12.0,P,0,143.6,38.3,Overweight
12.0,P,0,147.0,43.6,Overweight
6.0,P,0,110.0,18.8,Normal
10.0,L,1,132.5,25.6,Normal
9.0,L,1,125.3,29.0,Overweight
6.0,P,0,111.7,19.0,Normal
11.0,L,1,138.4,36.6,Overweight
12.0,L,1,144.3,40.6,Overweight
12.0,P,0,149.4,36.5,Normal
8.0,P,0,126.3,22.3,Normal
11.0,L,1,135.5,34.3,Overweight
6.0,L,1,114.3,22.0,Normal
9.0,L,1,129.8,29.2,Normal
9.0,P,0,126.6,29.6,Overweight
8.0,P,0,121.2,24.6,Normal
12.0,L,1,146.0,40.3,Overweight
9.0,P,0,127.2,31.3,Overweight
9.0,P,0,131.2,28.0,Normal
11.0,L,1,138.4,35.6,Overweight
8.0,L,1,121.6,21.7,Normal
8.0,L,1,124.9,24.3,Normal
12.0,L,1,150.4,35.5,Normal
11.0,P,0,139.7,38.7,Overweight
12.0,P,0,146.5,31.7,Normal
7.0,P,0,115.1,20.8,Normal
7.0,L,1,118.2,18.6,Underweight
12.0,P,0,146.7,36.8,Normal
9.0,P,0,132.1,23.4,Underweight
7.0,L,1,114.6,22.7,Normal
11.0,P,0,140.9,33.2,Normal
9.0,P,0,129.5,28.6,Normal
11.0,P,0,144.2,41.7,Overweight
11.0,L,1,139.5,35.3,Overweight
7.0,P,0,115.1,24.2,Overweight
7.0,L,1,119.0,19.0,Underweight
11.0,P,0,140.3,38.8,Overweight
12.0,L,1,145.5,37.3,Normal
12.0,P,0,145.1,40.0,Overweight
12.0,P,0,143.9,39.3,Overweight
7.0,L,1,118.1,18.1,Underweight
9.0,L,1,130.4,34.0,Overweight
10.0,P,0,135.8,30.0,Normal
10.0,P,0,132.3,33.2,Overweight
6.0,L,1,112.5,21.6,Normal
9.0,L,1,126.8,29.6,Overweight
6.0,L,1,118.0,20.4,Normal
12.0,P,0,146.0,38.6,Overweight
12.0,L,1,145.5,38.6,Overweight
12.0,L,1,144.0,36.5,Normal
11.0,L,1,144.7,37.3,Normal
6.0,P,0,115.7,19.0,Normal
8.0,P,0,121.2,24.8,Normal
8.0,P,0,118.0,20.5,Normal
12.0,L,1,144.0,39.2,Overweight
6.0,P,0,115.3,18.2,Underweight
10.0,P,0,134.0,27.7,Normal
6.0,P,0,112.9,19.6,Normal
8.0,L,1,128.0,26.5,Normal
11.0,L,1,139.1,36.7,Overweight
11.0,L,1,139.2,38.8,Overweight
12.0,P,0,148.8,41.6,Overweight
12.0,L,1,146.8,41.7,Overweight
12.0,P,0,144.0,40.7,Overweight
10.0,P,0,135.6,33.1,Normal
8.0,P,0,126.1,26.4,Normal
12.0,P,0,146.0,34.2,Normal
11.0,L,1,143.6,40.5,Overweight
11.0,L,1,142.5,34.4,Normal
12.0,L,1,146.3,42.5,Overweight
9.0,L,1,129.3,32.4,Overweight
9.0,L,1,129.3,24.5,Normal
8.0,L,1,126.7,25.4,Normal
11.0,P,0,139.3,34.9,Overweight
8.0,P,0,123.0,23.2,Normal
7.0,P,0,118.1,23.1,Normal
9.0,P,0,127.8,25.1,Normal
8.0,L,1,124.9,24.7,Normal
7.0,P,0,114.7,20.8,Normal
12.0,L,1,148.7,42.4,Overweight
9.0,L,1,127.1,29.7,Overweight
9.0,P,0,132.6,27.8,Normal
12.0,L,1,148.5,40.3,Overweight
10.0,P,0,131.6,31.0,Normal
12.0,L,1,144.8,39.8,Overweight
11.0,P,0,137.6,37.1,Overweight
11.0,P,0,139.9,38.0,Overweight
8.0,P,0,118.3,25.2,Overweight
10.0,P,0,136.9,29.3,Normal
6.0,P,0,112.6,19.0,Normal
12.0,P,0,144.1,36.1,Normal
8.0,P,0,123.7,25.3,Normal
10.0,P,0,135.4,36.3,Overweight
8.0,P,0,127.4,22.5,Underweight
8.0,P,0,128.0,26.5,Normal
10.0,L,1,129.0,34.4,Overweight
10.0,P,0,136.3,37.0,Overweight
6.0,P,0,117.3,21.1,Normal
10.0,L,1,138.7,35.6,Overweight
9.0,P,0,130.6,26.1,Normal
9.0,P,0,129.7,27.6,Normal
8.0,L,1,122.7,29.0,Overweight
8.0,P,0,123.1,24.0,Normal
12.0,P,0,145.8,40.1,Overweight
10.0,L,1,130.6,29.1,Normal
11.0,L,1,135.8,36.3,Overweight
12.0,L,1,149.3,34.8,Normal
8.0,P,0,120.5,23.0,Normal
6.0,L,1,113.2,18.6,Normal
6.0,P,0,114.7,17.5,Underweight
7.0,P,0,113.4,19.3,Normal
9.0,L,1,127.5,30.5,Overweight
8.0,P,0,126.5,24.2,Normal
11.0,P,0,140.2,33.0,Normal
7.0,L,1,122.1,20.8,Underweight
8.0,L,1,122.5,25.6,Normal
12.0,L,1,143.9,40.3,Overweight
8.0,P,0,121.2,25.9,Normal
12.0,L,1,149.7,40.2,Normal
9.0,L,1,127.8,30.0,Overweight
7.0,P,0,118.5,21.9,Normal
8.0,L,1,122.9,28.4,Overweight
7.0,L,1,118.0,20.6,Normal
6.0,L,1,114.6,18.8,Normal
10.0,P,0,132.4,32.5,Overweight
8.0,L,1,120.5,23.9,Normal
9.0,P,0,127.4,25.1,Normal
10.0,P,0,136.1,33.9,Overweight
6.0,L,1,113.6,19.7,Normal
9.0,P,0,125.7,28.7,Overweight
12.0,L,1,145.9,36.3,Normal
8.0,L,1,124.4,23.9,Normal
7.0,P,0,118.9,24.9,Normal
10.0,L,1,133.5,29.6,Normal
11.0,L,1,142.2,38.8,Overweight
11.0,P,0,138.7,35.9,Overweight
11.0,P,0,143.0,36.2,Normal
12.0,P,0,145.8,37.4,Normal
7.0,L,1,120.3,18.0,Underweight
11.0,L,1,139.0,36.7,Overweight
11.0,L,1,137.1,30.7,Normal
6.0,P,0,116.4,17.2,Underweight
10.0,L,1,131.2,32.5,Overweight
12.0,L,1,144.1,41.2,Overweight
10.0,P,0,131.9,36.6,Overweight
11.0,P,0,145.7,39.2,Overweight
7.0,L,1,120.9,25.0,Normal
11.0,P,0,136.6,36.2,Overweight
11.0,L,1,144.0,32.6,Normal
10.0,P,0,130.6,36.7,Overweight
8.0,P,0,122.4,27.8,Overweight
12.0,P,0,146.1,41.0,Overweight
12.0,P,0,149.8,43.2,Overweight
12.0,L,1,146.4,38.7,Overweight
6.0,L,1,111.4,22.0,Normal
11.0,L,1,142.7,33.3,Normal
8.0,L,1,124.9,20.9,Underweight
6.0,L,1,115.2,17.2,Underweight
7.0,L,1,116.0,25.0,Overweight
8.0,P,0,121.9,24.6,Normal
10.0,L,1,137.7,28.2,Normal
10.0,P,0,130.6,35.2,Overweight
7.0,P,0,120.8,22.5,Normal
7.0,L,1,119.3,24.4,Normal
6.0,L,1,111.7,20.3,Normal
8.0,P,0,122.8,27.9,Overweight
9.0,L,1,128.2,28.1,Normal
12.0,L,1,144.6,39.9,Overweight
9.0,L,1,133.0,25.9,Normal
12.0,P,0,144.0,41.5,Overweight
12.0,L,1,140.3,36.2,Overweight
11.0,L,1,139.5,33.4,Normal
9.0,L,1,123.5,26.3,Normal
9.0,L,1,129.5,31.2,Overweight
11.0,L,1,138.8,34.3,Normal
7.0,L,1,118.2,19.4,Underweight
11.0,P,0,139.2,34.3,Normal
6.0,P,0,113.4,18.8,Normal
7.0,P,0,117.0,20.8,Normal
6.0,P,0,117.7,18.6,Underweight
7.0,L,1,115.4,22.1,Normal
11.0,P,0,141.6,36.8,Overweight
9.0,P,0,127.1,32.6,Overweight
11.0,P,0,142.6,36.2,Normal
9.0,L,1,128.2,25.3,Normal
8.0,P,0,127.6,25.6,Normal
12.0,L,1,145.6,41.2,Overweight
10.0,L,1,134.3,25.2,Underweight
8.0,P,0,120.6,25.3,Normal
11.0,L,1,146.0,29.8,Underweight
11.0,P,0,138.8,36.9,Overweight
10.0,P,0,133.8,30.2,Normal
10.0,P,0,135.8,32.3,Normal
6.0,L,1,113.8,20.1,Normal
11.0,L,1,140.7,37.1,Overweight
10.0,P,0,133.6,34.6,Overweight
12.0,P,0,144.9,38.0,Overweight
11.0,P,0,141.9,37.3,Overweight
9.0,P,0,129.9,26.9,Normal
11.0,L,1,140.8,33.6,Normal
10.0,P,0,139.8,30.8,Normal
10.0,P,0,133.3,33.9,Overweight
8.0,P,0,119.3,22.8,Normal
12.0,P,0,148.7,38.7,Normal
11.0,L,1,143.5,34.5,Normal
7.0,P,0,122.4,21.6,Normal
11.0,P,0,142.9,32.7,Normal
8.0,P,0,119.4,24.0,Normal
8.0,P,0,128.0,23.8,Normal
9.0,L,1,127.0,27.3,Normal
11.0,P,0,140.8,38.3,Overweight
8.0,L,1,127.4,21.0,Underweight
10.0,P,0,130.7,33.7,Overweight
12.0,L,1,144.4,34.9,Normal
8.0,L,1,127.0,21.1,Underweight
8.0,P,0,126.0,22.4,Normal
10.0,L,1,139.1,28.0,Normal
12.0,P,0,149.0,45.6,Overweight
6.0,L,1,117.1,20.4,Normal
9.0,P,0,128.9,27.6,Normal
8.0,P,0,120.7,20.7,Normal
9.0,P,0,129.5,25.3,Normal
6.0,P,0,110.6,18.3,Normal
7.0,L,1,118.7,18.5,Underweight
11.0,P,0,145.5,32.2,Normal
11.0,L,1,140.8,41.7,Overweight
12.0,L,1,144.3,37.8,Overweight
12.0,L,1,147.1,39.9,Overweight
12.0,L,1,146.9,40.0,Overweight
11.0,P,0,144.3,38.2,Overweight
9.0,L,1,125.9,28.4,Normal
7.0,P,0,118.9,25.0,Normal
9.0,P,0,132.9,29.2,Normal
9.0,L,1,128.4,31.3,Overweight
7.0,L,1,114.5,20.5,Normal
8.0,P,0,125.1,21.9,Underweight
10.0,P,0,129.5,32.5,Overweight
11.0,P,0,139.7,30.6,Normal
7.0,L,1,117.5,19.7,Normal
9.0,L,1,128.1,30.9,Overweight
9.0,P,0,128.2,25.3,Normal
7.0,L,1,117.3,19.5,Normal
11.0,L,1,145.5,36.0,Normal
8.0,P,0,122.6,27.0,Normal
10.0,L,1,136.4,36.1,Overweight
7.0,L,1,117.9,22.7,Normal
9.0,P,0,126.9,31.3,Overweight
8.0,L,1,126.6,22.6,Normal
7.0,L,1,121.3,23.0,Normal
11.0,P,0,141.3,31.4,Normal
8.0,L,1,125.1,26.2,Normal
11.0,P,0,143.8,34.6,Normal
11.0,L,1,135.0,37.0,Overweight
12.0,L,1,143.6,38.5,Overweight
8.0,P,0,123.2,28.1,Overweight
9.0,P,0,129.3,29.0,Normal
6.0,L,1,114.7,18.8,Normal
7.0,P,0,114.6,25.0,Overweight
11.0,L,1,144.9,34.4,Normal
12.0,L,1,145.4,37.1,Normal
8.0,P,0,124.6,26.0,Normal
8.0,P,0,120.3,22.7,Normal
8.0,L,1,124.3,27.2,Normal
8.0,P,0,122.1,26.1,Normal
7.0,P,0,117.5,24.6,Normal
7.0,L,1,119.1,21.7,Normal
9.0,L,1,125.9,24.0,Normal
9.0,P,0,123.7,25.6,Normal
8.0,P,0,121.2,23.3,Normal
6.0,L,1,113.4,19.9,Normal
9.0,P,0,129.9,30.5,Overweight
12.0,P,0,146.6,40.0,Overweight
7.0,L,1,119.1,19.7,Underweight
6.0,L,1,110.1,17.4,Normal
10.0,L,1,133.4,25.0,Normal
11.0,L,1,145.8,30.2,Normal
7.0,L,1,115.9,20.9,Normal
9.0,P,0,123.0,24.5,Normal
12.0,P,0,150.1,39.5,Normal
7.0,L,1,119.0,22.2,Normal
9.0,L,1,130.2,26.0,Normal
9.0,L,1,124.7,29.5,Overweight
12.0,L,1,149.8,45.6,Overweight
9.0,P,0,133.0,27.7,Normal
6.0,L,1,114.0,20.4,Normal
12.0,P,0,145.1,46.2,Overweight
11.0,L,1,141.0,40.6,Overweight
9.0,L,1,129.3,25.9,Normal
12.0,P,0,140.0,42.3,Overweight
11.0,P,0,142.6,36.8,Overweight
12.0,P,0,143.4,37.9,Overweight
12.0,L,1,147.7,37.9,Normal
9.0,P,0,125.7,31.9,Overweight
7.0,L,1,118.3,20.8,Normal
6.0,L,1,110.9,21.8,Normal
12.0,L,1,148.8,35.9,Normal
12.0,P,0,145.3,38.4,Overweight
6.0,P,0,117.0,19.7,Normal
11.0,P,0,143.0,36.9,Overweight
12.0,L,1,148.8,40.0,Overweight
9.0,P,0,123.0,24.7,Normal
6.0,L,1,118.0,18.0,Underweight
10.0,L,1,136.2,32.4,Normal
8.0,P,0,125.5,24.1,Normal
9.0,L,1,127.0,27.8,Normal
10.0,P,0,134.2,26.8,Normal
7.0,L,1,117.5,21.5,Normal
9.0,P,0,127.8,29.5,Overweight
12.0,L,1,148.2,37.8,Normal
9.0,P,0,125.5,29.7,Overweight
10.0,P,0,135.4,33.6,Overweight
6.0,L,1,116.9,17.5,Underweight
10.0,L,1,133.0,28.2,Normal
9.0,L,1,123.2,31.4,Overweight
10.0,P,0,135.4,32.0,Normal
7.0,P,0,116.9,20.1,Normal
8.0,P,0,121.9,26.2,Normal
10.0,P,0,129.6,32.8,Overweight
7.0,L,1,114.8,20.5,Normal
7.0,L,1,121.7,21.2,Normal
11.0,L,1,141.3,31.1,Normal
8.0,P,0,123.1,26.0,Normal
10.0,P,0,129.4,30.3,Overweight
8.0,L,1,124.1,25.8,Normal
9.0,P,0,127.1,25.7,Normal
11.0,P,0,141.0,31.4,Normal
12.0,P,0,148.7,41.2,Overweight
10.0,P,0,137.6,33.4,Normal
7.0,L,1,118.5,19.8,Normal
7.0,P,0,115.7,22.8,Normal
12.0,P,0,148.0,38.6,Normal
12.0,P,0,145.4,37.7,Normal
11.0,P,0,146.8,36.2,Normal
8.0,P,0,124.3,25.5,Normal
9.0,L,1,124.9,30.5,Overweight
12.0,P,0,146.2,41.1,Overweight
10.0,L,1,137.8,29.4,Normal
10.0,L,1,133.1,31.5,Normal
8.0,L,1,122.3,21.6,Normal
10.0,L,1,131.1,27.1,Normal
11.0,P,0,142.9,33.1,Normal
8.0,P,0,121.6,24.3,Normal
8.0,L,1,121.3,22.0,Normal
10.0,P,0,133.9,28.9,Normal
11.0,L,1,144.1,39.0,Overweight
6.0,P,0,116.2,21.3,Normal
7.0,P,0,117.9,23.6,Normal
12.0,L,1,145.2,37.2,Normal
11.0,L,1,145.2,35.9,Normal
11.0,L,1,141.1,28.0,Normal
12.0,P,0,146.5,38.5,Normal
9.0,L,1,124.8,28.0,Normal
11.0,P,0,141.9,35.7,Normal
9.0,L,1,127.1,29.1,Overweight
10.0,L,1,134.8,36.1,Overweight
7.0,P,0,117.5,22.4,Normal
7.0,P,0,114.5,19.8,Normal
7.0,L,1,123.0,19.4,Underweight
6.0,L,1,110.0,20.3,Normal
9.0,L,1,123.0,31.0,Overweight
7.0,P,0,118.1,21.6,Normal
12.0,L,1,146.8,39.0,Overweight
9.0,L,1,128.4,34.0,Overweight
7.0,L,1,116.8,22.8,Normal
9.0,L,1,129.0,27.2,Normal
7.0,P,0,114.9,21.6,Normal
12.0,P,0,145.3,38.9,Overweight
7.0,L,1,116.3,22.4,Normal
6.0,P,0,112.4,20.2,Normal
10.0,L,1,132.7,32.6,Overweight
10.0,P,0,133.7,34.2,Overweight
9.0,L,1,126.9,31.0,Overweight
8.0,P,0,124.2,25.8,Normal
9.0,L,1,130.1,28.5,Normal
11.0,L,1,143.0,39.9,Overweight
8.0,P,0,126.2,20.9,Underweight
10.0,L,1,137.4,31.4,Normal
9.0,P,0,129.6,26.4,Normal
11.0,L,1,138.2,38.6,Overweight
6.0,L,1,114.4,19.6,Normal
11.0,L,1,143.1,36.6,Normal
11.0,L,1,137.8,37.7,Overweight
12.0,L,1,142.5,30.0,Normal
10.0,P,0,135.0,27.0,Normal
12.0,L,1,148.3,41.5,Overweight
10.0,L,1,135.9,29.7,Normal
8.0,P,0,123.8,25.9,Normal
8.0,P,0,123.0,20.0,Underweight
7.0,P,0,118.8,24.8,Normal
9.0,P,0,126.3,24.4,Normal
10.0,P,0,131.6,33.3,Overweight
8.0,L,1,127.2,22.2,Underweight
9.0,P,0,128.5,27.9,Normal
10.0,L,1,135.3,31.1,Normal
7.0,P,0,118.9,23.4,Normal
12.0,P,0,141.9,35.9,Normal
7.0,P,0,117.3,20.3,Normal
11.0,P,0,142.6,38.8,Overweight
11.0,P,0,142.7,33.2,Normal
10.0,P,0,139.5,34.9,Normal
12.0,L,1,149.0,39.6,Normal
7.0,L,1,121.8,25.0,Normal
11.0,P,0,144.3,28.0,Underweight
10.0,L,1,135.4,27.1,Normal
11.0,L,1,142.6,32.7,Normal
11.0,L,1,142.2,41.8,Overweight
7.0,P,0,115.2,20.2,Normal
6.0,P,0,113.7,18.5,Normal
8.0,P,0,123.0,23.0,Normal
7.0,P,0,119.2,21.5,Normal
8.0,P,0,128.0,24.7,Normal
10.0,P,0,129.0,28.1,Normal
6.0,L,1,113.2,17.1,Underweight
10.0,L,1,133.2,31.5,Normal
9.0,L,1,128.7,34.0,Overweight
10.0,L,1,137.0,28.6,Normal
12.0,P,0,144.9,38.7,Overweight
9.0,P,0,128.6,28.9,Normal
11.0,L,1,147.0,35.3,Normal
11.0,L,1,141.2,34.0,Normal
10.0,P,0,130.1,31.3,Overweight
6.0,L,1,110.9,21.9,Normal
11.0,P,0,144.8,34.9,Normal
9.0,P,0,126.1,23.1,Normal
12.0,P,0,146.5,37.3,Normal
12.0,L,1,146.8,40.3,Overweight
12.0,P,0,144.4,43.7,Overweight
7.0,P,0,118.3,24.0,Normal
8.0,L,1,122.7,22.0,Normal
8.0,P,0,123.8,25.4,Normal
7.0,P,0,116.4,18.5,Underweight
9.0,P,0,128.3,30.8,Overweight
6.0,P,0,112.4,20.3,Normal
10.0,P,0,131.7,28.9,Normal
11.0,P,0,144.5,37.6,Overweight
9.0,L,1,127.2,31.1,Overweight
6.0,P,0,116.1,20.1,Normal
11.0,L,1,139.1,37.0,Overweight
12.0,L,1,148.0,30.0,Underweight
8.0,P,0,121.7,25.4,Normal
11.0,P,0,140.1,34.8,Normal
6.0,P,0,111.4,22.0,Normal
8.0,L,1,122.2,22.4,Normal
7.0,L,1,114.9,24.6,Overweight
10.0,P,0,134.8,32.1,Normal
7.0,P,0,113.0,21.0,Normal
12.0,L,1,143.2,38.0,Overweight
10.0,P,0,136.8,27.1,Normal
10.0,L,1,138.8,27.3,Normal
7.0,L,1,117.3,21.7,Normal
12.0,L,1,147.4,37.4,Normal
9.0,L,1,125.2,28.9,Overweight
7.0,L,1,116.7,18.1,Underweight
12.0,L,1,147.9,37.4,Normal
8.0,L,1,122.3,26.3,Normal
7.0,L,1,113.8,22.9,Normal
8.0,L,1,122.0,22.4,Normal
8.0,L,1,120.6,27.2,Overweight
7.0,P,0,118.6,19.6,Underweight
8.0,P,0,122.1,24.5,Normal
8.0,L,1,119.9,26.5,Overweight
11.0,P,0,143.8,37.1,Normal
6.0,L,1,114.9,18.8,Normal
12.0,P,0,149.4,39.5,Normal
6.0,P,0,115.5,21.5,Normal
7.0,P,0,120.8,20.9,Normal
9.0,L,1,132.4,27.4,Normal
10.0,P,0,140.0,31.3,Normal
12.0,L,1,146.7,40.3,Overweight
12.0,L,1,146.7,37.4,Normal
12.0,L,1,146.0,37.3,Normal
12.0,P,0,144.6,36.6,Normal
10.0,P,0,135.3,30.5,Normal
11.0,P,0,143.3,31.4,Normal
6.0,P,0,114.3,17.2,Underweight
6.0,P,0,116.1,20.4,Normal
8.0,L,1,122.1,24.4,Normal
10.0,L,1,134.9,28.4,Normal
10.0,L,1,135.2,31.6,Normal
9.0,P,0,127.5,33.7,Overweight
9.0,L,1,129.6,25.2,Normal
8.0,L,1,123.4,25.6,Normal
8.0,P,0,124.1,22.1,Normal
7.0,L,1,120.8,22.3,Normal
11.0,P,0,144.7,37.7,Normal
8.0,L,1,124.0,20.0,Underweight
7.0,L,1,121.9,20.4,Underweight
10.0,P,0,133.8,27.9,Normal
10.0,P,0,133.4,29.7,Normal
10.0,L,1,131.9,31.7,Overweight
8.0,P,0,123.0,29.0,Overweight
10.0,P,0,130.2,30.3,Normal
12.0,P,0,144.2,36.2,Normal
11.0,P,0,138.7,37.0,Overweight
9.0,L,1,130.3,26.4,Normal
10.0,L,1,130.6,30.7,Normal
12.0,L,1,144.0,34.4,Normal
9.0,L,1,125.9,23.7,Normal
6.0,L,1,114.9,19.3,Normal
12.0,L,1,143.5,36.5,Normal
9.0,L,1,126.2,22.1,Underweight
12.0,P,0,145.2,39.8,Overweight
10.0,P,0,132.4,29.7,Normal
7.0,L,1,121.8,24.4,Normal
12.0,L,1,149.9,37.2,Normal
7.0,P,0,119.3,21.1,Normal
12.0,P,0,147.5,37.8,Normal
7.0,P,0,113.3,19.4,Normal
10.0,L,1,130.9,33.6,Overweight
9.0,P,0,129.0,26.5,Normal
11.0,L,1,142.5,38.3,Overweight
11.0,P,0,138.4,41.1,Overweight
11.0,L,1,143.0,35.0,Normal
7.0,L,1,117.4,23.6,Normal
12.0,P,0,143.4,41.1,Overweight
9.0,L,1,127.2,27.1,Normal
9.0,L,1,127.3,26.0,Normal
6.0,P,0,112.0,17.8,Normal
7.0,P,0,120.3,21.7,Normal
7.0,L,1,122.0,20.3,Underweight
10.0,P,0,131.7,33.9,Overweight
12.0,P,0,141.1,32.7,Normal
8.0,L,1,122.0,23.9,Normal
10.0,L,1,139.2,33.7,Normal
8.0,L,1,118.2,23.7,Normal
11.0,P,0,140.4,33.5,Normal
12.0,L,1,146.8,36.5,Normal
9.0,L,1,131.9,32.5,Overweight
11.0,P,0,141.8,39.8,Overweight
9.0,L,1,128.9,25.8,Normal
9.0,P,0,126.9,27.0,Normal
7.0,L,1,116.8,20.6,Normal
12.0,L,1,146.8,42.1,Overweight
10.0,P,0,136.5,30.6,Normal
7.0,L,1,115.3,23.3,Normal
10.0,L,1,131.7,33.9,Overweight
10.0,P,0,133.9,34.0,Overweight
11.0,L,1,139.7,32.7,Normal
9.0,L,1,129.9,24.3,Normal
10.0,L,1,133.2,35.0,Overweight
8.0,P,0,125.0,24.4,Normal
12.0,L,1,146.4,37.5,Normal
11.0,P,0,138.6,42.4,Obesity
8.0,P,0,119.8,29.0,Overweight
9.0,L,1,128.9,26.2,Normal
8.0,P,0,118.6,20.0,Normal
8.0,L,1,118.6,26.5,Overweight
10.0,P,0,128.3,25.0,Normal
12.0,P,0,150.0,44.8,Overweight
11.0,P,0,143.1,33.9,Normal
11.0,L,1,136.8,32.5,Normal
12.0,L,1,149.2,40.3,Overweight
11.0,P,0,137.5,30.2,Normal
9.0,L,1,123.7,24.8,Normal
9.0,P,0,127.2,27.9,Normal
12.0,P,0,143.6,40.9,Overweight
9.0,L,1,126.5,28.3,Normal
7.0,P,0,116.6,22.8,Normal
11.0,L,1,137.6,38.0,Overweight
8.0,L,1,121.5,24.9,Normal
11.0,P,0,143.1,40.5,Overweight
12.0,L,1,152.0,41.5,Normal
11.0,L,1,143.2,32.2,Normal
9.0,P,0,130.0,27.7,Normal
9.0,L,1,127.3,30.8,Overweight
12.0,L,1,148.8,39.8,Normal
6.0,L,1,114.4,20.3,Normal
9.0,P,0,127.4,30.1,Overweight
9.0,P,0,129.1,32.0,Overweight
7.0,L,1,115.4,22.8,Normal
9.0,L,1,127.5,26.7,Normal
10.0,L,1,135.8,28.7,Normal
12.0,L,1,144.2,40.5,Overweight
11.0,L,1,141.0,31.7,Normal
10.0,P,0,135.1,28.7,Normal
12.0,P,0,143.8,35.0,Normal
7.0,L,1,115.7,23.7,Normal
10.0,L,1,134.4,31.4,Normal
8.0,L,1,126.8,29.0,Overweight
10.0,P,0,132.1,35.3,Overweight
8.0,L,1,120.4,28.0,Overweight
12.0,P,0,144.1,39.9,Overweight
7.0,L,1,117.2,19.9,Normal
6.0,L,1,112.8,20.9,Normal
12.0,L,1,148.7,39.8,Normal
10.0,L,1,131.6,32.1,Overweight
10.0,L,1,135.7,27.9,Normal
11.0,L,1,140.3,39.7,Overweight
6.0,L,1,114.4,19.8,Normal
7.0,P,0,117.3,21.0,Normal
11.0,P,0,138.5,43.0,Obesity
8.0,P,0,120.7,26.2,Normal
9.0,P,0,126.5,24.0,Normal
11.0,L,1,142.4,34.9,Normal
10.0,P,0,135.2,31.0,Normal
10.0,L,1,137.3,35.8,Overweight
12.0,P,0,145.4,35.2,Normal
10.0,P,0,136.6,29.4,Normal
12.0,P,0,148.7,41.6,Overweight
9.0,L,1,128.3,24.4,Normal
6.0,L,1,117.2,17.0,Underweight
9.0,L,1,128.0,29.3,Normal
12.0,P,0,148.4,40.5,Overweight
8.0,P,0,127.0,26.1,Normal
11.0,L,1,136.6,37.3,Overweight
8.0,P,0,120.7,26.4,Overweight
10.0,L,1,133.8,30.8,Normal
7.0,L,1,119.8,23.5,Normal
8.0,P,0,122.2,29.0,Overweight
7.0,P,0,121.3,18.0,Underweight
9.0,P,0,128.6,25.6,Normal
11.0,L,1,138.6,31.1,Normal
8.0,P,0,122.4,21.3,Normal
6.0,P,0,113.4,17.7,Underweight
10.0,P,0,135.2,30.4,Normal
9.0,P,0,132.4,26.0,Normal
6.0,L,1,113.3,19.5,Normal
9.0,L,1,128.2,27.0,Normal
11.0,L,1,139.7,36.2,Overweight
9.0,P,0,127.6,29.0,Normal
9.0,L,1,131.0,27.8,Normal
9.0,P,0,127.6,31.5,Overweight
9.0,L,1,133.0,26.7,Normal
8.0,P,0,125.5,20.5,Underweight
8.0,P,0,121.1,20.6,Normal
8.0,P,0,124.6,29.0,Overweight
9.0,L,1,127.9,27.8,Normal
11.0,P,0,139.0,35.1,Overweight
6.0,P,0,112.4,17.0,Underweight
11.0,P,0,143.6,33.5,Normal
10.0,L,1,137.0,27.9,Normal
11.0,P,0,141.2,36.0,Overweight
8.0,L,1,127.2,27.1,Normal
8.0,P,0,123.2,24.0,Normal
8.0,L,1,123.0,29.0,Overweight
10.0,L,1,131.5,29.6,Normal
11.0,P,0,143.7,36.1,Normal
8.0,L,1,118.9,25.1,Normal
6.0,P,0,110.0,18.9,Normal
11.0,L,1,141.5,37.7,Overweight
8.0,P,0,127.1,21.7,Underweight
11.0,P,0,140.8,42.7,Overweight
9.0,P,0,127.9,26.9,Normal
7.0,L,1,118.3,18.1,Underweight
6.0,P,0,113.4,22.0,Normal
9.0,P,0,128.7,31.8,Overweight
10.0,P,0,136.6,32.5,Normal
12.0,P,0,141.9,40.6,Overweight
8.0,P,0,122.0,26.6,Normal
7.0,L,1,117.1,22.6,Normal
7.0,P,0,118.1,23.7,Normal
10.0,L,1,134.5,32.4,Normal
9.0,L,1,128.9,33.4,Overweight
10.0,L,1,131.6,35.1,Overweight
7.0,P,0,114.9,19.2,Normal
6.0,L,1,111.9,19.5,Normal
10.0,P,0,132.8,33.7,Overweight
7.0,L,1,117.8,18.3,Underweight
10.0,P,0,134.2,34.4,Overweight
6.0,P,0,111.8,17.0,Underweight
9.0,P,0,126.5,28.7,Normal
8.0,P,0,120.7,22.7,Normal
7.0,P,0,116.8,21.7,Normal
10.0,L,1,133.1,26.5,Normal
6.0,P,0,118.0,17.9,Underweight
6.0,P,0,112.8,18.8,Normal
11.0,L,1,139.6,33.5,Normal
6.0,P,0,115.5,19.6,Normal
11.0,P,0,140.7,37.5,Overweight
6.0,L,1,115.8,17.3,Underweight
6.0,L,1,114.2,17.6,Underweight
8.0,L,1,125.2,24.9,Normal
12.0,L,1,143.3,41.2,Overweight
10.0,P,0,131.9,34.5,Overweight
8.0,L,1,123.3,28.8,Overweight
12.0,L,1,148.7,37.2,Normal
8.0,L,1,118.5,24.0,Normal
8.0,L,1,124.0,23.9,Normal
11.0,L,1,141.5,31.8,Normal
8.0,P,0,122.2,24.7,Normal
6.0,L,1,115.2,20.2,Normal
10.0,P,0,135.8,28.9,Normal
10.0,L,1,130.6,31.1,Overweight
12.0,P,0,147.4,35.8,Normal
10.0,L,1,134.8,31.8,Normal
9.0,P,0,131.6,26.2,Normal
8.0,P,0,124.0,24.3,Normal
8.0,L,1,121.5,20.9,Normal
6.0,P,0,113.4,18.6,Normal
7.0,L,1,117.2,24.0,Normal
8.0,L,1,124.9,28.2,Overweight
9.0,L,1,127.1,23.7,Normal
10.0,P,0,133.3,31.4,Normal
9.0,L,1,128.8,27.4,Normal
8.0,P,0,125.7,28.0,Normal
9.0,P,0,123.9,24.0,Normal
12.0,P,0,147.2,42.4,Overweight
11.0,P,0,135.7,31.9,Normal
8.0,P,0,122.1,23.5,Normal
10.0,P,0,133.4,27.2,Normal
8.0,L,1,122.3,20.0,Underweight
7.0,P,0,115.7,22.5,Normal
10.0,L,1,132.3,31.6,Overweight
11.0,P,0,144.5,33.8,Normal
7.0,P,0,118.3,19.0,Underweight
9.0,P,0,128.0,32.1,Overweight
8.0,P,0,118.3,29.0,Overweight
7.0,L,1,118.4,20.4,Normal
11.0,P,0,146.4,43.0,Overweight
8.0,P,0,126.2,22.4,Normal
10.0,L,1,134.3,28.3,Normal
11.0,L,1,137.4,38.2,Overweight
7.0,L,1,118.5,20.4,Normal
6.0,L,1,114.9,21.3,Normal
8.0,P,0,123.3,22.9,Normal
9.0,L,1,130.8,30.3,Normal
9.0,P,0,123.8,32.8,Overweight
12.0,L,1,147.8,45.6,Overweight
12.0,P,0,146.8,33.8,Normal
12.0,P,0,146.5,39.6,Overweight
12.0,L,1,143.4,39.0,Overweight
10.0,L,1,136.1,32.5,Normal
8.0,L,1,123.2,20.0,Underweight
11.0,P,0,140.4,37.3,Overweight
6.0,P,0,111.9,18.7,Normal
9.0,L,1,127.6,30.5,Overweight
12.0,L,1,143.0,43.9,Overweight
10.0,P,0,135.7,34.1,Overweight
12.0,P,0,149.4,35.0,Normal
11.0,P,0,142.4,37.9,Overweight
7.0,L,1,115.7,22.8,Normal
9.0,P,0,126.5,26.2,Normal
8.0,P,0,122.8,25.6,Normal
8.0,L,1,128.0,28.9,Normal
10.0,P,0,130.3,30.1,Normal
11.0,L,1,140.8,34.4,Normal
10.0,P,0,136.8,36.6,Overweight
6.0,P,0,116.4,18.9,Underweight
12.0,L,1,144.9,35.6,Normal
8.0,L,1,123.7,26.1,Normal
10.0,L,1,135.9,29.1,Normal
12.0,P,0,144.1,35.7,Normal
11.0,P,0,140.6,31.7,Normal
9.0,L,1,126.2,34.0,Overweight
7.0,P,0,117.6,20.5,Normal
10.0,L,1,133.9,35.5,Overweight
6.0,P,0,114.4,17.0,Underweight
6.0,L,1,112.4,21.3,Normal
10.0,P,0,134.4,29.7,Normal
8.0,P,0,123.2,24.4,Normal
7.0,P,0,118.9,23.2,Normal
7.0,L,1,119.5,18.4,Underweight
10.0,L,1,135.7,30.9,Normal
11.0,P,0,135.8,33.5,Overweight
9.0,P,0,127.7,30.8,Overweight
6.0,L,1,113.7,20.8,Normal
8.0,P,0,121.3,20.0,Underweight
10.0,P,0,135.2,35.0,Overweight
10.0,P,0,130.6,32.6,Overweight
9.0,L,1,128.5,29.6,Normal
7.0,L,1,119.1,22.6,Normal
7.0,L,1,113.8,20.7,Normal
11.0,L,1,136.3,32.3,Normal
11.0,L,1,138.8,42.7,Obesity
6.0,P,0,114.0,19.9,Normal
11.0,P,0,140.4,37.9,Overweight
12.0,P,0,146.8,34.1,Normal
9.0,P,0,126.7,26.0,Normal
12.0,L,1,147.5,34.8,Normal
9.0,L,1,123.8,32.2,Overweight
11.0,P,0,137.5,35.3,Overweight
11.0,P,0,141.5,34.2,Normal
7.0,P,0,121.3,24.5,Normal
7.0,P,0,118.3,18.9,Underweight
8.0,L,1,125.0,20.6,Underweight
9.0,P,0,129.9,29.3,Normal
8.0,P,0,118.8,22.0,Normal
12.0,L,1,141.2,40.3,Overweight
10.0,L,1,134.2,34.0,Overweight
8.0,L,1,121.0,20.0,Underweight
7.0,L,1,117.0,18.0,Underweight
8.0,L,1,120.8,23.8,Normal
9.0,L,1,124.5,29.5,Overweight
12.0,P,0,140.7,43.2,Overweight
11.0,L,1,137.2,33.8,Normal
11.0,L,1,136.4,36.6,Overweight
8.0,P,0,120.2,25.8,Normal
8.0,P,0,124.1,23.7,Normal
7.0,L,1,117.6,23.1,Normal
12.0,L,1,145.3,37.8,Normal
9.0,L,1,127.7,30.1,Overweight
10.0,P,0,137.9,30.0,Normal
11.0,L,1,137.3,34.4,Overweight
7.0,L,1,117.5,20.8,Normal
10.0,P,0,132.3,31.3,Normal
6.0,L,1,113.3,20.5,Normal
6.0,P,0,112.8,18.9,Normal
7.0,P,0,121.5,20.9,Normal
9.0,P,0,124.1,29.7,Overweight
8.0,P,0,119.2,29.0,Overweight
9.0,L,1,129.4,27.3,Normal
12.0,L,1,142.0,33.5,Normal
10.0,L,1,135.7,34.4,Overweight
6.0,P,0,117.8,17.3,Underweight
7.0,L,1,115.0,18.0,Underweight
7.0,P,0,117.5,25.0,Overweight
11.0,P,0,144.6,40.7,Overweight
11.0,P,0,138.4,38.0,Overweight
8.0,P,0,120.0,22.6,Normal
11.0,L,1,140.2,34.1,Normal
12.0,L,1,144.2,41.0,Overweight
7.0,L,1,117.9,19.9,Normal
11.0,L,1,138.8,33.8,Normal
9.0,P,0,129.5,27.9,Normal
12.0,P,0,144.1,39.5,Overweight
9.0,P,0,126.5,34.0,Overweight
7.0,P,0,115.8,23.7,Normal
8.0,P,0,127.1,21.3,Underweight
11.0,P,0,143.2,36.2,Normal
6.0,L,1,115.1,19.1,Normal
12.0,L,1,148.1,35.2,Normal
7.0,L,1,114.8,21.3,Normal
9.0,P,0,129.4,30.6,Overweight
11.0,L,1,138.5,36.1,Overweight
9.0,P,0,130.0,31.2,Overweight
11.0,P,0,140.6,37.1,Overweight
7.0,L,1,117.8,21.7,Normal
10.0,L,1,132.9,28.9,Normal
11.0,P,0,140.5,35.5,Normal
8.0,P,0,123.8,24.5,Normal
6.0,P,0,110.4,17.0,Underweight
6.0,P,0,112.0,20.5,Normal
10.0,L,1,130.3,30.8,Overweight
8.0,L,1,121.2,23.3,Normal
9.0,P,0,131.1,30.1,Normal
6.0,L,1,114.7,17.9,Underweight
10.0,P,0,132.1,30.5,Normal
7.0,L,1,117.9,20.7,Normal
8.0,L,1,122.7,23.1,Normal
8.0,L,1,127.0,26.3,Normal
12.0,L,1,143.5,35.6,Normal
9.0,L,1,125.1,24.1,Normal
9.0,L,1,125.2,32.8,Overweight
6.0,P,0,112.4,20.5,Normal
10.0,L,1,130.2,32.7,Overweight
12.0,P,0,146.6,38.8,Overweight
7.0,L,1,120.2,20.7,Normal
6.0,L,1,115.6,20.9,Normal
9.0,P,0,127.7,26.7,Normal
7.0,L,1,119.1,25.0,Normal
11.0,P,0,141.2,38.9,Overweight
11.0,P,0,138.7,28.0,Normal
11.0,P,0,140.5,35.4,Normal
6.0,L,1,114.0,21.3,Normal
11.0,L,1,137.1,34.4,Overweight
12.0,L,1,140.5,39.8,Overweight
7.0,L,1,120.0,21.9,Normal
12.0,L,1,147.1,33.6,Normal
7.0,L,1,113.5,25.0,Overweight
7.0,L,1,119.0,18.2,Underweight
11.0,P,0,143.6,34.8,Normal
6.0,L,1,114.6,17.3,Underweight
8.0,L,1,122.3,20.8,Underweight
7.0,P,0,119.8,21.9,Normal
11.0,L,1,142.3,35.5,Normal
10.0,L,1,134.1,29.2,Normal
8.0,P,0,126.8,20.7,Underweight
7.0,L,1,118.6,21.4,Normal
7.0,P,0,120.3,24.0,Normal
10.0,P,0,134.8,35.1,Overweight
7.0,L,1,121.2,21.3,Normal
8.0,P,0,124.6,25.4,Normal
8.0,L,1,123.4,22.8,Normal
12.0,L,1,144.7,42.4,Overweight
7.0,L,1,119.5,23.3,Normal
8.0,L,1,122.5,21.9,Normal
12.0,P,0,146.9,35.5,Normal
11.0,L,1,141.2,35.9,Overweight
8.0,L,1,125.1,27.5,Normal
12.0,P,0,142.1,38.2,Overweight
8.0,L,1,121.7,22.4,Normal
10.0,L,1,135.3,34.9,Overweight
10.0,P,0,135.2,34.7,Overweight
8.0,L,1,123.8,21.9,Normal
10.0,P,0,134.6,36.1,Overweight
7.0,P,0,115.9,21.3,Normal
8.0,L,1,123.4,20.7,Underweight
12.0,L,1,146.1,39.8,Overweight
12.0,L,1,150.6,38.7,Normal
7.0,L,1,119.1,23.2,Normal
9.0,L,1,127.8,28.9,Normal
6.0,P,0,116.3,22.0,Normal
12.0,P,0,148.2,39.7,Overweight
10.0,P,0,133.7,34.1,Overweight
8.0,P,0,123.9,29.0,Overweight
10.0,P,0,134.2,33.6,Overweight
10.0,P,0,133.0,32.7,Overweight
11.0,P,0,142.7,34.5,Normal
8.0,L,1,119.1,26.5,Overweight
9.0,P,0,125.7,26.9,Normal
7.0,P,0,116.8,19.8,Normal
12.0,L,1,150.5,36.1,Normal
7.0,L,1,116.8,20.5,Normal
12.0,L,1,146.4,37.1,Normal
8.0,L,1,124.5,25.0,Normal
11.0,L,1,142.2,33.6,Normal
7.0,L,1,117.7,24.2,Normal
8.0,L,1,120.9,24.6,Normal
11.0,L,1,139.5,29.8,Normal
6.0,P,0,113.5,21.3,Normal
10.0,P,0,136.5,29.9,Normal
12.0,P,0,143.5,41.3,Overweight
12.0,L,1,147.8,42.1,Overweight
6.0,L,1,110.5,22.0,Overweight
9.0,L,1,128.4,28.0,Normal
9.0,L,1,125.7,29.3,Overweight
6.0,P,0,112.0,19.9,Normal
11.0,L,1,139.2,34.0,Normal
7.0,P,0,121.8,22.4,Normal
12.0,L,1,143.4,39.4,Overweight
12.0,L,1,146.1,38.5,Overweight
11.0,P,0,140.3,37.3,Overweight
8.0,L,1,123.8,28.1,Overweight
6.0,L,1,112.6,17.1,Underweight
10.0,P,0,129.1,35.1,Overweight
11.0,P,0,144.3,36.4,Normal
8.0,P,0,125.6,27.4,Normal
12.0,L,1,144.3,42.4,Overweight
11.0,P,0,140.2,38.8,Overweight
11.0,L,1,137.5,28.0,Normal
8.0,L,1,127.2,29.0,Normal
9.0,L,1,130.0,25.9,Normal
8.0,P,0,119.9,23.8,Normal
11.0,P,0,138.9,35.7,Overweight
7.0,P,0,121.4,20.6,Underweight
12.0,P,0,142.8,35.3,Normal
11.0,L,1,141.3,41.4,Overweight
12.0,P,0,146.1,42.6,Overweight
9.0,P,0,129.0,28.4,Normal
11.0,L,1,140.6,33.4,Normal
11.0,P,0,143.7,36.7,Normal
10.0,L,1,133.9,29.4,Normal
8.0,P,0,124.9,20.8,Underweight
11.0,P,0,140.4,28.5,Normal
10.0,P,0,133.5,30.5,Normal
10.0,P,0,136.5,35.0,Overweight
11.0,L,1,140.4,36.1,Overweight
10.0,L,1,135.1,27.7,Normal
6.0,L,1,117.1,19.6,Normal
12.0,P,0,144.4,30.5,Normal
9.0,P,0,129.0,24.6,Normal
7.0,P,0,113.6,24.6,Overweight
10.0,L,1,131.4,29.6,Normal
11.0,L,1,143.8,32.3,Normal
11.0,L,1,141.4,35.6,Normal
6.0,L,1,113.1,20.4,Normal
12.0,L,1,150.5,39.7,Normal
7.0,L,1,118.5,22.3,Normal
8.0,P,0,128.0,22.6,Underweight
7.0,P,0,116.4,18.0,Underweight
7.0,L,1,118.6,19.7,Underweight
9.0,P,0,127.1,30.1,Overweight
8.0,L,1,122.3,22.0,Normal
6.0,L,1,113.8,17.8,Underweight
10.0,P,0,131.6,32.2,Overweight
7.0,L,1,117.4,19.3,Underweight
11.0,P,0,139.5,33.4,Normal
10.0,P,0,137.1,28.2,Normal
7.0,L,1,120.9,21.0,Normal
8.0,L,1,120.4,24.3,Normal
10.0,L,1,135.4,33.6,Overweight
12.0,P,0,142.4,32.5,Normal
9.0,L,1,129.9,28.0,Normal
11.0,P,0,135.0,33.4,Overweight
7.0,P,0,118.9,22.3,Normal
11.0,L,1,143.3,31.7,Normal
7.0,L,1,114.2,21.8,Normal
10.0,P,0,132.0,30.5,Normal
9.0,L,1,123.0,22.0,Normal
8.0,P,0,125.2,27.8,Normal
8.0,P,0,128.0,27.0,Normal
11.0,L,1,139.7,30.5,Normal
7.0,P,0,114.4,22.7,Normal
11.0,P,0,142.0,37.0,Overweight
12.0,P,0,149.5,38.2,Normal
10.0,L,1,134.1,27.8,Normal
7.0,L,1,121.0,21.6,Normal
6.0,P,0,110.4,21.2,Normal
11.0,P,0,138.9,41.6,Overweight
6.0,L,1,111.5,19.0,Normal
8.0,L,1,125.0,25.0,Normal
7.0,L,1,121.5,21.4,Normal
9.0,P,0,131.1,22.8,Underweight
10.0,L,1,131.5,25.5,Normal
10.0,P,0,136.6,29.1,Normal
11.0,P,0,144.3,35.1,Normal
8.0,P,0,123.5,25.1,Normal
11.0,L,1,140.6,33.2,Normal
9.0,L,1,130.7,24.2,Normal
11.0,P,0,136.4,35.0,Overweight
10.0,L,1,135.6,32.3,Normal
8.0,P,0,124.7,20.0,Underweight
10.0,L,1,130.2,33.7,Overweight
6.0,L,1,114.2,21.0,Normal
7.0,L,1,116.8,22.2,Normal
8.0,P,0,126.6,23.5,Normal
6.0,L,1,112.7,20.2,Normal
10.0,L,1,135.3,31.5,Normal
12.0,L,1,142.4,39.3,Overweight
12.0,P,0,141.0,40.8,Overweight
9.0,L,1,128.0,25.6,Normal
8.0,P,0,121.2,24.3,Normal
10.0,P,0,132.0,37.2,Overweight
10.0,P,0,135.3,33.8,Overweight
10.0,L,1,137.8,33.0,Normal
6.0,L,1,114.7,17.1,Underweight
10.0,P,0,130.2,33.1,Overweight
9.0,L,1,126.3,29.5,Overweight
11.0,L,1,141.3,31.7,Normal
6.0,L,1,116.6,20.1,Normal
9.0,P,0,130.0,25.5,Normal
8.0,P,0,122.7,27.4,Overweight
8.0,P,0,118.0,20.9,Normal
10.0,L,1,131.6,33.7,Overweight
12.0,P,0,145.2,37.6,Normal
8.0,P,0,127.5,21.8,Underweight
7.0,P,0,117.9,22.1,Normal
10.0,L,1,133.7,31.9,Normal
12.0,L,1,147.8,36.6,Normal
6.0,P,0,110.6,19.4,Normal
6.0,L,1,110.0,18.9,Normal
9.0,P,0,126.9,33.7,Overweight
6.0,P,0,114.3,18.7,Normal
10.0,P,0,137.7,28.9,Normal
10.0,P,0,131.9,30.7,Normal
8.0,P,0,120.2,20.0,Underweight
11.0,P,0,141.1,38.9,Overweight
9.0,L,1,131.6,28.9,Normal
10.0,P,0,133.0,33.3,Overweight
8.0,L,1,126.2,26.1,Normal
11.0,P,0,143.1,39.8,Overweight
10.0,P,0,135.7,30.8,Normal
10.0,P,0,135.8,33.6,Overweight
8.0,L,1,120.8,20.8,Normal
9.0,P,0,131.4,27.5,Normal
8.0,P,0,125.0,23.3,Normal
7.0,P,0,116.2,21.3,Normal
12.0,P,0,147.7,41.0,Overweight
7.0,L,1,117.9,20.4,Normal
11.0,L,1,140.5,35.2,Normal
10.0,L,1,134.1,32.1,Normal
11.0,L,1,141.6,31.6,Normal
9.0,L,1,127.3,25.5,Normal
10.0,P,0,137.7,32.7,Normal
11.0,L,1,140.9,31.7,Normal
8.0,L,1,119.4,27.0,Overweight
6.0,L,1,113.1,20.6,Normal
6.0,L,1,112.8,19.5,Normal
8.0,P,0,120.3,27.9,Overweight
10.0,L,1,138.0,29.8,Normal
12.0,P,0,145.8,38.0,Normal
10.0,L,1,134.8,35.0,Overweight
9.0,L,1,127.7,27.8,Normal
12.0,P,0,145.3,42.0,Overweight
7.0,P,0,117.8,19.9,Normal
7.0,P,0,114.8,24.3,Overweight
12.0,L,1,147.0,37.7,Normal
8.0,P,0,122.8,25.8,Normal
10.0,L,1,133.1,34.8,Overweight
8.0,L,1,118.1,29.0,Overweight
8.0,P,0,120.6,23.7,Normal
11.0,P,0,141.5,35.9,Normal
7.0,P,0,118.2,20.8,Normal
9.0,L,1,126.9,30.5,Overweight
12.0,L,1,148.5,44.7,Overweight
11.0,P,0,142.0,32.2,Normal
11.0,P,0,136.5,34.1,Overweight
10.0,L,1,136.4,26.8,Normal
11.0,P,0,140.0,33.4,Normal
6.0,L,1,111.8,21.4,Normal
8.0,L,1,118.9,26.4,Overweight
11.0,P,0,140.9,35.6,Normal
10.0,L,1,133.9,36.0,Overweight
10.0,P,0,137.3,28.8,Normal
7.0,L,1,117.7,20.2,Normal
9.0,L,1,125.9,27.4,Normal
11.0,P,0,137.5,37.9,Overweight
9.0,L,1,125.6,30.5,Overweight
6.0,P,0,117.4,18.0,Underweight
7.0,L,1,116.9,19.1,Underweight
9.0,L,1,126.7,30.5,Overweight
10.0,P,0,140.0,29.1,Normal
8.0,L,1,126.8,20.5,Underweight
6.0,P,0,110.5,19.8,Normal
9.0,P,0,132.6,30.9,Normal
8.0,L,1,125.4,23.0,Normal
7.0,L,1,120.1,24.2,Normal
8.0,L,1,123.4,27.8,Overweight
12.0,L,1,146.4,40.2,Overweight
10.0,P,0,131.2,28.6,Normal
10.0,P,0,139.1,32.6,Normal
7.0,P,0,119.1,18.6,Underweight
8.0,P,0,125.6,26.0,Normal
6.0,P,0,113.8,19.8,Normal
7.0,P,0,115.9,22.0,Normal
11.0,P,0,143.1,36.7,Normal
12.0,L,1,147.6,40.0,Overweight
8.0,L,1,126.1,24.6,Normal
12.0,L,1,146.2,34.3,Normal
9.0,P,0,125.1,26.5,Normal
11.0,P,0,140.9,37.3,Overweight
6.0,P,0,113.2,21.3,Normal
9.0,L,1,128.1,28.8,Normal
6.0,L,1,113.9,19.3,Normal
9.0,L,1,127.6,27.1,Normal
8.0,P,0,120.8,23.0,Normal
12.0,P,0,143.8,33.8,Normal
12.0,P,0,145.8,37.6,Normal
11.0,P,0,137.7,36.6,Overweight
7.0,P,0,119.3,19.9,Underweight
8.0,L,1,125.0,27.6,Normal
10.0,P,0,137.1,33.3,Normal
11.0,P,0,140.6,37.7,Overweight
10.0,P,0,131.9,30.5,Normal
9.0,L,1,125.8,28.2,Normal
7.0,P,0,115.7,20.6,Normal
6.0,L,1,116.3,18.8,Underweight
11.0,P,0,138.5,34.1,Normal
9.0,P,0,127.9,25.6,Normal
8.0,L,1,125.0,22.9,Normal
9.0,L,1,126.2,29.4,Overweight
11.0,P,0,140.1,29.0,Normal
8.0,P,0,122.3,25.6,Normal
9.0,L,1,131.6,27.9,Normal
12.0,P,0,148.4,36.6,Normal
12.0,P,0,145.2,35.6,Normal
8.0,P,0,124.2,21.5,Underweight
6.0,L,1,113.8,19.3,Normal
6.0,L,1,116.9,18.9,Underweight
8.0,L,1,122.9,25.3,Normal
6.0,L,1,111.6,19.0,Normal
9.0,L,1,128.5,31.1,Overweight
12.0,L,1,142.3,41.0,Overweight
7.0,L,1,114.4,22.4,Normal
10.0,L,1,137.7,30.9,Normal
9.0,P,0,125.5,28.6,Overweight
7.0,P,0,119.7,21.0,Normal
9.0,P,0,126.0,31.0,Overweight
12.0,L,1,144.5,41.0,Overweight
8.0,L,1,126.1,29.0,Overweight
9.0,L,1,129.7,25.4,Normal
9.0,P,0,123.0,25.7,Normal
10.0,P,0,133.7,30.6,Normal
11.0,P,0,143.6,38.5,Overweight
8.0,P,0,122.1,22.2,Normal
9.0,L,1,133.0,29.2,Normal
7.0,L,1,115.4,24.3,Overweight
12.0,P,0,145.5,36.9,Normal
10.0,L,1,137.0,34.7,Overweight
7.0,L,1,116.8,23.7,Normal
8.0,P,0,127.5,20.0,Underweight
9.0,P,0,130.5,24.1,Normal
12.0,P,0,144.8,33.6,Normal
11.0,P,0,141.2,31.6,Normal
12.0,L,1,145.2,38.2,Overweight
9.0,L,1,126.5,25.9,Normal
7.0,P,0,119.0,23.6,Normal
8.0,P,0,125.3,26.2,Normal
6.0,P,0,112.3,19.7,Normal
9.0,P,0,127.2,26.1,Normal
8.0,P,0,123.0,22.7,Normal
6.0,P,0,113.4,18.3,Normal
8.0,P,0,121.2,22.5,Normal
6.0,P,0,110.5,21.6,Normal
12.0,L,1,146.0,43.8,Overweight
9.0,L,1,129.7,25.8,Normal
12.0,P,0,148.3,43.2,Overweight
8.0,P,0,124.7,26.7,Normal
8.0,P,0,123.2,23.2,Normal
10.0,L,1,132.7,33.8,Overweight
10.0,P,0,134.9,33.3,Overweight
6.0,L,1,110.0,21.4,Normal
12.0,L,1,143.7,45.8,Obesity
9.0,L,1,129.1,27.3,Normal
6.0,L,1,112.8,20.2,Normal
6.0,L,1,118.0,20.5,Normal
6.0,L,1,114.3,20.8,Normal
10.0,P,0,132.7,37.4,Overweight
9.0,L,1,124.9,22.5,Normal
6.0,P,0,112.3,18.2,Normal
9.0,L,1,127.0,25.5,Normal
12.0,P,0,149.4,41.4,Overweight
8.0,L,1,123.2,20.6,Underweight
7.0,L,1,116.8,23.9,Normal
10.0,P,0,133.4,31.0,Normal
9.0,L,1,124.0,30.7,Overweight
12.0,L,1,146.6,34.6,Normal
9.0,L,1,124.3,29.1,Overweight
9.0,L,1,130.0,29.9,Normal
6.0,L,1,112.3,18.2,Normal
10.0,L,1,135.9,31.0,Normal
9.0,P,0,127.6,28.3,Normal
8.0,P,0,121.1,23.3,Normal
12.0,L,1,142.5,40.1,Overweight
12.0,P,0,146.4,42.6,Overweight
9.0,L,1,128.6,31.8,Overweight
9.0,L,1,127.7,34.0,Overweight
6.0,L,1,113.4,17.9,Underweight
8.0,P,0,122.1,20.4,Underweight
7.0,P,0,119.4,21.7,Normal
9.0,P,0,128.4,30.0,Overweight
12.0,P,0,143.0,38.6,Overweight
8.0,P,0,120.8,23.3,Normal
11.0,P,0,147.0,37.3,Normal
10.0,P,0,132.8,30.2,Normal
8.0,L,1,120.3,24.4,Normal
11.0,P,0,140.5,41.0,Overweight
9.0,P,0,126.4,22.2,Underweight
10.0,L,1,136.2,29.0,Normal
7.0,P,0,122.0,25.0,Normal
11.0,L,1,137.3,43.0,Obesity
6.0,L,1,113.7,20.0,Normal
8.0,P,0,127.4,21.7,Underweight
10.0,L,1,135.0,32.0,Normal
12.0,L,1,148.5,38.5,Normal
7.0,L,1,119.4,19.0,Underweight
11.0,P,0,144.7,37.3,Normal
11.0,P,0,143.9,29.7,Normal
12.0,P,0,150.9,37.5,Normal
10.0,P,0,132.5,30.6,Normal
12.0,L,1,149.4,38.0,Normal
10.0,P,0,129.7,27.5,Normal
8.0,P,0,121.7,24.3,Normal
9.0,L,1,128.1,25.8,Normal
12.0,L,1,143.1,32.9,Normal
7.0,L,1,115.1,22.0,Normal
9.0,P,0,125.9,24.8,Normal
6.0,L,1,115.6,18.4,Underweight
7.0,P,0,118.8,24.3,Normal
7.0,L,1,114.1,21.3,Normal
11.0,P,0,141.6,33.2,Normal
11.0,P,0,138.6,31.4,Normal
7.0,P,0,120.4,24.7,Normal
8.0,P,0,119.7,27.8,Overweight
8.0,L,1,123.9,22.0,Normal
12.0,L,1,148.1,36.4,Normal
8.0,P,0,125.6,22.9,Normal
12.0,P,0,146.4,39.0,Overweight
11.0,L,1,141.8,28.7,Normal
8.0,P,0,123.4,28.0,Overweight
7.0,P,0,118.9,21.9,Normal
11.0,P,0,138.8,36.4,Overweight
8.0,P,0,123.5,27.5,Normal
10.0,L,1,132.2,25.0,Normal
9.0,L,1,127.0,29.2,Overweight
10.0,P,0,136.5,32.8,Normal
7.0,P,0,116.5,21.9,Normal
8.0,L,1,125.3,26.0,Normal
7.0,L,1,120.2,20.6,Normal
11.0,P,0,135.8,36.9,Overweight
7.0,L,1,117.1,23.2,Normal
7.0,L,1,118.7,18.9,Underweight
8.0,L,1,120.4,21.7,Normal
11.0,L,1,142.2,30.5,Normal
9.0,P,0,126.0,25.5,Normal
10.0,L,1,131.5,27.6,Normal
7.0,L,1,114.7,21.2,Normal
10.0,L,1,134.5,30.1,Normal
11.0,L,1,141.0,29.7,Normal
8.0,P,0,124.1,24.9,Normal
10.0,L,1,129.8,32.8,Overweight
9.0,P,0,128.0,22.7,Underweight
11.0,P,0,140.6,35.5,Normal
9.0,L,1,127.9,27.1,Normal
7.0,P,0,120.6,20.6,Normal
10.0,L,1,135.1,32.9,Overweight
9.0,L,1,125.7,26.5,Normal
8.0,L,1,121.7,26.3,Normal
7.0,L,1,114.2,20.1,Normal
9.0,P,0,125.0,23.4,Normal
12.0,P,0,142.8,38.4,Overweight
8.0,P,0,126.6,23.4,Normal
12.0,P,0,146.2,40.7,Overweight
9.0,L,1,126.9,27.1,Normal
12.0,P,0,143.9,41.8,Overweight
12.0,P,0,144.8,40.6,Overweight
10.0,P,0,133.2,27.5,Normal
12.0,L,1,145.2,31.1,Normal
11.0,P,0,143.1,35.4,Normal
12.0,L,1,148.6,48.0,Overweight
6.0,L,1,113.8,18.3,Normal
7.0,P,0,117.4,23.7,Normal
11.0,P,0,142.5,35.7,Normal
7.0,P,0,117.8,22.0,Normal
10.0,P,0,135.3,36.7,Overweight
10.0,L,1,135.0,31.0,Normal
11.0,P,0,141.8,38.1,Overweight
10.0,P,0,137.5,27.5,Normal
12.0,L,1,148.3,35.8,Normal
9.0,P,0,128.5,28.2,Normal
7.0,L,1,113.9,23.0,Normal
9.0,L,1,127.9,32.8,Overweight
9.0,P,0,126.8,27.2,Normal
10.0,P,0,135.2,26.8,Normal
12.0,P,0,144.6,35.0,Normal
11.0,L,1,136.4,38.7,Overweight
6.0,P,0,114.0,18.3,Normal
12.0,L,1,146.3,39.1,Overweight
9.0,L,1,125.4,25.8,Normal
12.0,P,0,148.4,41.9,Overweight
12.0,P,0,145.9,46.8,Overweight
8.0,P,0,120.5,27.2,Overweight
8.0,L,1,124.7,20.0,Underweight
11.0,L,1,141.9,42.9,Overweight
12.0,L,1,148.5,39.9,Overweight
10.0,L,1,131.4,30.8,Normal
8.0,P,0,128.0,28.6,Normal
8.0,P,0,122.7,28.4,Overweight
11.0,P,0,135.6,41.4,Obesity
9.0,P,0,128.9,31.9,Overweight
11.0,L,1,142.6,37.2,Overweight
11.0,L,1,137.3,32.5,Normal
9.0,P,0,129.5,26.1,Normal
9.0,P,0,130.9,27.6,Normal
12.0,L,1,146.2,34.6,Normal
12.0,L,1,146.0,41.9,Overweight
11.0,L,1,141.4,37.7,Overweight
9.0,P,0,126.2,30.6,Overweight
9.0,P,0,130.6,29.8,Normal
9.0,P,0,127.2,29.4,Overweight
8.0,P,0,127.0,24.2,Normal
10.0,P,0,136.0,32.3,Normal
11.0,L,1,140.8,28.0,Normal
8.0,P,0,126.1,29.0,Overweight
9.0,P,0,124.2,27.8,Overweight
9.0,L,1,129.0,27.0,Normal
9.0,P,0,124.7,24.5,Normal
7.0,L,1,116.8,21.3,Normal
6.0,L,1,117.5,17.7,Underweight
9.0,L,1,131.9,34.0,Overweight
8.0,L,1,127.8,23.2,Normal
9.0,L,1,129.4,24.3,Normal
6.0,P,0,117.3,19.6,Normal
10.0,P,0,137.7,31.0,Normal
12.0,P,0,147.8,40.9,Overweight
9.0,L,1,129.0,24.6,Normal
11.0,L,1,135.0,34.0,Overweight
9.0,L,1,129.9,29.5,Normal
11.0,P,0,140.8,33.8,Normal
8.0,L,1,126.9,26.7,Normal
9.0,P,0,131.8,27.2,Normal
6.0,P,0,115.3,19.8,Normal
12.0,P,0,149.6,40.3,Overweight
8.0,P,0,123.6,26.2,Normal
9.0,P,0,128.1,26.1,Normal
8.0,P,0,124.3,26.4,Normal
11.0,P,0,139.7,28.0,Normal
8.0,P,0,119.9,22.5,Normal
9.0,L,1,124.1,28.3,Overweight
10.0,L,1,136.6,32.7,Normal
7.0,P,0,117.4,20.7,Normal
12.0,L,1,146.1,36.7,Normal
12.0,P,0,142.4,36.0,Normal
11.0,L,1,141.0,34.2,Normal
11.0,P,0,141.5,35.6,Normal
8.0,P,0,121.0,22.2,Normal
9.0,L,1,130.2,30.0,Normal
9.0,L,1,129.9,27.0,Normal
12.0,P,0,147.4,44.0,Overweight
10.0,P,0,138.3,36.6,Overweight
6.0,L,1,114.9,21.0,Normal
6.0,L,1,110.6,19.0,Normal
7.0,P,0,120.9,24.8,Normal
11.0,L,1,142.0,40.5,Overweight
11.0,P,0,142.0,41.6,Overweight
10.0,L,1,131.6,29.6,Normal
12.0,L,1,143.4,36.6,Normal
7.0,P,0,116.8,24.1,Normal
8.0,P,0,125.9,24.8,Normal
9.0,P,0,132.5,32.2,Overweight
9.0,P,0,130.9,24.3,Normal
12.0,L,1,145.8,37.5,Normal
8.0,P,0,128.0,23.4,Normal
8.0,P,0,125.5,25.6,Normal
8.0,P,0,124.3,20.7,Underweight
7.0,L,1,119.1,24.6,Normal
10.0,P,0,137.8,32.9,Normal
9.0,L,1,130.2,34.0,Overweight
12.0,L,1,145.1,34.3,Normal
6.0,P,0,115.3,18.7,Normal
11.0,L,1,141.1,38.3,Overweight
11.0,L,1,140.1,36.4,Overweight
12.0,L,1,147.5,35.5,Normal
11.0,P,0,143.4,41.6,Overweight
9.0,P,0,130.0,29.4,Normal
6.0,P,0,111.1,20.4,Normal
12.0,L,1,150.7,37.4,Normal
9.0,L,1,124.7,26.6,Normal
9.0,L,1,131.0,28.6,Normal
9.0,L,1,125.2,30.5,Overweight
12.0,L,1,149.6,36.3,Normal
7.0,P,0,116.5,20.5,Normal
12.0,L,1,146.2,38.5,Normal
10.0,P,0,136.2,34.4,Overweight
8.0,L,1,124.5,25.7,Normal
7.0,L,1,115.4,23.5,Normal
7.0,L,1,121.3,22.4,Normal
6.0,P,0,116.0,20.5,Normal
11.0,P,0,141.5,36.9,Overweight
10.0,P,0,136.8,25.0,Underweight
9.0,P,0,124.4,29.9,Overweight
12.0,P,0,147.4,39.8,Overweight
10.0,L,1,137.0,36.4,Overweight
8.0,L,1,123.7,22.8,Normal
6.0,P,0,113.6,19.8,Normal
12.0,P,0,145.1,38.0,Overweight
12.0,P,0,143.2,43.0,Overweight
11.0,L,1,143.3,32.7,Normal
8.0,P,0,123.4,25.2,Normal
10.0,L,1,134.6,29.3,Normal
8.0,P,0,123.0,27.9,Overweight
7.0,L,1,115.0,23.9,Overweight
9.0,L,1,127.0,25.7,Normal
7.0,L,1,116.3,24.1,Normal
9.0,P,0,133.0,26.9,Normal
11.0,P,0,143.2,34.2,Normal
11.0,P,0,140.8,34.5,Normal
11.0,P,0,143.0,34.7,Normal
9.0,P,0,129.8,28.2,Normal
12.0,L,1,144.6,41.9,Overweight
9.0,L,1,127.8,26.9,Normal
10.0,P,0,135.2,30.1,Normal
8.0,L,1,124.1,28.9,Overweight
9.0,L,1,129.2,28.0,Normal
6.0,P,0,112.0,20.3,Normal
11.0,L,1,135.3,34.5,Overweight
9.0,L,1,125.8,24.6,Normal
9.0,L,1,131.0,27.0,Normal
12.0,L,1,148.9,38.0,Normal
11.0,P,0,139.4,37.8,Overweight
9.0,L,1,128.1,33.0,Overweight
10.0,P,0,133.9,31.0,Normal
6.0,P,0,118.0,18.7,Underweight
12.0,P,0,147.9,41.6,Overweight
11.0,P,0,137.7,37.5,Overweight
12.0,P,0,148.2,42.2,Overweight
7.0,L,1,120.2,20.8,Normal
9.0,L,1,126.5,22.0,Underweight
12.0,L,1,143.7,39.1,Overweight
7.0,P,0,113.0,18.5,Normal
7.0,P,0,113.3,24.3,Overweight
10.0,L,1,132.1,32.5,Overweight
6.0,L,1,112.3,17.5,Underweight
9.0,P,0,129.4,30.0,Normal
9.0,L,1,125.8,26.2,Normal
8.0,P,0,127.2,23.7,Normal
10.0,L,1,131.4,29.3,Normal
9.0,L,1,125.8,27.5,Normal
10.0,P,0,135.2,34.8,Overweight
8.0,L,1,121.2,25.0,Normal
8.0,P,0,120.3,27.7,Overweight
9.0,P,0,124.1,24.8,Normal
12.0,P,0,145.0,38.7,Overweight
7.0,L,1,117.0,20.3,Normal
10.0,L,1,131.2,35.2,Overweight
9.0,L,1,129.3,29.1,Normal
6.0,L,1,116.0,17.7,Underweight
9.0,P,0,125.6,30.9,Overweight
7.0,P,0,116.9,23.9,Normal
11.0,L,1,141.8,33.7,Normal
12.0,P,0,148.5,42.2,Overweight
11.0,L,1,141.3,33.6,Normal
8.0,P,0,123.2,21.4,Normal
11.0,L,1,141.5,36.1,Overweight
11.0,L,1,141.9,32.4,Normal
11.0,P,0,140.7,41.4,Overweight
11.0,L,1,139.8,34.9,Normal
10.0,P,0,137.8,29.2,Normal
11.0,L,1,141.6,34.3,Normal
6.0,L,1,115.2,20.4,Normal
11.0,L,1,143.9,33.3,Normal
12.0,P,0,144.7,37.9,Overweight
7.0,L,1,114.7,23.3,Normal
10.0,L,1,137.4,29.5,Normal
11.0,L,1,140.4,38.0,Overweight
10.0,P,0,136.8,36.3,Overweight
9.0,P,0,131.7,24.4,Normal
11.0,P,0,142.6,35.8,Normal
6.0,P,0,113.5,19.3,Normal
10.0,P,0,134.3,31.5,Normal
9.0,L,1,129.5,26.1,Normal
10.0,P,0,133.7,35.3,Overweight
11.0,L,1,140.6,35.6,Overweight
11.0,P,0,143.8,40.1,Overweight
9.0,L,1,123.0,22.1,Normal
12.0,P,0,148.7,38.1,Normal
10.0,L,1,132.0,33.1,Overweight
7.0,P,0,120.6,20.5,Normal
10.0,P,0,130.5,30.7,Overweight
9.0,P,0,130.6,25.5,Normal
9.0,L,1,128.6,34.0,Overweight
7.0,P,0,122.1,24.7,Normal
12.0,P,0,145.3,34.6,Normal
10.0,P,0,129.8,35.1,Overweight
11.0,L,1,141.6,35.3,Normal
7.0,L,1,115.8,21.7,Normal
6.0,P,0,113.7,19.5,Normal
8.0,L,1,122.2,23.0,Normal
9.0,P,0,125.9,31.1,Overweight
9.0,L,1,131.1,23.3,Underweight
10.0,P,0,135.6,31.1,Normal
9.0,L,1,127.1,31.1,Overweight
10.0,L,1,135.4,35.0,Overweight
8.0,P,0,120.7,26.9,Overweight
11.0,L,1,139.9,35.3,Overweight
11.0,P,0,141.2,37.6,Overweight
12.0,P,0,147.1,37.1,Normal
6.0,P,0,116.4,19.3,Normal
9.0,P,0,128.0,30.0,Overweight
10.0,L,1,130.3,31.3,Overweight
12.0,P,0,145.4,41.1,Overweight
8.0,L,1,125.6,26.0,Normal
12.0,P,0,144.4,43.8,Overweight
8.0,P,0,122.0,20.4,Underweight
12.0,L,1,147.4,34.4,Normal
10.0,L,1,137.0,28.7,Normal
7.0,P,0,118.2,24.7,Normal
11.0,P,0,145.2,37.7,Normal
7.0,P,0,118.9,19.3,Underweight
8.0,P,0,125.1,25.5,Normal
10.0,L,1,129.7,28.4,Normal
12.0,P,0,147.6,40.1,Overweight
8.0,L,1,120.9,26.4,Overweight
12.0,P,0,148.2,38.8,Normal
7.0,L,1,115.3,20.5,Normal
12.0,L,1,146.0,32.9,Normal
12.0,L,1,144.8,34.0,Normal
9.0,P,0,123.0,27.8,Overweight
6.0,P,0,115.4,21.0,Normal
11.0,L,1,143.2,40.9,Overweight
7.0,L,1,113.0,20.1,Normal
11.0,L,1,140.7,40.2,Overweight
12.0,L,1,144.5,45.1,Overweight
12.0,P,0,145.0,42.7,Overweight
11.0,L,1,141.1,34.0,Normal
8.0,P,0,120.3,24.4,Normal
10.0,L,1,134.8,31.2,Normal
7.0,L,1,122.8,21.4,Normal
11.0,P,0,140.5,34.2,Normal
12.0,L,1,143.6,35.9,Normal
10.0,P,0,133.9,35.1,Overweight
11.0,L,1,141.5,38.7,Overweight
7.0,L,1,121.0,19.4,Underweight
8.0,P,0,122.9,25.0,Normal
7.0,L,1,116.3,23.5,Normal
9.0,P,0,129.7,30.9,Overweight
8.0,L,1,128.0,22.4,Underweight
8.0,L,1,125.2,25.7,Normal
10.0,L,1,131.5,31.3,Overweight
9.0,L,1,124.7,24.3,Normal
12.0,P,0,147.7,43.7,Overweight
12.0,P,0,148.3,30.9,Normal
12.0,P,0,148.8,37.3,Normal
9.0,L,1,126.0,22.1,Underweight
10.0,P,0,137.3,27.9,Normal
11.0,P,0,138.0,38.9,Overweight
7.0,L,1,120.0,18.0,Underweight
6.0,L,1,115.0,21.0,Normal
11.0,P,0,143.8,30.6,Normal
11.0,L,1,139.4,35.8,Overweight
7.0,L,1,122.4,22.5,Normal
11.0,L,1,142.0,38.5,Overweight
8.0,P,0,121.9,21.7,Normal
11.0,P,0,139.5,34.1,Normal
10.0,L,1,137.1,35.6,Overweight
9.0,P,0,127.6,28.6,Normal
10.0,L,1,134.5,30.3,Normal
9.0,L,1,128.5,24.7,Normal
12.0,L,1,143.8,40.4,Overweight
12.0,P,0,142.2,39.5,Overweight
12.0,L,1,147.3,43.0,Overweight
6.0,L,1,118.0,21.3,Normal
11.0,L,1,142.3,37.2,Overweight
12.0,P,0,144.8,32.6,Normal
10.0,L,1,131.2,32.2,Overweight
8.0,P,0,124.4,25.6,Normal
6.0,L,1,116.3,17.6,Underweight
10.0,P,0,133.3,25.5,Normal
12.0,P,0,145.4,41.7,Overweight
12.0,L,1,145.0,38.3,Overweight
7.0,L,1,115.1,19.7,Normal
7.0,P,0,115.5,22.9,Normal
7.0,L,1,117.7,20.3,Normal
7.0,P,0,119.3,23.0,Normal
10.0,P,0,136.0,35.5,Overweight
10.0,L,1,130.8,30.9,Overweight
8.0,L,1,122.8,26.5,Normal
8.0,P,0,122.7,22.8,Normal
7.0,P,0,116.0,18.6,Underweight
10.0,L,1,136.0,25.5,Underweight
6.0,P,0,112.6,21.7,Normal
12.0,L,1,149.4,39.8,Normal
7.0,P,0,117.4,24.7,Normal
7.0,P,0,116.7,21.4,Normal
7.0,L,1,119.7,23.2,Normal
9.0,P,0,129.0,25.7,Normal
10.0,L,1,131.4,32.4,Overweight
6.0,L,1,111.6,20.1,Normal
11.0,L,1,138.0,33.2,Normal
12.0,P,0,148.8,44.6,Overweight
12.0,P,0,148.4,34.7,Normal
12.0,P,0,147.6,36.7,Normal
12.0,L,1,144.3,35.5,Normal
12.0,L,1,144.1,39.2,Overweight
10.0,L,1,137.7,31.8,Normal
12.0,P,0,144.8,38.2,Overweight
9.0,P,0,131.1,31.3,Overweight
9.0,P,0,127.8,26.3,Normal
11.0,P,0,140.5,31.9,Normal
9.0,L,1,128.3,24.1,Normal
11.0,L,1,140.5,32.0,Normal
10.0,L,1,133.7,33.1,Overweight
11.0,P,0,140.0,36.6,Overweight
12.0,L,1,142.0,36.5,Overweight
12.0,L,1,146.4,38.4,Normal
6.0,L,1,116.7,17.9,Underweight
8.0,P,0,120.8,26.4,Overweight
12.0,P,0,141.9,33.9,Normal
6.0,L,1,112.6,21.4,Normal
9.0,P,0,128.5,28.1,Normal
6.0,P,0,117.3,19.9,Normal
8.0,L,1,122.9,20.1,Underweight
10.0,L,1,134.1,34.0,Overweight
12.0,L,1,150.5,38.3,Normal
8.0,P,0,122.1,26.4,Normal
7.0,P,0,119.4,18.3,Underweight
11.0,P,0,140.2,34.1,Normal
9.0,L,1,128.8,27.7,Normal
8.0,L,1,121.8,29.0,Overweight
6.0,P,0,111.0,18.1,Normal
12.0,P,0,149.0,39.6,Normal
6.0,L,1,110.0,18.7,Normal
12.0,P,0,147.0,45.0,Overweight
8.0,L,1,124.1,26.3,Normal
7.0,L,1,118.2,22.3,Normal
12.0,P,0,152.0,40.7,Normal
12.0,L,1,146.9,41.6,Overweight
10.0,P,0,131.6,34.6,Overweight
8.0,L,1,122.6,26.1,Normal
10.0,P,0,134.7,30.7,Normal
11.0,L,1,141.9,32.8,Normal
6.0,L,1,112.7,18.0,Normal
11.0,P,0,141.0,36.1,Overweight
7.0,P,0,117.8,21.3,Normal
10.0,L,1,133.2,29.1,Normal
6.0,L,1,115.1,21.2,Normal
10.0,P,0,132.5,35.1,Overweight
11.0,P,0,135.0,39.4,Overweight
8.0,L,1,121.6,26.6,Normal
9.0,P,0,128.4,25.9,Normal
12.0,L,1,147.9,39.3,Normal
7.0,P,0,117.8,20.5,Normal
12.0,P,0,142.9,39.0,Overweight
8.0,P,0,126.7,20.0,Underweight
7.0,L,1,116.6,24.8,Overweight
9.0,L,1,130.6,30.2,Normal
11.0,P,0,140.7,34.8,Normal
10.0,L,1,133.9,25.6,Normal
10.0,P,0,130.2,35.9,Overweight
11.0,P,0,140.1,36.2,Overweight
8.0,P,0,127.3,25.7,Normal
7.0,P,0,117.4,20.0,Normal
9.0,P,0,123.3,26.5,Normal
8.0,P,0,128.0,27.1,Normal
11.0,P,0,137.8,39.9,Overweight
12.0,P,0,145.2,31.3,Normal
11.0,L,1,137.2,38.5,Overweight
11.0,L,1,137.9,34.8,Overweight
8.0,L,1,123.2,27.2,Normal
11.0,P,0,142.7,40.0,Overweight
8.0,L,1,123.6,24.7,Normal
8.0,P,0,120.5,23.9,Normal
7.0,L,1,123.0,21.2,Normal
9.0,P,0,128.9,31.5,Overweight
8.0,L,1,124.2,24.4,Normal
11.0,L,1,138.6,38.5,Overweight
7.0,L,1,118.5,18.3,Underweight
7.0,P,0,120.2,22.4,Normal
6.0,P,0,110.0,18.6,Normal
7.0,P,0,120.1,18.7,Underweight
9.0,P,0,128.3,28.0,Normal
10.0,L,1,140.0,29.1,Normal
10.0,L,1,133.0,35.5,Overweight
7.0,P,0,120.5,24.1,Normal
10.0,P,0,133.3,33.1,Overweight
12.0,L,1,145.9,40.4,Overweight
7.0,L,1,122.7,22.1,Normal
11.0,L,1,143.4,34.6,Normal
11.0,P,0,139.3,38.0,Overweight
10.0,P,0,136.5,35.4,Overweight
10.0,L,1,132.1,32.2,Overweight
9.0,L,1,132.7,28.1,Normal
11.0,L,1,144.3,36.2,Normal
8.0,P,0,125.2,20.6,Underweight
8.0,L,1,124.7,24.6,Normal
10.0,P,0,132.0,35.9,Overweight
10.0,L,1,128.0,25.0,Normal
7.0,P,0,123.0,18.4,Underweight
10.0,P,0,128.0,30.0,Overweight
7.0,P,0,120.0,23.2,Normal
12.0,P,0,150.1,38.2,Normal
9.0,P,0,129.4,22.0,Underweight
7.0,P,0,117.6,21.6,Normal
7.0,P,0,120.9,24.1,Normal
8.0,L,1,126.6,29.0,Overweight
12.0,L,1,144.4,40.0,Overweight
12.0,P,0,143.9,40.0,Overweight
11.0,P,0,140.4,36.9,Overweight
9.0,P,0,130.3,23.4,Underweight
10.0,P,0,130.0,35.1,Overweight
10.0,L,1,133.7,29.1,Normal
9.0,P,0,129.3,22.0,Underweight
9.0,P,0,128.6,30.0,Overweight
9.0,L,1,128.0,29.4,Normal
7.0,P,0,116.6,24.7,Overweight
6.0,L,1,116.2,17.9,Underweight
7.0,L,1,116.2,23.6,Normal
12.0,L,1,147.0,44.2,Overweight
10.0,L,1,135.0,34.5,Overweight
7.0,P,0,119.3,21.9,Normal
7.0,L,1,114.8,18.4,Underweight
11.0,P,0,143.0,40.2,Overweight
8.0,P,0,122.6,26.3,Normal
12.0,L,1,146.0,39.3,Overweight
12.0,P,0,143.2,33.1,Normal
10.0,L,1,129.8,32.5,Overweight
10.0,L,1,134.8,33.9,Overweight
7.0,L,1,120.0,21.5,Normal
12.0,P,0,145.7,35.7,Normal
11.0,P,0,138.0,31.7,Normal
10.0,L,1,137.9,35.2,Overweight
11.0,P,0,141.3,33.7,Normal
9.0,L,1,130.1,23.4,Underweight
9.0,P,0,128.5,29.7,Normal
6.0,L,1,113.9,19.0,Normal
10.0,L,1,134.6,34.7,Overweight
11.0,L,1,143.0,36.5,Normal
12.0,P,0,147.4,39.5,Overweight
7.0,P,0,117.7,23.0,Normal
7.0,P,0,116.4,23.2,Normal
10.0,P,0,134.4,32.2,Normal
6.0,P,0,116.5,19.9,Normal
6.0,P,0,116.8,20.8,Normal
8.0,P,0,120.4,20.2,Underweight
6.0,P,0,113.4,20.9,Normal
12.0,L,1,143.7,39.5,Overweight
11.0,P,0,139.7,30.3,Normal
7.0,P,0,121.8,18.0,Underweight
11.0,P,0,141.4,35.0,Normal
12.0,L,1,147.2,44.0,Overweight
9.0,P,0,126.7,29.1,Normal
10.0,P,0,134.0,29.7,Normal
11.0,L,1,143.5,38.4,Overweight
8.0,P,0,120.6,20.9,Normal
11.0,L,1,140.9,33.2,Normal
12.0,P,0,142.7,39.3,Overweight
8.0,P,0,120.7,24.9,Normal
7.0,P,0,122.6,23.3,Normal
10.0,L,1,132.2,34.2,Overweight
7.0,P,0,116.1,20.3,Normal
9.0,L,1,124.2,23.6,Normal
10.0,L,1,132.1,31.5,Overweight
11.0,L,1,139.4,31.7,Normal
12.0,P,0,142.3,41.7,Overweight
8.0,L,1,125.1,23.1,Normal
8.0,P,0,123.3,28.7,Overweight
10.0,L,1,134.1,33.7,Overweight
10.0,L,1,135.5,32.6,Normal
10.0,L,1,134.6,31.0,Normal
6.0,P,0,110.2,17.0,Normal
12.0,P,0,151.0,41.4,Overweight
8.0,L,1,122.7,20.0,Underweight
10.0,L,1,128.0,27.4,Normal
10.0,P,0,140.0,37.2,Overweight
8.0,L,1,120.0,29.0,Overweight
9.0,L,1,128.9,29.9,Overweight
10.0,P,0,134.2,34.8,Overweight
7.0,L,1,118.7,23.8,Normal
10.0,L,1,132.1,29.1,Normal
12.0,L,1,148.6,39.5,Normal
8.0,L,1,124.8,27.8,Normal
8.0,P,0,120.7,28.1,Overweight
10.0,L,1,130.7,29.4,Normal
8.0,L,1,126.6,27.9,Normal
7.0,P,0,117.2,18.1,Underweight
8.0,P,0,121.3,23.5,Normal
8.0,P,0,125.0,26.1,Normal
8.0,L,1,119.0,25.3,Normal
10.0,L,1,133.8,28.7,Normal
11.0,L,1,141.2,35.7,Normal
7.0,L,1,117.3,18.6,Underweight
6.0,P,0,113.6,19.9,Normal
11.0,L,1,142.1,35.2,Normal
11.0,P,0,144.0,35.6,Normal
9.0,P,0,123.0,27.9,Overweight
11.0,P,0,137.1,36.4,Overweight
8.0,P,0,123.7,22.7,Normal
6.0,P,0,113.7,21.4,Normal
7.0,L,1,120.7,18.0,Underweight
10.0,L,1,134.3,32.9,Overweight
10.0,L,1,131.6,30.4,Normal
7.0,L,1,117.0,22.8,Normal
8.0,L,1,118.0,25.9,Overweight
11.0,L,1,139.3,38.9,Overweight
7.0,L,1,118.0,22.9,Normal
10.0,L,1,135.0,34.7,Overweight
6.0,P,0,110.9,18.0,Normal
11.0,P,0,143.7,32.4,Normal
8.0,P,0,120.1,26.1,Overweight
8.0,L,1,121.8,25.2,Normal
9.0,P,0,130.0,27.6,Normal
8.0,P,0,126.9,21.6,Underweight
10.0,P,0,133.8,35.8,Overweight
11.0,P,0,143.3,41.0,Overweight
12.0,P,0,148.6,40.3,Overweight
11.0,L,1,140.7,38.5,Overweight
6.0,L,1,114.1,21.1,Normal
11.0,L,1,141.7,35.8,Normal
11.0,L,1,139.9,33.4,Normal
7.0,P,0,113.0,22.6,Normal
12.0,P,0,147.3,38.8,Normal
10.0,L,1,135.2,36.9,Overweight
11.0,L,1,139.3,35.8,Overweight
9.0,L,1,130.2,29.1,Normal
9.0,L,1,126.3,33.1,Overweight
11.0,L,1,144.2,38.5,Overweight
11.0,L,1,142.9,33.5,Normal
10.0,L,1,131.8,31.3,Overweight
12.0,P,0,145.3,41.9,Overweight
8.0,L,1,123.9,25.6,Normal
6.0,P,0,111.9,20.7,Normal
8.0,P,0,125.4,27.4,Normal
10.0,P,0,130.6,30.1,Normal
11.0,L,1,146.8,41.1,Overweight
7.0,P,0,116.5,20.0,Normal
9.0,P,0,129.1,34.0,Overweight
10.0,P,0,136.4,34.8,Overweight
9.0,L,1,130.8,28.2,Normal
9.0,P,0,128.1,24.3,Normal
8.0,L,1,122.8,28.5,Overweight
11.0,P,0,137.8,31.7,Normal
11.0,P,0,144.8,33.0,Normal
6.0,L,1,116.8,19.8,Normal
10.0,L,1,133.5,37.8,Overweight
11.0,P,0,138.1,38.4,Overweight
6.0,L,1,116.3,19.6,Normal
7.0,L,1,117.2,22.7,Normal
8.0,P,0,120.8,25.7,Normal
10.0,P,0,134.6,29.4,Normal
7.0,L,1,113.0,24.3,Overweight
8.0,P,0,122.2,26.1,Normal
7.0,P,0,117.7,20.9,Normal
8.0,P,0,127.0,24.8,Normal
7.0,P,0,118.1,18.2,Underweight
9.0,P,0,129.8,30.2,Normal
11.0,P,0,143.0,39.9,Overweight
10.0,L,1,136.1,25.8,Underweight
12.0,L,1,146.6,41.0,Overweight
6.0,P,0,115.7,20.8,Normal
10.0,P,0,136.1,33.0,Normal
10.0,P,0,134.4,29.2,Normal
12.0,P,0,148.1,33.8,Normal
8.0,P,0,121.5,23.5,Normal
12.0,P,0,142.7,43.1,Overweight
12.0,P,0,142.7,39.5,Overweight
8.0,L,1,124.7,22.5,Normal
10.0,P,0,135.4,32.6,Normal
10.0,L,1,132.4,30.7,Normal
7.0,L,1,117.5,19.9,Normal
10.0,P,0,137.4,30.0,Normal
12.0,L,1,148.7,37.7,Normal
6.0,P,0,112.1,18.4,Normal
8.0,P,0,124.5,27.8,Normal
10.0,P,0,131.5,31.1,Normal
6.0,P,0,116.1,20.7,Normal
8.0,L,1,120.6,24.5,Normal
11.0,P,0,146.7,37.5,Normal
10.0,P,0,135.2,37.1,Overweight
6.0,P,0,111.8,18.5,Normal
12.0,P,0,149.6,38.5,Normal
7.0,P,0,122.2,24.3,Normal
10.0,L,1,133.3,35.5,Overweight
11.0,L,1,140.2,36.6,Overweight
11.0,P,0,142.8,37.9,Overweight
11.0,P,0,140.2,40.7,Overweight
10.0,L,1,135.0,31.2,Normal
8.0,L,1,122.5,24.1,Normal
7.0,P,0,121.0,19.1,Underweight
6.0,P,0,110.7,21.3,Normal
10.0,L,1,137.5,32.9,Normal
11.0,L,1,141.0,35.9,Overweight
10.0,L,1,138.4,30.5,Normal
10.0,L,1,133.2,34.3,Overweight
8.0,P,0,122.4,26.0,Normal
12.0,P,0,148.9,34.6,Normal
10.0,L,1,132.2,32.6,Overweight
11.0,P,0,140.9,33.0,Normal
8.0,L,1,121.9,20.0,Underweight
9.0,L,1,130.1,29.7,Normal
10.0,P,0,137.0,29.3,Normal
8.0,L,1,122.7,21.2,Normal
12.0,L,1,144.2,39.3,Overweight
9.0,P,0,130.1,23.3,Underweight
10.0,L,1,128.1,30.4,Overweight
11.0,L,1,139.3,32.3,Normal
9.0,P,0,130.6,24.3,Normal
6.0,L,1,115.6,19.0,Normal
12.0,L,1,148.4,34.3,Normal
9.0,L,1,127.8,26.3,Normal
10.0,L,1,130.5,25.2,Normal
9.0,P,0,126.2,27.4,Normal
12.0,P,0,143.8,39.5,Overweight
10.0,P,0,135.0,28.7,Normal
12.0,L,1,144.1,41.9,Overweight
8.0,L,1,122.6,21.3,Normal
12.0,P,0,143.3,43.9,Overweight
10.0,P,0,136.1,30.3,Normal
9.0,L,1,130.1,29.2,Normal
7.0,P,0,117.2,21.3,Normal
7.0,P,0,115.9,22.5,Normal
10.0,P,0,135.0,36.7,Overweight
9.0,P,0,132.8,29.8,Normal
6.0,P,0,112.6,19.4,Normal
12.0,L,1,150.3,36.6,Normal
11.0,P,0,135.3,34.1,Overweight
10.0,P,0,132.2,34.5,Overweight
8.0,P,0,123.3,28.1,Overweight
8.0,L,1,126.5,23.9,Normal
6.0,P,0,111.8,20.0,Normal
9.0,P,0,128.3,28.5,Normal
10.0,P,0,133.9,27.8,Normal
11.0,P,0,142.5,31.9,Normal
12.0,L,1,144.2,42.7,Overweight
8.0,L,1,119.7,27.3,Overweight
11.0,P,0,142.8,37.5,Overweight
11.0,P,0,144.6,38.1,Overweight
7.0,P,0,120.2,25.0,Normal
7.0,L,1,113.3,25.0,Overweight
8.0,L,1,119.9,25.4,Normal
8.0,L,1,121.2,27.0,Overweight
9.0,L,1,128.4,28.9,Normal
11.0,P,0,138.7,36.9,Overweight
9.0,P,0,126.2,32.6,Overweight
9.0,P,0,126.6,25.6,Normal
8.0,L,1,119.3,27.3,Overweight
10.0,P,0,132.9,32.9,Overweight
8.0,L,1,124.8,25.2,Normal
12.0,P,0,144.5,40.2,Overweight
10.0,P,0,134.8,32.5,Normal
8.0,L,1,122.8,22.7,Normal
10.0,P,0,132.5,33.5,Overweight
6.0,L,1,110.0,17.1,Normal
11.0,P,0,136.3,34.8,Overweight
8.0,L,1,121.0,21.2,Normal
7.0,P,0,120.3,24.3,Normal
10.0,P,0,130.7,27.2,Normal
8.0,P,0,124.0,24.6,Normal
6.0,L,1,114.8,19.7,Normal
10.0,P,0,133.0,33.8,Overweight
7.0,L,1,114.8,22.5,Normal
12.0,P,0,143.3,42.3,Overweight
8.0,P,0,118.7,26.1,Overweight
10.0,P,0,133.8,35.6,Overweight
7.0,P,0,117.3,19.5,Normal
9.0,P,0,127.9,32.6,Overweight
8.0,P,0,120.7,24.5,Normal
11.0,P,0,141.7,29.0,Normal
12.0,L,1,141.5,44.0,Overweight
11.0,P,0,144.4,33.3,Normal
12.0,L,1,148.5,43.8,Overweight
12.0,P,0,145.1,35.2,Normal
9.0,P,0,129.0,28.1,Normal
12.0,L,1,146.8,36.1,Normal
12.0,L,1,145.7,37.3,Normal
8.0,P,0,120.4,24.6,Normal
10.0,L,1,132.3,34.1,Overweight
9.0,L,1,123.0,31.7,Overweight
7.0,P,0,121.1,19.9,Underweight
7.0,L,1,115.2,23.1,Normal
7.0,P,0,117.4,18.7,Underweight
6.0,P,0,110.0,19.2,Normal
10.0,P,0,135.5,29.4,Normal
7.0,L,1,115.0,19.7,Normal
8.0,L,1,126.5,27.1,Normal
9.0,L,1,128.3,26.5,Normal
7.0,L,1,120.0,19.5,Underweight
12.0,L,1,150.3,40.4,Normal
9.0,P,0,125.5,30.8,Overweight
9.0,P,0,131.9,28.0,Normal
11.0,L,1,139.3,30.2,Normal
10.0,P,0,134.7,34.0,Overweight
6.0,L,1,117.6,20.5,Normal
10.0,P,0,135.0,35.9,Overweight
9.0,L,1,125.0,30.0,Overweight
11.0,P,0,141.9,31.0,Normal
9.0,P,0,129.3,25.4,Normal
10.0,P,0,135.2,34.1,Overweight
7.0,L,1,120.4,21.6,Normal
12.0,P,0,146.0,44.6,Overweight
8.0,P,0,124.3,20.1,Underweight
6.0,P,0,115.2,21.8,Normal
8.0,L,1,126.1,27.0,Normal
9.0,P,0,133.0,27.4,Normal
12.0,P,0,147.2,38.5,Normal
12.0,L,1,148.3,40.6,Overweight
7.0,L,1,117.8,22.1,Normal
11.0,L,1,142.6,35.5,Normal
12.0,L,1,142.6,34.6,Normal
12.0,P,0,148.3,31.9,Normal
11.0,L,1,140.8,33.0,Normal
9.0,P,0,129.6,34.0,Overweight
6.0,L,1,114.4,20.9,Normal
6.0,L,1,110.5,17.1,Normal
6.0,L,1,113.3,19.9,Normal
6.0,L,1,110.1,18.3,Normal
8.0,L,1,121.3,21.4,Normal
7.0,L,1,119.4,24.2,Normal
12.0,P,0,147.8,38.8,Normal
8.0,P,0,124.2,20.0,Underweight
11.0,P,0,137.7,37.3,Overweight
9.0,L,1,123.0,30.4,Overweight
12.0,L,1,144.4,40.9,Overweight
11.0,P,0,141.5,36.4,Overweight
12.0,P,0,140.4,40.1,Overweight
9.0,P,0,125.1,22.2,Normal
9.0,L,1,128.3,30.3,Overweight
10.0,P,0,132.7,30.3,Normal
7.0,L,1,115.6,22.4,Normal
10.0,P,0,134.6,36.5,Overweight
9.0,L,1,128.6,29.6,Normal
9.0,L,1,126.6,34.0,Overweight
6.0,P,0,110.5,20.7,Normal
11.0,P,0,143.3,33.9,Normal
9.0,L,1,127.7,29.5,Overweight
10.0,P,0,133.1,29.8,Normal
10.0,L,1,132.0,31.0,Normal
12.0,P,0,148.0,38.3,Normal
9.0,L,1,125.8,33.3,Overweight
9.0,L,1,128.9,29.1,Normal
7.0,P,0,116.8,22.9,Normal
12.0,P,0,148.9,36.6,Normal
10.0,L,1,136.7,28.9,Normal
11.0,L,1,137.6,32.7,Normal
9.0,L,1,128.2,25.7,Normal
9.0,L,1,127.0,23.0,Normal
11.0,P,0,144.2,36.7,Normal
10.0,L,1,139.8,33.4,Normal
7.0,L,1,115.3,22.7,Normal
9.0,L,1,126.6,26.9,Normal
8.0,P,0,125.5,27.5,Normal
7.0,P,0,117.4,24.2,Normal
6.0,L,1,113.9,18.8,Normal
10.0,P,0,131.4,27.5,Normal
10.0,P,0,137.3,31.4,Normal
8.0,L,1,122.9,22.9,Normal
7.0,L,1,120.9,24.2,Normal
8.0,P,0,125.8,26.3,Normal
8.0,L,1,122.9,25.7,Normal
8.0,P,0,119.6,26.0,Overweight
8.0,P,0,122.3,27.6,Overweight
12.0,P,0,146.9,37.2,Normal
6.0,P,0,113.4,17.4,Underweight
7.0,P,0,117.1,19.2,Underweight
12.0,L,1,149.9,40.0,Normal
11.0,P,0,140.8,35.8,Overweight
8.0,P,0,123.1,22.7,Normal
10.0,P,0,132.9,32.8,Overweight
10.0,P,0,133.5,32.1,Overweight
12.0,L,1,148.4,39.2,Normal
6.0,P,0,117.9,20.8,Normal
9.0,P,0,129.0,28.7,Normal
6.0,P,0,111.3,19.4,Normal
10.0,L,1,136.5,31.2,Normal
10.0,P,0,134.3,25.8,Normal
8.0,P,0,120.9,21.3,Normal
7.0,P,0,117.9,18.0,Underweight
7.0,L,1,121.3,21.6,Normal
9.0,L,1,128.4,26.5,Normal
10.0,L,1,135.9,35.2,Overweight
7.0,P,0,121.7,23.1,Normal
10.0,P,0,134.5,27.5,Normal
9.0,L,1,124.6,31.3,Overweight
12.0,P,0,142.9,37.3,Overweight
9.0,L,1,129.3,28.9,Normal
10.0,L,1,137.2,35.4,Overweight
7.0,P,0,117.5,19.3,Underweight
6.0,L,1,112.2,21.5,Normal
8.0,P,0,120.6,23.2,Normal
6.0,P,0,114.3,19.5,Normal
9.0,L,1,123.1,23.4,Normal
9.0,L,1,129.3,26.1,Normal
9.0,L,1,127.5,26.0,Normal
10.0,L,1,132.8,32.1,Overweight
9.0,L,1,125.8,29.9,Overweight
7.0,P,0,117.6,23.3,Normal
12.0,P,0,152.0,39.6,Normal
7.0,P,0,120.8,24.6,Normal
9.0,L,1,127.1,29.3,Overweight
10.0,L,1,132.8,32.5,Overweight
11.0,L,1,140.5,33.1,Normal
12.0,L,1,146.4,40.9,Overweight
12.0,L,1,146.8,37.3,Normal
6.0,P,0,115.3,19.0,Normal
7.0,L,1,113.7,19.6,Normal
6.0,L,1,112.4,19.7,Normal
8.0,P,0,125.3,22.3,Normal
9.0,L,1,123.0,25.9,Normal
10.0,L,1,131.6,32.3,Overweight
9.0,L,1,123.0,29.3,Overweight
8.0,L,1,122.1,24.7,Normal
9.0,P,0,127.8,29.7,Overweight
6.0,L,1,110.8,17.7,Normal
11.0,L,1,136.7,31.4,Normal
11.0,P,0,138.5,35.7,Overweight
11.0,P,0,143.5,36.9,Normal
8.0,L,1,123.8,22.9,Normal
6.0,P,0,111.1,22.0,Normal
9.0,L,1,128.0,23.9,Normal
9.0,L,1,124.5,23.5,Normal
9.0,P,0,127.2,29.3,Overweight
7.0,P,0,117.0,22.3,Normal
10.0,P,0,133.1,32.2,Overweight
10.0,P,0,139.3,29.0,Normal
10.0,P,0,130.5,31.0,Overweight
8.0,L,1,123.2,20.3,Underweight
12.0,L,1,147.4,40.9,Overweight
9.0,L,1,130.7,29.1,Normal
12.0,P,0,151.8,39.3,Normal
8.0,L,1,118.1,23.7,Normal
9.0,L,1,130.4,30.3,Normal
7.0,L,1,116.9,21.9,Normal
9.0,L,1,131.3,22.0,Underweight
10.0,L,1,136.7,29.4,Normal
9.0,L,1,129.3,34.0,Overweight
7.0,P,0,119.5,23.8,Normal
9.0,L,1,124.4,22.0,Normal
10.0,P,0,136.9,27.0,Normal
9.0,L,1,129.5,27.2,Normal
10.0,P,0,133.8,26.0,Normal
9.0,P,0,126.5,27.7,Normal
8.0,P,0,125.5,23.8,Normal
12.0,P,0,149.1,35.7,Normal
10.0,P,0,137.4,25.0,Underweight
11.0,P,0,139.9,28.0,Normal
12.0,P,0,145.9,37.5,Normal
9.0,L,1,125.8,30.3,Overweight
12.0,L,1,143.6,39.8,Overweight
6.0,P,0,112.2,19.9,Normal
12.0,P,0,148.2,45.3,Overweight
11.0,P,0,141.0,30.3,Normal
7.0,P,0,117.2,20.4,Normal
10.0,L,1,137.3,33.4,Normal
11.0,P,0,142.7,35.0,Normal
9.0,L,1,132.0,24.8,Normal
7.0,P,0,118.1,22.4,Normal
11.0,L,1,147.0,35.2,Normal
12.0,L,1,145.4,40.5,Overweight
10.0,L,1,135.3,28.3,Normal
6.0,P,0,113.5,18.8,Normal
9.0,L,1,127.6,23.6,Normal
8.0,L,1,123.6,27.5,Normal
11.0,P,0,136.9,34.3,Overweight
8.0,L,1,123.3,23.6,Normal
11.0,P,0,142.1,36.3,Normal
7.0,P,0,118.0,18.2,Underweight
6.0,L,1,117.7,21.6,Normal
12.0,L,1,147.6,41.1,Overweight
8.0,P,0,121.0,22.5,Normal
9.0,P,0,127.2,22.6,Underweight
10.0,P,0,133.4,31.7,Normal
9.0,P,0,128.3,24.6,Normal
11.0,L,1,142.1,32.1,Normal
12.0,L,1,147.7,34.1,Normal
12.0,P,0,148.1,41.2,Overweight
8.0,P,0,123.4,25.4,Normal
7.0,L,1,118.5,19.6,Underweight
7.0,P,0,119.1,18.7,Underweight
6.0,L,1,113.5,19.9,Normal
8.0,P,0,121.0,28.5,Overweight
7.0,L,1,114.3,23.8,Overweight
10.0,P,0,134.3,30.5,Normal
8.0,P,0,124.3,22.4,Normal
6.0,L,1,114.1,18.1,Underweight
6.0,P,0,112.2,21.6,Normal
7.0,P,0,115.5,20.0,Normal
7.0,P,0,119.4,24.3,Normal
9.0,L,1,130.3,27.8,Normal
10.0,L,1,132.2,27.6,Normal
10.0,P,0,137.0,38.0,Overweight
12.0,P,0,146.3,44.9,Overweight
10.0,L,1,132.3,31.7,Overweight
8.0,L,1,118.3,21.8,Normal
6.0,P,0,112.1,20.8,Normal
6.0,L,1,110.2,21.5,Normal
6.0,P,0,112.5,19.4,Normal
11.0,P,0,142.3,40.5,Overweight
11.0,L,1,139.3,37.0,Overweight
11.0,L,1,140.4,39.5,Overweight
10.0,P,0,135.8,26.6,Normal
10.0,L,1,134.7,31.1,Normal
12.0,P,0,141.4,38.5,Overweight
10.0,P,0,138.6,31.6,Normal
8.0,P,0,123.5,25.4,Normal
7.0,L,1,113.3,23.5,Overweight
10.0,L,1,137.1,30.7,Normal
11.0,L,1,140.5,35.6,Overweight
8.0,P,0,121.1,20.0,Underweight
11.0,L,1,138.7,33.7,Normal
7.0,P,0,123.0,20.2,Underweight
8.0,L,1,123.3,23.5,Normal
6.0,P,0,114.0,19.0,Normal
12.0,P,0,141.8,37.8,Overweight
10.0,L,1,132.5,30.1,Normal
8.0,P,0,120.7,24.1,Normal
9.0,P,0,126.0,30.8,Overweight
6.0,P,0,114.1,21.9,Normal
7.0,P,0,115.3,25.0,Overweight
7.0,P,0,121.9,18.0,Underweight
10.0,L,1,132.1,33.1,Overweight
11.0,L,1,144.6,34.0,Normal
12.0,P,0,149.3,38.3,Normal
8.0,L,1,119.7,25.4,Normal
9.0,P,0,130.7,26.4,Normal
8.0,P,0,123.3,23.5,Normal
11.0,P,0,145.3,36.0,Normal
12.0,L,1,146.6,36.0,Normal
10.0,P,0,133.7,29.5,Normal
12.0,L,1,146.3,40.7,Overweight
10.0,L,1,132.1,28.4,Normal
6.0,P,0,113.1,19.2,Normal
12.0,P,0,146.3,41.0,Overweight
12.0,L,1,143.7,48.0,Obesity
11.0,L,1,141.3,36.5,Overweight
10.0,P,0,137.1,33.2,Normal
8.0,L,1,125.0,26.3,Normal
11.0,P,0,142.0,35.1,Normal
6.0,P,0,110.0,19.9,Normal
10.0,P,0,136.6,26.7,Normal
7.0,L,1,115.8,22.2,Normal
8.0,P,0,124.3,24.4,Normal
9.0,L,1,127.2,26.5,Normal
6.0,L,1,117.0,22.0,Normal
8.0,L,1,123.6,25.7,Normal
10.0,L,1,139.1,30.0,Normal
11.0,L,1,139.4,35.5,Overweight
8.0,P,0,119.2,26.9,Overweight
6.0,P,0,110.2,17.9,Normal
10.0,L,1,134.4,27.5,Normal
10.0,L,1,134.4,28.3,Normal
8.0,L,1,123.7,28.1,Overweight
6.0,L,1,115.7,19.3,Normal
11.0,L,1,144.5,40.9,Overweight
10.0,P,0,133.3,32.3,Overweight
9.0,P,0,132.5,29.4,Normal
10.0,L,1,133.8,27.8,Normal
11.0,P,0,143.2,33.9,Normal
12.0,L,1,145.0,38.2,Overweight
11.0,P,0,144.1,39.3,Overweight
9.0,L,1,123.0,26.0,Normal
6.0,P,0,111.3,22.0,Normal
10.0,P,0,133.2,34.3,Overweight
7.0,P,0,115.2,21.7,Normal
8.0,P,0,127.7,26.2,Normal
12.0,P,0,148.2,42.1,Overweight
7.0,L,1,119.7,20.0,Underweight
12.0,P,0,146.8,37.4,Normal
11.0,L,1,143.3,35.8,Normal
9.0,L,1,123.0,25.4,Normal
6.0,P,0,113.4,21.7,Normal
12.0,L,1,148.6,39.7,Overweight
10.0,L,1,134.2,26.8,Normal
11.0,P,0,143.2,33.5,Normal
7.0,P,0,114.5,19.1,Normal
10.0,P,0,136.0,34.3,Overweight
8.0,L,1,121.7,26.2,Normal
12.0,P,0,144.4,41.7,Overweight
8.0,P,0,123.4,22.7,Normal
6.0,L,1,114.6,18.2,Underweight
10.0,L,1,130.6,31.7,Overweight
10.0,P,0,137.8,36.5,Overweight
10.0,P,0,130.4,29.4,Normal
12.0,L,1,147.0,38.4,Normal
12.0,L,1,149.5,40.0,Normal
10.0,P,0,135.3,32.3,Normal
10.0,P,0,138.0,26.8,Normal
11.0,P,0,142.7,35.5,Normal
10.0,P,0,134.5,37.9,Overweight
8.0,L,1,122.6,21.9,Normal
9.0,P,0,130.8,29.2,Normal
9.0,P,0,125.4,26.5,Normal
7.0,L,1,116.9,25.0,Overweight
11.0,L,1,138.5,36.7,Overweight
12.0,L,1,150.2,36.2,Normal
9.0,L,1,129.6,27.3,Normal
7.0,P,0,120.3,19.4,Underweight
12.0,L,1,142.7,36.5,Normal
8.0,P,0,126.2,25.0,Normal
8.0,P,0,121.6,22.5,Normal
12.0,P,0,152.0,36.4,Normal
9.0,L,1,125.6,28.2,Normal
12.0,P,0,144.9,36.3,Normal
12.0,L,1,145.2,36.2,Normal
8.0,P,0,118.7,24.8,Normal
10.0,L,1,131.3,32.4,Overweight
8.0,P,0,120.0,26.2,Overweight
6.0,L,1,110.0,17.9,Normal
9.0,L,1,129.9,29.7,Normal
7.0,P,0,117.1,20.4,Normal
8.0,L,1,126.9,27.9,Normal
10.0,L,1,130.4,30.1,Normal
7.0,L,1,122.9,21.0,Underweight
10.0,L,1,136.4,32.8,Normal
6.0,L,1,114.9,17.6,Underweight
11.0,P,0,138.4,34.2,Normal
11.0,P,0,137.9,39.3,Overweight
11.0,L,1,141.9,41.4,Overweight
6.0,L,1,115.8,17.8,Underweight
12.0,P,0,148.4,40.0,Overweight
7.0,L,1,116.9,22.3,Normal
9.0,P,0,124.6,27.9,Overweight
7.0,P,0,115.9,20.6,Normal
9.0,P,0,124.3,28.2,Overweight
6.0,L,1,113.5,20.2,Normal
9.0,L,1,131.3,30.9,Normal
7.0,L,1,115.7,23.0,Normal
8.0,P,0,118.8,23.4,Normal
9.0,P,0,127.1,30.6,Overweight
10.0,P,0,132.5,38.0,Overweight
9.0,P,0,126.0,32.7,Overweight
10.0,L,1,135.7,25.0,Underweight
8.0,L,1,122.7,25.2,Normal
10.0,P,0,137.7,32.6,Normal
7.0,P,0,116.3,18.5,Underweight
11.0,L,1,138.6,38.4,Overweight
11.0,L,1,141.7,28.3,Normal
8.0,P,0,119.3,20.0,Normal
9.0,P,0,127.3,28.3,Normal
6.0,L,1,117.4,19.4,Normal
6.0,L,1,113.9,20.3,Normal
8.0,L,1,118.0,28.2,Overweight
7.0,P,0,113.1,22.1,Normal
9.0,L,1,127.2,30.2,Overweight
11.0,L,1,138.6,37.5,Overweight
8.0,P,0,128.0,24.0,Normal
8.0,P,0,125.0,28.5,Overweight
8.0,P,0,124.0,27.5,Normal
12.0,L,1,142.9,39.4,Overweight
11.0,P,0,141.1,33.9,Normal
12.0,L,1,146.1,43.2,Overweight
6.0,P,0,117.6,19.3,Underweight
9.0,P,0,124.9,30.3,Overweight
6.0,P,0,115.2,20.8,Normal
8.0,L,1,121.3,23.0,Normal
10.0,P,0,131.6,31.4,Overweight
7.0,P,0,120.4,21.8,Normal
11.0,P,0,139.2,42.8,Obesity
7.0,L,1,118.1,21.0,Normal
11.0,P,0,140.1,32.6,Normal
8.0,L,1,125.2,21.7,Underweight
10.0,P,0,134.1,28.1,Normal
8.0,L,1,118.3,26.2,Overweight
8.0,P,0,121.2,24.7,Normal
6.0,L,1,118.0,21.0,Normal
8.0,P,0,125.7,27.2,Normal
9.0,L,1,124.8,27.7,Normal
6.0,L,1,114.4,21.3,Normal
8.0,P,0,122.1,23.2,Normal
11.0,L,1,138.6,33.2,Normal
11.0,P,0,140.0,35.3,Overweight
7.0,P,0,119.5,22.8,Normal
12.0,L,1,148.5,36.4,Normal
12.0,L,1,151.5,37.2,Normal
10.0,P,0,135.5,31.2,Normal
10.0,P,0,132.1,31.8,Overweight
9.0,L,1,125.9,31.8,Overweight
11.0,P,0,136.8,32.6,Normal
6.0,L,1,117.4,19.1,Underweight
9.0,P,0,125.8,31.6,Overweight
9.0,L,1,128.9,22.3,Underweight
9.0,P,0,126.7,22.6,Normal
7.0,L,1,117.8,20.5,Normal
10.0,L,1,133.5,29.1,Normal
10.0,P,0,132.0,36.4,Overweight
10.0,L,1,134.4,30.3,Normal
11.0,L,1,141.9,35.3,Normal
7.0,L,1,113.0,24.6,Overweight
12.0,L,1,145.0,37.4,Normal
7.0,L,1,117.2,20.1,Normal
6.0,L,1,117.2,17.4,Underweight
7.0,P,0,118.4,18.8,Underweight
11.0,L,1,139.0,33.8,Normal
10.0,P,0,138.5,29.7,Normal
8.0,P,0,120.2,24.2,Normal
8.0,L,1,124.1,23.7,Normal
10.0,P,0,136.5,31.0,Normal
10.0,P,0,136.0,29.1,Normal
11.0,L,1,144.4,35.1,Normal
9.0,P,0,123.5,25.2,Normal
12.0,P,0,149.0,38.2,Normal
9.0,L,1,133.0,32.8,Overweight
8.0,P,0,118.7,25.3,Normal
11.0,L,1,141.5,34.7,Normal
12.0,P,0,142.9,40.9,Overweight
11.0,L,1,140.9,40.9,Overweight
10.0,L,1,134.2,27.9,Normal
10.0,L,1,131.7,30.3,Normal
7.0,L,1,121.3,25.0,Normal
10.0,L,1,130.6,38.0,Obesity
8.0,P,0,121.0,27.0,Overweight
7.0,L,1,118.1,24.4,Normal
9.0,L,1,127.7,24.4,Normal
8.0,P,0,122.6,27.6,Overweight
12.0,P,0,152.0,41.3,Normal
9.0,L,1,127.1,24.8,Normal
11.0,L,1,139.9,31.2,Normal
10.0,L,1,134.3,32.4,Normal
8.0,L,1,120.8,26.4,Overweight
7.0,L,1,118.2,21.6,Normal
12.0,L,1,147.4,39.4,Overweight
11.0,P,0,144.6,36.2,Normal
12.0,L,1,148.5,34.2,Normal
9.0,L,1,126.4,30.6,Overweight
6.0,L,1,116.1,17.8,Underweight
8.0,P,0,120.3,23.6,Normal
12.0,P,0,147.7,35.5,Normal
8.0,P,0,121.0,25.6,Normal
12.0,P,0,147.1,35.7,Normal
8.0,L,1,119.1,22.4,Normal
9.0,L,1,130.7,24.0,Normal
7.0,L,1,115.7,18.0,Underweight
10.0,L,1,134.8,25.3,Underweight
8.0,L,1,123.7,29.0,Overweight
9.0,L,1,126.9,22.0,Underweight
9.0,L,1,131.0,28.1,Normal
9.0,P,0,130.7,25.5,Normal
11.0,P,0,139.3,34.9,Normal
8.0,P,0,125.5,21.6,Underweight
6.0,P,0,111.0,20.2,Normal
9.0,P,0,127.8,27.7,Normal
6.0,P,0,113.2,17.8,Underweight
6.0,L,1,111.4,19.4,Normal
10.0,P,0,136.5,25.0,Underweight
6.0,L,1,116.0,20.2,Normal
11.0,L,1,138.8,35.4,Overweight
9.0,L,1,127.8,22.5,Underweight
11.0,P,0,138.2,33.8,Normal
8.0,L,1,122.2,20.8,Underweight
11.0,L,1,140.1,34.6,Normal
10.0,P,0,131.9,31.0,Normal
7.0,L,1,114.5,18.1,Underweight
12.0,L,1,140.6,38.2,Overweight
8.0,L,1,123.9,27.2,Normal
7.0,P,0,118.5,22.6,Normal
7.0,L,1,113.0,23.9,Overweight
9.0,P,0,130.4,32.0,Overweight
12.0,L,1,150.2,38.7,Normal
10.0,L,1,134.2,29.6,Normal
10.0,L,1,134.1,34.5,Overweight
10.0,L,1,138.6,30.4,Normal
8.0,P,0,122.8,22.2,Normal
6.0,P,0,115.1,20.2,Normal
11.0,P,0,139.1,35.3,Overweight
9.0,L,1,133.0,23.3,Underweight
9.0,P,0,124.7,32.1,Overweight
10.0,P,0,133.2,32.7,Overweight
12.0,L,1,144.8,38.5,Overweight
9.0,L,1,131.4,27.1,Normal
9.0,P,0,124.8,26.4,Normal
12.0,L,1,146.5,39.4,Overweight
10.0,L,1,135.4,33.1,Overweight
12.0,P,0,147.6,41.9,Overweight
11.0,P,0,137.2,32.5,Normal
6.0,P,0,116.6,18.4,Underweight
10.0,L,1,137.7,30.7,Normal
10.0,L,1,128.0,30.5,Overweight
12.0,L,1,148.2,34.8,Normal
8.0,P,0,124.7,25.3,Normal
10.0,L,1,136.5,27.0,Normal
10.0,P,0,134.0,33.7,Overweight
12.0,P,0,146.0,40.4,Overweight
8.0,L,1,120.2,27.5,Overweight
12.0,P,0,145.6,39.1,Overweight
12.0,P,0,142.6,33.7,Normal
9.0,P,0,128.1,26.0,Normal
10.0,P,0,135.8,32.6,Normal
6.0,L,1,112.3,18.9,Normal
9.0,P,0,130.3,22.5,Underweight
6.0,P,0,115.4,21.4,Normal
11.0,L,1,139.3,40.1,Overweight
9.0,L,1,123.5,26.6,Normal
9.0,P,0,128.1,25.2,Normal
8.0,P,0,119.9,28.5,Overweight
6.0,P,0,113.8,18.6,Normal
8.0,P,0,125.5,20.0,Underweight
6.0,L,1,111.2,20.5,Normal
7.0,P,0,120.0,19.7,Underweight
10.0,L,1,132.0,35.3,Overweight
10.0,P,0,131.9,28.7,Normal
7.0,L,1,114.1,20.0,Normal
7.0,L,1,116.9,19.2,Normal
9.0,P,0,133.0,29.7,Normal
10.0,P,0,136.7,33.2,Normal
10.0,P,0,134.9,32.6,Normal
8.0,L,1,123.1,27.8,Overweight
9.0,P,0,131.1,25.1,Normal
10.0,P,0,132.8,35.5,Overweight
10.0,L,1,135.3,29.4,Normal
8.0,P,0,123.1,25.0,Normal
10.0,P,0,128.8,36.5,Overweight
9.0,P,0,125.9,28.7,Overweight
7.0,L,1,119.1,19.6,Underweight
11.0,P,0,144.7,37.4,Normal
11.0,P,0,140.4,33.7,Normal
12.0,L,1,148.3,38.3,Normal
6.0,L,1,113.6,20.2,Normal
8.0,P,0,123.4,24.2,Normal
8.0,L,1,120.0,23.2,Normal
10.0,P,0,136.1,29.4,Normal
11.0,L,1,142.3,38.2,Overweight
8.0,L,1,121.8,20.6,Underweight
9.0,P,0,128.9,26.5,Normal
10.0,P,0,136.0,30.4,Normal
9.0,P,0,132.3,27.5,Normal
9.0,L,1,126.2,27.0,Normal
8.0,L,1,121.2,27.4,Overweight
6.0,L,1,111.4,20.2,Normal
9.0,P,0,127.1,26.6,Normal
10.0,L,1,134.1,35.3,Overweight
11.0,P,0,144.0,36.3,Normal
12.0,P,0,144.0,38.9,Overweight
11.0,P,0,143.7,34.3,Normal
6.0,L,1,112.5,17.2,Underweight
11.0,P,0,144.9,36.6,Normal
12.0,P,0,148.4,38.2,Normal
12.0,P,0,143.5,36.7,Normal
12.0,L,1,147.4,44.1,Overweight
12.0,P,0,145.1,36.4,Normal
10.0,P,0,137.2,31.9,Normal
9.0,L,1,130.2,27.3,Normal
9.0,P,0,133.0,23.5,Underweight
12.0,P,0,151.4,38.1,Normal
12.0,P,0,144.8,46.3,Obesity
9.0,L,1,131.6,29.6,Normal
12.0,P,0,140.0,37.3,Overweight
9.0,P,0,129.5,28.8,Normal
11.0,L,1,142.8,34.0,Normal
8.0,L,1,121.4,26.5,Normal
12.0,P,0,146.4,39.5,Overweight
8.0,P,0,125.2,20.0,Underweight
11.0,L,1,141.9,36.9,Overweight
11.0,L,1,140.0,31.0,Normal
11.0,P,0,139.8,36.8,Overweight
12.0,L,1,146.6,40.9,Overweight
12.0,L,1,148.8,36.0,Normal
6.0,P,0,114.2,21.4,Normal
9.0,P,0,129.6,27.5,Normal
11.0,L,1,140.7,36.7,Overweight
11.0,L,1,140.5,38.0,Overweight
12.0,P,0,145.8,40.8,Overweight
8.0,P,0,119.6,20.5,Normal
7.0,P,0,119.3,22.2,Normal
11.0,P,0,143.9,41.4,Overweight
7.0,P,0,118.3,23.8,Normal
10.0,P,0,136.0,31.5,Normal
6.0,L,1,115.1,19.4,Normal
12.0,P,0,152.0,35.9,Normal
10.0,P,0,129.8,33.4,Overweight
10.0,P,0,132.9,31.9,Overweight
12.0,L,1,149.5,47.4,Overweight
8.0,P,0,122.9,20.1,Underweight
7.0,P,0,116.2,20.9,Normal
10.0,P,0,134.1,34.3,Overweight
11.0,P,0,140.5,38.0,Overweight
10.0,P,0,132.1,29.2,Normal
9.0,L,1,129.4,25.6,Normal
7.0,L,1,115.5,20.9,Normal
7.0,P,0,118.1,24.9,Normal
10.0,P,0,137.1,30.2,Normal
10.0,L,1,133.7,25.3,Normal
8.0,L,1,126.0,24.8,Normal
9.0,L,1,125.3,25.9,Normal
7.0,P,0,118.5,20.3,Normal
8.0,P,0,122.9,26.7,Normal
8.0,L,1,119.1,22.1,Normal
11.0,L,1,139.1,31.9,Normal
8.0,L,1,122.7,24.7,Normal
9.0,P,0,124.9,31.7,Overweight
11.0,P,0,143.8,36.2,Normal
12.0,P,0,145.4,40.8,Overweight
8.0,P,0,123.8,20.6,Underweight
9.0,L,1,129.9,29.8,Normal
10.0,L,1,137.6,33.4,Normal
9.0,L,1,125.4,28.3,Normal
8.0,L,1,125.4,21.2,Underweight
8.0,L,1,118.0,27.1,Overweight
6.0,L,1,110.8,20.9,Normal
11.0,L,1,141.7,32.1,Normal
11.0,L,1,136.3,31.8,Normal
8.0,L,1,119.1,27.2,Overweight
8.0,L,1,124.1,26.4,Normal
7.0,L,1,118.6,19.4,Underweight
12.0,L,1,141.9,38.8,Overweight
9.0,P,0,128.8,30.3,Overweight
11.0,L,1,139.3,37.2,Overweight
9.0,P,0,128.3,26.6,Normal
9.0,L,1,128.2,30.3,Overweight
10.0,P,0,130.4,33.2,Overweight
8.0,P,0,128.0,26.7,Normal
12.0,L,1,143.6,41.3,Overweight
9.0,L,1,125.5,30.3,Overweight
9.0,L,1,127.8,26.2,Normal
10.0,L,1,139.5,28.2,Normal
8.0,P,0,128.0,22.9,Underweight
7.0,L,1,113.7,25.0,Overweight
10.0,L,1,132.1,34.5,Overweight
7.0,L,1,118.7,21.8,Normal
8.0,L,1,122.5,24.8,Normal
10.0,P,0,133.3,27.7,Normal
9.0,L,1,124.9,22.7,Normal
9.0,L,1,133.0,22.5,Underweight
8.0,P,0,119.2,27.0,Overweight
11.0,P,0,143.1,41.0,Overweight
8.0,P,0,120.2,27.1,Overweight
12.0,P,0,144.9,40.7,Overweight
11.0,L,1,142.2,34.0,Normal
12.0,L,1,140.0,39.1,Overweight
11.0,L,1,135.4,34.1,Overweight
10.0,P,0,134.9,33.7,Overweight
9.0,L,1,127.6,26.8,Normal
8.0,P,0,120.9,24.3,Normal
11.0,L,1,142.3,38.6,Overweight
11.0,P,0,138.5,39.3,Overweight
10.0,P,0,138.1,29.8,Normal
6.0,P,0,115.7,20.4,Normal
10.0,P,0,133.6,30.1,Normal
8.0,L,1,122.5,26.9,Normal
7.0,P,0,122.5,22.2,Normal
8.0,L,1,124.0,25.2,Normal
12.0,L,1,142.6,37.5,Overweight
11.0,P,0,139.5,34.0,Normal
8.0,P,0,123.4,29.0,Overweight
11.0,L,1,141.2,39.1,Overweight
10.0,L,1,135.3,34.0,Overweight
8.0,L,1,123.1,22.2,Normal
11.0,P,0,143.6,34.1,Normal
11.0,P,0,139.2,33.0,Normal
10.0,P,0,133.5,25.0,Normal
11.0,L,1,142.1,35.6,Normal
12.0,P,0,145.8,36.7,Normal
8.0,L,1,120.2,20.0,Underweight
6.0,L,1,112.5,18.1,Normal
12.0,L,1,144.6,39.5,Overweight
9.0,P,0,124.2,28.3,Overweight
12.0,P,0,142.4,39.5,Overweight
7.0,P,0,119.3,25.0,Normal
10.0,P,0,132.4,25.0,Normal
12.0,P,0,147.5,34.0,Normal
11.0,P,0,136.9,29.1,Normal
7.0,P,0,117.7,23.6,Normal
8.0,P,0,121.6,26.8,Overweight
6.0,L,1,117.1,18.8,Underweight
6.0,P,0,113.9,19.4,Normal
10.0,L,1,133.4,32.2,Overweight
10.0,P,0,134.5,33.8,Overweight
11.0,L,1,141.9,38.1,Overweight
10.0,P,0,134.1,30.5,Normal
8.0,P,0,124.2,24.1,Normal
11.0,L,1,141.4,37.3,Overweight
10.0,L,1,129.9,28.4,Normal
10.0,L,1,131.9,27.2,Normal
7.0,L,1,120.3,21.5,Normal
9.0,L,1,126.5,28.5,Normal
12.0,L,1,145.8,39.8,Overweight
6.0,L,1,111.3,18.6,Normal
6.0,P,0,115.5,20.9,Normal
8.0,P,0,120.5,22.1,Normal
8.0,P,0,122.9,29.0,Overweight
8.0,P,0,124.6,21.0,Underweight
12.0,P,0,148.5,37.9,Normal
12.0,P,0,146.3,40.6,Overweight
8.0,L,1,121.3,22.7,Normal
11.0,P,0,138.6,30.7,Normal
11.0,P,0,136.8,35.5,Overweight
6.0,L,1,114.5,19.3,Normal
6.0,P,0,114.8,21.9,Normal
8.0,L,1,124.3,26.3,Normal
9.0,P,0,129.0,22.0,Underweight
9.0,L,1,128.3,30.7,Overweight
12.0,L,1,144.7,43.6,Overweight
9.0,P,0,124.6,28.0,Overweight
11.0,P,0,145.8,33.0,Normal
8.0,L,1,119.6,20.9,Normal
11.0,L,1,141.5,35.8,Normal
8.0,L,1,122.0,20.0,Underweight
8.0,P,0,124.2,22.8,Normal
6.0,L,1,112.4,18.0,Normal
11.0,L,1,138.8,34.1,Normal
7.0,P,0,116.6,21.7,Normal
11.0,L,1,136.3,36.4,Overweight
6.0,P,0,117.3,20.0,Normal
11.0,P,0,139.8,37.6,Overweight
11.0,L,1,143.9,38.8,Overweight
11.0,P,0,140.1,39.5,Overweight
8.0,L,1,121.9,21.6,Normal
8.0,L,1,119.3,23.9,Normal
11.0,P,0,143.2,39.8,Overweight
11.0,P,0,144.2,36.1,Normal
11.0,P,0,140.6,38.2,Overweight
11.0,L,1,141.8,37.2,Overweight
6.0,P,0,113.4,18.0,Underweight
10.0,L,1,135.2,36.1,Overweight
11.0,L,1,140.4,33.5,Normal
10.0,L,1,133.9,33.1,Overweight
11.0,P,0,135.7,40.9,Obesity
12.0,L,1,146.5,39.5,Overweight
9.0,P,0,131.0,24.6,Normal
9.0,P,0,128.0,28.5,Normal
8.0,L,1,123.4,26.4,Normal
10.0,P,0,134.6,37.9,Overweight
8.0,P,0,120.9,23.4,Normal
8.0,L,1,126.8,23.6,Normal
9.0,P,0,127.3,26.4,Normal
8.0,L,1,122.8,20.9,Underweight
10.0,L,1,132.9,29.8,Normal
8.0,P,0,126.6,24.5,Normal
9.0,P,0,124.8,26.2,Normal
8.0,P,0,122.7,22.1,Normal
12.0,P,0,147.9,41.7,Overweight
7.0,L,1,116.3,23.9,Normal
9.0,P,0,125.0,28.0,Normal
11.0,L,1,144.0,33.3,Normal
9.0,L,1,126.3,30.5,Overweight
11.0,L,1,140.6,39.0,Overweight
9.0,L,1,130.2,22.1,Underweight
10.0,P,0,132.3,31.4,Normal
9.0,P,0,130.4,22.5,Underweight
7.0,P,0,116.7,20.9,Normal
8.0,P,0,121.1,25.9,Normal
12.0,L,1,146.9,38.8,Normal
11.0,P,0,137.8,32.4,Normal
9.0,L,1,132.2,32.3,Overweight
11.0,P,0,138.0,40.7,Overweight
8.0,L,1,123.7,27.4,Normal
11.0,P,0,144.4,35.3,Normal
7.0,P,0,116.5,24.8,Overweight
11.0,L,1,139.5,35.7,Overweight
9.0,L,1,126.4,24.4,Normal
11.0,L,1,143.6,34.7,Normal
10.0,L,1,132.6,32.7,Overweight
7.0,L,1,120.6,19.7,Underweight
11.0,L,1,142.2,33.5,Normal
11.0,P,0,140.8,36.9,Overweight
12.0,L,1,149.7,37.9,Normal
8.0,L,1,125.1,22.3,Normal
7.0,L,1,117.7,23.0,Normal
12.0,L,1,146.4,36.4,Normal
8.0,L,1,122.3,22.3,Normal
10.0,L,1,135.1,34.6,Overweight
7.0,L,1,116.5,24.5,Overweight
12.0,L,1,149.7,36.0,Normal
10.0,L,1,138.5,30.1,Normal
7.0,L,1,117.1,19.9,Normal
12.0,P,0,143.2,38.9,Overweight
9.0,P,0,126.9,26.4,Normal
11.0,L,1,135.0,33.7,Overweight
9.0,L,1,124.8,24.1,Normal
10.0,L,1,133.9,33.4,Overweight
12.0,L,1,145.1,38.7,Overweight
10.0,L,1,132.4,31.7,Overweight
8.0,P,0,122.8,21.8,Normal
6.0,P,0,114.6,21.7,Normal
9.0,L,1,128.8,28.8,Normal
9.0,L,1,129.2,32.2,Overweight
9.0,P,0,127.5,31.3,Overweight
6.0,P,0,110.5,19.3,Normal
12.0,L,1,142.6,39.3,Overweight
12.0,L,1,145.9,39.4,Overweight
9.0,P,0,130.3,28.4,Normal
6.0,L,1,112.7,20.1,Normal
11.0,L,1,142.9,29.8,Normal
7.0,L,1,121.6,22.4,Normal
6.0,P,0,114.8,19.3,Normal
11.0,P,0,141.7,34.3,Normal
11.0,L,1,135.2,34.5,Overweight
8.0,L,1,124.3,21.9,Normal
8.0,L,1,122.5,28.1,Overweight
7.0,L,1,117.5,24.8,Overweight
10.0,P,0,133.1,28.7,Normal
8.0,L,1,126.8,25.5,Normal
6.0,P,0,111.8,20.7,Normal
8.0,L,1,120.5,23.5,Normal
6.0,P,0,112.2,19.7,Normal
6.0,P,0,113.3,19.5,Normal
8.0,L,1,122.0,24.4,Normal
10.0,L,1,132.4,36.0,Overweight
12.0,L,1,150.0,37.2,Normal
6.0,P,0,110.0,18.4,Normal
10.0,P,0,135.2,33.7,Overweight
7.0,L,1,119.8,24.3,Normal
11.0,L,1,135.4,33.0,Normal
10.0,L,1,136.9,26.9,Normal
12.0,P,0,141.3,41.9,Overweight
10.0,P,0,133.1,30.9,Normal
8.0,P,0,125.9,21.5,Underweight
6.0,L,1,115.5,19.2,Normal
8.0,L,1,120.8,26.7,Overweight
7.0,P,0,119.0,20.6,Normal
10.0,L,1,135.7,37.4,Overweight
9.0,L,1,130.4,30.6,Overweight
11.0,L,1,139.5,38.0,Overweight
11.0,P,0,137.5,37.6,Overweight
11.0,P,0,143.4,31.6,Normal
12.0,L,1,140.8,39.8,Normal
11.0,P,0,143.5,38.4,Overweight
9.0,L,1,126.4,23.3,Normal
7.0,L,1,115.6,19.5,Normal
10.0,L,1,133.3,31.8,Normal
9.0,P,0,129.7,32.1,Overweight
8.0,P,0,118.3,26.2,Overweight
6.0,P,0,113.2,20.0,Normal
7.0,P,0,119.5,23.4,Normal
8.0,P,0,124.6,22.9,Normal
8.0,L,1,120.4,25.2,Normal
12.0,L,1,142.0,38.5,Overweight
9.0,P,0,123.0,31.6,Overweight
7.0,L,1,118.8,23.3,Normal
11.0,P,0,144.8,34.2,Normal
10.0,P,0,132.5,32.9,Overweight
10.0,P,0,133.3,32.6,Overweight
10.0,P,0,134.2,34.6,Overweight
10.0,P,0,129.7,33.0,Overweight
11.0,L,1,144.5,36.7,Normal
6.0,P,0,116.5,17.4,Underweight
10.0,L,1,137.0,31.6,Normal
12.0,L,1,145.8,38.1,Normal
10.0,L,1,136.3,29.5,Normal
11.0,L,1,137.7,33.9,Normal
8.0,P,0,125.0,23.0,Normal
11.0,P,0,143.3,33.3,Normal
9.0,L,1,125.2,24.9,Normal
10.0,P,0,132.3,35.5,Overweight
8.0,L,1,119.9,20.4,Normal
10.0,P,0,135.2,35.5,Overweight
9.0,L,1,129.3,32.8,Overweight
11.0,P,0,140.0,34.1,Normal
10.0,L,1,131.9,29.8,Normal
8.0,P,0,120.2,26.1,Overweight
8.0,L,1,121.8,24.5,Normal
12.0,L,1,146.8,36.7,Normal
12.0,L,1,145.1,36.4,Normal
11.0,L,1,145.4,36.0,Normal
12.0,L,1,145.4,32.1,Normal
7.0,L,1,114.3,19.6,Normal
12.0,P,0,147.5,41.6,Overweight
11.0,P,0,145.0,38.8,Overweight
12.0,P,0,148.6,45.0,Overweight
11.0,L,1,141.6,40.3,Overweight
12.0,L,1,145.3,41.8,Overweight
12.0,L,1,151.2,40.7,Normal
11.0,L,1,137.7,37.7,Overweight
10.0,L,1,137.1,28.2,Normal
11.0,L,1,141.9,29.3,Normal
12.0,P,0,146.1,35.5,Normal
8.0,P,0,119.8,26.9,Overweight
6.0,P,0,112.2,19.4,Normal
10.0,P,0,130.7,30.2,Normal
10.0,L,1,138.5,31.7,Normal
8.0,L,1,121.4,25.4,Normal
11.0,P,0,141.6,39.2,Overweight
12.0,L,1,146.5,36.4,Normal
6.0,L,1,115.6,21.5,Normal
9.0,L,1,127.4,29.3,Overweight
12.0,P,0,144.9,36.4,Normal
7.0,L,1,116.1,21.6,Normal
7.0,P,0,118.1,24.8,Normal
11.0,L,1,137.1,38.1,Overweight
11.0,L,1,142.5,37.2,Overweight
12.0,L,1,147.2,37.6,Normal
9.0,L,1,123.7,27.0,Normal
10.0,L,1,136.4,30.8,Normal
10.0,P,0,137.7,30.3,Normal
8.0,P,0,120.6,20.0,Underweight
12.0,P,0,142.5,37.1,Overweight
7.0,P,0,117.8,19.3,Underweight
10.0,L,1,135.3,29.7,Normal
8.0,L,1,122.7,24.2,Normal
6.0,P,0,116.2,18.7,Underweight
11.0,L,1,139.9,39.3,Overweight
6.0,P,0,112.8,17.4,Underweight
10.0,L,1,133.8,33.0,Overweight
7.0,L,1,120.3,18.1,Underweight
7.0,P,0,116.7,23.8,Normal
8.0,P,0,119.2,27.8,Overweight
12.0,L,1,148.1,41.7,Overweight
7.0,L,1,122.5,24.0,Normal
12.0,P,0,144.3,44.5,Overweight
8.0,L,1,121.5,29.0,Overweight
9.0,L,1,129.9,28.4,Normal
8.0,L,1,125.1,24.1,Normal
10.0,P,0,138.2,37.9,Overweight
11.0,L,1,139.5,30.6,Normal
6.0,L,1,113.6,21.0,Normal
9.0,P,0,125.3,25.0,Normal
10.0,P,0,130.8,29.5,Normal
8.0,P,0,119.8,26.1,Overweight
9.0,P,0,123.7,30.3,Overweight
7.0,P,0,121.4,19.2,Underweight
12.0,P,0,141.1,41.6,Overweight
11.0,L,1,139.9,38.4,Overweight
8.0,P,0,124.2,25.3,Normal
12.0,L,1,146.2,37.7,Normal
12.0,L,1,149.1,38.0,Normal
8.0,P,0,120.8,24.2,Normal
10.0,P,0,135.1,35.8,Overweight
10.0,P,0,132.8,30.5,Normal
9.0,P,0,128.3,27.1,Normal
11.0,L,1,144.9,34.2,Normal
8.0,P,0,121.7,20.3,Underweight
7.0,P,0,114.8,18.4,Underweight
7.0,P,0,119.3,19.0,Underweight
9.0,P,0,128.0,24.9,Normal
12.0,L,1,145.2,40.3,Overweight
12.0,P,0,143.4,44.3,Overweight
8.0,P,0,122.2,26.8,Normal
11.0,P,0,141.7,37.8,Overweight
10.0,P,0,132.3,29.7,Normal
11.0,L,1,139.4,38.5,Overweight
9.0,P,0,130.2,24.6,Normal
6.0,P,0,116.6,18.8,Underweight
10.0,P,0,129.4,29.3,Normal
9.0,L,1,129.5,28.2,Normal
9.0,P,0,125.9,27.9,Normal
10.0,L,1,136.9,30.6,Normal
6.0,L,1,114.5,19.5,Normal
10.0,L,1,134.1,29.3,Normal
8.0,P,0,120.3,22.8,Normal
9.0,L,1,130.2,29.3,Normal
11.0,P,0,143.7,39.3,Overweight
7.0,P,0,120.8,19.6,Underweight
11.0,P,0,144.3,28.7,Underweight
8.0,L,1,125.0,23.0,Normal
9.0,L,1,130.5,26.6,Normal
12.0,L,1,146.5,45.2,Overweight
8.0,L,1,125.9,26.6,Normal
10.0,L,1,128.0,33.9,Overweight
11.0,P,0,139.4,38.2,Overweight
6.0,P,0,115.6,19.8,Normal
7.0,L,1,122.0,23.3,Normal
6.0,L,1,113.2,20.1,Normal
9.0,P,0,127.9,30.4,Overweight
10.0,P,0,130.8,36.8,Overweight
9.0,L,1,126.0,22.8,Normal
10.0,P,0,136.5,28.8,Normal
12.0,P,0,144.2,47.0,Obesity
8.0,P,0,122.5,21.5,Normal
10.0,P,0,131.8,32.5,Overweight
7.0,P,0,118.3,22.3,Normal
9.0,L,1,125.1,27.1,Normal
12.0,L,1,148.7,38.1,Normal
10.0,L,1,133.4,28.0,Normal
8.0,P,0,120.7,25.8,Normal
9.0,L,1,133.0,28.1,Normal
9.0,L,1,133.0,30.0,Normal
9.0,P,0,125.9,26.9,Normal
7.0,L,1,115.2,21.1,Normal
10.0,L,1,136.1,28.4,Normal
8.0,P,0,124.9,25.1,Normal
8.0,L,1,122.3,23.4,Normal
11.0,P,0,140.6,37.0,Overweight
7.0,P,0,116.0,22.7,Normal
9.0,L,1,123.6,25.4,Normal
9.0,P,0,131.7,30.0,Normal
12.0,L,1,146.4,34.4,Normal
12.0,L,1,147.3,37.7,Normal
10.0,L,1,131.5,35.3,Overweight
11.0,L,1,140.8,30.2,Normal
8.0,L,1,127.8,25.9,Normal
11.0,P,0,145.5,34.0,Normal
12.0,L,1,144.6,42.1,Overweight
6.0,L,1,112.8,17.8,Underweight
9.0,L,1,129.0,27.4,Normal
12.0,P,0,144.8,36.9,Normal
9.0,L,1,129.3,29.6,Normal
9.0,L,1,130.1,28.6,Normal
11.0,P,0,143.3,35.8,Normal
8.0,L,1,121.1,27.5,Overweight
8.0,P,0,118.3,26.9,Overweight
10.0,L,1,132.3,28.2,Normal
8.0,P,0,124.7,22.6,Normal
8.0,P,0,123.4,26.8,Normal
12.0,L,1,145.4,39.2,Overweight
9.0,L,1,128.7,29.9,Overweight
10.0,L,1,132.9,31.6,Normal
10.0,P,0,133.1,32.7,Overweight
10.0,L,1,133.0,33.7,Overweight
12.0,P,0,141.3,43.2,Overweight
10.0,L,1,135.4,29.0,Normal
7.0,P,0,113.0,22.4,Normal
11.0,P,0,141.9,37.4,Overweight
10.0,P,0,135.4,34.3,Overweight
12.0,P,0,147.0,39.6,Overweight
11.0,L,1,139.3,36.1,Overweight
12.0,P,0,143.8,38.0,Overweight
8.0,L,1,123.9,28.4,Overweight
12.0,L,1,144.0,43.0,Overweight
11.0,L,1,138.7,35.4,Overweight
10.0,P,0,131.7,35.8,Overweight
7.0,P,0,119.3,18.8,Underweight
8.0,L,1,124.8,24.1,Normal
7.0,L,1,118.6,24.3,Normal
10.0,L,1,134.0,34.0,Overweight
10.0,L,1,133.0,33.3,Overweight
10.0,L,1,134.6,34.0,Overweight
7.0,L,1,117.6,22.4,Normal
10.0,P,0,130.5,29.3,Normal
9.0,P,0,124.9,28.8,Overweight
11.0,L,1,144.2,32.2,Normal
6.0,P,0,111.7,20.6,Normal
9.0,L,1,128.7,28.7,Normal
7.0,L,1,117.1,19.4,Normal
7.0,L,1,115.3,21.6,Normal
12.0,L,1,143.2,37.5,Overweight
8.0,L,1,124.3,26.2,Normal
8.0,P,0,121.6,27.8,Overweight
10.0,P,0,134.9,36.2,Overweight
8.0,L,1,121.6,22.7,Normal
12.0,L,1,143.6,37.4,Overweight
9.0,L,1,128.8,28.0,Normal
12.0,L,1,145.3,35.2,Normal
12.0,L,1,144.6,31.9,Normal
9.0,L,1,130.4,22.0,Underweight
9.0,P,0,127.2,27.5,Normal
11.0,P,0,136.7,29.7,Normal
11.0,P,0,138.6,35.9,Overweight
11.0,P,0,144.3,33.8,Normal
9.0,P,0,127.2,28.3,Normal
12.0,L,1,144.1,41.7,Overweight
11.0,L,1,143.8,35.5,Normal
8.0,L,1,118.0,21.4,Normal
10.0,L,1,130.6,28.2,Normal
8.0,P,0,123.5,22.1,Normal
8.0,L,1,126.8,20.0,Underweight
6.0,L,1,114.5,20.5,Normal
11.0,P,0,141.9,32.8,Normal
11.0,L,1,146.7,36.9,Normal
10.0,L,1,134.5,30.2,Normal
11.0,P,0,140.7,32.0,Normal
10.0,P,0,135.6,30.0,Normal
11.0,P,0,137.6,38.0,Overweight
9.0,P,0,124.4,29.5,Overweight
11.0,P,0,143.0,31.6,Normal
11.0,L,1,142.5,39.8,Overweight
12.0,P,0,147.7,43.0,Overweight
7.0,P,0,117.0,24.1,Normal
12.0,P,0,146.5,41.5,Overweight
10.0,L,1,133.8,27.3,Normal
8.0,L,1,120.8,25.4,Normal
11.0,L,1,144.9,34.9,Normal
7.0,L,1,119.2,23.4,Normal
8.0,P,0,127.9,20.6,Underweight
7.0,P,0,122.5,21.8,Normal
8.0,P,0,118.9,28.2,Overweight
10.0,L,1,132.5,30.5,Normal
12.0,L,1,145.5,42.0,Overweight
10.0,P,0,132.9,30.5,Normal
8.0,P,0,120.1,21.1,Normal
7.0,L,1,122.5,18.0,Underweight
7.0,P,0,119.9,18.0,Underweight
9.0,P,0,127.5,24.1,Normal
9.0,L,1,129.9,30.4,Overweight
9.0,L,1,125.6,25.6,Normal
7.0,P,0,114.0,24.2,Overweight
8.0,P,0,124.4,24.3,Normal
11.0,P,0,138.1,38.8,Overweight
9.0,P,0,129.2,30.9,Overweight
11.0,P,0,140.6,38.4,Overweight
12.0,L,1,146.7,42.1,Overweight
12.0,P,0,146.8,41.9,Overweight
11.0,L,1,143.5,41.4,Overweight
10.0,P,0,136.3,32.4,Normal
10.0,P,0,140.0,29.8,Normal
11.0,P,0,143.3,28.8,Underweight
11.0,L,1,139.1,32.6,Normal
12.0,P,0,144.7,38.2,Overweight
7.0,L,1,119.6,22.3,Normal
12.0,P,0,150.8,39.0,Normal
11.0,L,1,142.1,36.5,Overweight
8.0,L,1,121.1,21.4,Normal
12.0,P,0,143.3,40.4,Overweight
12.0,P,0,147.4,37.1,Normal
12.0,L,1,142.8,36.5,Normal
11.0,P,0,135.3,35.6,Overweight
10.0,L,1,130.7,32.5,Overweight
8.0,P,0,121.7,20.0,Underweight
9.0,P,0,126.6,23.6,Normal
9.0,L,1,131.3,30.0,Normal
12.0,P,0,143.6,40.5,Overweight
8.0,P,0,120.4,20.0,Underweight
9.0,L,1,129.8,27.8,Normal
7.0,P,0,119.3,24.4,Normal
7.0,P,0,119.2,18.8,Underweight
11.0,L,1,146.1,35.1,Normal
6.0,P,0,116.5,20.3,Normal
11.0,P,0,143.6,32.3,Normal
9.0,L,1,126.3,30.6,Overweight
9.0,L,1,133.0,28.2,Normal
12.0,P,0,146.9,46.5,Overweight
12.0,P,0,145.6,39.0,Overweight
12.0,L,1,144.1,38.0,Overweight
7.0,P,0,117.0,19.6,Normal
6.0,L,1,110.0,20.5,Normal
11.0,L,1,139.9,35.2,Normal
10.0,L,1,133.4,35.7,Overweight
12.0,L,1,148.1,35.5,Normal
11.0,L,1,143.1,36.0,Normal
6.0,P,0,115.8,17.2,Underweight
11.0,L,1,142.5,31.3,Normal
7.0,P,0,115.7,20.4,Normal
9.0,P,0,131.3,28.3,Normal
10.0,P,0,134.3,35.0,Overweight
12.0,P,0,141.2,41.6,Overweight
11.0,L,1,143.4,40.4,Overweight
7.0,P,0,113.9,19.6,Normal
7.0,P,0,113.0,20.4,Normal
12.0,P,0,151.7,36.7,Normal
10.0,P,0,137.3,31.1,Normal
10.0,L,1,136.7,31.7,Normal
8.0,P,0,123.5,20.0,Underweight
7.0,L,1,113.4,21.5,Normal
9.0,L,1,123.0,28.3,Overweight
12.0,P,0,148.6,34.4,Normal
9.0,P,0,128.0,25.0,Normal
8.0,L,1,120.0,22.1,Normal
8.0,L,1,125.3,24.1,Normal
9.0,L,1,130.0,29.7,Normal
10.0,P,0,134.2,32.9,Overweight
10.0,P,0,139.4,26.0,Underweight
7.0,L,1,118.6,21.6,Normal
8.0,P,0,126.2,24.3,Normal
12.0,L,1,150.8,41.9,Overweight
10.0,L,1,133.8,31.1,Normal
9.0,P,0,129.2,29.1,Normal
6.0,P,0,110.8,18.1,Normal
12.0,L,1,148.9,44.1,Overweight
12.0,L,1,143.6,34.6,Normal
12.0,L,1,151.4,40.3,Normal
9.0,L,1,129.9,30.3,Normal
10.0,P,0,128.8,31.6,Overweight
12.0,P,0,146.7,37.0,Normal
7.0,L,1,119.7,23.7,Normal
11.0,P,0,144.1,32.2,Normal
11.0,L,1,141.3,36.4,Overweight
6.0,L,1,116.9,17.0,Underweight
7.0,P,0,114.2,20.1,Normal
10.0,P,0,135.3,30.4,Normal
8.0,L,1,124.6,24.7,Normal
10.0,L,1,129.7,29.3,Normal
11.0,L,1,141.2,40.0,Overweight
8.0,P,0,120.1,23.5,Normal
9.0,L,1,127.4,34.0,Overweight
12.0,P,0,141.5,38.0,Overweight
12.0,L,1,147.0,30.6,Normal
8.0,P,0,120.6,27.2,Overweight
8.0,L,1,127.4,23.0,Normal
10.0,L,1,131.9,35.0,Overweight
7.0,P,0,117.9,22.7,Normal
8.0,P,0,121.4,25.4,Normal
9.0,L,1,128.8,27.2,Normal
10.0,L,1,133.7,32.4,Overweight
8.0,P,0,124.0,23.4,Normal
11.0,P,0,138.6,37.5,Overweight
9.0,P,0,128.4,26.4,Normal
9.0,L,1,129.1,29.2,Normal
8.0,L,1,121.3,26.3,Normal
11.0,L,1,144.8,35.3,Normal
8.0,P,0,125.4,25.0,Normal
9.0,L,1,124.5,29.9,Overweight
6.0,L,1,110.9,17.0,Underweight
12.0,L,1,145.3,41.4,Overweight
12.0,L,1,143.2,38.5,Overweight
8.0,P,0,119.1,26.0,Overweight
10.0,P,0,135.6,34.3,Overweight
11.0,L,1,145.8,37.5,Normal
11.0,P,0,140.4,33.0,Normal
10.0,P,0,131.1,32.6,Overweight
11.0,L,1,145.6,40.5,Overweight
9.0,P,0,126.1,25.2,Normal
11.0,L,1,140.6,36.8,Overweight
11.0,L,1,142.8,40.2,Overweight
6.0,P,0,113.5,20.7,Normal
9.0,P,0,129.8,27.0,Normal
12.0,P,0,146.8,40.4,Overweight
9.0,P,0,123.0,30.6,Overweight
8.0,L,1,123.0,20.6,Underweight
11.0,P,0,138.2,38.3,Overweight
8.0,P,0,125.6,26.6,Normal
7.0,L,1,119.8,21.3,Normal
10.0,P,0,132.9,28.9,Normal
11.0,L,1,139.2,36.2,Overweight
10.0,L,1,132.9,33.5,Overweight
12.0,P,0,148.4,45.3,Overweight
8.0,P,0,127.0,25.0,Normal
12.0,P,0,147.6,35.5,Normal
12.0,L,1,143.3,45.9,Obesity
8.0,L,1,120.9,28.0,Overweight
10.0,P,0,135.1,26.6,Normal
12.0,P,0,143.8,36.6,Normal
6.0,L,1,114.2,19.6,Normal
9.0,L,1,127.4,25.8,Normal
7.0,L,1,117.7,19.7,Normal
10.0,P,0,131.5,26.5,Normal
9.0,L,1,130.0,27.6,Normal
12.0,L,1,147.9,35.6,Normal
8.0,P,0,118.8,20.0,Normal
8.0,P,0,124.7,26.0,Normal
9.0,P,0,128.3,26.8,Normal
12.0,P,0,148.4,39.1,Normal
9.0,L,1,126.1,26.0,Normal
10.0,L,1,136.0,28.5,Normal
12.0,P,0,144.4,43.1,Overweight
12.0,L,1,141.4,37.8,Overweight
7.0,L,1,121.3,23.4,Normal
7.0,P,0,118.8,23.3,Normal
8.0,P,0,122.5,21.0,Underweight
12.0,P,0,144.1,39.7,Overweight
12.0,L,1,142.3,39.3,Overweight
10.0,P,0,130.3,35.8,Overweight
7.0,L,1,121.4,18.5,Underweight
9.0,L,1,132.8,30.7,Normal
10.0,L,1,128.7,31.4,Overweight
9.0,L,1,125.3,24.0,Normal
8.0,P,0,123.1,23.6,Normal
9.0,L,1,130.6,26.2,Normal
9.0,P,0,128.1,24.5,Normal
10.0,P,0,140.0,35.4,Overweight
9.0,P,0,128.6,28.8,Normal
12.0,L,1,142.6,36.5,Normal
7.0,L,1,121.7,22.6,Normal
8.0,L,1,123.5,25.7,Normal
9.0,L,1,132.5,33.9,Overweight
10.0,P,0,137.1,35.3,Overweight
12.0,P,0,148.8,41.9,Overweight
8.0,P,0,123.2,25.2,Normal
9.0,P,0,131.7,26.1,Normal
10.0,P,0,134.7,29.9,Normal
11.0,P,0,140.1,37.6,Overweight
10.0,P,0,130.5,27.7,Normal
12.0,L,1,149.0,35.7,Normal
8.0,L,1,122.3,21.5,Normal
10.0,L,1,137.4,26.6,Normal
7.0,L,1,113.6,22.4,Normal
10.0,L,1,135.2,29.5,Normal
8.0,P,0,125.9,28.5,Normal
10.0,P,0,131.6,30.6,Normal
10.0,P,0,133.9,32.5,Overweight
8.0,L,1,123.3,26.2,Normal
12.0,P,0,144.3,43.2,Overweight
6.0,L,1,110.0,18.8,Normal
10.0,L,1,132.7,36.5,Overweight
11.0,P,0,142.0,36.2,Normal
11.0,L,1,143.3,41.7,Overweight
6.0,P,0,110.7,17.0,Underweight
8.0,P,0,127.3,29.0,Normal
10.0,P,0,137.0,29.5,Normal
7.0,P,0,120.0,23.6,Normal
11.0,L,1,144.4,39.4,Overweight
10.0,L,1,132.1,38.0,Overweight
6.0,L,1,110.3,18.7,Normal
8.0,L,1,122.2,23.4,Normal
11.0,P,0,140.7,35.2,Normal
9.0,P,0,127.2,30.5,Overweight
8.0,L,1,128.0,25.1,Normal
7.0,L,1,118.7,22.9,Normal
10.0,L,1,132.6,30.7,Normal
10.0,L,1,136.7,31.6,Normal
10.0,L,1,131.9,30.9,Normal
12.0,P,0,149.7,41.8,Overweight
9.0,P,0,126.8,27.6,Normal
8.0,L,1,122.0,24.1,Normal
8.0,P,0,124.8,22.0,Normal
12.0,P,0,146.3,43.3,Overweight
11.0,P,0,140.9,35.8,Overweight
10.0,L,1,133.4,28.1,Normal
6.0,P,0,113.2,19.7,Normal
11.0,L,1,144.3,33.7,Normal
7.0,P,0,123.0,18.1,Underweight
12.0,P,0,145.0,42.5,Overweight
8.0,P,0,118.3,28.1,Overweight
12.0,P,0,143.6,42.7,Overweight
12.0,P,0,145.7,44.1,Overweight
7.0,P,0,121.5,18.0,Underweight
12.0,L,1,145.4,43.6,Overweight
12.0,L,1,143.0,35.9,Normal
6.0,L,1,114.7,18.2,Underweight
11.0,L,1,143.4,36.8,Normal
7.0,L,1,114.8,20.6,Normal
8.0,L,1,118.5,29.0,Overweight
6.0,P,0,116.6,17.9,Underweight
9.0,L,1,128.3,30.2,Overweight
8.0,P,0,124.8,24.9,Normal
7.0,L,1,117.8,19.8,Normal
11.0,P,0,142.1,37.2,Overweight
12.0,L,1,148.0,38.6,Normal
8.0,L,1,124.3,25.0,Normal
9.0,L,1,128.0,26.2,Normal
10.0,L,1,135.4,30.2,Normal
9.0,P,0,123.3,24.2,Normal
11.0,L,1,143.1,41.2,Overweight
8.0,P,0,122.8,26.9,Normal
8.0,P,0,127.9,23.9,Normal
11.0,L,1,142.8,38.0,Overweight
8.0,L,1,120.3,21.8,Normal
11.0,P,0,143.9,35.4,Normal
9.0,L,1,128.7,26.4,Normal
10.0,P,0,133.5,32.8,Overweight
12.0,P,0,150.7,38.7,Normal
8.0,L,1,123.4,23.2,Normal
11.0,P,0,139.5,37.2,Overweight
9.0,P,0,124.7,26.8,Normal
8.0,L,1,120.3,23.1,Normal
12.0,P,0,148.1,41.4,Overweight
9.0,P,0,130.9,26.4,Normal
11.0,L,1,141.0,38.7,Overweight
11.0,L,1,140.5,35.7,Overweight
11.0,L,1,137.0,38.7,Overweight
7.0,P,0,118.0,20.2,Normal
10.0,L,1,130.6,31.5,Overweight
10.0,L,1,132.0,28.4,Normal
8.0,P,0,127.5,22.8,Normal
9.0,P,0,125.5,26.8,Normal
11.0,L,1,143.5,34.3,Normal
7.0,P,0,117.8,24.9,Normal
10.0,P,0,133.4,34.4,Overweight
10.0,P,0,136.9,31.6,Normal
10.0,P,0,132.8,25.8,Normal
10.0,L,1,135.9,31.9,Normal
12.0,L,1,145.6,37.0,Normal
8.0,P,0,121.2,25.2,Normal
6.0,L,1,116.4,18.1,Underweight
12.0,L,1,147.9,39.7,Overweight
12.0,L,1,147.0,45.8,Overweight
7.0,L,1,122.0,23.9,Normal
10.0,L,1,138.6,31.1,Normal
10.0,P,0,133.6,32.5,Overweight
12.0,P,0,147.8,38.2,Normal
9.0,L,1,126.6,32.3,Overweight
9.0,P,0,127.3,27.8,Normal
11.0,P,0,144.0,37.5,Overweight
11.0,L,1,140.1,39.1,Overweight
11.0,L,1,145.1,32.8,Normal
7.0,P,0,119.6,21.7,Normal
11.0,P,0,141.2,36.5,Overweight
11.0,P,0,139.4,35.1,Overweight
12.0,P,0,145.4,39.0,Overweight
12.0,P,0,147.6,43.4,Overweight
10.0,P,0,133.1,31.0,Normal
10.0,L,1,134.5,32.2,Normal
9.0,P,0,125.2,22.3,Normal
9.0,L,1,126.1,30.3,Overweight
11.0,P,0,136.5,41.8,Obesity
9.0,L,1,125.2,30.4,Overweight
11.0,L,1,140.8,33.4,Normal
9.0,P,0,129.9,24.1,Normal
12.0,P,0,148.1,42.5,Overweight
12.0,P,0,141.4,42.6,Overweight
12.0,L,1,145.0,40.5,Overweight
8.0,P,0,120.6,24.4,Normal
9.0,L,1,126.3,31.7,Overweight
12.0,P,0,143.6,41.6,Overweight
9.0,L,1,129.7,23.5,Underweight
8.0,L,1,127.1,21.0,Underweight
7.0,P,0,115.9,22.3,Normal
8.0,P,0,118.0,25.3,Overweight
8.0,L,1,124.7,28.8,Overweight
12.0,P,0,148.0,39.8,Overweight
11.0,P,0,140.2,38.1,Overweight
10.0,P,0,137.7,32.8,Normal
10.0,P,0,135.8,31.6,Normal
7.0,L,1,121.7,18.9,Underweight
7.0,L,1,118.4,22.1,Normal
6.0,L,1,110.0,21.1,Normal
11.0,P,0,138.7,34.3,Normal
9.0,L,1,123.1,30.2,Overweight
9.0,L,1,130.2,25.4,Normal
10.0,P,0,135.9,31.9,Normal
11.0,L,1,137.5,29.7,Normal
7.0,L,1,119.1,19.2,Underweight
9.0,P,0,125.5,28.5,Overweight
8.0,L,1,123.6,22.3,Normal
9.0,P,0,126.2,29.3,Overweight
12.0,P,0,148.7,39.5,Normal
11.0,P,0,139.7,32.3,Normal
12.0,P,0,143.9,41.3,Overweight
10.0,L,1,139.5,26.4,Underweight
9.0,L,1,130.5,22.7,Underweight
9.0,L,1,126.3,25.0,Normal
10.0,P,0,133.0,30.6,Normal
9.0,P,0,125.2,25.3,Normal
10.0,P,0,134.7,33.9,Overweight
9.0,L,1,125.9,25.8,Normal
11.0,L,1,136.7,32.7,Normal
9.0,P,0,128.0,29.4,Normal
8.0,P,0,122.0,25.8,Normal
8.0,L,1,125.8,24.9,Normal
7.0,P,0,116.8,21.5,Normal
12.0,P,0,145.3,37.6,Normal
12.0,L,1,149.7,42.7,Overweight
6.0,P,0,112.0,19.7,Normal
12.0,L,1,152.0,41.0,Normal
10.0,P,0,137.0,31.8,Normal
11.0,P,0,140.0,33.6,Normal
10.0,P,0,133.6,30.8,Normal
12.0,L,1,142.9,38.2,Overweight
9.0,P,0,127.4,24.7,Normal
6.0,L,1,112.4,17.4,Underweight
8.0,L,1,123.3,20.6,Underweight
9.0,L,1,132.1,34.0,Overweight
10.0,P,0,129.5,34.8,Overweight
8.0,P,0,120.6,22.5,Normal
8.0,P,0,121.6,26.0,Normal
12.0,L,1,141.8,38.6,Overweight
8.0,P,0,120.5,25.3,Normal
12.0,L,1,143.1,46.6,Obesity
11.0,P,0,143.0,37.9,Overweight
7.0,P,0,118.9,19.5,Underweight
12.0,L,1,149.6,34.8,Normal
8.0,L,1,124.4,20.1,Underweight
7.0,L,1,122.6,20.2,Underweight
7.0,P,0,120.9,20.0,Underweight
7.0,P,0,116.0,23.8,Normal
11.0,L,1,142.3,38.5,Overweight
7.0,L,1,121.1,23.9,Normal
9.0,L,1,128.2,23.9,Normal
12.0,L,1,143.2,38.3,Overweight
10.0,P,0,135.6,36.9,Overweight
7.0,P,0,118.2,22.6,Normal
9.0,L,1,129.6,26.9,Normal
9.0,L,1,128.0,27.8,Normal
12.0,P,0,143.6,43.3,Overweight
7.0,L,1,118.0,20.3,Normal
7.0,L,1,121.4,22.4,Normal
10.0,L,1,132.9,28.4,Normal
12.0,P,0,145.3,36.5,Normal
9.0,L,1,127.7,27.9,Normal
6.0,L,1,112.0,21.8,Normal
12.0,L,1,144.5,46.7,Obesity
11.0,P,0,140.7,36.0,Overweight
7.0,L,1,117.7,20.0,Normal
6.0,P,0,111.5,19.1,Normal
8.0,P,0,124.4,27.8,Normal
9.0,P,0,127.1,32.9,Overweight
8.0,L,1,123.6,27.0,Normal
11.0,P,0,145.6,38.6,Overweight
11.0,L,1,139.1,35.5,Overweight
8.0,L,1,121.8,25.6,Normal
10.0,P,0,133.7,35.1,Overweight
6.0,L,1,110.5,19.5,Normal
12.0,L,1,141.2,44.0,Obesity
11.0,L,1,140.9,37.5,Overweight
9.0,P,0,129.4,24.5,Normal
12.0,L,1,143.7,38.3,Overweight
9.0,L,1,126.0,28.7,Overweight
11.0,P,0,139.8,40.8,Overweight
10.0,L,1,137.3,33.5,Normal
9.0,P,0,129.8,29.2,Normal
8.0,L,1,125.4,23.8,Normal
10.0,L,1,136.3,34.8,Overweight
11.0,L,1,139.7,32.6,Normal
11.0,L,1,142.8,37.7,Overweight
10.0,L,1,132.3,32.8,Overweight
9.0,L,1,129.4,29.2,Normal
12.0,L,1,147.0,41.7,Overweight
12.0,L,1,143.4,43.7,Overweight
12.0,P,0,145.9,37.8,Normal
7.0,P,0,122.6,24.1,Normal
6.0,L,1,118.0,19.3,Underweight
7.0,P,0,114.6,24.7,Overweight
10.0,P,0,133.8,28.1,Normal
9.0,L,1,130.6,29.6,Normal
11.0,L,1,143.1,33.9,Normal
8.0,P,0,120.8,20.2,Underweight
10.0,P,0,132.7,28.9,Normal
9.0,L,1,124.6,29.9,Overweight
11.0,L,1,142.3,37.8,Overweight
9.0,P,0,126.3,26.9,Normal
7.0,P,0,114.5,21.7,Normal
10.0,L,1,132.4,36.5,Overweight
11.0,L,1,137.8,36.0,Overweight
11.0,L,1,140.6,31.0,Normal
11.0,P,0,140.0,36.8,Overweight
10.0,P,0,133.8,28.9,Normal
10.0,L,1,137.6,32.9,Normal
10.0,L,1,130.8,27.5,Normal
9.0,P,0,128.6,23.0,Underweight
7.0,L,1,122.6,21.3,Normal
12.0,P,0,145.5,33.3,Normal
9.0,L,1,124.9,26.9,Normal
8.0,P,0,122.1,22.6,Normal
6.0,L,1,114.0,18.7,Normal
9.0,L,1,126.1,29.8,Overweight
12.0,P,0,141.7,37.4,Overweight
10.0,L,1,136.0,35.6,Overweight
11.0,P,0,140.5,32.3,Normal
6.0,P,0,114.4,20.9,Normal
9.0,L,1,126.2,28.0,Normal
8.0,L,1,121.2,28.3,Overweight
8.0,P,0,126.1,27.4,Normal
12.0,L,1,146.5,36.7,Normal
9.0,P,0,131.6,24.1,Underweight
12.0,L,1,144.5,38.9,Overweight
9.0,P,0,127.6,24.4,Normal
10.0,P,0,134.5,31.1,Normal
7.0,L,1,116.2,24.1,Normal
6.0,L,1,114.1,17.6,Underweight
11.0,P,0,137.9,30.5,Normal
11.0,L,1,135.0,31.7,Normal
12.0,P,0,142.3,40.2,Overweight
10.0,L,1,135.0,33.3,Overweight
8.0,L,1,123.5,22.7,Normal
6.0,P,0,115.5,21.6,Normal
8.0,P,0,125.3,23.1,Normal
12.0,P,0,147.9,42.8,Overweight
8.0,P,0,124.0,22.1,Normal
8.0,L,1,122.3,20.6,Underweight
6.0,L,1,110.0,20.4,Normal
12.0,P,0,143.7,39.8,Overweight
7.0,P,0,117.9,22.5,Normal
8.0,L,1,126.1,24.9,Normal
12.0,L,1,145.7,37.7,Normal
7.0,L,1,119.0,23.1,Normal
7.0,L,1,115.9,20.7,Normal
10.0,P,0,132.4,36.1,Overweight
12.0,L,1,147.7,42.1,Overweight
10.0,P,0,131.2,28.9,Normal
9.0,L,1,129.8,30.4,Overweight
9.0,P,0,130.8,31.8,Overweight
10.0,L,1,133.3,27.7,Normal
7.0,L,1,115.5,19.6,Normal
11.0,P,0,140.7,35.5,Normal
7.0,P,0,119.8,21.0,Normal
6.0,P,0,114.2,18.0,Underweight
11.0,L,1,139.9,36.8,Overweight
10.0,P,0,134.7,33.8,Overweight
9.0,L,1,124.2,25.9,Normal
7.0,L,1,116.6,20.0,Normal
9.0,P,0,131.3,30.7,Normal
12.0,L,1,151.7,40.7,Normal
12.0,L,1,145.0,35.7,Normal
9.0,P,0,130.7,26.8,Normal
8.0,P,0,118.0,25.0,Normal
9.0,P,0,127.7,26.8,Normal
9.0,P,0,128.8,23.9,Normal
9.0,L,1,130.0,27.7,Normal
6.0,L,1,117.9,20.3,Normal
11.0,P,0,140.4,35.8,Overweight
8.0,P,0,126.2,22.6,Normal
8.0,L,1,118.7,20.0,Normal
10.0,P,0,135.1,34.5,Overweight
7.0,P,0,117.5,20.2,Normal
6.0,L,1,111.0,20.0,Normal
6.0,P,0,117.2,20.7,Normal
12.0,L,1,148.3,37.0,Normal
6.0,P,0,112.5,19.5,Normal
12.0,L,1,145.2,37.8,Normal
8.0,P,0,123.3,24.9,Normal
11.0,L,1,140.3,32.0,Normal
7.0,L,1,115.1,22.9,Normal
7.0,L,1,114.0,19.4,Normal
10.0,L,1,134.7,33.1,Overweight
8.0,P,0,118.8,28.7,Overweight
8.0,L,1,121.6,29.0,Overweight
7.0,L,1,118.4,22.4,Normal
10.0,L,1,138.8,31.1,Normal
6.0,P,0,111.5,18.3,Normal
10.0,P,0,138.1,28.5,Normal
9.0,P,0,128.9,25.3,Normal
10.0,P,0,132.6,25.4,Normal
8.0,P,0,123.4,22.0,Normal
7.0,L,1,113.8,21.3,Normal
9.0,L,1,125.7,33.0,Overweight
11.0,P,0,141.2,34.4,Normal
7.0,L,1,115.6,19.8,Normal
10.0,P,0,136.4,27.8,Normal
7.0,L,1,119.8,23.3,Normal
7.0,P,0,121.1,21.4,Normal
10.0,L,1,135.4,31.0,Normal
8.0,P,0,120.8,27.8,Overweight
10.0,L,1,134.6,31.8,Normal
6.0,P,0,115.4,17.5,Underweight
7.0,P,0,122.7,24.4,Normal
12.0,L,1,149.3,31.8,Normal
12.0,L,1,143.0,34.7,Normal
8.0,L,1,127.6,20.6,Underweight
11.0,L,1,141.6,29.5,Normal
8.0,P,0,123.6,23.3,Normal
10.0,L,1,134.3,30.2,Normal
7.0,L,1,119.0,23.4,Normal
10.0,L,1,131.4,30.6,Normal
11.0,P,0,141.6,39.1,Overweight
12.0,L,1,143.1,40.3,Overweight
6.0,P,0,113.0,18.4,Normal
10.0,L,1,133.7,34.2,Overweight
8.0,L,1,125.8,22.0,Underweight
11.0,P,0,140.3,36.1,Overweight
8.0,L,1,124.8,23.4,Normal
6.0,P,0,116.4,17.8,Underweight
8.0,L,1,121.0,27.9,Overweight
10.0,L,1,133.5,36.1,Overweight
11.0,P,0,143.6,34.9,Normal
8.0,P,0,128.0,26.8,Normal
6.0,L,1,110.8,17.4,Normal
12.0,P,0,147.4,34.6,Normal
11.0,P,0,143.8,41.3,Overweight
7.0,P,0,117.6,22.4,Normal
8.0,P,0,125.6,20.0,Underweight
8.0,P,0,124.6,21.3,Underweight
12.0,P,0,148.7,33.8,Normal
12.0,P,0,142.4,36.2,Normal
12.0,P,0,148.3,41.9,Overweight
9.0,P,0,125.0,31.3,Overweight
11.0,L,1,142.9,31.5,Normal
10.0,P,0,134.3,36.8,Overweight
12.0,L,1,149.7,45.5,Overweight
11.0,P,0,143.5,38.2,Overweight
8.0,L,1,119.1,20.9,Normal
11.0,L,1,143.9,35.2,Normal
10.0,P,0,133.7,30.2,Normal
9.0,P,0,131.2,24.7,Normal
9.0,P,0,126.3,28.3,Normal
12.0,P,0,146.1,36.5,Normal
12.0,L,1,149.8,39.4,Normal
10.0,L,1,133.8,31.9,Normal
12.0,L,1,143.4,36.9,Normal
12.0,P,0,141.7,32.2,Normal
10.0,P,0,131.7,33.7,Overweight
9.0,L,1,126.5,29.2,Overweight
7.0,P,0,117.1,22.4,Normal
8.0,L,1,122.5,22.6,Normal
7.0,L,1,121.8,21.2,Normal
8.0,L,1,125.3,27.5,Normal
11.0,P,0,135.0,33.2,Overweight
6.0,P,0,115.0,21.2,Normal
11.0,L,1,141.0,35.5,Normal
6.0,L,1,117.7,17.0,Underweight
12.0,L,1,145.3,39.7,Overweight
7.0,P,0,116.1,23.4,Normal
8.0,P,0,120.5,22.9,Normal
8.0,L,1,123.7,20.3,Underweight
11.0,L,1,139.6,32.5,Normal
10.0,P,0,133.0,36.3,Overweight
8.0,P,0,125.9,21.4,Underweight
10.0,P,0,134.2,30.8,Normal
9.0,P,0,128.4,24.7,Normal
11.0,L,1,139.0,34.7,Normal
7.0,P,0,114.9,21.2,Normal
12.0,L,1,152.0,34.5,Normal
7.0,P,0,119.2,22.2,Normal
12.0,P,0,148.1,37.9,Normal
11.0,L,1,142.3,38.7,Overweight
11.0,P,0,142.1,35.3,Normal
11.0,L,1,140.7,31.3,Normal
9.0,P,0,127.2,24.7,Normal
7.0,P,0,119.1,22.7,Normal
9.0,P,0,130.2,31.6,Overweight
10.0,P,0,136.6,33.7,Overweight
10.0,P,0,137.9,29.7,Normal
7.0,P,0,117.0,21.2,Normal
8.0,P,0,126.4,22.1,Underweight
6.0,L,1,116.1,17.2,Underweight
9.0,L,1,126.2,22.9,Normal
9.0,P,0,133.0,26.1,Normal
9.0,P,0,125.5,25.1,Normal
11.0,P,0,141.0,35.1,Normal
8.0,P,0,120.5,24.0,Normal
9.0,L,1,129.2,31.1,Overweight
7.0,L,1,118.9,22.2,Normal
7.0,L,1,119.2,24.3,Normal
10.0,P,0,131.5,33.0,Overweight
10.0,L,1,140.0,34.2,Normal
8.0,L,1,127.0,25.3,Normal
12.0,L,1,146.8,38.5,Normal
9.0,L,1,129.3,30.6,Overweight
12.0,P,0,151.0,41.1,Overweight
11.0,L,1,144.7,33.3,Normal
9.0,L,1,123.0,23.3,Normal
12.0,L,1,152.0,40.6,Normal
8.0,L,1,125.2,22.5,Normal
11.0,L,1,139.5,38.1,Overweight
6.0,L,1,113.9,19.5,Normal
11.0,P,0,139.4,31.8,Normal
7.0,P,0,116.3,18.7,Underweight
12.0,L,1,144.6,41.8,Overweight
8.0,L,1,124.5,22.3,Normal
9.0,L,1,126.8,22.0,Underweight
11.0,L,1,142.0,29.1,Normal
7.0,L,1,116.8,23.4,Normal
10.0,L,1,137.1,30.4,Normal
10.0,L,1,133.9,29.7,Normal
6.0,L,1,113.6,18.5,Normal
9.0,L,1,128.7,23.6,Normal
9.0,P,0,124.6,26.2,Normal
8.0,L,1,121.8,24.8,Normal
9.0,L,1,125.9,25.6,Normal
7.0,L,1,118.8,23.7,Normal
9.0,P,0,131.4,34.0,Overweight
8.0,L,1,124.5,23.7,Normal
6.0,P,0,115.4,21.8,Normal
11.0,P,0,141.3,30.9,Normal
12.0,L,1,145.1,35.0,Normal
10.0,P,0,136.6,33.0,Normal
12.0,P,0,144.7,39.1,Overweight
10.0,P,0,129.1,29.9,Normal
7.0,P,0,121.1,23.8,Normal
9.0,P,0,129.3,29.3,Normal
6.0,P,0,112.3,21.4,Normal
7.0,P,0,118.8,18.7,Underweight
10.0,P,0,134.0,30.9,Normal
9.0,L,1,126.0,26.9,Normal
6.0,P,0,111.7,18.9,Normal
12.0,L,1,147.6,41.4,Overweight
6.0,L,1,115.1,18.0,Underweight
10.0,L,1,136.0,32.2,Normal
8.0,P,0,123.9,26.8,Normal
12.0,L,1,144.5,34.9,Normal
11.0,P,0,144.3,31.9,Normal
12.0,L,1,145.8,38.0,Normal
10.0,P,0,130.5,28.7,Normal
7.0,L,1,118.4,23.7,Normal
6.0,P,0,111.5,18.0,Normal
11.0,P,0,141.8,35.1,Normal
12.0,L,1,142.0,42.7,Overweight
12.0,P,0,149.7,33.2,Normal
10.0,L,1,135.4,28.9,Normal
6.0,P,0,111.2,17.1,Underweight
7.0,P,0,121.2,22.4,Normal
8.0,L,1,123.1,28.4,Overweight
12.0,P,0,149.2,38.8,Normal
12.0,P,0,143.9,39.9,Overweight
11.0,L,1,142.6,35.0,Normal
8.0,L,1,118.6,23.6,Normal
7.0,P,0,115.8,20.4,Normal
8.0,P,0,121.0,20.0,Underweight
10.0,L,1,129.8,35.2,Overweight
7.0,P,0,117.9,20.1,Normal
9.0,P,0,130.4,30.0,Normal
8.0,L,1,126.0,23.5,Normal
7.0,P,0,116.8,22.3,Normal
6.0,L,1,111.2,20.9,Normal
7.0,P,0,116.8,21.3,Normal
6.0,P,0,116.2,20.5,Normal
8.0,L,1,122.0,27.5,Overweight
12.0,L,1,143.1,36.2,Normal
8.0,P,0,126.2,21.5,Underweight
12.0,L,1,149.0,40.1,Overweight
11.0,P,0,141.8,28.9,Normal
9.0,P,0,126.8,31.2,Overweight
12.0,L,1,150.4,35.2,Normal
9.0,P,0,127.4,28.4,Normal
7.0,P,0,116.5,22.5,Normal
8.0,L,1,122.3,27.8,Overweight
7.0,L,1,118.3,23.8,Normal
8.0,P,0,122.8,29.0,Overweight
7.0,L,1,117.2,21.7,Normal
8.0,L,1,122.5,22.4,Normal
12.0,P,0,143.9,43.4,Overweight
11.0,P,0,136.4,35.1,Overweight
9.0,L,1,127.4,33.4,Overweight
6.0,P,0,115.2,21.2,Normal
6.0,P,0,113.3,20.3,Normal
10.0,P,0,134.1,33.2,Overweight
12.0,P,0,147.3,37.0,Normal
11.0,L,1,143.8,38.8,Overweight
11.0,P,0,139.8,35.7,Overweight
12.0,P,0,146.3,40.5,Overweight
7.0,L,1,117.8,21.3,Normal
8.0,P,0,120.7,22.5,Normal
12.0,P,0,152.0,34.0,Normal
11.0,L,1,142.0,39.2,Overweight
12.0,P,0,146.4,41.2,Overweight
12.0,P,0,146.5,33.0,Normal
8.0,L,1,122.8,23.6,Normal
7.0,L,1,118.7,18.2,Underweight
9.0,L,1,123.6,33.4,Overweight
9.0,L,1,128.6,31.5,Overweight
12.0,L,1,146.0,34.7,Normal
11.0,L,1,141.0,34.4,Normal
11.0,P,0,140.1,38.9,Overweight
12.0,P,0,145.6,43.8,Overweight
7.0,L,1,120.1,22.4,Normal
10.0,L,1,136.0,31.8,Normal
9.0,L,1,125.2,30.2,Overweight
8.0,P,0,122.6,27.2,Overweight
6.0,L,1,112.1,18.5,Normal
7.0,L,1,115.7,23.3,Normal
10.0,P,0,132.4,33.9,Overweight
12.0,P,0,149.0,41.8,Overweight
7.0,P,0,118.4,22.0,Normal
8.0,P,0,123.2,25.9,Normal
10.0,P,0,137.2,31.2,Normal
12.0,P,0,146.3,31.1,Normal
8.0,L,1,118.2,24.1,Normal
12.0,P,0,147.3,35.3,Normal
11.0,P,0,137.9,34.5,Overweight
8.0,L,1,122.9,25.9,Normal
12.0,P,0,147.3,44.2,Overweight
9.0,P,0,125.0,27.1,Normal
10.0,L,1,135.1,37.2,Overweight
12.0,L,1,147.5,41.4,Overweight
9.0,L,1,125.2,27.3,Normal
10.0,P,0,128.7,29.7,Normal
9.0,L,1,128.0,30.1,Overweight
12.0,P,0,145.5,37.7,Normal
7.0,P,0,119.4,22.8,Normal
11.0,L,1,142.8,37.1,Overweight
11.0,L,1,139.8,32.3,Normal
11.0,P,0,147.0,35.3,Normal
8.0,P,0,119.3,29.0,Overweight
9.0,P,0,130.7,28.2,Normal
10.0,P,0,131.6,37.3,Overweight
10.0,L,1,133.4,36.8,Overweight
11.0,L,1,137.2,36.5,Overweight
12.0,P,0,150.1,33.9,Normal
12.0,P,0,148.6,37.1,Normal
7.0,P,0,119.1,23.1,Normal
6.0,L,1,117.5,20.9,Normal
12.0,P,0,145.4,36.7,Normal
11.0,P,0,138.0,37.1,Overweight
11.0,L,1,139.1,35.9,Overweight
10.0,P,0,134.5,33.5,Overweight
8.0,L,1,125.9,25.4,Normal
9.0,P,0,126.4,28.6,Normal
8.0,P,0,122.4,20.8,Underweight
6.0,L,1,115.3,17.1,Underweight
10.0,P,0,137.9,31.6,Normal
11.0,L,1,139.9,33.7,Normal
12.0,L,1,144.7,45.1,Overweight
7.0,L,1,120.0,20.6,Normal
10.0,L,1,135.7,32.7,Normal
11.0,L,1,143.6,35.7,Normal
10.0,P,0,130.1,29.7,Normal
10.0,P,0,135.3,35.4,Overweight
7.0,L,1,123.0,20.4,Underweight
10.0,P,0,136.1,37.5,Overweight
6.0,L,1,115.4,18.6,Normal
11.0,P,0,140.0,32.9,Normal
7.0,P,0,121.7,20.1,Underweight
9.0,P,0,128.2,30.1,Overweight
10.0,L,1,136.0,38.0,Overweight
7.0,P,0,118.3,22.0,Normal
6.0,L,1,112.0,19.4,Normal
10.0,L,1,132.9,28.8,Normal
9.0,P,0,127.9,31.8,Overweight
8.0,L,1,127.3,20.0,Underweight
6.0,P,0,111.8,19.3,Normal
9.0,P,0,130.1,27.3,Normal
12.0,P,0,146.4,40.1,Overweight
10.0,L,1,137.1,31.4,Normal
12.0,P,0,149.0,33.8,Normal
7.0,L,1,117.4,24.4,Normal
12.0,L,1,148.6,36.8,Normal
12.0,P,0,142.3,44.2,Overweight
12.0,P,0,144.2,42.8,Overweight
11.0,L,1,140.8,32.2,Normal
11.0,L,1,143.6,33.4,Normal
9.0,L,1,125.0,30.4,Overweight
9.0,L,1,130.3,22.6,Underweight
12.0,L,1,144.0,37.0,Normal
7.0,L,1,115.9,21.4,Normal
7.0,P,0,121.5,18.7,Underweight
8.0,P,0,126.3,28.3,Normal
9.0,P,0,126.8,30.1,Overweight
10.0,L,1,133.8,34.6,Overweight
11.0,L,1,143.6,33.9,Normal
9.0,P,0,125.5,27.8,Normal
10.0,L,1,130.0,27.3,Normal
7.0,L,1,118.1,23.6,Normal
11.0,P,0,137.4,36.4,Overweight
9.0,L,1,128.8,28.7,Normal
7.0,L,1,122.6,25.0,Normal
9.0,L,1,132.2,30.8,Normal
9.0,P,0,127.2,26.8,Normal
11.0,L,1,140.1,31.6,Normal
11.0,L,1,145.0,37.6,Normal
7.0,P,0,119.2,24.9,Normal
10.0,L,1,135.0,28.3,Normal
12.0,P,0,147.6,38.0,Normal
6.0,L,1,115.0,19.1,Normal
10.0,L,1,137.7,30.4,Normal
6.0,P,0,111.2,19.9,Normal
9.0,L,1,132.7,28.4,Normal
8.0,P,0,123.5,23.1,Normal
11.0,P,0,142.6,33.8,Normal
11.0,L,1,141.0,34.6,Normal
12.0,L,1,145.2,37.4,Normal
12.0,P,0,142.9,41.2,Overweight
11.0,P,0,140.3,28.8,Normal
10.0,L,1,131.9,30.0,Normal
9.0,P,0,123.0,25.8,Normal
9.0,P,0,130.0,31.4,Overweight
10.0,L,1,137.3,31.4,Normal
7.0,L,1,119.4,18.5,Underweight
9.0,P,0,129.9,25.0,Normal
11.0,L,1,141.8,33.0,Normal
11.0,P,0,142.8,34.3,Normal
10.0,L,1,137.1,29.2,Normal
8.0,L,1,118.0,26.9,Overweight
8.0,P,0,123.0,27.1,Normal
8.0,L,1,124.1,23.1,Normal
12.0,L,1,144.7,38.9,Overweight
6.0,L,1,115.4,20.8,Normal
7.0,P,0,120.9,18.3,Underweight
12.0,L,1,142.0,42.5,Overweight
10.0,P,0,132.2,35.2,Overweight
12.0,P,0,146.4,37.8,Normal
12.0,P,0,149.2,44.1,Overweight
9.0,P,0,129.9,31.7,Overweight
11.0,P,0,143.9,38.9,Overweight
11.0,P,0,143.0,33.9,Normal
8.0,L,1,119.5,21.5,Normal
8.0,L,1,120.7,23.7,Normal
8.0,L,1,123.6,22.0,Normal
11.0,P,0,144.0,34.4,Normal
8.0,L,1,125.6,23.8,Normal
8.0,L,1,120.3,28.8,Overweight
11.0,L,1,142.4,31.1,Normal
11.0,P,0,139.6,35.4,Overweight
8.0,P,0,128.0,20.0,Underweight
12.0,P,0,149.4,39.0,Normal
12.0,P,0,148.1,36.5,Normal
10.0,P,0,129.5,35.2,Overweight
9.0,L,1,125.7,31.9,Overweight
10.0,L,1,136.0,25.9,Underweight
6.0,L,1,116.3,20.9,Normal
8.0,P,0,119.7,23.8,Normal
11.0,L,1,140.8,40.5,Overweight
11.0,L,1,139.9,35.0,Normal
6.0,P,0,114.5,17.6,Underweight
9.0,P,0,131.2,29.5,Normal
10.0,L,1,136.9,34.1,Overweight
6.0,P,0,113.5,19.2,Normal
11.0,L,1,139.4,35.3,Overweight
8.0,P,0,123.5,24.5,Normal
9.0,L,1,126.0,25.3,Normal
12.0,L,1,143.0,36.1,Normal
11.0,P,0,140.4,37.0,Overweight
7.0,L,1,113.0,19.2,Normal
10.0,L,1,131.0,31.2,Overweight
10.0,L,1,135.3,28.6,Normal
12.0,P,0,148.9,36.7,Normal
12.0,P,0,144.3,35.3,Normal
10.0,L,1,131.6,30.3,Normal
8.0,P,0,127.4,21.5,Underweight
8.0,P,0,123.3,23.7,Normal
12.0,P,0,143.4,41.4,Overweight
7.0,P,0,113.5,19.1,Normal
12.0,L,1,146.9,38.5,Normal
7.0,P,0,123.0,21.7,Normal
11.0,P,0,143.4,37.9,Overweight
11.0,P,0,146.3,34.5,Normal
10.0,P,0,136.5,34.7,Overweight
6.0,L,1,110.4,18.2,Normal
7.0,P,0,118.1,20.9,Normal
12.0,P,0,148.1,34.6,Normal
9.0,L,1,125.6,26.8,Normal
9.0,L,1,124.4,33.3,Overweight
9.0,P,0,123.0,29.3,Overweight
10.0,P,0,135.1,31.8,Normal
10.0,P,0,136.3,34.6,Overweight
9.0,P,0,128.3,23.8,Normal
8.0,P,0,122.1,26.5,Normal
10.0,P,0,137.2,30.4,Normal
9.0,L,1,126.5,28.6,Normal
11.0,L,1,136.9,33.0,Normal
7.0,L,1,115.0,20.0,Normal
9.0,L,1,129.0,28.2,Normal
12.0,L,1,147.1,41.4,Overweight
10.0,P,0,129.9,31.4,Overweight
8.0,L,1,125.6,22.1,Underweight
9.0,L,1,130.0,28.4,Normal
9.0,L,1,127.8,29.3,Normal
11.0,P,0,140.9,37.4,Overweight
7.0,L,1,123.0,21.3,Normal
12.0,L,1,142.2,40.7,Overweight
11.0,L,1,146.8,36.7,Normal
10.0,L,1,133.7,34.5,Overweight
9.0,L,1,126.5,23.0,Normal
7.0,P,0,122.0,21.6,Normal
11.0,P,0,139.7,32.8,Normal
11.0,P,0,143.3,38.7,Overweight
8.0,P,0,123.4,25.8,Normal
7.0,L,1,118.3,19.4,Underweight
6.0,L,1,113.2,17.2,Underweight
7.0,P,0,117.7,21.7,Normal
8.0,L,1,120.0,25.6,Normal
12.0,L,1,146.5,37.3,Normal
8.0,L,1,120.9,29.0,Overweight
9.0,P,0,123.6,32.6,Overweight
8.0,L,1,124.2,26.1,Normal
7.0,L,1,115.3,21.0,Normal
8.0,L,1,122.3,23.3,Normal
9.0,P,0,130.0,23.9,Normal
8.0,P,0,124.2,22.0,Normal
7.0,P,0,120.1,21.9,Normal
11.0,L,1,140.2,31.6,Normal
6.0,P,0,115.3,20.4,Normal
9.0,P,0,125.8,27.1,Normal
8.0,P,0,123.1,20.6,Underweight
8.0,L,1,125.7,23.7,Normal
12.0,L,1,141.3,36.1,Overweight
8.0,L,1,120.7,28.0,Overweight
11.0,L,1,141.1,31.1,Normal
9.0,P,0,128.1,26.6,Normal
6.0,L,1,115.6,20.4,Normal
12.0,P,0,148.0,36.7,Normal
10.0,L,1,133.0,33.0,Overweight
12.0,L,1,149.3,44.3,Overweight
10.0,P,0,132.8,31.2,Normal
8.0,L,1,120.0,22.0,Normal
12.0,P,0,147.9,34.1,Normal
6.0,P,0,112.3,20.0,Normal
11.0,P,0,140.1,35.7,Overweight
8.0,P,0,123.3,28.8,Overweight
10.0,L,1,133.1,32.5,Overweight
9.0,P,0,127.5,27.0,Normal
10.0,L,1,133.1,32.1,Overweight
12.0,P,0,142.4,39.8,Overweight
12.0,P,0,147.5,46.5,Overweight
9.0,L,1,125.3,29.3,Overweight
8.0,L,1,123.1,21.2,Underweight
12.0,P,0,144.2,39.7,Overweight
8.0,L,1,124.5,28.3,Overweight
9.0,P,0,125.7,27.3,Normal
12.0,P,0,144.4,38.8,Overweight
8.0,L,1,126.0,29.0,Overweight
7.0,P,0,120.4,18.9,Underweight
10.0,L,1,130.5,36.7,Overweight
10.0,P,0,138.9,33.8,Normal
6.0,L,1,115.8,19.3,Normal
12.0,P,0,140.0,33.1,Normal
10.0,P,0,130.0,31.5,Overweight
7.0,L,1,120.8,21.9,Normal
8.0,L,1,122.4,24.5,Normal
6.0,L,1,113.0,21.5,Normal
12.0,L,1,148.6,35.9,Normal
8.0,L,1,121.4,25.2,Normal
7.0,L,1,119.3,21.8,Normal
11.0,L,1,140.8,33.3,Normal
10.0,L,1,132.6,31.7,Overweight
8.0,L,1,120.2,23.6,Normal
6.0,P,0,117.3,21.3,Normal
12.0,P,0,141.7,39.5,Overweight
10.0,P,0,130.3,31.6,Overweight
9.0,L,1,130.1,26.5,Normal
12.0,P,0,142.7,40.5,Overweight
7.0,P,0,121.5,23.0,Normal
8.0,L,1,123.4,26.3,Normal
11.0,L,1,139.4,31.3,Normal
12.0,P,0,150.4,39.8,Normal
7.0,P,0,118.6,19.9,Normal
9.0,P,0,124.6,25.0,Normal
11.0,L,1,142.3,35.2,Normal
8.0,P,0,125.1,25.7,Normal
11.0,L,1,142.1,32.9,Normal
11.0,P,0,136.9,33.8,Overweight
12.0,L,1,143.6,38.8,Overweight
11.0,P,0,141.5,35.1,Normal
6.0,L,1,115.9,21.3,Normal
6.0,P,0,114.1,18.2,Underweight
6.0,P,0,115.8,21.2,Normal
7.0,L,1,121.3,21.5,Normal
12.0,P,0,143.8,45.0,Overweight
9.0,L,1,123.7,25.0,Normal
8.0,L,1,121.4,24.5,Normal
11.0,P,0,139.9,30.9,Normal
11.0,P,0,142.1,30.3,Normal
8.0,L,1,123.3,25.9,Normal
7.0,L,1,115.0,18.7,Normal
10.0,L,1,131.3,29.7,Normal
6.0,L,1,113.6,18.9,Normal
11.0,L,1,146.2,33.0,Normal
11.0,L,1,145.7,37.0,Normal
6.0,P,0,112.9,19.9,Normal
7.0,P,0,122.4,23.0,Normal
9.0,P,0,130.6,29.3,Normal
8.0,L,1,121.6,24.6,Normal
10.0,P,0,131.0,31.4,Overweight
7.0,P,0,119.1,23.2,Normal
9.0,L,1,130.9,28.5,Normal
8.0,L,1,124.5,25.5,Normal
10.0,L,1,128.6,30.8,Overweight
11.0,P,0,141.9,35.0,Normal
11.0,P,0,140.4,35.1,Normal
9.0,P,0,130.9,25.1,Normal
10.0,P,0,134.1,30.7,Normal
9.0,L,1,128.5,29.3,Normal
9.0,L,1,123.4,28.9,Overweight
12.0,L,1,148.0,39.9,Overweight
6.0,P,0,112.5,17.6,Underweight
6.0,L,1,113.3,21.8,Normal
7.0,L,1,113.0,23.0,Overweight
12.0,P,0,148.9,38.0,Normal
9.0,L,1,131.0,23.8,Underweight
10.0,P,0,138.6,33.6,Normal
12.0,L,1,147.8,34.8,Normal
11.0,L,1,144.8,34.9,Normal
11.0,P,0,137.0,31.6,Normal
6.0,P,0,111.3,17.4,Normal
7.0,L,1,113.0,19.8,Normal
6.0,P,0,114.7,20.7,Normal
8.0,P,0,124.9,27.8,Normal
8.0,L,1,122.1,23.5,Normal
10.0,P,0,129.3,31.6,Overweight
11.0,L,1,141.3,37.9,Overweight
6.0,L,1,111.9,17.2,Underweight
10.0,L,1,134.3,31.4,Normal
12.0,L,1,146.2,37.5,Normal
12.0,P,0,149.2,41.3,Overweight
11.0,L,1,142.5,38.5,Overweight
12.0,L,1,147.8,38.0,Normal
7.0,L,1,118.3,20.7,Normal
8.0,P,0,118.0,24.5,Normal
8.0,L,1,126.0,24.4,Normal
9.0,L,1,129.9,22.1,Underweight
10.0,L,1,135.4,31.1,Normal
7.0,P,0,120.3,20.6,Normal
11.0,P,0,139.9,35.1,Normal
10.0,P,0,133.8,36.4,Overweight
10.0,L,1,131.2,30.1,Normal
7.0,L,1,114.2,19.3,Normal
8.0,L,1,121.0,26.6,Overweight
10.0,P,0,132.4,34.0,Overweight
9.0,L,1,128.4,31.4,Overweight
9.0,L,1,127.2,30.1,Overweight
10.0,L,1,136.9,33.3,Normal
11.0,L,1,143.8,40.5,Overweight
8.0,P,0,121.3,20.5,Underweight
8.0,P,0,123.5,28.8,Overweight
9.0,P,0,123.0,30.2,Overweight
11.0,P,0,135.0,37.7,Overweight
12.0,L,1,151.2,34.2,Normal
9.0,L,1,125.0,23.3,Normal
10.0,L,1,133.4,30.8,Normal
7.0,P,0,121.0,21.4,Normal
8.0,P,0,121.7,24.8,Normal
12.0,P,0,149.2,36.1,Normal
10.0,P,0,133.1,31.5,Normal
12.0,L,1,147.8,40.4,Overweight
10.0,P,0,132.3,33.1,Overweight
9.0,L,1,129.6,27.1,Normal
11.0,P,0,143.7,39.5,Overweight
10.0,P,0,136.9,32.0,Normal
12.0,L,1,145.5,39.3,Overweight
11.0,P,0,138.9,35.1,Overweight
11.0,L,1,138.3,35.8,Overweight
9.0,L,1,126.9,30.2,Overweight
10.0,P,0,135.7,27.3,Normal
11.0,P,0,140.9,33.4,Normal
10.0,L,1,133.8,35.3,Overweight
7.0,L,1,119.7,20.5,Normal
10.0,L,1,132.9,29.6,Normal
12.0,L,1,150.8,33.9,Normal
11.0,L,1,147.0,39.1,Overweight
7.0,L,1,116.4,24.1,Normal
10.0,L,1,137.6,28.4,Normal
6.0,L,1,116.2,19.2,Normal
10.0,P,0,131.3,33.1,Overweight
9.0,L,1,123.1,26.9,Normal
8.0,P,0,124.7,22.0,Normal
12.0,P,0,151.3,35.4,Normal
9.0,L,1,129.9,29.2,Normal
11.0,P,0,137.4,35.8,Overweight
12.0,P,0,145.5,40.7,Overweight
8.0,P,0,125.1,21.1,Underweight
7.0,P,0,123.0,20.7,Underweight
10.0,L,1,133.6,29.3,Normal
10.0,L,1,133.0,27.2,Normal
6.0,P,0,116.5,17.0,Underweight
10.0,L,1,130.8,34.7,Overweight
8.0,L,1,121.3,21.9,Normal
6.0,L,1,113.8,21.2,Normal
7.0,L,1,119.6,23.8,Normal
8.0,L,1,118.4,23.2,Normal
6.0,P,0,112.4,18.7,Normal
11.0,L,1,141.6,40.5,Overweight
9.0,L,1,124.4,30.9,Overweight
8.0,P,0,119.2,22.3,Normal
10.0,P,0,131.6,33.0,Overweight
7.0,P,0,115.9,23.9,Normal
9.0,L,1,128.8,25.6,Normal
9.0,P,0,126.7,29.6,Overweight
8.0,L,1,119.8,22.9,Normal
7.0,L,1,120.5,19.4,Underweight
11.0,P,0,142.9,36.5,Normal
12.0,P,0,149.8,37.6,Normal
9.0,L,1,130.1,25.0,Normal
12.0,P,0,148.6,40.4,Overweight
9.0,P,0,129.6,31.3,Overweight
10.0,L,1,136.4,29.8,Normal
6.0,P,0,114.9,21.3,Normal
10.0,L,1,132.5,33.6,Overweight
8.0,L,1,125.7,24.2,Normal
8.0,L,1,127.1,24.9,Normal
7.0,P,0,116.6,24.2,Normal
9.0,P,0,125.0,24.0,Normal
6.0,L,1,113.2,20.0,Normal
11.0,P,0,136.0,34.1,Overweight
12.0,L,1,148.1,38.2,Normal
8.0,P,0,121.1,28.4,Overweight
9.0,P,0,126.1,27.1,Normal
8.0,P,0,120.4,29.0,Overweight
10.0,L,1,135.5,31.3,Normal
11.0,L,1,140.2,35.0,Normal
7.0,P,0,116.3,19.8,Normal
6.0,P,0,114.0,20.8,Normal
11.0,P,0,136.1,36.4,Overweight
7.0,P,0,122.5,20.3,Underweight
8.0,P,0,118.5,26.5,Overweight
9.0,P,0,131.1,27.7,Normal
9.0,L,1,128.1,33.5,Overweight
8.0,P,0,121.7,22.8,Normal
12.0,P,0,146.5,38.0,Normal
11.0,P,0,146.0,35.4,Normal
11.0,P,0,139.8,30.9,Normal
9.0,L,1,124.8,31.4,Overweight
10.0,L,1,138.6,28.2,Normal
10.0,L,1,134.6,29.5,Normal
10.0,P,0,129.5,30.8,Overweight
8.0,P,0,123.2,21.7,Normal
10.0,P,0,132.2,26.9,Normal
11.0,P,0,147.0,32.7,Normal
12.0,L,1,145.1,37.5,Normal
7.0,L,1,117.4,21.6,Normal
9.0,P,0,127.0,32.3,Overweight
9.0,P,0,129.1,32.3,Overweight
11.0,L,1,139.1,32.9,Normal
11.0,L,1,143.4,34.4,Normal
8.0,P,0,127.5,21.3,Underweight
7.0,L,1,117.0,21.5,Normal
9.0,L,1,128.6,29.0,Normal
9.0,L,1,127.8,22.1,Underweight
10.0,P,0,136.0,32.5,Normal
10.0,L,1,130.9,32.2,Overweight
12.0,L,1,144.3,39.6,Overweight
10.0,P,0,134.7,33.1,Overweight
7.0,P,0,119.4,19.5,Underweight
9.0,L,1,128.8,25.2,Normal
11.0,L,1,142.1,28.0,Underweight
12.0,L,1,147.1,41.3,Overweight
6.0,L,1,117.8,18.0,Underweight
11.0,P,0,140.5,37.0,Overweight
10.0,P,0,128.5,29.2,Normal
12.0,P,0,148.1,34.9,Normal
7.0,L,1,121.1,18.4,Underweight
10.0,L,1,138.3,36.8,Overweight
9.0,P,0,130.3,30.8,Overweight
10.0,L,1,133.3,27.3,Normal
7.0,P,0,117.5,19.9,Normal
11.0,P,0,140.7,34.3,Normal
7.0,P,0,116.3,20.8,Normal
8.0,L,1,124.9,20.5,Underweight
11.0,L,1,136.9,39.7,Overweight
12.0,P,0,145.7,45.5,Overweight
9.0,L,1,131.8,24.3,Normal
9.0,P,0,123.0,30.9,Overweight
12.0,P,0,144.0,44.4,Overweight
9.0,L,1,125.6,27.1,Normal
11.0,L,1,142.9,37.5,Overweight
12.0,P,0,145.8,39.1,Overweight
8.0,P,0,127.9,23.5,Normal
12.0,L,1,144.8,36.3,Normal
7.0,L,1,121.2,21.8,Normal
12.0,L,1,145.1,39.2,Overweight
9.0,L,1,129.7,31.3,Overweight
6.0,P,0,114.2,19.3,Normal
12.0,P,0,149.1,38.1,Normal
11.0,L,1,141.3,37.6,Overweight
10.0,P,0,134.2,32.6,Overweight
8.0,P,0,120.6,27.4,Overweight
8.0,L,1,124.2,24.2,Normal
12.0,P,0,149.8,34.2,Normal
8.0,L,1,119.1,23.8,Normal
8.0,L,1,119.5,26.3,Overweight
12.0,L,1,149.0,37.8,Normal
11.0,L,1,145.0,40.7,Overweight
11.0,P,0,141.7,29.9,Normal
7.0,P,0,116.9,18.5,Underweight
7.0,L,1,120.5,20.1,Underweight
11.0,L,1,142.8,36.5,Normal
8.0,P,0,123.8,25.8,Normal
12.0,L,1,145.4,42.3,Overweight
11.0,L,1,145.1,32.3,Normal
10.0,L,1,138.4,35.1,Overweight
9.0,L,1,127.2,32.2,Overweight
10.0,L,1,131.8,29.0,Normal
8.0,P,0,124.2,26.8,Normal
12.0,L,1,147.9,41.1,Overweight
8.0,L,1,124.3,23.8,Normal
11.0,L,1,137.8,39.5,Overweight
10.0,P,0,136.5,33.0,Normal
9.0,L,1,133.0,31.1,Normal
10.0,L,1,137.9,34.9,Overweight
8.0,L,1,125.7,26.0,Normal
10.0,P,0,136.5,32.2,Normal
9.0,P,0,127.6,29.2,Normal
9.0,L,1,130.3,27.6,Normal
12.0,P,0,144.7,35.1,Normal
6.0,P,0,111.2,22.0,Normal
8.0,L,1,122.0,20.9,Normal
7.0,P,0,115.2,24.3,Overweight
11.0,L,1,145.5,34.7,Normal
9.0,P,0,127.0,26.0,Normal
10.0,L,1,130.7,32.6,Overweight
11.0,L,1,141.0,35.8,Overweight
9.0,P,0,130.5,25.9,Normal
11.0,L,1,146.1,43.0,Overweight
9.0,L,1,127.2,27.5,Normal
10.0,L,1,134.4,30.1,Normal
9.0,P,0,130.7,29.6,Normal
12.0,L,1,144.4,39.5,Overweight
9.0,L,1,129.7,34.0,Overweight
12.0,P,0,150.0,47.4,Overweight
11.0,P,0,135.3,29.7,Normal
11.0,P,0,139.7,32.5,Normal
8.0,P,0,125.6,24.7,Normal
12.0,P,0,143.7,38.9,Overweight
12.0,L,1,145.6,42.4,Overweight
8.0,L,1,121.4,28.8,Overweight
12.0,L,1,144.9,40.5,Overweight
10.0,P,0,134.7,30.0,Normal
12.0,L,1,149.7,37.5,Normal
11.0,L,1,141.4,33.8,Normal
11.0,P,0,143.7,39.4,Overweight
8.0,L,1,125.4,25.6,Normal
11.0,L,1,139.8,33.0,Normal
9.0,L,1,126.0,28.0,Normal
12.0,L,1,144.2,36.5,Normal
6.0,L,1,113.2,18.3,Normal
11.0,L,1,141.7,37.0,Overweight
8.0,P,0,125.3,23.7,Normal
11.0,L,1,142.4,35.1,Normal
6.0,P,0,113.3,17.8,Underweight
12.0,L,1,148.2,42.0,Overweight
11.0,P,0,142.9,33.2,Normal
12.0,P,0,144.4,32.0,Normal
11.0,L,1,139.7,33.4,Normal
10.0,P,0,133.5,30.7,Normal
9.0,P,0,128.4,28.7,Normal
7.0,L,1,113.2,18.3,Normal
11.0,P,0,141.4,38.6,Overweight
7.0,P,0,117.9,20.5,Normal
6.0,L,1,111.2,18.6,Normal
12.0,P,0,145.1,43.4,Overweight
11.0,L,1,140.9,39.4,Overweight
7.0,L,1,118.5,18.7,Underweight
10.0,L,1,139.1,32.1,Normal
10.0,P,0,134.7,29.4,Normal
12.0,L,1,150.4,41.6,Overweight
11.0,P,0,141.9,30.1,Normal
10.0,L,1,136.5,31.0,Normal
10.0,L,1,135.7,29.5,Normal
6.0,L,1,116.6,17.2,Underweight
7.0,P,0,117.9,18.3,Underweight
6.0,P,0,113.0,20.4,Normal
8.0,L,1,126.8,25.4,Normal
7.0,L,1,116.7,24.3,Normal
6.0,L,1,115.7,20.4,Normal
8.0,L,1,128.0,21.4,Underweight
10.0,P,0,136.2,34.0,Overweight
10.0,L,1,133.2,31.9,Normal
11.0,L,1,139.3,34.1,Normal
9.0,L,1,131.8,22.0,Underweight
11.0,P,0,140.0,31.4,Normal
8.0,P,0,121.0,27.4,Overweight
11.0,L,1,143.0,37.3,Overweight
9.0,L,1,126.9,27.8,Normal
9.0,P,0,129.7,27.3,Normal
11.0,P,0,140.9,39.2,Overweight
11.0,L,1,142.6,37.9,Overweight
6.0,L,1,113.5,17.2,Underweight
8.0,P,0,123.9,21.9,Normal
12.0,P,0,142.5,38.3,Overweight
8.0,L,1,119.1,22.5,Normal
6.0,P,0,112.0,18.9,Normal
8.0,L,1,123.8,21.5,Normal
9.0,P,0,129.5,29.9,Normal
7.0,L,1,122.9,24.4,Normal
11.0,P,0,143.8,33.7,Normal
9.0,P,0,126.1,32.0,Overweight
10.0,L,1,133.5,27.3,Normal
12.0,P,0,146.7,40.5,Overweight
11.0,L,1,140.7,30.8,Normal
10.0,L,1,136.2,29.6,Normal
9.0,P,0,130.2,27.9,Normal
11.0,P,0,143.8,40.2,Overweight
9.0,P,0,127.8,24.0,Normal
10.0,P,0,134.6,27.4,Normal
10.0,P,0,131.2,31.5,Overweight
11.0,L,1,143.0,32.8,Normal
8.0,L,1,121.8,24.3,Normal
7.0,L,1,117.2,22.2,Normal
7.0,L,1,119.2,20.8,Normal
12.0,P,0,146.4,42.4,Overweight
9.0,L,1,127.4,28.8,Normal
9.0,L,1,124.9,31.4,Overweight
6.0,P,0,115.1,20.9,Normal
8.0,L,1,122.7,23.8,Normal
10.0,L,1,136.0,31.5,Normal
8.0,P,0,123.0,28.9,Overweight
9.0,L,1,126.4,30.7,Overweight
7.0,P,0,119.3,18.7,Underweight
8.0,P,0,122.8,27.7,Overweight
10.0,L,1,133.7,31.3,Normal
9.0,P,0,130.9,25.6,Normal
8.0,P,0,125.7,24.4,Normal
7.0,L,1,117.5,18.1,Underweight
10.0,L,1,137.4,34.2,Overweight
10.0,P,0,135.5,29.0,Normal
9.0,P,0,132.1,26.4,Normal
9.0,P,0,123.3,30.3,Overweight
6.0,L,1,112.9,19.4,Normal
11.0,P,0,143.7,34.8,Normal
10.0,P,0,131.4,33.5,Overweight
11.0,P,0,140.4,36.7,Overweight
11.0,L,1,143.6,35.3,Normal
11.0,P,0,139.8,35.8,Overweight
10.0,P,0,131.8,33.3,Overweight
9.0,P,0,130.2,30.0,Normal
11.0,P,0,144.6,35.6,Normal
6.0,L,1,114.8,20.5,Normal
8.0,P,0,126.3,29.0,Overweight
12.0,P,0,146.1,31.7,Normal
12.0,L,1,150.3,43.3,Overweight
12.0,L,1,145.9,43.1,Overweight
8.0,P,0,124.3,22.6,Normal
11.0,L,1,138.0,31.6,Normal
9.0,P,0,129.0,24.1,Normal
7.0,P,0,113.0,18.9,Normal
7.0,L,1,120.0,19.6,Underweight
9.0,L,1,125.2,26.9,Normal
11.0,L,1,141.8,36.0,Normal
10.0,L,1,133.6,34.8,Overweight
7.0,P,0,119.9,20.3,Normal
12.0,L,1,150.9,37.5,Normal
11.0,L,1,140.0,33.6,Normal
9.0,P,0,128.7,26.4,Normal
9.0,L,1,127.6,24.7,Normal
11.0,L,1,139.8,31.8,Normal
12.0,L,1,149.0,38.4,Normal
7.0,P,0,115.2,20.9,Normal
9.0,L,1,132.5,28.4,Normal
9.0,L,1,131.4,32.8,Overweight
9.0,L,1,124.1,29.3,Overweight
7.0,P,0,114.4,20.6,Normal
9.0,L,1,131.2,27.7,Normal
10.0,P,0,133.2,32.6,Overweight
6.0,P,0,110.9,21.7,Normal
12.0,L,1,142.3,37.2,Overweight
8.0,P,0,121.5,26.8,Overweight
7.0,P,0,117.6,21.5,Normal
9.0,L,1,128.0,28.3,Normal
8.0,P,0,122.5,22.9,Normal
11.0,P,0,142.5,34.8,Normal
11.0,P,0,146.6,33.8,Normal
9.0,L,1,129.7,29.5,Normal
9.0,P,0,131.2,28.6,Normal
11.0,P,0,139.2,37.5,Overweight
9.0,L,1,127.3,29.1,Normal
11.0,P,0,138.7,32.1,Normal
9.0,L,1,126.5,29.8,Overweight
6.0,L,1,118.0,17.4,Underweight
9.0,L,1,125.9,25.0,Normal
9.0,L,1,126.8,27.3,Normal
12.0,L,1,150.9,37.0,Normal
12.0,L,1,146.7,45.1,Overweight
11.0,L,1,143.1,32.6,Normal
11.0,L,1,141.9,37.9,Overweight
11.0,L,1,137.5,37.9,Overweight
10.0,P,0,133.0,29.5,Normal
12.0,L,1,144.6,43.1,Overweight
11.0,L,1,135.0,31.8,Normal
12.0,L,1,146.2,39.8,Overweight
9.0,L,1,129.4,25.9,Normal
6.0,P,0,113.8,17.3,Underweight
8.0,P,0,121.7,25.1,Normal
7.0,P,0,116.0,22.6,Normal
9.0,P,0,127.2,29.5,Overweight
9.0,L,1,124.4,29.1,Overweight
12.0,P,0,145.6,40.2,Overweight
7.0,L,1,113.1,18.0,Normal
7.0,L,1,119.4,21.1,Normal
7.0,P,0,123.0,20.3,Underweight
10.0,L,1,138.5,25.4,Underweight
9.0,L,1,128.7,26.8,Normal
7.0,P,0,117.9,21.5,Normal
7.0,L,1,120.0,20.1,Underweight
7.0,L,1,118.1,23.2,Normal
9.0,L,1,131.4,32.5,Overweight
9.0,P,0,128.8,26.6,Normal
9.0,P,0,126.8,32.5,Overweight
12.0,P,0,142.4,35.3,Normal
6.0,P,0,117.0,21.5,Normal
12.0,P,0,146.2,34.0,Normal
10.0,P,0,134.4,28.2,Normal
10.0,P,0,136.3,34.0,Overweight
7.0,L,1,120.0,25.0,Normal
12.0,L,1,147.3,39.5,Overweight
8.0,L,1,120.3,27.7,Overweight
9.0,L,1,130.9,27.8,Normal
10.0,P,0,136.9,28.3,Normal
8.0,L,1,126.4,27.9,Normal
11.0,L,1,145.4,34.4,Normal
10.0,L,1,133.9,30.5,Normal
10.0,P,0,130.4,28.3,Normal
8.0,P,0,122.3,20.3,Underweight
11.0,L,1,140.6,35.1,Normal
12.0,L,1,144.9,41.1,Overweight
8.0,P,0,120.6,21.2,Normal
11.0,L,1,147.0,28.1,Underweight
9.0,P,0,126.5,23.4,Normal
9.0,P,0,124.5,25.9,Normal
6.0,P,0,111.8,20.8,Normal
8.0,P,0,124.4,24.4,Normal
7.0,P,0,115.9,21.9,Normal
9.0,L,1,125.2,26.6,Normal
8.0,L,1,123.7,24.7,Normal
12.0,P,0,147.9,41.9,Overweight
12.0,P,0,147.3,37.4,Normal
12.0,L,1,147.5,42.5,Overweight
6.0,P,0,116.9,18.9,Underweight
10.0,P,0,136.9,34.2,Overweight
6.0,L,1,112.1,20.5,Normal
11.0,L,1,140.3,42.6,Overweight
10.0,L,1,136.8,32.2,Normal
9.0,L,1,126.8,24.7,Normal
10.0,L,1,132.5,35.6,Overweight
6.0,L,1,116.2,18.3,Underweight
12.0,L,1,146.4,40.4,Overweight
9.0,L,1,126.4,25.6,Normal
10.0,P,0,137.0,33.9,Overweight
7.0,P,0,115.9,20.5,Normal
11.0,P,0,139.1,37.0,Overweight
11.0,L,1,141.9,38.8,Overweight
9.0,L,1,126.3,26.9,Normal
7.0,P,0,118.4,21.5,Normal
12.0,L,1,143.2,30.9,Normal
10.0,L,1,131.7,38.0,Overweight
7.0,L,1,119.8,19.8,Underweight
9.0,L,1,125.1,25.2,Normal
11.0,P,0,142.9,39.8,Overweight
7.0,P,0,120.3,21.9,Normal
11.0,P,0,141.7,33.3,Normal
9.0,P,0,129.5,30.0,Normal
9.0,P,0,131.6,29.6,Normal
12.0,L,1,143.3,42.6,Overweight
9.0,L,1,126.8,32.5,Overweight
11.0,P,0,136.0,32.5,Normal
10.0,L,1,128.5,35.6,Overweight
7.0,L,1,114.4,20.9,Normal
6.0,L,1,112.2,17.3,Underweight
6.0,L,1,110.7,18.9,Normal
7.0,P,0,118.6,24.3,Normal
12.0,L,1,143.8,37.8,Overweight
9.0,L,1,131.2,30.7,Normal
12.0,L,1,151.3,43.0,Overweight
12.0,L,1,144.5,37.0,Normal
9.0,P,0,127.7,23.2,Normal
6.0,L,1,117.5,19.5,Normal
6.0,L,1,114.0,20.7,Normal
8.0,P,0,118.9,24.1,Normal
7.0,L,1,115.3,20.7,Normal
10.0,P,0,131.2,33.3,Overweight
8.0,P,0,123.9,26.9,Normal
7.0,L,1,118.6,20.0,Normal
12.0,P,0,146.5,36.4,Normal
12.0,P,0,148.3,40.5,Overweight
7.0,P,0,114.2,24.8,Overweight
12.0,L,1,142.5,37.8,Overweight
10.0,P,0,135.2,28.8,Normal
11.0,L,1,143.4,31.1,Normal
8.0,P,0,124.9,27.0,Normal
9.0,L,1,125.5,23.8,Normal
10.0,L,1,130.5,33.3,Overweight
6.0,L,1,117.5,18.3,Underweight
6.0,P,0,115.8,17.3,Underweight
12.0,P,0,148.6,38.2,Normal
10.0,L,1,133.4,29.0,Normal
7.0,P,0,122.4,18.0,Underweight
10.0,P,0,136.5,31.1,Normal
10.0,P,0,133.3,30.2,Normal
9.0,L,1,132.2,27.9,Normal
9.0,P,0,123.9,22.6,Normal
10.0,P,0,135.7,31.4,Normal
7.0,L,1,121.0,24.4,Normal
10.0,L,1,136.2,32.6,Normal
8.0,P,0,119.8,27.8,Overweight
10.0,P,0,136.8,35.8,Overweight
7.0,L,1,114.2,18.1,Underweight
12.0,P,0,140.8,35.0,Normal
10.0,L,1,137.0,28.3,Normal
10.0,L,1,137.6,35.4,Overweight
10.0,P,0,128.7,35.1,Overweight
9.0,L,1,130.0,26.8,Normal
10.0,L,1,139.9,34.7,Normal
12.0,P,0,148.5,36.2,Normal
7.0,L,1,117.7,19.9,Normal
8.0,L,1,123.8,24.5,Normal
9.0,L,1,130.4,26.9,Normal
12.0,P,0,142.9,40.2,Overweight
8.0,P,0,124.3,23.3,Normal
7.0,P,0,113.5,18.6,Normal
10.0,P,0,137.1,34.0,Overweight
8.0,P,0,123.0,20.9,Underweight
11.0,P,0,140.2,31.9,Normal
8.0,L,1,128.0,24.7,Normal
9.0,L,1,127.2,30.8,Overweight
10.0,L,1,137.2,31.4,Normal
6.0,L,1,110.9,19.1,Normal
10.0,P,0,136.8,29.3,Normal
12.0,L,1,143.5,42.1,Overweight
10.0,L,1,133.4,33.3,Overweight
8.0,P,0,123.7,21.8,Normal
8.0,L,1,123.2,21.7,Normal
6.0,L,1,116.7,19.1,Underweight
10.0,P,0,132.2,27.1,Normal
12.0,L,1,148.0,38.7,Normal
12.0,L,1,144.8,31.3,Normal
10.0,L,1,135.2,31.1,Normal
6.0,P,0,112.0,17.5,Underweight
6.0,L,1,116.4,20.7,Normal
10.0,P,0,128.0,28.6,Normal
6.0,L,1,116.0,21.3,Normal
10.0,L,1,132.0,29.3,Normal
9.0,P,0,129.0,30.0,Normal
8.0,P,0,119.5,25.5,Normal
7.0,P,0,119.8,18.4,Underweight
7.0,L,1,119.3,23.5,Normal
6.0,P,0,110.3,19.2,Normal
12.0,L,1,150.0,43.1,Overweight
11.0,L,1,141.7,38.3,Overweight
10.0,P,0,136.3,29.6,Normal
8.0,P,0,123.1,23.5,Normal
7.0,L,1,123.0,23.0,Normal
6.0,P,0,115.5,19.7,Normal
9.0,L,1,127.9,26.3,Normal
10.0,L,1,134.3,32.5,Overweight
6.0,L,1,113.5,21.7,Normal
9.0,L,1,126.0,25.7,Normal
8.0,L,1,125.4,28.7,Overweight
10.0,L,1,132.1,32.1,Overweight
7.0,P,0,115.6,22.8,Normal
9.0,L,1,124.2,28.7,Overweight
10.0,P,0,134.1,30.6,Normal
11.0,L,1,135.6,34.2,Overweight
12.0,L,1,148.6,37.0,Normal
12.0,L,1,149.0,39.0,Normal
11.0,L,1,138.6,37.9,Overweight
11.0,L,1,138.7,36.6,Overweight
12.0,P,0,141.1,35.6,Normal
8.0,L,1,120.7,26.7,Overweight
12.0,P,0,146.5,36.6,Normal
10.0,L,1,131.2,30.8,Normal
6.0,L,1,113.2,20.5,Normal
11.0,P,0,141.1,31.1,Normal
12.0,L,1,141.6,35.4,Normal
11.0,P,0,140.1,33.5,Normal
11.0,L,1,140.3,35.8,Overweight
11.0,L,1,144.9,38.2,Overweight
6.0,L,1,116.3,19.8,Normal
6.0,L,1,115.1,18.1,Underweight
7.0,P,0,116.6,22.5,Normal
9.0,L,1,130.6,28.4,Normal
10.0,P,0,129.7,32.2,Overweight
8.0,L,1,119.9,25.3,Normal
6.0,L,1,114.4,18.4,Normal
11.0,L,1,138.1,32.3,Normal
6.0,L,1,112.2,21.7,Normal
12.0,L,1,146.2,41.0,Overweight
10.0,L,1,131.5,30.1,Normal
11.0,L,1,135.9,33.9,Overweight
6.0,L,1,110.8,17.9,Normal
10.0,L,1,130.1,25.0,Normal
11.0,P,0,139.9,31.1,Normal
8.0,L,1,123.6,23.8,Normal
8.0,L,1,123.8,20.8,Underweight
7.0,L,1,116.7,21.3,Normal
9.0,L,1,128.4,27.8,Normal
7.0,L,1,114.0,24.8,Overweight
11.0,P,0,141.6,33.4,Normal
10.0,P,0,137.4,31.3,Normal
12.0,P,0,145.0,33.9,Normal
10.0,P,0,134.7,30.8,Normal
8.0,L,1,126.3,23.7,Normal
12.0,P,0,146.4,40.6,Overweight
8.0,L,1,123.4,27.2,Normal
6.0,L,1,112.7,20.6,Normal
10.0,L,1,130.5,34.8,Overweight
12.0,L,1,150.0,40.7,Overweight
12.0,P,0,146.3,38.8,Overweight
6.0,P,0,113.9,19.1,Normal
7.0,P,0,118.2,18.8,Underweight
9.0,P,0,130.7,28.7,Normal
12.0,P,0,144.9,32.8,Normal
9.0,L,1,129.7,24.2,Normal
8.0,L,1,127.9,27.1,Normal
12.0,P,0,150.7,37.8,Normal
6.0,P,0,116.6,20.7,Normal
12.0,P,0,142.8,39.0,Overweight
12.0,L,1,147.0,39.4,Overweight
8.0,L,1,125.6,20.8,Underweight
7.0,P,0,119.0,24.9,Normal
7.0,L,1,122.1,18.0,Underweight
12.0,P,0,146.8,37.0,Normal
8.0,L,1,118.8,20.5,Normal
6.0,L,1,114.1,18.4,Normal
7.0,L,1,117.4,19.9,Normal
9.0,P,0,127.2,24.8,Normal
12.0,L,1,149.1,40.3,Overweight
9.0,L,1,127.8,28.3,Normal
12.0,P,0,148.8,39.4,Normal
9.0,P,0,124.6,25.4,Normal
6.0,P,0,113.2,20.9,Normal
10.0,L,1,137.3,30.4,Normal
11.0,P,0,139.0,29.9,Normal
12.0,P,0,147.5,40.6,Overweight
9.0,L,1,133.0,27.9,Normal
8.0,L,1,122.4,25.6,Normal
9.0,P,0,126.8,28.0,Normal
7.0,L,1,118.7,18.3,Underweight
10.0,P,0,136.3,34.5,Overweight
7.0,L,1,116.1,18.4,Underweight
11.0,L,1,141.2,37.7,Overweight
7.0,P,0,120.7,25.0,Normal
9.0,L,1,125.3,27.2,Normal
10.0,P,0,138.9,29.1,Normal
10.0,P,0,132.9,38.0,Overweight
8.0,P,0,121.6,26.1,Normal
10.0,L,1,132.6,27.6,Normal
9.0,P,0,127.1,25.2,Normal
10.0,L,1,131.0,32.1,Overweight
12.0,L,1,147.1,42.1,Overweight
9.0,P,0,130.6,22.7,Underweight
7.0,P,0,118.1,24.6,Normal
10.0,P,0,134.5,31.6,Normal
6.0,P,0,113.5,17.2,Underweight
11.0,L,1,138.8,43.0,Obesity
6.0,L,1,114.7,18.4,Underweight
9.0,P,0,127.9,27.2,Normal
8.0,P,0,122.6,24.7,Normal
6.0,P,0,112.4,17.5,Underweight
9.0,P,0,129.6,31.2,Overweight
10.0,L,1,131.2,28.6,Normal
12.0,L,1,145.2,44.4,Overweight
10.0,L,1,139.2,32.2,Normal
9.0,P,0,123.0,27.2,Normal
12.0,L,1,148.7,39.4,Normal
11.0,L,1,144.1,34.1,Normal
12.0,L,1,148.6,41.1,Overweight
6.0,P,0,118.0,21.1,Normal
9.0,L,1,124.2,25.1,Normal
11.0,L,1,137.5,37.1,Overweight
7.0,P,0,115.0,21.1,Normal
8.0,L,1,123.6,25.3,Normal
9.0,P,0,127.1,23.4,Normal
10.0,L,1,132.9,29.7,Normal
7.0,L,1,119.6,22.9,Normal
9.0,L,1,126.6,26.7,Normal
8.0,L,1,123.1,23.7,Normal
9.0,P,0,127.9,31.1,Overweight
9.0,L,1,126.3,28.3,Normal
8.0,P,0,122.7,26.5,Normal
9.0,L,1,130.4,27.2,Normal
11.0,L,1,139.9,34.1,Normal
7.0,L,1,114.2,18.0,Underweight
7.0,P,0,117.0,21.5,Normal
8.0,P,0,122.0,22.0,Normal
8.0,P,0,122.1,25.1,Normal
7.0,L,1,123.0,21.1,Underweight
10.0,P,0,130.9,31.2,Overweight
12.0,L,1,142.8,37.6,Overweight
10.0,P,0,134.8,36.6,Overweight
10.0,L,1,134.3,31.8,Normal
9.0,L,1,126.4,26.9,Normal
8.0,L,1,123.5,25.9,Normal
9.0,P,0,124.7,25.8,Normal
10.0,L,1,128.5,32.5,Overweight
9.0,L,1,129.2,30.9,Overweight
10.0,P,0,135.5,30.8,Normal
8.0,P,0,122.6,23.6,Normal
9.0,L,1,128.1,27.0,Normal
9.0,L,1,123.5,24.8,Normal
8.0,P,0,124.4,20.0,Underweight
10.0,L,1,133.8,29.7,Normal
9.0,L,1,128.7,29.8,Overweight
11.0,L,1,145.3,33.5,Normal
11.0,P,0,141.7,33.8,Normal
11.0,L,1,139.9,34.6,Normal
10.0,P,0,136.5,28.3,Normal
9.0,P,0,129.0,23.2,Underweight
8.0,L,1,123.5,24.5,Normal
11.0,L,1,142.1,32.3,Normal
6.0,L,1,114.5,20.6,Normal
12.0,L,1,147.9,37.5,Normal
12.0,P,0,145.9,40.4,Overweight
11.0,L,1,138.1,35.5,Overweight
11.0,P,0,141.0,38.9,Overweight
11.0,P,0,143.2,30.4,Normal
9.0,P,0,128.3,30.2,Overweight
12.0,P,0,149.6,38.6,Normal
8.0,L,1,119.0,29.0,Overweight
9.0,P,0,128.7,33.6,Overweight
7.0,P,0,118.0,21.7,Normal
11.0,P,0,139.9,31.8,Normal
12.0,P,0,147.1,41.5,Overweight
10.0,L,1,132.5,32.0,Overweight
9.0,L,1,124.0,28.6,Overweight
6.0,P,0,117.2,17.0,Underweight
12.0,L,1,147.5,44.9,Overweight
10.0,L,1,132.8,31.6,Normal
10.0,P,0,130.3,33.2,Overweight
8.0,L,1,127.1,25.1,Normal
12.0,L,1,143.2,39.9,Overweight
8.0,L,1,124.2,26.2,Normal
7.0,P,0,115.9,18.6,Underweight
9.0,P,0,126.2,34.0,Overweight
12.0,P,0,148.1,41.8,Overweight
12.0,L,1,142.2,33.0,Normal
10.0,L,1,132.5,33.5,Overweight
8.0,P,0,121.5,25.4,Normal
6.0,L,1,114.5,18.5,Normal
11.0,P,0,139.5,29.4,Normal
9.0,P,0,127.1,32.4,Overweight
12.0,P,0,145.8,42.0,Overweight
11.0,L,1,145.1,40.9,Overweight
12.0,P,0,145.2,43.6,Overweight
10.0,P,0,133.9,32.2,Normal
10.0,L,1,133.9,32.6,Overweight
12.0,P,0,145.7,41.8,Overweight
9.0,L,1,128.9,25.6,Normal
10.0,L,1,135.7,28.8,Normal
8.0,L,1,124.6,21.1,Underweight
10.0,L,1,131.6,33.4,Overweight
11.0,L,1,136.1,34.5,Overweight
11.0,L,1,141.1,32.2,Normal
9.0,L,1,128.5,33.4,Overweight
8.0,L,1,125.0,24.7,Normal
9.0,P,0,127.5,30.0,Overweight
11.0,L,1,135.3,38.2,Overweight
9.0,P,0,125.9,29.4,Overweight
10.0,L,1,131.2,30.9,Normal
9.0,P,0,127.6,30.4,Overweight
6.0,P,0,117.0,18.2,Underweight
10.0,P,0,134.0,35.4,Overweight
7.0,P,0,120.3,21.6,Normal
11.0,L,1,139.0,30.6,Normal
9.0,L,1,128.6,26.4,Normal
12.0,P,0,148.1,39.4,Normal
8.0,P,0,119.0,21.4,Normal
6.0,L,1,117.2,17.2,Underweight
12.0,L,1,150.7,38.1,Normal
6.0,L,1,115.0,20.3,Normal
12.0,P,0,148.3,36.2,Normal
8.0,P,0,126.8,28.6,Normal
8.0,L,1,124.4,22.9,Normal
10.0,L,1,132.8,32.6,Overweight
10.0,L,1,135.8,27.9,Normal
6.0,L,1,110.0,19.6,Normal
10.0,P,0,132.3,28.1,Normal
10.0,P,0,132.5,30.0,Normal
10.0,L,1,133.3,32.8,Overweight
12.0,P,0,148.7,38.6,Normal
10.0,L,1,138.7,32.0,Normal
8.0,P,0,121.7,24.0,Normal
8.0,P,0,126.2,20.0,Underweight
8.0,P,0,128.0,24.9,Normal
12.0,P,0,143.9,37.4,Overweight
10.0,P,0,130.5,27.3,Normal
11.0,P,0,141.5,34.1,Normal
11.0,L,1,141.8,38.2,Overweight
12.0,L,1,147.5,38.3,Normal
8.0,P,0,119.9,26.9,Overweight
10.0,L,1,135.0,29.6,Normal
8.0,P,0,124.2,25.2,Normal
9.0,P,0,126.2,26.3,Normal
7.0,P,0,117.0,18.1,Underweight
8.0,P,0,126.9,24.9,Normal
9.0,P,0,125.0,27.0,Normal
8.0,L,1,119.9,25.8,Normal
9.0,P,0,127.4,31.2,Overweight
11.0,L,1,146.0,32.6,Normal
8.0,P,0,123.4,25.0,Normal
12.0,L,1,146.5,39.1,Overweight
9.0,P,0,126.3,31.0,Overweight
8.0,P,0,123.1,22.9,Normal
9.0,L,1,131.2,25.0,Normal
12.0,P,0,147.8,39.6,Overweight
12.0,P,0,141.4,38.1,Overweight
11.0,L,1,142.8,32.0,Normal
10.0,P,0,136.6,28.1,Normal
6.0,L,1,115.9,20.3,Normal
11.0,L,1,144.3,33.2,Normal
12.0,L,1,148.8,33.2,Normal
11.0,P,0,142.8,40.5,Overweight
10.0,L,1,138.6,31.4,Normal
7.0,L,1,116.1,22.2,Normal
12.0,P,0,145.9,40.1,Overweight
11.0,L,1,135.6,34.7,Overweight
7.0,P,0,116.4,21.4,Normal
12.0,L,1,142.5,34.9,Normal
10.0,P,0,134.5,35.3,Overweight
12.0,P,0,145.2,36.5,Normal
10.0,P,0,133.4,34.1,Overweight
6.0,L,1,116.3,18.9,Underweight
12.0,L,1,143.0,42.1,Overweight
11.0,P,0,137.6,36.4,Overweight
11.0,P,0,141.6,29.5,Normal
7.0,L,1,117.5,20.7,Normal
6.0,P,0,110.3,20.8,Normal
12.0,P,0,148.0,35.8,Normal
12.0,P,0,144.5,37.8,Overweight
9.0,P,0,128.2,23.4,Normal
11.0,L,1,140.5,39.5,Overweight
8.0,L,1,119.5,24.4,Normal
7.0,L,1,122.3,18.0,Underweight
8.0,P,0,123.9,24.4,Normal
6.0,L,1,113.7,18.8,Normal
12.0,P,0,144.5,40.9,Overweight
11.0,P,0,138.8,28.3,Normal
10.0,P,0,136.0,30.7,Normal
11.0,L,1,140.6,33.8,Normal
8.0,L,1,121.4,22.9,Normal
9.0,P,0,127.9,27.9,Normal
9.0,L,1,126.4,27.3,Normal
8.0,P,0,119.2,27.3,Overweight
11.0,P,0,144.3,42.2,Overweight
7.0,P,0,122.2,20.2,Underweight
8.0,P,0,126.1,24.3,Normal
6.0,L,1,111.9,21.3,Normal
11.0,L,1,139.2,32.5,Normal
11.0,L,1,141.2,36.4,Overweight
9.0,P,0,125.8,29.4,Overweight
12.0,P,0,148.4,41.4,Overweight
6.0,L,1,112.7,20.8,Normal
8.0,L,1,122.1,20.5,Underweight
12.0,P,0,148.0,37.5,Normal
11.0,P,0,141.0,36.5,Overweight
12.0,P,0,144.3,35.7,Normal
9.0,L,1,130.3,29.7,Normal
7.0,L,1,115.1,21.7,Normal
8.0,P,0,126.6,27.5,Normal
9.0,P,0,128.5,26.5,Normal
7.0,P,0,119.5,21.1,Normal
10.0,P,0,131.9,35.0,Overweight
7.0,L,1,119.8,22.5,Normal
6.0,P,0,113.1,19.6,Normal
12.0,L,1,146.6,39.0,Overweight
12.0,L,1,148.5,44.5,Overweight
12.0,P,0,144.4,38.7,Overweight
7.0,P,0,117.4,19.6,Normal
9.0,P,0,130.1,29.3,Normal
7.0,L,1,119.6,18.2,Underweight
11.0,L,1,141.4,35.1,Normal
10.0,L,1,132.8,32.9,Overweight
10.0,L,1,130.9,27.6,Normal
9.0,P,0,127.0,30.4,Overweight
10.0,L,1,138.1,35.1,Overweight
6.0,L,1,117.3,17.6,Underweight
8.0,P,0,118.0,25.2,Overweight
10.0,L,1,132.9,35.7,Overweight
7.0,P,0,120.9,24.5,Normal
8.0,P,0,119.8,22.2,Normal
7.0,P,0,115.0,19.7,Normal
8.0,P,0,122.2,21.9,Normal
10.0,P,0,134.1,32.5,Overweight
11.0,L,1,137.9,38.1,Overweight
11.0,L,1,139.2,33.1,Normal
12.0,P,0,150.9,39.7,Normal
12.0,L,1,149.3,38.6,Normal
11.0,P,0,142.4,33.0,Normal
8.0,L,1,125.6,24.4,Normal
6.0,P,0,115.3,18.0,Underweight
12.0,L,1,147.7,44.1,Overweight
9.0,L,1,126.7,28.7,Normal
11.0,L,1,143.4,35.0,Normal
10.0,L,1,130.6,34.1,Overweight
10.0,P,0,134.6,28.5,Normal
8.0,P,0,119.6,22.9,Normal
12.0,L,1,145.9,35.1,Normal
9.0,L,1,129.4,34.0,Overweight
9.0,P,0,128.2,27.4,Normal
10.0,P,0,135.9,27.8,Normal
10.0,L,1,131.9,34.6,Overweight
6.0,L,1,114.8,21.1,Normal
11.0,L,1,144.8,35.9,Normal
11.0,P,0,147.0,34.7,Normal
8.0,P,0,123.8,25.2,Normal
11.0,L,1,141.0,32.7,Normal
11.0,P,0,139.9,34.1,Normal
12.0,L,1,150.1,32.8,Normal
11.0,L,1,140.9,28.7,Normal
11.0,P,0,143.5,41.5,Overweight
11.0,L,1,142.4,36.5,Normal
7.0,L,1,116.2,21.5,Normal
9.0,L,1,131.9,26.8,Normal
12.0,L,1,145.1,40.7,Overweight
8.0,L,1,120.0,25.7,Normal
7.0,P,0,120.9,18.0,Underweight
10.0,L,1,128.0,29.1,Normal
8.0,L,1,122.2,20.6,Underweight
10.0,P,0,133.7,32.3,Overweight
7.0,P,0,118.7,24.3,Normal
10.0,L,1,135.1,35.3,Overweight
7.0,P,0,117.9,21.1,Normal
10.0,L,1,139.1,34.6,Normal
9.0,P,0,130.7,31.1,Overweight
7.0,P,0,115.8,22.4,Normal
6.0,L,1,114.8,18.9,Normal
11.0,L,1,141.4,42.9,Overweight
7.0,P,0,119.2,20.7,Normal
11.0,P,0,139.3,36.9,Overweight
12.0,P,0,144.9,35.7,Normal
9.0,P,0,129.7,29.6,Normal
7.0,P,0,118.4,20.6,Normal
9.0,P,0,132.5,31.2,Normal
6.0,P,0,117.7,18.9,Underweight
12.0,L,1,145.2,34.7,Normal
10.0,L,1,132.2,28.2,Normal
10.0,L,1,133.3,34.6,Overweight
10.0,P,0,135.8,31.3,Normal
11.0,P,0,139.3,37.6,Overweight
12.0,L,1,151.0,41.0,Normal
11.0,L,1,145.1,37.2,Normal
9.0,L,1,130.0,27.4,Normal
9.0,P,0,125.8,27.3,Normal
6.0,L,1,115.9,19.4,Normal
9.0,P,0,129.1,32.6,Overweight
8.0,P,0,121.1,22.2,Normal
9.0,L,1,131.6,27.4,Normal
7.0,L,1,118.5,19.7,Normal
10.0,L,1,137.3,28.6,Normal
8.0,L,1,124.6,23.5,Normal
12.0,P,0,144.4,41.1,Overweight
7.0,L,1,118.4,20.3,Normal
10.0,L,1,133.0,34.9,Overweight
11.0,P,0,138.8,35.3,Overweight
12.0,P,0,142.3,40.1,Overweight
10.0,L,1,132.1,28.5,Normal
9.0,L,1,125.8,30.2,Overweight
8.0,L,1,121.6,25.2,Normal
11.0,P,0,142.3,32.9,Normal
10.0,L,1,130.2,29.7,Normal
8.0,P,0,122.9,26.3,Normal
8.0,P,0,125.0,21.5,Underweight
12.0,P,0,145.0,43.3,Overweight
6.0,P,0,110.0,21.6,Normal
11.0,P,0,146.2,33.7,Normal
6.0,P,0,118.0,17.4,Underweight
9.0,P,0,123.3,25.8,Normal
10.0,L,1,129.8,30.3,Normal
9.0,P,0,130.8,28.9,Normal
10.0,L,1,129.4,27.7,Normal
12.0,L,1,145.0,39.6,Overweight
10.0,L,1,132.8,31.0,Normal
12.0,P,0,145.0,38.8,Overweight
6.0,P,0,113.2,19.3,Normal
11.0,L,1,140.4,36.7,Overweight
7.0,P,0,120.1,20.5,Normal
7.0,P,0,120.9,24.7,Normal
9.0,L,1,131.2,28.3,Normal
11.0,L,1,142.8,39.4,Overweight
12.0,P,0,146.6,37.2,Normal
8.0,P,0,125.2,25.8,Normal
9.0,P,0,128.6,27.4,Normal
9.0,P,0,131.2,30.4,Normal
11.0,L,1,142.8,34.1,Normal
10.0,L,1,133.8,30.9,Normal
11.0,P,0,143.4,30.2,Normal
12.0,P,0,147.4,38.8,Normal
8.0,L,1,122.1,23.7,Normal
11.0,L,1,139.5,39.3,Overweight
12.0,P,0,149.3,40.5,Overweight
7.0,P,0,118.4,20.4,Normal
7.0,P,0,121.7,22.9,Normal
10.0,L,1,129.1,26.4,Normal
8.0,P,0,123.0,21.8,Normal
7.0,L,1,117.4,18.2,Underweight
12.0,P,0,146.2,36.9,Normal
11.0,P,0,141.4,32.9,Normal
12.0,P,0,149.7,39.4,Normal
7.0,P,0,116.7,19.9,Normal
7.0,P,0,113.0,22.2,Normal
8.0,L,1,120.1,24.7,Normal
6.0,P,0,110.0,20.8,Normal
10.0,P,0,134.4,35.3,Overweight
12.0,L,1,144.1,36.7,Normal
8.0,L,1,123.4,25.4,Normal
12.0,L,1,141.1,36.2,Overweight
6.0,P,0,116.1,21.1,Normal
8.0,P,0,122.6,24.4,Normal
12.0,L,1,146.0,39.4,Overweight
9.0,L,1,131.6,26.3,Normal
7.0,L,1,118.1,20.1,Normal
12.0,L,1,147.9,40.6,Overweight
12.0,L,1,148.1,35.0,Normal
10.0,P,0,138.8,28.6,Normal
10.0,L,1,136.0,33.6,Overweight
8.0,P,0,121.3,27.2,Overweight
12.0,L,1,145.1,40.3,Overweight
10.0,P,0,136.1,31.4,Normal
9.0,L,1,131.8,28.8,Normal
12.0,P,0,145.5,40.5,Overweight
12.0,P,0,142.7,37.4,Overweight
11.0,L,1,140.7,33.6,Normal
12.0,L,1,142.6,36.3,Normal
10.0,P,0,137.3,34.3,Overweight
9.0,L,1,128.1,26.2,Normal
9.0,P,0,126.9,31.8,Overweight
12.0,L,1,146.6,42.8,Overweight
12.0,L,1,146.1,40.2,Overweight
11.0,P,0,141.9,34.7,Normal
8.0,P,0,124.6,23.1,Normal
12.0,P,0,143.7,37.0,Normal
8.0,L,1,118.7,27.6,Overweight
7.0,L,1,116.0,21.5,Normal
9.0,P,0,128.1,27.1,Normal
6.0,P,0,116.0,17.1,Underweight
8.0,L,1,121.2,20.8,Normal
12.0,L,1,142.0,34.8,Normal
6.0,L,1,112.4,20.9,Normal
8.0,L,1,122.5,22.0,Normal
10.0,P,0,133.3,34.0,Overweight
9.0,L,1,127.4,29.1,Normal
7.0,L,1,118.6,19.9,Normal
12.0,L,1,142.8,38.9,Overweight
8.0,L,1,124.3,22.6,Normal
12.0,P,0,149.0,40.0,Overweight
10.0,P,0,134.7,33.7,Overweight
9.0,P,0,130.2,26.9,Normal
8.0,L,1,119.6,23.8,Normal
10.0,L,1,133.5,33.6,Overweight
10.0,L,1,137.9,35.4,Overweight
12.0,L,1,149.6,42.1,Overweight
11.0,P,0,136.3,35.0,Overweight
7.0,L,1,113.0,24.5,Overweight
10.0,P,0,135.1,31.7,Normal
6.0,P,0,111.9,19.1,Normal
10.0,L,1,136.4,33.5,Overweight
8.0,L,1,124.9,25.0,Normal
10.0,L,1,130.9,30.0,Normal
7.0,P,0,115.7,20.1,Normal
10.0,L,1,134.3,31.3,Normal
12.0,P,0,145.6,38.6,Overweight
11.0,P,0,142.3,39.7,Overweight
7.0,P,0,116.9,23.0,Normal
11.0,P,0,142.9,33.7,Normal
8.0,L,1,122.9,26.9,Normal
10.0,P,0,132.0,33.6,Overweight
8.0,P,0,125.6,21.7,Underweight
10.0,L,1,132.8,36.7,Overweight
11.0,P,0,135.4,31.4,Normal
6.0,P,0,113.8,17.8,Underweight
9.0,L,1,125.8,27.0,Normal
7.0,L,1,113.8,22.5,Normal
11.0,P,0,142.6,37.1,Overweight
9.0,P,0,126.0,24.0,Normal
12.0,L,1,147.2,43.7,Overweight
10.0,P,0,133.3,29.7,Normal
8.0,L,1,122.4,23.2,Normal
12.0,P,0,142.8,38.7,Overweight
12.0,L,1,145.7,35.3,Normal
12.0,L,1,146.3,36.4,Normal
7.0,P,0,114.6,23.6,Normal
7.0,L,1,122.5,23.6,Normal
12.0,P,0,145.9,35.7,Normal
8.0,P,0,122.2,22.7,Normal
9.0,P,0,124.8,28.7,Overweight
7.0,L,1,117.1,19.8,Normal
11.0,P,0,143.1,33.0,Normal
7.0,L,1,114.1,20.9,Normal
8.0,P,0,120.6,25.8,Normal
7.0,L,1,118.5,21.2,Normal
11.0,P,0,138.6,38.0,Overweight
8.0,L,1,120.9,24.3,Normal
10.0,P,0,131.4,34.4,Overweight
7.0,P,0,114.3,20.4,Normal
8.0,P,0,118.0,24.2,Normal
11.0,P,0,142.4,33.5,Normal
8.0,P,0,124.2,23.5,Normal
9.0,P,0,133.0,29.1,Normal
12.0,L,1,147.1,45.5,Overweight
7.0,P,0,118.8,20.9,Normal
7.0,L,1,120.4,21.8,Normal
9.0,P,0,127.6,29.3,Overweight
7.0,L,1,120.0,21.3,Normal
9.0,P,0,125.7,30.7,Overweight
12.0,L,1,144.4,30.4,Normal
11.0,L,1,141.9,33.7,Normal
8.0,P,0,120.5,28.5,Overweight
10.0,P,0,133.7,28.8,Normal
6.0,L,1,118.0,18.4,Underweight
8.0,P,0,124.5,26.5,Normal
11.0,L,1,142.6,37.1,Overweight
12.0,L,1,146.7,43.9,Overweight
10.0,L,1,132.9,30.3,Normal
7.0,P,0,114.7,19.0,Normal
6.0,L,1,115.7,19.6,Normal
9.0,P,0,130.1,32.8,Overweight
7.0,L,1,116.7,19.0,Underweight
11.0,L,1,140.9,37.3,Overweight
7.0,P,0,120.6,25.0,Normal
8.0,L,1,118.3,20.1,Normal
12.0,P,0,143.5,44.5,Overweight
10.0,P,0,128.1,34.2,Overweight
10.0,L,1,130.8,33.8,Overweight
10.0,P,0,138.1,27.9,Normal
11.0,L,1,143.3,37.1,Overweight
9.0,L,1,127.5,30.1,Overweight
9.0,P,0,125.9,26.2,Normal
9.0,P,0,124.5,24.9,Normal
6.0,P,0,114.8,18.1,Underweight
9.0,L,1,127.8,27.3,Normal
9.0,L,1,127.2,34.0,Overweight
10.0,L,1,132.5,35.7,Overweight
11.0,L,1,141.0,35.2,Normal
9.0,P,0,128.2,23.1,Normal
11.0,P,0,141.8,37.3,Overweight
12.0,P,0,143.8,37.5,Overweight
12.0,L,1,147.5,35.1,Normal
10.0,P,0,132.9,28.3,Normal
12.0,L,1,143.0,36.7,Normal
10.0,L,1,129.7,29.4,Normal
11.0,L,1,140.7,34.8,Normal
12.0,L,1,141.3,42.8,Overweight
11.0,L,1,141.9,38.6,Overweight
10.0,P,0,139.3,31.5,Normal
8.0,L,1,122.1,23.8,Normal
7.0,P,0,116.4,19.9,Normal
10.0,P,0,132.5,32.7,Overweight
7.0,L,1,116.8,21.4,Normal
12.0,L,1,144.6,41.2,Overweight
11.0,P,0,140.0,34.7,Normal
8.0,L,1,123.1,20.5,Underweight
11.0,L,1,141.7,36.1,Normal
9.0,L,1,129.5,30.1,Normal
11.0,P,0,142.7,28.7,Normal
7.0,P,0,115.4,22.4,Normal
9.0,P,0,125.6,30.0,Overweight
7.0,P,0,114.0,18.8,Normal
12.0,P,0,148.3,39.5,Normal
11.0,P,0,137.5,41.4,Overweight
11.0,P,0,140.0,34.2,Normal
10.0,L,1,134.9,33.9,Overweight
8.0,L,1,122.7,26.6,Normal
11.0,L,1,143.9,39.1,Overweight
8.0,P,0,122.6,25.5,Normal
6.0,L,1,110.6,20.4,Normal
7.0,P,0,118.3,21.6,Normal
11.0,P,0,141.6,32.5,Normal
8.0,L,1,120.0,24.0,Normal
11.0,P,0,142.1,33.5,Normal
9.0,L,1,130.7,30.8,Overweight
12.0,L,1,145.1,39.5,Overweight
6.0,L,1,114.4,19.9,Normal
11.0,P,0,142.1,34.9,Normal
9.0,P,0,123.0,29.8,Overweight
8.0,P,0,126.9,28.0,Normal
8.0,L,1,124.7,20.4,Underweight
11.0,L,1,142.4,36.0,Normal
9.0,P,0,126.5,28.0,Normal
6.0,L,1,111.9,18.5,Normal
6.0,P,0,110.0,20.2,Normal
12.0,L,1,142.0,35.3,Normal
11.0,L,1,141.9,36.0,Normal
11.0,P,0,140.7,34.1,Normal
12.0,L,1,147.6,38.2,Normal
6.0,P,0,112.3,17.6,Underweight
9.0,P,0,129.9,27.2,Normal
9.0,L,1,130.0,25.1,Normal
7.0,P,0,123.0,23.1,Normal
12.0,P,0,148.7,39.7,Normal
8.0,P,0,120.0,23.2,Normal
8.0,L,1,121.0,27.2,Overweight
6.0,P,0,114.2,19.7,Normal
11.0,P,0,139.5,32.9,Normal
12.0,P,0,146.7,38.1,Normal
7.0,L,1,117.6,23.8,Normal
6.0,P,0,115.7,19.4,Normal
11.0,P,0,143.0,34.8,Normal
12.0,L,1,143.9,41.7,Overweight
6.0,P,0,117.9,18.3,Underweight
9.0,P,0,125.9,28.6,Overweight
11.0,P,0,140.1,35.4,Overweight
10.0,P,0,137.3,33.9,Overweight
12.0,L,1,146.2,42.7,Overweight
6.0,P,0,111.7,17.2,Underweight
11.0,L,1,140.7,34.3,Normal
9.0,L,1,126.8,28.3,Normal
10.0,P,0,133.3,30.8,Normal
11.0,P,0,139.5,40.4,Overweight
12.0,P,0,146.1,36.0,Normal
9.0,P,0,128.1,32.3,Overweight
6.0,P,0,115.1,21.1,Normal
9.0,P,0,127.5,25.1,Normal
6.0,L,1,110.4,21.1,Normal
7.0,P,0,120.6,23.4,Normal
10.0,P,0,135.3,38.0,Overweight
8.0,P,0,125.4,29.0,Overweight
8.0,P,0,123.7,25.2,Normal
10.0,L,1,128.0,31.6,Overweight
12.0,L,1,144.2,43.6,Overweight
11.0,P,0,138.9,31.9,Normal
8.0,L,1,121.2,23.8,Normal
8.0,P,0,119.5,27.0,Overweight
8.0,L,1,123.8,23.3,Normal
9.0,L,1,128.5,29.5,Normal
6.0,P,0,115.8,21.3,Normal
10.0,L,1,129.9,27.5,Normal
7.0,L,1,116.5,22.3,Normal
8.0,P,0,123.5,23.6,Normal
12.0,L,1,141.7,45.6,Obesity
6.0,P,0,111.7,19.2,Normal
10.0,P,0,130.4,33.1,Overweight
11.0,P,0,135.0,34.5,Overweight
10.0,P,0,130.6,32.0,Overweight
10.0,L,1,138.6,28.7,Normal
6.0,P,0,114.5,19.1,Normal
10.0,P,0,136.2,37.2,Overweight
11.0,P,0,141.1,36.6,Overweight
12.0,L,1,149.5,34.7,Normal
6.0,P,0,110.6,20.0,Normal
7.0,L,1,115.3,22.8,Normal
9.0,L,1,127.5,28.1,Normal
11.0,L,1,140.5,40.6,Overweight
10.0,L,1,136.8,32.4,Normal
8.0,P,0,124.0,25.0,Normal
6.0,P,0,116.6,19.8,Normal
12.0,L,1,147.9,37.1,Normal
7.0,P,0,120.4,20.5,Normal
11.0,L,1,140.5,31.4,Normal
11.0,P,0,142.3,29.4,Normal
9.0,P,0,132.4,27.3,Normal
12.0,L,1,146.3,36.3,Normal
6.0,L,1,115.0,19.2,Normal
10.0,P,0,136.6,34.5,Overweight
6.0,P,0,117.6,17.1,Underweight
8.0,L,1,120.2,24.5,Normal
11.0,P,0,141.5,28.0,Underweight
9.0,L,1,130.9,22.3,Underweight
11.0,P,0,137.6,36.8,Overweight
12.0,L,1,145.6,41.1,Overweight
11.0,L,1,137.8,28.1,Normal
11.0,P,0,143.1,34.9,Normal
8.0,P,0,122.4,23.8,Normal
10.0,P,0,132.5,27.9,Normal
11.0,L,1,144.6,35.6,Normal
7.0,L,1,119.5,18.5,Underweight
9.0,L,1,124.7,26.3,Normal
6.0,P,0,112.7,17.2,Underweight
11.0,P,0,142.3,38.4,Overweight
7.0,L,1,115.6,21.9,Normal
7.0,P,0,117.8,20.7,Normal
7.0,L,1,116.4,21.1,Normal
6.0,L,1,112.5,17.8,Normal
9.0,P,0,132.1,26.5,Normal
12.0,L,1,148.2,41.1,Overweight
11.0,P,0,139.7,38.5,Overweight
9.0,P,0,127.3,22.7,Normal
9.0,P,0,125.7,28.5,Overweight
9.0,P,0,128.3,29.9,Overweight
12.0,P,0,144.4,37.5,Overweight
12.0,L,1,146.2,39.5,Overweight
12.0,L,1,151.4,41.8,Overweight
6.0,P,0,114.7,18.0,Underweight
8.0,L,1,124.3,23.6,Normal
9.0,P,0,125.2,29.8,Overweight
11.0,P,0,141.2,35.4,Normal
12.0,L,1,145.0,33.9,Normal
12.0,P,0,145.2,39.9,Overweight
10.0,L,1,132.7,28.2,Normal
7.0,P,0,113.6,18.0,Underweight
12.0,L,1,145.2,38.7,Overweight
9.0,L,1,131.8,28.3,Normal
12.0,L,1,143.4,44.9,Overweight
10.0,L,1,133.6,27.6,Normal
6.0,L,1,115.5,19.7,Normal
9.0,P,0,132.0,22.0,Underweight
10.0,L,1,135.9,30.3,Normal
12.0,P,0,140.8,33.2,Normal
10.0,L,1,136.3,26.4,Normal
10.0,L,1,135.0,29.7,Normal
9.0,L,1,126.9,30.9,Overweight
11.0,P,0,139.5,38.2,Normal
12.0,L,1,145.4,40.3,Overweight
12.0,P,0,142.9,41.7,Overweight
7.0,P,0,119.4,18.4,Underweight
11.0,L,1,138.8,33.9,Normal
9.0,P,0,126.9,26.2,Normal
12.0,P,0,144.8,37.1,Normal
8.0,L,1,118.1,21.5,Normal
8.0,P,0,125.0,22.8,Normal
11.0,P,0,141.8,29.5,Normal
12.0,L,1,141.8,36.6,Overweight
12.0,L,1,145.3,43.7,Overweight
11.0,L,1,138.0,31.1,Normal
8.0,P,0,123.8,26.3,Normal
9.0,P,0,128.2,23.6,Normal
9.0,P,0,123.6,33.7,Obesity
10.0,P,0,135.5,30.9,Normal
9.0,L,1,130.5,32.5,Overweight
9.0,L,1,129.8,26.7,Normal
12.0,P,0,142.3,34.9,Normal
10.0,P,0,133.2,32.9,Overweight
10.0,P,0,133.9,37.4,Overweight
11.0,P,0,143.0,33.5,Normal
9.0,L,1,127.6,30.3,Overweight
6.0,P,0,113.0,20.3,Normal
11.0,P,0,143.0,32.7,Normal
10.0,L,1,129.7,30.3,Overweight
9.0,P,0,128.8,24.7,Normal
10.0,L,1,135.1,29.9,Normal
7.0,P,0,116.8,20.7,Normal
8.0,P,0,124.8,24.3,Normal
11.0,P,0,140.8,36.4,Overweight
7.0,P,0,118.1,22.5,Normal
8.0,L,1,124.4,26.1,Normal
7.0,L,1,114.4,21.8,Normal
9.0,L,1,127.5,28.2,Normal
6.0,P,0,110.8,17.0,Underweight
7.0,L,1,121.4,25.0,Normal
6.0,P,0,115.1,18.1,Underweight
11.0,P,0,138.8,35.9,Overweight
11.0,L,1,142.5,39.9,Overweight
10.0,L,1,132.4,32.4,Overweight
9.0,P,0,124.2,24.2,Normal
7.0,P,0,114.1,19.9,Normal
10.0,L,1,133.8,27.9,Normal
10.0,P,0,128.0,25.3,Normal
12.0,L,1,143.3,41.3,Overweight
10.0,L,1,134.4,31.3,Normal
9.0,L,1,127.5,24.5,Normal
9.0,L,1,126.7,34.0,Overweight
11.0,L,1,140.0,38.2,Overweight
9.0,P,0,123.0,28.3,Overweight
8.0,L,1,120.2,27.6,Overweight
10.0,P,0,135.4,29.7,Normal
11.0,L,1,139.7,31.7,Normal
8.0,P,0,124.6,21.9,Normal
12.0,L,1,148.2,31.8,Normal
12.0,P,0,147.7,35.9,Normal
12.0,P,0,144.5,42.6,Overweight
8.0,P,0,118.0,25.6,Overweight
12.0,P,0,141.6,37.2,Overweight
10.0,L,1,134.9,32.9,Overweight
10.0,L,1,135.8,27.5,Normal
11.0,L,1,139.8,34.1,Normal
11.0,L,1,141.8,37.1,Overweight
12.0,P,0,143.9,38.5,Overweight
12.0,P,0,144.6,43.1,Overweight
9.0,L,1,130.1,23.8,Normal
9.0,P,0,131.6,34.0,Overweight
9.0,P,0,127.1,25.8,Normal
10.0,P,0,135.4,34.9,Overweight
8.0,P,0,127.8,22.6,Underweight
9.0,P,0,124.8,23.9,Normal
10.0,P,0,129.6,28.7,Normal
8.0,L,1,121.8,21.8,Normal
12.0,P,0,142.3,39.3,Overweight
7.0,P,0,115.8,21.3,Normal
6.0,L,1,114.3,19.7,Normal
7.0,L,1,119.3,19.3,Underweight
12.0,L,1,150.7,38.8,Normal
7.0,L,1,117.0,19.1,Underweight
7.0,L,1,120.3,22.9,Normal
12.0,L,1,148.5,35.3,Normal
8.0,P,0,122.2,20.2,Underweight
9.0,P,0,127.3,24.5,Normal
11.0,P,0,141.9,29.5,Normal
12.0,P,0,149.6,36.0,Normal
11.0,L,1,141.9,35.8,Normal
8.0,P,0,118.0,23.0,Normal
10.0,P,0,132.2,28.4,Normal
8.0,P,0,119.8,24.9,Normal
12.0,L,1,144.8,38.9,Overweight
6.0,P,0,113.6,18.0,Underweight
9.0,P,0,129.4,25.3,Normal
7.0,L,1,113.5,18.6,Normal
12.0,L,1,150.9,39.6,Normal
11.0,P,0,144.7,37.6,Normal
12.0,L,1,144.0,39.5,Overweight
11.0,P,0,140.7,38.5,Overweight
9.0,L,1,127.6,25.4,Normal
12.0,P,0,145.1,34.5,Normal
12.0,P,0,146.5,32.9,Normal
8.0,P,0,128.0,25.1,Normal
12.0,P,0,149.5,36.5,Normal
11.0,P,0,141.1,33.8,Normal
6.0,P,0,118.0,18.9,Underweight
9.0,L,1,127.7,29.6,Overweight
10.0,P,0,129.3,32.0,Overweight
11.0,L,1,142.9,35.4,Normal
7.0,L,1,115.4,22.3,Normal
10.0,L,1,135.8,29.2,Normal
8.0,L,1,124.6,27.5,Normal
12.0,L,1,146.0,33.1,Normal
9.0,P,0,128.9,31.1,Overweight
12.0,P,0,144.4,38.6,Overweight
7.0,L,1,117.3,19.3,Normal
12.0,P,0,147.9,31.7,Normal
11.0,P,0,138.2,35.2,Overweight
9.0,P,0,128.9,28.9,Normal
9.0,P,0,127.1,31.5,Overweight
12.0,P,0,145.6,37.6,Normal
11.0,L,1,137.8,37.2,Overweight
7.0,L,1,119.7,22.8,Normal
7.0,L,1,115.4,24.0,Overweight
7.0,P,0,119.4,18.8,Underweight
8.0,P,0,121.4,20.8,Normal
7.0,P,0,119.1,19.4,Underweight
9.0,P,0,129.3,26.8,Normal
7.0,L,1,118.8,20.4,Normal
8.0,L,1,125.9,28.1,Normal
7.0,P,0,120.7,24.8,Normal
10.0,P,0,130.1,28.7,Normal
11.0,P,0,142.4,29.6,Normal
11.0,P,0,141.3,31.6,Normal
12.0,P,0,143.7,38.2,Overweight
10.0,P,0,129.4,31.4,Overweight
10.0,P,0,139.0,32.6,Normal
10.0,P,0,132.3,30.4,Normal
11.0,P,0,140.7,37.8,Overweight
10.0,L,1,134.2,26.3,Normal
10.0,L,1,135.2,28.9,Normal
11.0,P,0,139.9,35.0,Normal
9.0,P,0,130.4,24.0,Normal
10.0,P,0,136.2,29.5,Normal
8.0,P,0,122.2,21.1,Normal
11.0,L,1,139.8,28.0,Normal
12.0,L,1,148.2,35.5,Normal
12.0,P,0,144.6,45.2,Overweight
9.0,P,0,126.3,29.8,Overweight
7.0,P,0,113.7,23.1,Normal
10.0,P,0,132.1,26.0,Normal
11.0,P,0,139.1,36.0,Overweight
7.0,P,0,122.9,21.7,Normal
7.0,L,1,117.1,21.3,Normal
6.0,P,0,112.5,18.0,Normal
6.0,L,1,115.0,18.5,Underweight
12.0,L,1,147.4,42.0,Overweight
9.0,P,0,125.7,28.3,Normal
10.0,P,0,138.0,33.8,Normal
10.0,P,0,136.6,34.7,Overweight
6.0,L,1,110.0,19.1,Normal
6.0,P,0,110.0,17.5,Normal
12.0,L,1,144.7,40.4,Overweight
9.0,L,1,128.9,28.4,Normal
9.0,L,1,132.7,29.0,Normal
9.0,L,1,126.8,33.7,Overweight
12.0,L,1,141.6,36.7,Overweight
12.0,P,0,146.4,45.2,Overweight
11.0,P,0,135.7,33.5,Overweight
9.0,P,0,124.6,26.9,Normal
11.0,P,0,140.2,34.6,Normal
7.0,P,0,116.8,20.5,Normal
12.0,L,1,147.1,39.2,Overweight
11.0,L,1,137.4,36.8,Overweight
11.0,L,1,140.4,32.7,Normal
7.0,P,0,118.1,22.2,Normal
9.0,L,1,125.0,31.4,Overweight
6.0,L,1,111.3,18.8,Normal
6.0,P,0,112.8,17.7,Underweight
6.0,P,0,112.2,17.0,Underweight
10.0,P,0,134.2,33.5,Overweight
10.0,P,0,136.5,36.3,Overweight
9.0,P,0,125.1,27.1,Normal
7.0,P,0,121.3,19.6,Underweight
6.0,L,1,116.5,17.9,Underweight
10.0,L,1,134.3,34.2,Overweight
9.0,P,0,127.9,34.0,Overweight
6.0,P,0,114.0,17.7,Underweight
10.0,L,1,135.0,35.8,Overweight
8.0,P,0,125.8,20.0,Underweight
7.0,P,0,118.3,21.2,Normal
6.0,L,1,110.5,21.0,Normal
9.0,P,0,130.4,26.3,Normal
10.0,P,0,130.5,33.9,Overweight
9.0,P,0,132.0,31.4,Overweight
10.0,L,1,136.3,29.8,Normal
7.0,L,1,116.2,22.7,Normal
7.0,P,0,115.5,19.1,Normal
9.0,P,0,129.2,29.2,Normal
12.0,P,0,144.1,33.9,Normal
7.0,P,0,115.7,22.3,Normal
10.0,L,1,132.0,27.2,Normal
12.0,L,1,141.8,36.2,Overweight
6.0,P,0,113.7,20.4,Normal
11.0,L,1,142.2,33.7,Normal
10.0,L,1,130.7,28.0,Normal
10.0,P,0,131.8,34.9,Overweight
7.0,L,1,118.0,24.8,Normal
7.0,P,0,118.4,21.2,Normal
11.0,P,0,144.7,29.8,Normal
10.0,P,0,135.3,33.2,Overweight
9.0,P,0,125.5,27.4,Normal
9.0,L,1,126.9,30.1,Overweight
11.0,P,0,135.0,34.1,Overweight
10.0,L,1,131.9,27.1,Normal
8.0,L,1,122.8,24.3,Normal
8.0,P,0,121.7,25.2,Normal
12.0,L,1,145.5,37.1,Normal
9.0,P,0,124.2,26.7,Normal
9.0,P,0,127.8,27.8,Normal
8.0,L,1,125.4,26.8,Normal
10.0,P,0,134.4,30.4,Normal
12.0,L,1,144.5,31.7,Normal
10.0,L,1,136.7,27.1,Normal
10.0,P,0,134.7,29.7,Normal
7.0,P,0,116.6,21.6,Normal
10.0,L,1,133.2,31.3,Normal
10.0,P,0,132.3,33.8,Overweight
7.0,L,1,114.3,25.0,Overweight
11.0,P,0,140.5,35.3,Normal
7.0,L,1,116.3,22.8,Normal
10.0,L,1,138.3,34.3,Normal
8.0,L,1,121.0,27.1,Overweight
12.0,L,1,147.0,36.9,Normal
11.0,P,0,146.5,35.5,Normal
11.0,P,0,137.5,33.4,Normal
8.0,L,1,120.0,23.4,Normal
6.0,L,1,111.0,20.5,Normal
8.0,L,1,124.0,26.8,Normal
12.0,P,0,148.0,37.3,Normal
8.0,P,0,121.8,24.4,Normal
7.0,L,1,115.0,21.8,Normal
8.0,P,0,126.3,23.1,Normal
8.0,P,0,120.4,27.7,Overweight
12.0,L,1,145.4,40.2,Overweight
10.0,P,0,134.5,32.1,Normal
8.0,P,0,125.2,22.5,Normal
6.0,P,0,117.2,19.5,Normal
10.0,P,0,133.9,35.5,Overweight
11.0,L,1,137.0,35.4,Overweight
12.0,P,0,147.2,35.2,Normal
6.0,P,0,117.1,18.9,Underweight
10.0,L,1,134.7,34.6,Overweight
11.0,P,0,145.5,35.8,Normal
7.0,L,1,121.0,19.3,Underweight
12.0,L,1,150.6,34.2,Normal
6.0,L,1,113.4,19.8,Normal
7.0,L,1,120.2,23.1,Normal
10.0,P,0,133.0,25.2,Normal
9.0,L,1,127.0,27.4,Normal
12.0,P,0,147.8,34.7,Normal
11.0,P,0,139.6,33.1,Normal
7.0,P,0,117.8,18.2,Underweight
12.0,P,0,145.2,40.2,Overweight
11.0,P,0,139.6,37.6,Overweight
12.0,L,1,146.1,41.8,Overweight
11.0,P,0,145.3,35.5,Normal
11.0,L,1,147.0,43.0,Overweight
8.0,P,0,123.6,24.5,Normal
11.0,P,0,141.0,32.4,Normal
12.0,L,1,141.2,37.5,Overweight
12.0,P,0,146.0,43.5,Overweight
12.0,P,0,146.2,35.5,Normal
10.0,L,1,132.0,31.7,Overweight
10.0,P,0,132.5,35.7,Overweight
10.0,L,1,137.5,28.6,Normal
8.0,P,0,122.2,25.1,Normal
8.0,P,0,123.0,24.6,Normal
7.0,L,1,119.1,19.8,Underweight
8.0,L,1,122.9,24.6,Normal
8.0,L,1,123.7,22.7,Normal
10.0,L,1,134.4,29.2,Normal
12.0,P,0,145.2,34.7,Normal
11.0,L,1,143.9,33.2,Normal
9.0,P,0,132.0,29.7,Normal
10.0,L,1,133.6,34.2,Overweight
12.0,P,0,146.7,43.9,Overweight
7.0,L,1,119.7,21.9,Normal
12.0,L,1,147.0,40.3,Overweight
8.0,L,1,122.8,28.1,Overweight
9.0,P,0,127.8,23.4,Normal
10.0,P,0,134.3,33.8,Overweight
11.0,P,0,142.9,32.6,Normal
7.0,L,1,119.2,19.2,Underweight
11.0,P,0,143.5,35.9,Normal
8.0,P,0,120.8,29.0,Overweight
12.0,L,1,146.4,39.9,Overweight
11.0,P,0,143.0,36.7,Normal
10.0,P,0,133.3,36.7,Overweight
10.0,L,1,138.9,25.2,Underweight
7.0,P,0,118.9,24.8,Normal
12.0,L,1,147.2,39.3,Overweight
9.0,P,0,129.5,26.5,Normal
10.0,P,0,128.2,30.4,Overweight
8.0,L,1,123.3,26.1,Normal
7.0,L,1,118.3,21.4,Normal
10.0,P,0,131.5,33.6,Overweight
9.0,L,1,133.0,32.0,Overweight
12.0,L,1,144.7,34.6,Normal
6.0,L,1,114.8,21.6,Normal
10.0,L,1,135.4,29.9,Normal
7.0,L,1,118.0,21.2,Normal
7.0,L,1,115.5,22.6,Normal
11.0,L,1,144.1,31.9,Normal
6.0,P,0,113.4,17.5,Underweight
7.0,L,1,115.0,25.0,Overweight
7.0,L,1,116.7,21.0,Normal
10.0,L,1,137.1,33.0,Normal
7.0,L,1,116.2,21.4,Normal
8.0,P,0,124.3,28.3,Overweight
10.0,P,0,135.0,30.3,Normal
6.0,P,0,111.2,20.1,Normal
7.0,P,0,119.9,21.7,Normal
7.0,P,0,117.8,23.6,Normal
9.0,P,0,128.3,28.4,Normal
7.0,L,1,119.1,18.9,Underweight
12.0,L,1,147.7,39.6,Overweight
11.0,L,1,139.0,35.0,Overweight
9.0,L,1,126.7,28.4,Normal
11.0,L,1,140.6,40.0,Overweight
10.0,P,0,132.7,25.7,Normal
9.0,P,0,128.2,31.0,Overweight
11.0,L,1,144.3,33.3,Normal
6.0,P,0,111.3,19.9,Normal
10.0,P,0,132.1,29.5,Normal
12.0,P,0,142.3,40.4,Overweight
12.0,L,1,144.3,45.2,Overweight
7.0,P,0,118.5,23.7,Normal
12.0,L,1,144.0,44.5,Overweight
9.0,P,0,127.8,28.3,Normal
6.0,L,1,117.3,17.0,Underweight
8.0,L,1,123.4,26.9,Normal
7.0,L,1,117.1,23.9,Normal
7.0,L,1,115.9,18.0,Underweight
6.0,L,1,116.4,21.7,Normal
8.0,L,1,122.9,26.0,Normal
12.0,P,0,145.5,39.1,Overweight
12.0,L,1,146.4,37.9,Normal
10.0,P,0,132.9,27.5,Normal
11.0,L,1,142.7,37.1,Overweight
9.0,P,0,127.1,27.2,Normal
11.0,P,0,142.9,32.3,Normal
9.0,L,1,130.5,31.7,Overweight
10.0,L,1,129.0,28.9,Normal
8.0,P,0,123.6,28.0,Overweight
7.0,P,0,116.0,20.3,Normal
7.0,L,1,115.3,21.2,Normal
7.0,P,0,123.0,19.4,Underweight
11.0,L,1,139.3,35.1,Overweight
10.0,P,0,134.8,27.1,Normal
7.0,L,1,119.0,20.5,Normal
7.0,P,0,119.4,21.6,Normal
12.0,L,1,144.0,42.8,Overweight
10.0,P,0,128.0,29.4,Normal
12.0,P,0,152.0,39.2,Normal
11.0,P,0,145.0,33.1,Normal
11.0,P,0,138.2,36.3,Overweight
6.0,P,0,113.4,21.8,Normal
9.0,P,0,130.0,25.7,Normal
9.0,P,0,124.8,26.9,Normal
11.0,P,0,136.7,34.3,Overweight
10.0,L,1,137.2,33.6,Normal
7.0,P,0,116.0,21.8,Normal
12.0,P,0,146.8,38.9,Overweight
8.0,L,1,124.5,26.1,Normal
6.0,L,1,111.1,21.0,Normal
7.0,P,0,121.0,21.3,Normal
10.0,P,0,135.6,33.8,Overweight
9.0,L,1,128.3,31.7,Overweight
7.0,L,1,118.2,21.0,Normal
6.0,L,1,113.3,18.1,Normal
10.0,P,0,131.0,34.5,Overweight
9.0,L,1,126.0,31.9,Overweight
9.0,P,0,126.2,23.1,Normal
11.0,P,0,141.0,34.3,Normal
8.0,P,0,122.0,20.1,Underweight
12.0,L,1,143.2,38.4,Overweight
6.0,L,1,111.0,17.6,Normal
9.0,L,1,132.6,27.6,Normal
9.0,P,0,126.4,25.8,Normal
11.0,L,1,138.3,32.6,Normal
9.0,L,1,131.5,25.0,Normal
8.0,P,0,124.0,22.7,Normal
10.0,P,0,135.0,30.4,Normal
7.0,L,1,119.0,19.6,Underweight
11.0,P,0,140.7,35.8,Overweight
11.0,L,1,140.0,37.0,Overweight
10.0,P,0,137.3,34.1,Overweight
12.0,L,1,146.5,47.4,Obesity
11.0,L,1,139.7,36.0,Overweight
6.0,L,1,113.3,20.9,Normal
8.0,L,1,128.0,22.2,Underweight
10.0,P,0,129.6,31.3,Overweight
10.0,L,1,134.0,29.2,Normal
8.0,P,0,125.0,28.8,Overweight
9.0,P,0,126.5,26.4,Normal
7.0,P,0,122.3,20.7,Underweight
11.0,P,0,139.6,39.2,Overweight
7.0,L,1,118.8,20.8,Normal
8.0,P,0,124.7,24.5,Normal
7.0,P,0,118.0,24.8,Normal
12.0,L,1,142.0,35.8,Normal
8.0,P,0,119.6,22.4,Normal
9.0,L,1,126.8,28.1,Normal
7.0,P,0,119.2,19.7,Underweight
12.0,P,0,148.2,36.8,Normal
12.0,P,0,149.9,41.0,Overweight
8.0,L,1,122.8,21.9,Normal
11.0,P,0,137.2,38.1,Overweight
6.0,P,0,115.3,21.6,Normal
7.0,P,0,117.8,18.0,Underweight
12.0,L,1,147.6,40.1,Overweight
11.0,P,0,138.8,36.7,Overweight
10.0,P,0,135.6,28.2,Normal
6.0,P,0,114.5,21.7,Normal
6.0,P,0,110.7,22.0,Normal
12.0,P,0,147.6,38.8,Normal
12.0,L,1,141.1,38.1,Overweight
10.0,P,0,134.7,29.6,Normal
6.0,P,0,113.7,20.5,Normal
10.0,L,1,133.0,28.5,Normal
12.0,L,1,140.0,35.6,Overweight
9.0,P,0,128.4,27.6,Normal
12.0,L,1,144.7,40.3,Overweight
12.0,P,0,140.0,40.4,Overweight
11.0,L,1,142.5,35.9,Normal
8.0,L,1,126.3,22.5,Normal
6.0,P,0,116.8,21.5,Normal
7.0,L,1,122.0,24.5,Normal
8.0,P,0,124.8,24.4,Normal
12.0,P,0,145.3,39.4,Overweight
11.0,P,0,139.6,33.6,Normal
10.0,L,1,137.3,32.5,Normal
9.0,P,0,131.0,30.7,Normal
11.0,P,0,138.5,38.0,Overweight
9.0,L,1,126.1,29.7,Overweight
9.0,L,1,127.5,31.2,Overweight
7.0,L,1,118.8,20.2,Normal
12.0,P,0,143.4,45.5,Obesity
7.0,P,0,119.1,20.9,Normal
12.0,P,0,147.4,41.5,Overweight
7.0,P,0,118.2,21.9,Normal
10.0,P,0,134.3,30.6,Normal
11.0,L,1,139.3,38.5,Overweight
10.0,P,0,133.5,36.0,Overweight
8.0,L,1,121.8,25.9,Normal
8.0,L,1,126.1,25.5,Normal
6.0,P,0,112.1,22.0,Normal
12.0,L,1,148.8,41.9,Overweight
11.0,L,1,140.4,32.8,Normal
9.0,P,0,126.7,24.4,Normal
11.0,L,1,140.9,35.2,Normal
12.0,P,0,143.9,37.3,Overweight
8.0,L,1,125.0,23.3,Normal
12.0,L,1,144.4,35.0,Normal
10.0,L,1,133.7,30.6,Normal
7.0,P,0,119.7,24.2,Normal
8.0,L,1,118.0,27.3,Overweight
8.0,P,0,121.1,29.0,Overweight
8.0,P,0,118.6,26.8,Overweight
10.0,P,0,140.0,28.3,Normal
9.0,P,0,127.6,32.3,Overweight
10.0,P,0,131.1,35.6,Overweight
9.0,P,0,124.9,30.0,Overweight
11.0,P,0,142.0,33.7,Normal
8.0,L,1,122.6,20.4,Underweight
10.0,L,1,132.3,33.8,Overweight
9.0,P,0,124.2,30.0,Overweight
10.0,L,1,133.4,34.8,Overweight
10.0,P,0,135.2,31.1,Normal
7.0,P,0,115.9,19.7,Normal
6.0,L,1,117.0,20.1,Normal
11.0,P,0,140.7,35.9,Overweight
9.0,P,0,123.0,31.5,Overweight
11.0,L,1,141.1,37.6,Overweight
12.0,P,0,144.0,35.2,Normal
10.0,P,0,138.4,34.9,Overweight
11.0,P,0,141.9,35.3,Normal
9.0,L,1,126.5,33.2,Overweight
7.0,P,0,117.1,23.3,Normal
12.0,P,0,146.1,37.2,Normal
6.0,L,1,113.2,17.8,Underweight
10.0,P,0,133.9,32.6,Overweight
10.0,P,0,128.0,37.4,Obesity
8.0,L,1,121.5,20.7,Normal
9.0,P,0,129.7,30.2,Normal
7.0,L,1,117.1,21.7,Normal
9.0,P,0,127.6,26.4,Normal
9.0,L,1,131.5,28.0,Normal
12.0,L,1,143.9,42.3,Overweight
8.0,P,0,123.9,24.9,Normal
12.0,P,0,146.1,35.0,Normal
9.0,L,1,126.4,27.0,Normal
11.0,L,1,136.4,34.3,Overweight
10.0,P,0,131.8,31.5,Overweight
7.0,P,0,120.3,24.8,Normal
10.0,L,1,137.0,32.0,Normal
8.0,P,0,122.6,24.5,Normal
11.0,P,0,138.2,31.9,Normal
12.0,P,0,146.0,39.9,Overweight
9.0,L,1,129.6,30.0,Normal
12.0,P,0,150.4,42.6,Overweight
8.0,L,1,123.9,23.0,Normal
12.0,P,0,142.7,35.7,Normal
7.0,L,1,121.3,24.5,Normal
7.0,P,0,122.2,18.4,Underweight
6.0,L,1,112.6,18.9,Normal
7.0,L,1,118.1,22.0,Normal
9.0,L,1,124.9,29.0,Overweight
12.0,P,0,144.8,39.7,Overweight
7.0,P,0,119.0,21.6,Normal
11.0,L,1,143.1,32.0,Normal
10.0,L,1,137.2,32.5,Normal
9.0,P,0,128.3,28.1,Normal
8.0,L,1,121.5,23.6,Normal
6.0,L,1,112.5,20.0,Normal
9.0,L,1,130.0,30.0,Normal
12.0,P,0,144.8,33.5,Normal
8.0,L,1,124.9,25.5,Normal
6.0,L,1,114.2,18.5,Normal
11.0,P,0,137.6,32.7,Normal
10.0,P,0,137.0,27.9,Normal
10.0,L,1,133.9,31.5,Normal
7.0,L,1,117.8,20.3,Normal
10.0,L,1,133.4,33.4,Overweight
10.0,L,1,133.9,30.8,Normal
12.0,L,1,147.4,35.9,Normal
7.0,P,0,113.8,21.8,Normal
7.0,L,1,118.4,23.6,Normal
9.0,L,1,129.9,25.2,Normal
12.0,L,1,150.6,41.9,Overweight
9.0,L,1,131.1,27.5,Normal
6.0,P,0,114.1,21.7,Normal
11.0,L,1,139.1,32.7,Normal
11.0,P,0,142.6,35.0,Normal
11.0,P,0,142.3,31.4,Normal
6.0,P,0,113.7,20.7,Normal
10.0,P,0,133.2,30.8,Normal
7.0,P,0,116.9,19.6,Normal
12.0,P,0,145.2,41.2,Overweight
10.0,L,1,135.2,30.6,Normal
8.0,P,0,124.6,24.4,Normal
11.0,L,1,140.6,38.1,Overweight
10.0,L,1,134.4,31.9,Normal
9.0,L,1,128.4,28.1,Normal
11.0,L,1,139.6,34.7,Normal
6.0,P,0,113.5,17.8,Underweight
11.0,L,1,142.2,32.5,Normal
6.0,P,0,110.4,20.1,Normal
12.0,L,1,146.4,31.5,Normal
10.0,L,1,130.9,34.4,Overweight
11.0,L,1,137.1,40.4,Overweight
12.0,L,1,147.8,45.9,Overweight
10.0,L,1,134.6,34.5,Overweight
8.0,P,0,119.1,24.7,Normal
12.0,L,1,146.2,37.0,Normal
8.0,P,0,126.2,25.1,Normal
7.0,P,0,120.2,24.0,Normal
9.0,P,0,128.2,22.9,Underweight
7.0,P,0,121.2,19.8,Underweight
9.0,L,1,124.2,22.5,Normal
10.0,P,0,133.6,32.4,Overweight
9.0,L,1,126.8,31.8,Overweight
8.0,L,1,125.8,21.5,Underweight
11.0,L,1,143.0,34.2,Normal
10.0,L,1,133.4,34.2,Overweight
7.0,P,0,116.2,23.3,Normal
12.0,L,1,149.7,44.1,Overweight
9.0,L,1,127.7,29.4,Overweight
10.0,L,1,135.1,29.0,Normal
12.0,P,0,140.9,39.2,Overweight
6.0,P,0,115.0,17.6,Underweight
7.0,P,0,114.4,22.6,Normal
10.0,P,0,136.5,27.0,Normal
6.0,P,0,111.8,18.3,Normal
12.0,P,0,142.7,35.5,Normal
9.0,L,1,133.0,29.5,Normal
12.0,L,1,148.7,39.6,Normal
10.0,L,1,133.1,32.0,Overweight
6.0,L,1,117.9,21.5,Normal
9.0,L,1,126.2,30.5,Overweight
8.0,L,1,128.0,22.1,Underweight
11.0,L,1,140.6,28.0,Normal
12.0,L,1,144.4,36.1,Normal
9.0,L,1,132.0,25.5,Normal
9.0,L,1,123.1,27.9,Overweight
12.0,P,0,143.1,42.9,Overweight
7.0,L,1,115.1,20.9,Normal
6.0,L,1,112.1,21.5,Normal
12.0,L,1,146.5,37.5,Normal
6.0,P,0,113.5,18.6,Normal
10.0,P,0,132.8,29.2,Normal
9.0,L,1,130.3,28.0,Normal
12.0,L,1,145.4,39.7,Overweight
8.0,L,1,126.6,23.8,Normal
11.0,L,1,142.5,30.9,Normal
7.0,L,1,116.6,22.6,Normal
12.0,P,0,148.4,33.9,Normal
12.0,L,1,142.1,43.5,Overweight
9.0,P,0,127.5,24.3,Normal
6.0,L,1,110.6,21.0,Normal
8.0,P,0,119.9,24.5,Normal
7.0,P,0,121.2,24.2,Normal
11.0,L,1,144.3,37.4,Normal
10.0,L,1,137.5,35.2,Overweight
8.0,P,0,118.0,22.5,Normal
8.0,L,1,124.5,27.2,Normal
12.0,P,0,147.7,39.3,Overweight
9.0,L,1,130.1,30.1,Normal
12.0,P,0,146.1,37.3,Normal
12.0,L,1,142.9,34.3,Normal
8.0,P,0,127.7,21.0,Underweight
10.0,P,0,135.6,35.7,Overweight
12.0,L,1,146.7,40.4,Overweight
10.0,P,0,134.2,33.0,Overweight
10.0,P,0,136.1,27.3,Normal
6.0,P,0,113.0,21.8,Normal
9.0,L,1,128.7,24.9,Normal
10.0,P,0,134.3,33.4,Overweight
6.0,L,1,113.8,20.8,Normal
7.0,L,1,119.8,23.4,Normal
10.0,P,0,135.6,27.5,Normal
12.0,P,0,144.8,42.8,Overweight
7.0,P,0,117.4,24.5,Normal
8.0,P,0,119.8,20.0,Underweight
10.0,L,1,134.2,34.1,Overweight
6.0,P,0,113.6,18.5,Normal
11.0,L,1,142.4,36.2,Normal
12.0,L,1,149.0,39.5,Normal
12.0,L,1,144.0,36.9,Normal
12.0,P,0,143.7,43.5,Overweight
7.0,P,0,115.8,22.0,Normal
11.0,P,0,137.3,37.0,Overweight
8.0,P,0,123.6,27.1,Normal
11.0,P,0,142.0,34.0,Normal
12.0,L,1,145.3,42.6,Overweight
9.0,L,1,126.1,34.0,Overweight
11.0,P,0,139.1,38.8,Overweight
6.0,L,1,115.7,18.3,Underweight
9.0,L,1,127.4,22.8,Normal
12.0,L,1,145.8,38.3,Overweight
12.0,L,1,150.0,39.8,Normal
7.0,P,0,117.0,20.2,Normal
12.0,L,1,142.3,35.1,Normal
8.0,P,0,122.8,24.0,Normal
9.0,P,0,125.8,28.1,Normal
7.0,P,0,120.1,23.6,Normal
6.0,L,1,110.2,18.5,Normal
7.0,P,0,122.4,20.6,Underweight
12.0,L,1,150.2,36.9,Normal
9.0,P,0,129.5,32.7,Overweight
10.0,L,1,135.8,27.2,Normal
8.0,P,0,121.9,26.8,Overweight
7.0,P,0,119.5,22.4,Normal
10.0,L,1,133.0,30.0,Normal
10.0,L,1,131.2,29.4,Normal
9.0,L,1,124.4,25.5,Normal
9.0,L,1,127.4,30.3,Overweight
7.0,L,1,119.8,20.4,Normal
11.0,L,1,141.1,29.1,Normal
8.0,L,1,124.2,28.6,Overweight
9.0,L,1,127.9,31.6,Overweight
9.0,P,0,125.4,33.4,Overweight
9.0,P,0,128.8,32.2,Overweight
11.0,P,0,139.9,34.0,Normal
7.0,L,1,117.4,18.9,Underweight
9.0,L,1,126.6,28.3,Normal
10.0,P,0,133.8,31.5,Normal
12.0,L,1,151.1,35.5,Normal
10.0,P,0,136.0,35.1,Overweight
12.0,P,0,148.8,33.6,Normal
11.0,P,0,138.9,38.8,Overweight
6.0,P,0,112.8,20.7,Normal
12.0,P,0,145.5,36.1,Normal
11.0,P,0,143.3,29.6,Normal
10.0,P,0,134.4,26.3,Normal
9.0,P,0,126.5,22.3,Underweight
12.0,P,0,140.0,40.6,Overweight
7.0,L,1,118.2,21.7,Normal
7.0,P,0,119.8,24.9,Normal
7.0,P,0,115.0,23.7,Normal
7.0,P,0,116.2,22.1,Normal
12.0,P,0,143.8,41.1,Overweight
8.0,P,0,121.2,29.0,Overweight
10.0,L,1,132.3,32.3,Overweight
8.0,L,1,120.1,23.6,Normal
11.0,P,0,142.7,38.2,Overweight
9.0,L,1,126.8,25.4,Normal
8.0,P,0,124.4,27.9,Overweight
11.0,P,0,139.5,38.3,Overweight
9.0,P,0,131.9,26.6,Normal
11.0,P,0,143.0,32.8,Normal
8.0,L,1,123.4,25.2,Normal
11.0,L,1,140.8,31.3,Normal
7.0,P,0,120.0,24.2,Normal
9.0,L,1,126.0,25.9,Normal
7.0,L,1,122.0,19.9,Underweight
6.0,L,1,112.1,19.9,Normal
10.0,L,1,136.8,34.7,Overweight
6.0,P,0,116.0,19.4,Normal
12.0,P,0,148.0,37.8,Normal
12.0,L,1,151.1,36.5,Normal
10.0,P,0,132.1,34.0,Overweight
9.0,L,1,126.0,30.5,Overweight
9.0,L,1,130.2,28.9,Normal
7.0,L,1,117.9,19.4,Underweight
7.0,L,1,116.8,19.6,Normal
8.0,L,1,126.3,21.5,Underweight
6.0,L,1,112.1,19.1,Normal
9.0,L,1,129.3,29.5,Normal
9.0,L,1,125.3,28.5,Overweight
12.0,L,1,145.7,35.4,Normal
8.0,P,0,123.1,20.5,Underweight
9.0,P,0,127.6,22.9,Normal
11.0,P,0,140.9,41.4,Overweight
9.0,P,0,130.5,33.0,Overweight
8.0,L,1,120.6,28.1,Overweight
10.0,L,1,132.1,30.0,Normal
10.0,P,0,131.6,37.1,Overweight
9.0,L,1,126.9,25.3,Normal
8.0,P,0,121.0,24.2,Normal
12.0,L,1,142.1,42.9,Overweight
10.0,L,1,138.0,30.1,Normal
6.0,P,0,114.9,18.6,Normal
11.0,P,0,139.9,35.2,Normal
11.0,P,0,143.5,36.7,Normal
12.0,L,1,151.5,37.5,Normal
10.0,P,0,133.9,29.5,Normal
7.0,P,0,114.4,25.0,Overweight
9.0,L,1,124.4,22.4,Normal
11.0,L,1,140.5,38.8,Overweight
8.0,L,1,122.5,25.5,Normal
8.0,L,1,121.2,26.1,Normal
7.0,P,0,119.1,19.9,Normal
9.0,L,1,131.2,26.9,Normal
9.0,P,0,128.2,28.9,Normal
9.0,P,0,130.0,30.4,Normal
11.0,L,1,139.2,35.2,Overweight
9.0,L,1,127.3,29.2,Overweight
7.0,L,1,115.2,25.0,Overweight
11.0,P,0,143.5,34.9,Normal
12.0,P,0,140.7,38.6,Overweight
7.0,P,0,117.8,21.2,Normal
10.0,L,1,134.9,31.4,Normal
12.0,P,0,146.7,34.5,Normal
9.0,L,1,123.1,26.5,Normal
8.0,P,0,118.0,22.3,Normal
7.0,L,1,119.0,23.9,Normal
9.0,P,0,132.5,27.2,Normal
8.0,L,1,121.0,25.9,Normal
10.0,L,1,128.9,34.5,Overweight
8.0,P,0,125.4,21.0,Underweight
10.0,L,1,134.9,33.4,Overweight
10.0,P,0,131.7,36.2,Overweight
9.0,P,0,124.9,33.4,Overweight
8.0,P,0,122.7,24.6,Normal
6.0,L,1,112.9,17.2,Underweight
11.0,P,0,137.7,36.1,Overweight
9.0,L,1,130.1,32.8,Overweight
9.0,L,1,128.9,26.6,Normal
8.0,P,0,119.4,23.2,Normal
8.0,L,1,122.0,24.6,Normal
11.0,P,0,136.5,35.4,Overweight
12.0,P,0,148.8,38.4,Normal
9.0,L,1,128.6,26.3,Normal
11.0,P,0,141.3,38.7,Overweight
7.0,P,0,120.7,19.0,Underweight
8.0,P,0,122.4,25.4,Normal
9.0,L,1,125.9,30.0,Overweight
8.0,P,0,125.7,21.0,Underweight
10.0,L,1,131.8,28.7,Normal
6.0,P,0,115.7,19.5,Normal
7.0,L,1,122.2,21.6,Normal
9.0,L,1,132.5,27.0,Normal
11.0,L,1,137.7,35.4,Overweight
8.0,L,1,123.9,23.2,Normal
11.0,L,1,145.5,35.0,Normal
6.0,L,1,110.7,20.8,Normal
10.0,P,0,130.7,31.9,Overweight
9.0,L,1,130.2,27.6,Normal
12.0,P,0,148.7,40.2,Overweight
10.0,L,1,134.7,32.9,Overweight
9.0,L,1,131.1,30.3,Normal
8.0,P,0,124.8,29.0,Overweight
8.0,L,1,126.0,22.4,Normal
10.0,L,1,136.6,30.4,Normal
9.0,P,0,129.1,22.0,Underweight
7.0,L,1,120.9,20.4,Underweight
6.0,L,1,112.3,18.4,Normal
11.0,P,0,143.6,38.4,Overweight
11.0,P,0,137.7,40.0,Overweight
8.0,P,0,123.0,22.4,Normal
7.0,P,0,119.5,21.0,Normal
11.0,P,0,143.8,36.6,Normal
10.0,L,1,133.0,32.0,Overweight
8.0,L,1,122.4,24.1,Normal
10.0,L,1,133.0,28.0,Normal
10.0,L,1,133.1,31.4,Normal
11.0,L,1,139.9,36.4,Overweight
11.0,P,0,140.7,39.7,Overweight
12.0,P,0,152.0,38.4,Normal
7.0,L,1,117.0,20.6,Normal
12.0,L,1,144.5,40.5,Overweight
9.0,L,1,129.1,27.8,Normal
12.0,L,1,146.9,34.3,Normal
7.0,P,0,116.1,24.2,Normal
10.0,L,1,134.6,28.7,Normal
6.0,P,0,114.3,21.6,Normal
9.0,P,0,129.5,30.7,Overweight
10.0,L,1,140.0,26.7,Underweight
11.0,L,1,140.6,34.1,Normal
10.0,L,1,133.4,29.9,Normal
10.0,P,0,131.9,31.9,Overweight
12.0,L,1,146.1,36.8,Normal
7.0,P,0,117.1,18.1,Underweight
7.0,L,1,114.3,20.1,Normal
7.0,L,1,122.3,18.2,Underweight
8.0,L,1,118.5,27.0,Overweight
10.0,P,0,138.3,34.5,Overweight
8.0,P,0,125.4,28.9,Overweight
8.0,P,0,125.2,25.2,Normal
9.0,P,0,132.7,26.8,Normal
11.0,P,0,137.1,38.0,Overweight
10.0,L,1,136.1,27.2,Normal
8.0,P,0,123.1,24.3,Normal
8.0,L,1,122.8,25.7,Normal
8.0,P,0,123.3,26.8,Normal
9.0,P,0,126.2,27.6,Normal
9.0,P,0,128.9,26.1,Normal
9.0,P,0,129.4,30.1,Normal
10.0,L,1,130.1,34.3,Overweight
9.0,L,1,130.1,27.1,Normal
10.0,L,1,131.6,35.7,Overweight
11.0,P,0,147.0,36.7,Normal
12.0,L,1,142.3,32.6,Normal
12.0,P,0,143.7,38.5,Overweight
9.0,L,1,127.6,28.4,Normal
10.0,P,0,137.1,28.1,Normal
11.0,L,1,141.5,38.5,Overweight
7.0,P,0,119.2,21.7,Normal
11.0,P,0,141.5,33.6,Normal
8.0,P,0,125.1,24.4,Normal
6.0,L,1,115.4,19.6,Normal
8.0,P,0,123.9,27.3,Normal
10.0,P,0,133.6,35.4,Overweight
10.0,P,0,136.7,31.4,Normal
9.0,P,0,123.7,24.2,Normal
12.0,P,0,144.2,41.5,Overweight
6.0,L,1,116.7,20.8,Normal
12.0,L,1,148.2,42.6,Overweight
7.0,P,0,120.8,18.8,Underweight
7.0,P,0,118.5,20.2,Normal
11.0,L,1,143.0,33.8,Normal
7.0,P,0,116.5,18.2,Underweight
6.0,L,1,115.4,20.9,Normal
11.0,P,0,144.7,36.7,Normal
12.0,P,0,144.3,30.8,Normal
8.0,L,1,124.7,20.3,Underweight
6.0,P,0,115.5,20.4,Normal
7.0,P,0,113.0,20.0,Normal
7.0,L,1,119.6,19.9,Underweight
8.0,L,1,120.8,21.0,Normal
11.0,L,1,141.3,36.1,Overweight
10.0,P,0,131.4,31.4,Overweight
9.0,P,0,127.1,31.6,Overweight
6.0,P,0,112.4,18.6,Normal
6.0,P,0,112.0,19.4,Normal
8.0,P,0,125.9,23.4,Normal
6.0,L,1,113.8,17.3,Underweight
8.0,L,1,124.2,27.1,Normal
11.0,L,1,144.3,34.4,Normal
12.0,P,0,145.1,40.1,Overweight
7.0,P,0,115.4,20.5,Normal
7.0,P,0,117.6,22.1,Normal
12.0,P,0,148.3,35.2,Normal
12.0,P,0,145.5,43.6,Overweight
9.0,P,0,129.4,27.3,Normal
7.0,L,1,116.6,21.3,Normal
6.0,L,1,115.3,20.2,Normal
11.0,P,0,141.5,37.4,Overweight
11.0,L,1,138.4,34.3,Normal
12.0,L,1,147.6,36.8,Normal
12.0,P,0,143.1,39.8,Overweight
11.0,L,1,142.5,40.6,Overweight
7.0,P,0,121.1,21.9,Normal
12.0,P,0,145.1,34.4,Normal
10.0,L,1,132.4,30.0,Normal
6.0,P,0,116.7,17.3,Underweight
8.0,L,1,126.5,22.3,Underweight
7.0,P,0,117.5,23.5,Normal
12.0,P,0,145.8,38.2,Normal
7.0,L,1,118.9,18.0,Underweight
9.0,L,1,126.7,30.0,Overweight
12.0,L,1,146.0,40.0,Overweight
12.0,L,1,144.3,40.5,Overweight
9.0,L,1,129.2,24.3,Normal
7.0,L,1,121.4,22.1,Normal
11.0,P,0,139.3,35.6,Overweight
10.0,P,0,131.8,36.3,Overweight
11.0,L,1,139.2,33.0,Normal
10.0,P,0,134.5,31.8,Normal
11.0,L,1,142.1,36.7,Overweight
11.0,P,0,141.8,33.1,Normal
8.0,L,1,120.7,27.2,Overweight
10.0,L,1,134.7,25.8,Normal
12.0,L,1,146.8,38.6,Normal
10.0,L,1,130.4,29.8,Normal
12.0,P,0,148.8,40.5,Overweight
11.0,L,1,140.0,38.1,Overweight
11.0,P,0,146.0,36.4,Normal
12.0,P,0,144.3,42.4,Overweight
6.0,L,1,115.7,20.8,Normal
11.0,P,0,136.6,36.8,Overweight
12.0,L,1,146.2,38.0,Normal
7.0,L,1,120.4,18.6,Underweight
6.0,L,1,110.5,21.8,Normal
10.0,L,1,132.2,29.2,Normal
12.0,L,1,142.9,42.3,Overweight
7.0,L,1,116.0,21.9,Normal
7.0,L,1,116.5,21.6,Normal
11.0,P,0,144.2,33.8,Normal
9.0,L,1,125.1,27.0,Normal
7.0,P,0,121.6,22.1,Normal
11.0,P,0,136.3,40.0,Overweight
9.0,L,1,123.0,27.9,Overweight
8.0,P,0,125.1,26.1,Normal
8.0,L,1,121.7,24.1,Normal
9.0,P,0,131.6,25.4,Normal
9.0,L,1,128.4,24.4,Normal
10.0,P,0,132.7,28.0,Normal
10.0,P,0,134.2,31.5,Normal
11.0,L,1,142.1,30.9,Normal
6.0,P,0,114.4,17.6,Underweight
8.0,L,1,121.8,20.7,Underweight
12.0,P,0,148.8,40.8,Overweight
8.0,L,1,121.2,26.5,Overweight
7.0,P,0,120.5,22.9,Normal
9.0,L,1,130.8,23.1,Underweight
12.0,L,1,142.8,35.9,Normal
12.0,P,0,151.1,36.8,Normal
11.0,L,1,138.6,36.0,Overweight
9.0,L,1,124.3,29.4,Overweight
8.0,L,1,120.1,24.9,Normal
12.0,L,1,149.6,36.1,Normal
12.0,L,1,144.9,38.0,Overweight
8.0,L,1,122.4,23.8,Normal
6.0,P,0,116.6,17.3,Underweight
7.0,P,0,119.7,21.8,Normal
6.0,L,1,116.6,17.5,Underweight
9.0,L,1,128.9,28.2,Normal
6.0,P,0,113.5,21.6,Normal
11.0,L,1,139.8,36.0,Overweight
9.0,L,1,129.2,27.0,Normal
7.0,L,1,115.9,19.0,Normal
12.0,P,0,141.9,39.8,Overweight
8.0,L,1,122.3,28.0,Overweight
9.0,P,0,123.3,34.0,Obesity
9.0,P,0,127.1,31.2,Overweight
10.0,L,1,130.5,29.1,Normal
12.0,L,1,145.2,35.9,Normal
10.0,L,1,134.7,29.5,Normal
9.0,P,0,130.7,32.7,Overweight
9.0,L,1,125.5,30.0,Overweight
9.0,L,1,129.3,24.7,Normal
6.0,P,0,110.4,17.9,Normal
11.0,P,0,144.2,35.0,Normal
11.0,L,1,142.7,35.3,Normal
10.0,P,0,139.3,31.3,Normal
6.0,L,1,117.0,20.4,Normal
12.0,L,1,144.2,43.9,Overweight
9.0,L,1,132.0,25.2,Normal
7.0,L,1,115.1,18.0,Underweight
10.0,L,1,130.7,29.0,Normal
7.0,L,1,116.0,23.9,Normal
9.0,L,1,129.7,24.0,Normal
11.0,P,0,142.3,31.5,Normal
6.0,L,1,115.4,21.3,Normal
7.0,L,1,118.0,22.1,Normal
9.0,P,0,129.6,27.9,Normal
11.0,L,1,146.0,36.4,Normal
11.0,P,0,135.6,37.0,Overweight
8.0,L,1,124.0,26.1,Normal
12.0,P,0,141.0,35.8,Overweight
12.0,P,0,142.4,40.1,Overweight
12.0,L,1,151.2,41.1,Normal
12.0,L,1,148.0,42.0,Overweight
8.0,P,0,122.0,25.6,Normal
7.0,P,0,116.5,21.4,Normal
10.0,P,0,135.1,32.1,Normal
12.0,P,0,145.2,37.3,Normal
6.0,P,0,110.6,20.3,Normal
10.0,L,1,134.5,30.8,Normal
10.0,L,1,132.4,32.3,Overweight
11.0,L,1,137.8,28.0,Normal
8.0,L,1,122.9,21.9,Normal
12.0,L,1,148.4,30.0,Underweight
10.0,P,0,133.3,33.4,Overweight
8.0,L,1,121.8,24.6,Normal
7.0,P,0,115.0,23.9,Overweight
9.0,P,0,123.5,34.0,Obesity
9.0,P,0,123.4,27.5,Overweight
6.0,L,1,114.9,20.9,Normal
8.0,P,0,122.0,24.1,Normal
11.0,L,1,138.7,36.9,Overweight
9.0,L,1,130.4,29.9,Normal
11.0,P,0,142.8,38.2,Overweight
8.0,P,0,122.3,26.4,Normal
11.0,L,1,138.6,34.2,Normal
11.0,L,1,144.4,32.0,Normal
6.0,P,0,118.0,17.2,Underweight
9.0,L,1,128.4,27.6,Normal
8.0,L,1,125.5,21.9,Underweight
7.0,P,0,116.9,19.7,Normal
7.0,L,1,116.6,23.0,Normal
8.0,L,1,123.3,22.5,Normal
11.0,L,1,142.6,37.6,Overweight
7.0,L,1,117.7,24.1,Normal
10.0,P,0,135.0,28.1,Normal
10.0,P,0,135.2,29.2,Normal
10.0,P,0,130.1,35.5,Overweight
8.0,L,1,123.0,27.5,Overweight
12.0,L,1,149.3,42.8,Overweight
12.0,P,0,148.4,36.7,Normal
8.0,L,1,123.8,25.5,Normal
12.0,P,0,148.3,35.3,Normal
11.0,P,0,143.8,38.9,Overweight
11.0,L,1,141.2,33.3,Normal
7.0,P,0,119.9,24.3,Normal
6.0,P,0,112.5,20.3,Normal
7.0,P,0,120.5,18.5,Underweight
9.0,L,1,131.9,26.4,Normal
8.0,P,0,121.4,21.8,Normal
10.0,L,1,136.6,27.5,Normal
8.0,L,1,127.9,26.8,Normal
8.0,P,0,123.4,20.8,Underweight
8.0,L,1,126.4,23.7,Normal
7.0,P,0,120.1,18.2,Underweight
11.0,L,1,140.6,37.4,Overweight
10.0,P,0,130.1,27.3,Normal
9.0,L,1,129.7,24.4,Normal
8.0,L,1,120.4,24.8,Normal
10.0,P,0,134.4,34.7,Overweight
10.0,P,0,133.9,32.8,Overweight
6.0,P,0,116.0,18.7,Underweight
10.0,L,1,135.4,30.7,Normal
9.0,P,0,126.5,27.6,Normal
10.0,L,1,133.0,32.3,Overweight
11.0,P,0,140.8,38.5,Overweight
11.0,L,1,141.5,35.2,Normal
7.0,P,0,116.3,20.2,Normal
10.0,L,1,136.1,32.1,Normal
10.0,L,1,131.5,33.2,Overweight
7.0,L,1,118.9,21.0,Normal
10.0,L,1,131.0,25.0,Normal
8.0,P,0,121.1,20.3,Underweight
11.0,P,0,144.8,37.4,Normal
9.0,L,1,131.9,29.1,Normal
12.0,L,1,144.3,40.2,Overweight
7.0,L,1,121.3,22.8,Normal
10.0,L,1,132.0,27.3,Normal
11.0,P,0,141.2,33.3,Normal
8.0,P,0,119.3,28.2,Overweight
12.0,L,1,147.3,37.9,Normal
12.0,L,1,143.2,36.6,Normal
11.0,P,0,136.1,33.6,Overweight
11.0,P,0,141.6,38.7,Overweight
12.0,L,1,146.4,44.2,Overweight
11.0,P,0,139.9,33.0,Normal
11.0,P,0,142.1,38.1,Overweight
9.0,P,0,125.3,27.4,Normal
10.0,P,0,135.4,35.4,Overweight
11.0,P,0,141.3,35.0,Normal
7.0,L,1,116.0,19.5,Normal
9.0,P,0,128.4,25.3,Normal
10.0,P,0,134.9,30.7,Normal
8.0,L,1,125.2,23.3,Normal
12.0,P,0,140.0,38.1,Overweight
9.0,L,1,129.8,30.0,Normal
7.0,L,1,119.0,19.4,Underweight
11.0,P,0,140.3,36.2,Overweight
11.0,L,1,143.3,37.6,Overweight
12.0,P,0,140.0,35.8,Overweight
9.0,L,1,128.8,32.4,Overweight
8.0,L,1,125.5,20.3,Underweight
7.0,L,1,115.9,18.7,Underweight
10.0,P,0,130.3,33.3,Overweight
10.0,L,1,133.4,29.6,Normal
7.0,L,1,119.9,22.0,Normal
12.0,P,0,142.7,35.6,Normal
12.0,L,1,146.9,45.1,Overweight
10.0,P,0,132.6,33.3,Overweight
12.0,P,0,146.4,34.7,Normal
8.0,L,1,122.0,22.5,Normal
9.0,L,1,127.8,30.7,Overweight
8.0,P,0,124.6,27.7,Normal
10.0,L,1,132.6,35.1,Overweight
12.0,L,1,144.7,41.0,Overweight
11.0,L,1,139.3,39.1,Overweight
8.0,L,1,122.9,20.7,Underweight
12.0,L,1,148.1,42.1,Overweight
11.0,P,0,143.9,36.6,Normal
10.0,P,0,133.9,35.2,Overweight
10.0,P,0,138.9,26.7,Underweight
11.0,P,0,143.3,40.2,Overweight
7.0,P,0,116.6,22.4,Normal
8.0,L,1,125.8,25.9,Normal
7.0,L,1,115.7,25.0,Overweight
8.0,P,0,122.5,23.5,Normal
7.0,P,0,113.0,18.1,Normal
11.0,P,0,138.1,35.3,Overweight
11.0,P,0,142.5,39.2,Overweight
9.0,L,1,131.5,31.4,Overweight
9.0,P,0,131.6,32.6,Overweight
8.0,P,0,120.8,24.9,Normal
11.0,P,0,140.6,33.5,Normal
8.0,P,0,124.0,28.3,Overweight
8.0,L,1,124.2,28.8,Overweight
6.0,L,1,114.3,20.1,Normal
11.0,L,1,136.1,35.9,Overweight
12.0,L,1,146.6,41.8,Overweight
9.0,L,1,127.3,23.0,Normal
9.0,L,1,130.3,22.0,Underweight
9.0,L,1,129.9,28.7,Normal
12.0,P,0,144.0,35.4,Normal
12.0,L,1,142.3,43.1,Overweight
6.0,L,1,110.4,19.4,Normal
7.0,L,1,121.9,23.4,Normal
11.0,P,0,139.8,39.0,Overweight
12.0,P,0,146.3,40.1,Overweight
11.0,P,0,145.5,37.9,Normal
10.0,P,0,132.0,28.1,Normal
11.0,L,1,139.1,38.5,Overweight
9.0,P,0,125.0,22.6,Normal
11.0,L,1,142.7,41.1,Overweight
12.0,L,1,149.2,37.5,Normal
6.0,P,0,117.2,17.7,Underweight
12.0,L,1,143.8,36.1,Normal
12.0,L,1,148.5,44.4,Overweight
6.0,L,1,114.4,17.4,Underweight
7.0,L,1,115.6,21.2,Normal
6.0,L,1,116.2,20.4,Normal
9.0,L,1,131.0,31.2,Overweight
9.0,P,0,126.3,27.3,Normal
6.0,P,0,115.3,20.0,Normal
12.0,L,1,148.4,38.8,Normal
11.0,L,1,140.6,33.0,Normal
7.0,P,0,114.7,20.7,Normal
10.0,L,1,135.2,34.0,Overweight
10.0,L,1,138.5,35.2,Overweight
11.0,L,1,137.5,36.0,Overweight
12.0,L,1,148.4,36.1,Normal
11.0,L,1,141.8,36.4,Overweight
11.0,L,1,140.6,39.8,Overweight
8.0,P,0,118.0,24.8,Normal
12.0,P,0,146.1,40.1,Overweight
11.0,L,1,139.9,36.9,Overweight
11.0,L,1,144.6,38.0,Overweight
8.0,L,1,124.3,23.2,Normal
11.0,P,0,143.4,36.4,Normal
9.0,L,1,127.2,27.6,Normal
11.0,L,1,143.4,36.3,Normal
6.0,P,0,114.0,20.2,Normal
8.0,P,0,119.8,21.2,Normal
11.0,P,0,140.8,34.2,Normal
6.0,P,0,112.9,18.5,Normal
9.0,P,0,128.3,23.4,Normal
9.0,P,0,129.3,28.9,Normal
11.0,P,0,139.9,32.4,Normal
10.0,L,1,132.4,27.7,Normal
12.0,L,1,147.8,40.1,Overweight
7.0,L,1,115.1,24.2,Overweight
12.0,P,0,145.2,37.7,Normal
9.0,L,1,129.8,30.9,Overweight
11.0,L,1,142.9,33.1,Normal
10.0,P,0,131.4,26.0,Normal
11.0,P,0,139.4,34.3,Normal
9.0,L,1,129.8,25.5,Normal
12.0,L,1,149.2,39.7,Normal
11.0,P,0,141.5,36.3,Overweight
11.0,P,0,144.9,38.0,Overweight
12.0,L,1,148.1,31.1,Normal
9.0,P,0,132.2,28.5,Normal
10.0,L,1,131.3,32.8,Overweight
7.0,P,0,115.9,21.4,Normal
8.0,P,0,120.9,23.5,Normal
10.0,P,0,134.0,27.4,Normal
7.0,P,0,116.6,20.7,Normal
6.0,P,0,116.2,20.9,Normal
9.0,L,1,130.5,27.0,Normal
12.0,P,0,144.6,38.5,Overweight
12.0,L,1,147.9,42.5,Overweight
12.0,L,1,147.1,36.0,Normal
11.0,P,0,139.7,34.9,Normal
10.0,L,1,133.9,28.8,Normal
8.0,P,0,123.6,22.9,Normal
8.0,P,0,126.2,24.7,Normal
6.0,P,0,114.4,21.8,Normal
7.0,P,0,116.7,23.0,Normal
10.0,P,0,137.9,34.2,Normal
12.0,P,0,141.3,34.3,Normal
10.0,L,1,136.2,29.2,Normal
11.0,P,0,142.0,33.9,Normal
12.0,L,1,147.9,41.2,Overweight
8.0,L,1,126.4,29.0,Overweight
9.0,L,1,127.7,31.0,Overweight
8.0,L,1,122.5,28.8,Overweight
10.0,P,0,132.6,36.7,Overweight
11.0,L,1,137.9,30.0,Normal
11.0,P,0,142.9,36.7,Normal
10.0,L,1,134.4,36.5,Overweight
9.0,P,0,128.1,31.0,Overweight
12.0,P,0,148.6,38.7,Normal
8.0,P,0,124.3,22.7,Normal
12.0,L,1,145.7,37.5,Normal
6.0,P,0,115.2,19.0,Normal
9.0,P,0,128.7,33.9,Overweight
6.0,P,0,110.9,21.3,Normal
11.0,L,1,143.0,43.0,Overweight
7.0,P,0,116.4,24.9,Overweight
11.0,P,0,145.2,34.2,Normal
9.0,L,1,130.0,25.2,Normal
8.0,P,0,123.0,20.3,Underweight
8.0,P,0,123.7,20.6,Underweight
11.0,P,0,140.3,31.2,Normal
11.0,P,0,144.0,36.0,Normal
6.0,P,0,113.2,21.2,Normal
12.0,P,0,152.0,30.3,Underweight
6.0,L,1,114.0,20.8,Normal
8.0,L,1,128.0,25.9,Normal
9.0,P,0,129.9,30.7,Overweight
7.0,L,1,115.2,18.7,Normal
12.0,P,0,147.7,40.5,Overweight
9.0,P,0,130.9,28.9,Normal
11.0,P,0,145.3,34.2,Normal
11.0,L,1,144.7,41.6,Overweight
8.0,L,1,127.1,29.0,Normal
6.0,L,1,110.1,19.6,Normal
9.0,L,1,130.7,30.1,Normal
8.0,P,0,119.3,27.4,Overweight
7.0,P,0,117.4,22.9,Normal
12.0,L,1,144.1,42.3,Overweight
7.0,L,1,118.0,23.7,Normal
12.0,P,0,146.5,44.3,Overweight
7.0,L,1,118.4,23.5,Normal
11.0,P,0,141.7,36.9,Overweight
10.0,L,1,134.2,26.1,Normal
10.0,P,0,134.5,34.0,Overweight
9.0,L,1,129.8,22.3,Underweight
9.0,L,1,130.3,34.0,Overweight
11.0,L,1,139.7,40.6,Overweight
9.0,P,0,124.4,32.5,Overweight
7.0,L,1,117.3,23.6,Normal
8.0,P,0,118.6,24.3,Normal
11.0,L,1,140.0,35.6,Overweight
9.0,P,0,126.7,22.3,Underweight
8.0,P,0,124.3,20.3,Underweight
10.0,L,1,131.2,29.0,Normal
12.0,P,0,143.8,40.0,Overweight
9.0,P,0,126.2,32.4,Overweight
12.0,L,1,143.9,39.7,Overweight
11.0,P,0,142.3,34.2,Normal
10.0,L,1,133.8,29.0,Normal
7.0,L,1,116.6,21.0,Normal
11.0,L,1,141.1,41.2,Overweight
6.0,L,1,112.4,21.8,Normal
11.0,L,1,141.8,36.2,Normal
7.0,L,1,115.8,24.3,Overweight
11.0,P,0,139.0,38.5,Overweight
12.0,L,1,142.3,37.3,Overweight
9.0,P,0,125.8,28.2,Normal
7.0,L,1,116.7,19.3,Normal
7.0,P,0,122.9,23.7,Normal
10.0,L,1,134.2,29.5,Normal
8.0,L,1,128.0,23.1,Normal
7.0,L,1,118.7,19.0,Underweight
10.0,L,1,134.9,30.0,Normal
8.0,P,0,126.3,27.7,Normal
9.0,P,0,133.0,29.0,Normal
12.0,P,0,142.3,40.6,Overweight
11.0,L,1,137.1,32.0,Normal
10.0,P,0,136.4,27.3,Normal
7.0,P,0,115.9,24.1,Normal
7.0,P,0,121.0,18.6,Underweight
6.0,L,1,113.7,19.8,Normal
11.0,P,0,143.8,35.7,Normal
8.0,L,1,124.7,28.6,Overweight
6.0,L,1,112.0,19.3,Normal
10.0,P,0,128.3,29.2,Normal
11.0,L,1,142.8,35.4,Normal
12.0,P,0,146.5,41.6,Overweight
11.0,L,1,141.2,32.7,Normal
7.0,L,1,117.3,22.2,Normal
11.0,P,0,140.1,40.1,Overweight
6.0,L,1,111.7,19.0,Normal
11.0,P,0,140.4,36.3,Overweight
6.0,P,0,114.3,20.0,Normal
9.0,L,1,128.6,28.4,Normal
6.0,L,1,114.2,18.9,Normal
10.0,L,1,134.8,31.3,Normal
9.0,P,0,123.4,25.5,Normal
6.0,P,0,113.5,19.4,Normal
9.0,L,1,129.1,26.2,Normal
9.0,P,0,126.7,29.4,Overweight
8.0,P,0,123.0,25.6,Normal
10.0,P,0,134.0,31.1,Normal
11.0,L,1,142.9,35.5,Normal
11.0,P,0,142.0,38.7,Overweight
10.0,L,1,133.8,29.9,Normal
11.0,P,0,142.4,36.3,Normal
8.0,L,1,125.9,22.5,Normal
11.0,L,1,140.5,33.9,Normal
9.0,L,1,125.7,32.8,Overweight
10.0,P,0,135.3,31.6,Normal
8.0,P,0,119.7,21.9,Normal
12.0,P,0,145.0,39.7,Overweight
11.0,P,0,143.0,36.5,Normal
9.0,L,1,125.7,28.6,Overweight
11.0,L,1,139.4,38.6,Overweight
11.0,L,1,141.3,39.5,Overweight
8.0,P,0,124.4,28.8,Overweight
6.0,L,1,115.3,20.0,Normal
10.0,P,0,134.9,26.6,Normal
11.0,P,0,142.9,33.8,Normal
12.0,L,1,145.0,39.7,Overweight
9.0,P,0,131.5,31.1,Normal
11.0,L,1,141.5,36.5,Overweight
7.0,P,0,116.5,20.9,Normal
10.0,P,0,134.1,38.0,Overweight
11.0,L,1,140.3,39.2,Overweight
6.0,P,0,111.1,18.3,Normal
9.0,L,1,133.0,26.4,Normal
12.0,L,1,146.1,38.0,Normal
9.0,L,1,132.4,23.3,Underweight
11.0,P,0,143.0,37.7,Overweight
10.0,L,1,133.9,31.0,Normal
6.0,P,0,113.5,20.4,Normal
9.0,L,1,128.6,27.5,Normal
9.0,P,0,132.2,31.5,Normal
9.0,P,0,129.1,22.9,Underweight
7.0,L,1,118.2,23.0,Normal
12.0,L,1,145.7,34.0,Normal
7.0,L,1,118.9,18.1,Underweight
10.0,L,1,137.8,28.8,Normal
12.0,L,1,148.9,38.4,Normal
8.0,L,1,121.1,21.1,Normal
7.0,P,0,123.0,19.8,Underweight
10.0,P,0,138.9,32.8,Normal
9.0,P,0,127.9,22.0,Underweight
7.0,P,0,115.8,18.6,Underweight
9.0,P,0,125.5,24.3,Normal
9.0,L,1,126.5,34.0,Overweight
7.0,P,0,122.6,20.3,Underweight
7.0,L,1,115.8,20.9,Normal
8.0,L,1,124.1,22.1,Normal
8.0,P,0,122.8,24.4,Normal
12.0,P,0,146.8,35.7,Normal
8.0,L,1,122.3,29.0,Overweight
8.0,P,0,120.4,24.5,Normal
11.0,L,1,136.0,37.0,Overweight
9.0,P,0,125.9,23.6,Normal
9.0,L,1,130.8,30.9,Overweight
12.0,L,1,145.6,38.4,Overweight
8.0,P,0,126.7,27.1,Normal
11.0,P,0,142.4,31.4,Normal
6.0,P,0,112.4,20.8,Normal
12.0,P,0,143.6,40.7,Overweight
8.0,L,1,123.2,25.4,Normal
12.0,L,1,142.2,37.2,Overweight
11.0,P,0,140.5,38.8,Overweight
8.0,P,0,125.7,26.1,Normal
11.0,P,0,141.6,35.5,Normal
9.0,P,0,129.8,29.3,Normal
11.0,P,0,143.6,36.6,Normal
12.0,P,0,148.4,36.1,Normal
10.0,P,0,131.7,31.2,Normal
10.0,L,1,137.0,26.5,Normal
7.0,L,1,115.6,24.1,Overweight
11.0,L,1,137.7,34.4,Overweight
9.0,P,0,125.8,33.3,Overweight
7.0,P,0,116.1,19.7,Normal
10.0,P,0,131.2,35.2,Overweight
9.0,L,1,130.7,28.4,Normal
9.0,P,0,123.0,24.6,Normal
8.0,L,1,118.0,21.0,Normal
9.0,P,0,128.2,26.0,Normal
9.0,L,1,127.8,29.2,Normal
12.0,L,1,144.6,38.9,Overweight
7.0,L,1,113.7,20.9,Normal
8.0,P,0,124.8,20.9,Underweight
11.0,P,0,135.0,32.0,Normal
11.0,L,1,141.2,39.3,Overweight
6.0,P,0,112.9,19.2,Normal
10.0,L,1,128.6,32.8,Overweight
9.0,L,1,126.8,24.9,Normal
6.0,P,0,112.6,18.8,Normal
9.0,P,0,123.0,30.0,Overweight
9.0,P,0,129.1,28.4,Normal
10.0,L,1,140.0,30.7,Normal
12.0,L,1,144.4,37.5,Normal
10.0,P,0,132.6,29.9,Normal
8.0,P,0,122.3,20.5,Underweight
7.0,L,1,114.6,25.0,Overweight
6.0,L,1,112.6,20.3,Normal
11.0,P,0,145.3,32.7,Normal
8.0,P,0,121.0,25.4,Normal
10.0,L,1,132.4,30.6,Normal
11.0,P,0,141.2,35.8,Normal
10.0,P,0,134.7,34.9,Overweight
11.0,P,0,140.9,40.2,Overweight
6.0,L,1,113.2,18.9,Normal
11.0,P,0,140.3,33.6,Normal
9.0,P,0,126.7,26.5,Normal
8.0,P,0,123.1,23.3,Normal
11.0,P,0,141.0,34.6,Normal
7.0,L,1,116.6,23.4,Normal
12.0,L,1,148.9,40.6,Overweight
6.0,L,1,114.6,21.1,Normal
8.0,L,1,120.4,20.7,Normal
10.0,L,1,132.2,31.5,Overweight
12.0,L,1,147.1,35.5,Normal
8.0,L,1,127.1,26.0,Normal
6.0,L,1,110.4,18.6,Normal
7.0,P,0,120.5,23.3,Normal
11.0,L,1,142.1,35.8,Normal
7.0,P,0,117.6,23.9,Normal
11.0,P,0,140.4,40.2,Overweight
11.0,P,0,141.2,32.5,Normal
7.0,P,0,118.3,20.8,Normal
7.0,L,1,119.8,20.5,Normal
7.0,L,1,119.9,19.0,Underweight
11.0,L,1,139.7,41.8,Overweight
6.0,P,0,114.2,19.4,Normal
8.0,L,1,126.8,24.0,Normal
12.0,P,0,149.3,41.6,Overweight
7.0,P,0,121.7,21.5,Normal
9.0,P,0,125.7,24.3,Normal
12.0,P,0,140.0,39.9,Overweight
10.0,P,0,132.8,30.3,Normal
8.0,P,0,119.5,23.5,Normal
11.0,P,0,139.5,34.4,Normal
7.0,L,1,120.4,23.1,Normal
7.0,P,0,118.5,21.1,Normal
11.0,L,1,144.1,38.3,Overweight
9.0,L,1,128.1,26.8,Normal
10.0,P,0,130.6,31.6,Overweight
10.0,P,0,139.2,25.7,Underweight
10.0,P,0,129.9,33.1,Overweight
11.0,P,0,141.6,37.0,Overweight
11.0,L,1,144.7,29.2,Underweight
12.0,L,1,144.1,37.8,Overweight
12.0,P,0,148.4,35.6,Normal
12.0,P,0,148.7,42.9,Overweight
7.0,L,1,113.9,18.5,Normal
8.0,L,1,123.5,23.2,Normal
10.0,P,0,128.1,36.0,Overweight
9.0,P,0,124.1,24.4,Normal
8.0,P,0,122.5,25.4,Normal
12.0,L,1,148.7,35.2,Normal
11.0,L,1,142.0,38.6,Overweight
7.0,L,1,115.5,23.0,Normal
6.0,L,1,114.2,20.8,Normal
7.0,L,1,116.3,21.3,Normal
12.0,L,1,147.3,41.7,Overweight
12.0,L,1,149.4,41.9,Overweight
12.0,L,1,148.7,37.5,Normal
9.0,L,1,123.6,32.8,Overweight
8.0,L,1,120.2,22.2,Normal
6.0,P,0,113.8,17.9,Underweight
8.0,L,1,125.1,22.8,Normal
12.0,P,0,146.8,38.1,Normal
8.0,L,1,124.8,23.0,Normal
12.0,L,1,142.0,37.6,Overweight
12.0,P,0,150.4,38.8,Normal
6.0,L,1,117.8,18.1,Underweight
12.0,P,0,142.8,40.7,Overweight
9.0,L,1,128.4,23.2,Normal
9.0,L,1,127.3,27.5,Normal
8.0,L,1,122.3,21.2,Normal
7.0,P,0,115.7,22.4,Normal
6.0,P,0,115.3,19.7,Normal
9.0,L,1,129.5,31.9,Overweight
7.0,P,0,115.1,23.4,Normal
10.0,L,1,130.7,25.0,Normal
9.0,L,1,127.1,27.5,Normal
11.0,L,1,139.3,34.2,Normal
11.0,L,1,145.1,36.8,Normal
11.0,L,1,135.4,35.5,Overweight
8.0,P,0,127.9,23.4,Normal
11.0,L,1,141.5,37.9,Overweight
6.0,L,1,114.0,17.6,Underweight
9.0,P,0,128.1,25.4,Normal
6.0,L,1,118.0,20.6,Normal
9.0,P,0,133.0,25.1,Normal
12.0,L,1,142.5,38.5,Overweight
10.0,P,0,134.8,29.9,Normal
7.0,P,0,113.0,21.1,Normal
8.0,P,0,127.1,20.9,Underweight
11.0,L,1,140.8,42.2,Overweight
9.0,P,0,123.0,30.3,Overweight
6.0,L,1,117.5,20.0,Normal
9.0,L,1,129.4,30.3,Overweight
11.0,P,0,136.7,37.1,Overweight
12.0,P,0,146.5,39.9,Overweight
12.0,P,0,146.3,39.1,Overweight
11.0,P,0,142.0,33.3,Normal
10.0,L,1,133.2,35.6,Overweight
9.0,L,1,123.9,27.0,Normal
7.0,L,1,116.0,20.5,Normal
10.0,L,1,133.9,32.3,Overweight
8.0,P,0,126.3,23.3,Normal
6.0,L,1,117.1,21.8,Normal
9.0,P,0,127.3,27.9,Normal
11.0,L,1,135.6,31.0,Normal
9.0,L,1,129.5,31.0,Overweight
8.0,P,0,124.4,29.0,Overweight
12.0,P,0,141.6,43.1,Overweight
11.0,P,0,139.2,38.9,Overweight
9.0,P,0,127.1,31.1,Overweight
7.0,L,1,116.4,23.0,Normal
11.0,P,0,138.4,36.6,Overweight
11.0,L,1,140.0,35.7,Overweight
6.0,L,1,116.1,21.9,Normal
10.0,L,1,133.2,28.6,Normal
11.0,P,0,138.1,38.6,Overweight
11.0,P,0,144.6,35.0,Normal
6.0,L,1,116.5,17.7,Underweight
6.0,L,1,117.1,21.3,Normal
9.0,L,1,127.2,28.7,Normal
8.0,L,1,123.1,21.1,Underweight
7.0,P,0,114.8,22.0,Normal
10.0,P,0,137.9,27.5,Normal
8.0,L,1,120.3,21.3,Normal
10.0,P,0,133.5,25.4,Normal
11.0,P,0,142.5,33.2,Normal
6.0,P,0,110.8,19.8,Normal
11.0,P,0,139.2,35.6,Overweight
8.0,P,0,125.4,25.9,Normal
6.0,P,0,115.3,18.6,Underweight
10.0,L,1,128.0,32.0,Overweight
9.0,P,0,133.0,27.5,Normal
8.0,P,0,118.6,25.4,Overweight
12.0,P,0,148.0,34.8,Normal
11.0,P,0,140.8,30.9,Normal
8.0,L,1,125.5,29.0,Overweight
8.0,P,0,119.2,23.1,Normal
11.0,L,1,141.4,37.1,Overweight
9.0,L,1,128.6,25.1,Normal
10.0,L,1,133.8,32.4,Overweight
10.0,L,1,131.0,26.7,Normal
12.0,P,0,142.7,35.3,Normal
8.0,P,0,127.6,21.2,Underweight
12.0,P,0,142.7,45.7,Obesity
11.0,P,0,140.2,37.8,Overweight
10.0,P,0,135.9,29.4,Normal
12.0,L,1,147.0,43.0,Overweight
10.0,P,0,131.9,31.4,Overweight
10.0,P,0,139.3,38.0,Overweight
11.0,P,0,140.4,41.0,Overweight
12.0,L,1,142.8,38.6,Overweight
9.0,P,0,125.7,26.8,Normal
10.0,L,1,133.3,33.9,Overweight
12.0,L,1,147.1,38.1,Normal
6.0,L,1,115.4,19.2,Normal
12.0,L,1,149.6,42.4,Overweight
11.0,P,0,143.0,37.0,Overweight
9.0,L,1,132.7,32.8,Overweight
11.0,L,1,135.9,35.5,Overweight
9.0,P,0,131.7,28.0,Normal
11.0,P,0,142.0,32.8,Normal
11.0,P,0,140.5,32.9,Normal
10.0,L,1,129.0,34.2,Overweight
11.0,P,0,141.4,37.9,Overweight
9.0,P,0,126.5,28.8,Overweight
7.0,L,1,118.6,19.3,Underweight
12.0,P,0,147.4,44.9,Overweight
10.0,P,0,134.1,35.1,Overweight
11.0,P,0,144.9,31.6,Normal
8.0,L,1,121.3,21.5,Normal
11.0,L,1,139.5,33.7,Normal
9.0,P,0,131.0,29.4,Normal
8.0,P,0,123.6,23.8,Normal
10.0,L,1,133.6,33.7,Overweight
11.0,L,1,138.5,41.2,Overweight
11.0,L,1,140.9,33.4,Normal
8.0,P,0,126.1,26.2,Normal
6.0,L,1,112.7,18.3,Normal
11.0,P,0,139.2,34.2,Normal
12.0,P,0,146.0,37.8,Normal
10.0,P,0,133.2,30.0,Normal
10.0,L,1,139.6,28.1,Normal
12.0,P,0,146.4,41.7,Overweight
10.0,L,1,135.5,34.3,Overweight
10.0,P,0,137.9,35.0,Overweight
8.0,P,0,124.4,24.8,Normal
7.0,L,1,119.1,22.8,Normal
10.0,L,1,137.1,30.5,Normal
11.0,L,1,139.5,32.6,Normal
9.0,L,1,128.3,29.9,Overweight
6.0,L,1,112.3,17.9,Normal
11.0,L,1,140.6,35.0,Normal
6.0,L,1,110.0,21.3,Normal
9.0,P,0,128.6,23.3,Normal
6.0,P,0,114.6,18.4,Normal
9.0,P,0,129.7,29.1,Normal
11.0,L,1,140.7,34.4,Normal
7.0,L,1,120.6,21.2,Normal
10.0,L,1,136.8,32.3,Normal
11.0,P,0,139.2,33.7,Normal
9.0,L,1,127.6,32.1,Overweight
10.0,L,1,134.2,27.5,Normal
11.0,P,0,138.5,33.0,Normal
8.0,P,0,124.0,26.9,Normal
8.0,L,1,123.6,21.4,Underweight
10.0,P,0,134.6,34.1,Overweight
10.0,L,1,132.8,38.0,Overweight
12.0,L,1,143.8,40.0,Overweight
9.0,P,0,128.9,32.0,Overweight
6.0,P,0,114.1,21.0,Normal
12.0,P,0,144.8,38.7,Overweight
6.0,L,1,116.6,19.6,Normal
9.0,P,0,123.8,26.5,Normal
8.0,P,0,123.7,22.0,Normal
9.0,P,0,129.4,31.0,Overweight
7.0,L,1,122.6,23.9,Normal
12.0,L,1,145.5,36.9,Normal
8.0,P,0,122.3,20.8,Underweight
7.0,L,1,118.6,25.0,Normal
12.0,L,1,145.4,35.6,Normal
9.0,P,0,125.4,32.4,Overweight
8.0,L,1,118.9,28.2,Overweight
8.0,P,0,126.9,26.8,Normal
7.0,L,1,115.9,21.5,Normal
9.0,L,1,130.3,28.3,Normal
8.0,P,0,121.1,28.0,Overweight
7.0,P,0,122.1,22.9,Normal
10.0,L,1,132.5,37.4,Overweight
11.0,L,1,141.1,32.3,Normal
9.0,L,1,126.9,25.4,Normal
12.0,L,1,149.6,38.1,Normal
8.0,P,0,122.9,23.2,Normal
7.0,L,1,123.0,21.8,Normal
8.0,L,1,127.8,25.8,Normal
9.0,L,1,132.9,32.0,Overweight
7.0,P,0,118.9,21.2,Normal
11.0,P,0,139.1,33.1,Normal
10.0,P,0,133.0,37.2,Overweight
7.0,P,0,119.8,23.5,Normal
8.0,L,1,122.7,27.5,Overweight
9.0,L,1,125.7,32.5,Overweight
7.0,P,0,117.9,19.1,Underweight
10.0,P,0,135.9,35.5,Overweight
10.0,P,0,134.2,33.2,Overweight
10.0,L,1,137.4,25.4,Underweight
9.0,P,0,126.1,23.7,Normal
9.0,P,0,129.8,22.0,Underweight
6.0,P,0,111.4,18.0,Normal
10.0,L,1,136.8,28.1,Normal
12.0,L,1,147.9,35.5,Normal
10.0,L,1,133.3,32.2,Overweight
9.0,L,1,124.0,27.4,Normal
12.0,P,0,145.8,39.0,Overweight
12.0,P,0,145.1,37.9,Normal
12.0,L,1,148.0,43.4,Overweight
12.0,L,1,144.8,37.4,Normal
7.0,L,1,117.4,23.1,Normal
12.0,L,1,146.5,35.7,Normal
12.0,L,1,149.8,40.8,Overweight
7.0,L,1,120.6,18.0,Underweight
8.0,P,0,123.7,25.8,Normal
7.0,L,1,119.0,19.3,Underweight
7.0,L,1,122.2,24.5,Normal
12.0,L,1,145.9,45.1,Overweight
7.0,P,0,116.4,23.5,Normal
10.0,L,1,129.9,30.5,Overweight
7.0,L,1,119.5,23.2,Normal
10.0,P,0,134.9,36.7,Overweight
10.0,L,1,132.4,27.2,Normal
7.0,P,0,118.8,22.0,Normal
9.0,L,1,128.3,29.8,Overweight
8.0,P,0,119.4,25.8,Overweight
7.0,L,1,120.6,24.4,Normal
7.0,L,1,120.2,21.6,Normal
11.0,P,0,138.1,40.2,Overweight
6.0,P,0,113.6,21.4,Normal
11.0,P,0,145.6,37.3,Normal
12.0,P,0,144.1,42.7,Overweight
12.0,P,0,151.4,38.6,Normal
10.0,L,1,128.5,25.9,Normal
7.0,L,1,115.4,24.9,Overweight
8.0,P,0,125.5,28.2,Normal
8.0,P,0,122.3,27.0,Overweight
8.0,L,1,119.9,21.6,Normal
12.0,P,0,142.3,37.7,Overweight
11.0,P,0,140.5,34.8,Normal
8.0,P,0,119.7,24.2,Normal
6.0,L,1,115.8,19.6,Normal
11.0,P,0,143.1,40.3,Overweight
9.0,P,0,129.6,28.2,Normal
9.0,L,1,131.5,24.1,Underweight
9.0,L,1,129.7,31.9,Overweight
9.0,L,1,126.9,27.3,Normal
10.0,P,0,132.0,29.2,Normal
8.0,P,0,120.0,26.0,Overweight
9.0,L,1,129.7,30.0,Normal
12.0,L,1,143.1,42.5,Overweight
10.0,L,1,134.8,29.6,Normal
12.0,L,1,145.4,38.8,Overweight
7.0,L,1,118.9,21.2,Normal
8.0,L,1,126.9,27.3,Normal
10.0,P,0,134.1,26.8,Normal
7.0,L,1,121.5,23.4,Normal
10.0,L,1,135.7,33.2,Overweight
10.0,P,0,136.8,28.2,Normal
10.0,L,1,134.7,29.4,Normal
11.0,L,1,147.0,32.6,Normal
9.0,L,1,129.2,29.3,Normal
10.0,L,1,136.9,32.3,Normal
8.0,L,1,119.1,22.7,Normal
9.0,L,1,129.8,31.0,Overweight
9.0,P,0,128.7,31.0,Overweight
9.0,L,1,130.6,31.1,Overweight
6.0,P,0,116.1,20.5,Normal
10.0,P,0,131.0,30.4,Normal
12.0,P,0,145.8,35.8,Normal
12.0,L,1,147.6,37.1,Normal
10.0,P,0,133.8,25.1,Normal
8.0,L,1,119.6,24.7,Normal
11.0,P,0,142.8,38.1,Overweight
9.0,P,0,125.3,26.3,Normal
11.0,L,1,144.5,31.7,Normal
10.0,P,0,137.6,31.0,Normal
11.0,L,1,135.0,42.1,Obesity
10.0,P,0,137.4,30.6,Normal
11.0,L,1,139.0,35.4,Overweight
9.0,L,1,128.9,27.4,Normal
11.0,P,0,139.2,34.9,Overweight
9.0,P,0,131.2,27.6,Normal
6.0,L,1,113.9,18.3,Normal
10.0,P,0,139.4,30.6,Normal
11.0,L,1,138.5,35.6,Overweight
8.0,L,1,128.0,20.7,Underweight
8.0,L,1,122.0,26.4,Normal
11.0,P,0,136.9,33.0,Normal
10.0,L,1,136.7,32.1,Normal
7.0,P,0,122.9,23.6,Normal
6.0,P,0,112.5,20.9,Normal
9.0,L,1,127.9,28.6,Normal
6.0,P,0,116.3,20.9,Normal
11.0,L,1,141.9,34.6,Normal
7.0,P,0,121.2,19.7,Underweight
7.0,P,0,116.6,23.9,Normal
8.0,P,0,121.1,21.8,Normal
8.0,L,1,123.8,26.0,Normal
7.0,P,0,122.3,18.0,Underweight
12.0,L,1,144.9,40.1,Overweight
11.0,L,1,141.8,34.5,Normal
10.0,L,1,130.7,30.1,Normal
11.0,P,0,143.5,37.9,Overweight
7.0,P,0,121.9,18.6,Underweight
8.0,L,1,121.0,27.7,Overweight
10.0,P,0,134.6,31.3,Normal
10.0,L,1,131.3,35.7,Overweight
9.0,L,1,126.3,34.0,Overweight
7.0,L,1,122.3,23.1,Normal
12.0,P,0,140.9,34.2,Normal
10.0,L,1,134.2,35.4,Overweight
8.0,P,0,122.6,22.4,Normal
7.0,L,1,114.4,22.3,Normal
12.0,L,1,147.2,38.0,Normal
11.0,L,1,141.4,31.6,Normal
11.0,P,0,142.5,35.9,Normal
10.0,P,0,131.6,32.8,Overweight
12.0,L,1,144.6,45.0,Overweight
10.0,P,0,132.8,28.8,Normal
8.0,P,0,124.0,21.9,Normal
10.0,P,0,136.9,32.6,Normal
9.0,L,1,128.3,27.8,Normal
7.0,P,0,120.9,21.8,Normal
12.0,P,0,147.2,38.0,Normal
12.0,L,1,146.7,45.7,Overweight
12.0,P,0,145.8,37.3,Normal
8.0,P,0,127.1,26.3,Normal
12.0,P,0,143.1,41.4,Overweight
9.0,P,0,132.7,27.4,Normal
9.0,L,1,127.0,22.8,Normal
10.0,P,0,132.1,32.8,Overweight
9.0,L,1,129.0,23.8,Normal
6.0,L,1,117.3,20.0,Normal
9.0,L,1,125.4,27.3,Normal
8.0,P,0,121.6,20.1,Underweight
8.0,L,1,125.5,27.0,Normal
12.0,P,0,147.1,33.3,Normal
11.0,P,0,145.4,40.0,Overweight
10.0,L,1,128.8,33.8,Overweight
10.0,L,1,134.0,25.1,Underweight
11.0,P,0,141.0,38.6,Overweight
12.0,P,0,146.1,44.4,Overweight
6.0,P,0,114.6,18.6,Normal
10.0,L,1,134.5,33.9,Overweight
9.0,P,0,132.9,27.5,Normal
7.0,P,0,119.0,24.6,Normal
10.0,L,1,133.6,27.8,Normal
11.0,L,1,143.4,31.2,Normal
7.0,P,0,118.5,19.9,Normal
7.0,P,0,120.5,21.9,Normal
9.0,P,0,130.7,23.6,Underweight
11.0,P,0,144.0,36.1,Normal
8.0,L,1,122.2,23.7,Normal
10.0,L,1,131.6,28.3,Normal
7.0,L,1,117.0,20.4,Normal
9.0,L,1,126.2,24.5,Normal
7.0,P,0,118.4,24.1,Normal
12.0,L,1,143.4,42.1,Overweight
12.0,P,0,142.7,42.4,Overweight
6.0,L,1,114.1,18.7,Normal
6.0,L,1,113.4,17.3,Underweight
9.0,P,0,127.3,22.2,Underweight
7.0,L,1,115.5,24.1,Overweight
9.0,L,1,129.0,22.1,Underweight
12.0,P,0,148.6,37.4,Normal
12.0,P,0,146.0,41.7,Overweight
11.0,L,1,140.3,33.7,Normal
9.0,P,0,124.2,27.6,Normal
6.0,P,0,114.5,21.2,Normal
11.0,L,1,142.6,35.3,Normal
9.0,P,0,129.2,27.2,Normal
7.0,P,0,120.1,23.0,Normal
7.0,P,0,114.8,22.1,Normal
12.0,L,1,144.1,34.4,Normal
7.0,L,1,117.1,22.1,Normal
12.0,P,0,145.4,37.5,Normal
6.0,L,1,113.2,20.3,Normal
11.0,P,0,140.8,36.0,Overweight
12.0,P,0,150.2,42.3,Overweight
12.0,P,0,143.6,44.2,Overweight
10.0,P,0,128.0,27.6,Normal
6.0,L,1,114.5,19.0,Normal
12.0,P,0,145.8,37.2,Normal
11.0,L,1,137.7,36.9,Overweight
10.0,P,0,132.1,26.7,Normal
8.0,L,1,119.5,28.6,Overweight
12.0,P,0,148.9,40.1,Overweight
12.0,L,1,147.8,39.7,Overweight
12.0,L,1,141.6,40.4,Overweight
11.0,P,0,138.7,36.6,Overweight
9.0,P,0,126.3,26.7,Normal
9.0,P,0,128.9,30.2,Overweight
11.0,L,1,141.0,33.4,Normal
10.0,L,1,131.7,26.4,Normal
12.0,P,0,149.3,34.2,Normal
10.0,P,0,134.4,31.3,Normal
8.0,L,1,126.0,25.4,Normal
8.0,P,0,124.1,23.8,Normal
11.0,P,0,147.0,42.7,Overweight
12.0,P,0,144.9,39.6,Overweight
12.0,L,1,148.5,36.7,Normal
7.0,P,0,118.3,20.6,Normal
9.0,P,0,132.7,27.1,Normal
9.0,L,1,130.8,32.4,Overweight
7.0,L,1,117.7,22.7,Normal
6.0,P,0,110.0,18.7,Normal
10.0,P,0,133.2,26.3,Normal
11.0,L,1,143.6,32.1,Normal
10.0,P,0,131.0,32.8,Overweight
8.0,P,0,121.4,20.0,Underweight
12.0,P,0,143.0,41.7,Overweight
12.0,L,1,145.0,39.1,Overweight
12.0,P,0,146.1,36.1,Normal
6.0,P,0,116.6,19.7,Normal
10.0,P,0,136.2,31.2,Normal
6.0,P,0,113.1,17.4,Underweight
8.0,L,1,120.9,23.9,Normal
12.0,L,1,149.0,41.9,Overweight
7.0,P,0,120.3,23.9,Normal
7.0,P,0,115.2,18.9,Normal
9.0,P,0,129.5,24.8,Normal
11.0,P,0,139.4,32.0,Normal
11.0,L,1,138.8,37.2,Overweight
11.0,P,0,138.0,32.7,Normal
9.0,P,0,126.2,31.5,Overweight
6.0,P,0,113.3,18.6,Normal
6.0,P,0,112.5,18.8,Normal
8.0,P,0,118.9,24.6,Normal
6.0,P,0,112.1,20.4,Normal
10.0,P,0,134.6,31.7,Normal
8.0,P,0,121.3,20.9,Normal
11.0,L,1,137.2,37.9,Overweight
11.0,L,1,138.5,41.6,Overweight
6.0,L,1,113.5,17.4,Underweight
11.0,P,0,144.3,33.3,Normal
11.0,L,1,139.8,35.2,Overweight
12.0,L,1,145.2,37.5,Normal
8.0,L,1,123.7,25.7,Normal
12.0,P,0,148.3,36.4,Normal
8.0,L,1,124.2,27.0,Normal
8.0,L,1,126.0,24.1,Normal
8.0,L,1,127.4,20.0,Underweight
9.0,P,0,129.6,25.8,Normal
11.0,P,0,139.6,39.8,Overweight
9.0,P,0,129.4,26.9,Normal
8.0,P,0,124.3,20.6,Underweight
7.0,P,0,117.4,24.9,Overweight
8.0,L,1,123.0,22.3,Normal
12.0,P,0,145.1,40.4,Overweight
12.0,P,0,147.5,35.6,Normal
8.0,L,1,121.5,27.4,Overweight
8.0,L,1,123.7,21.2,Underweight
10.0,L,1,131.7,32.2,Overweight
12.0,P,0,146.8,35.0,Normal
7.0,L,1,118.2,20.0,Normal
10.0,L,1,133.8,36.9,Overweight
10.0,L,1,134.6,29.7,Normal
8.0,P,0,122.6,25.8,Normal
12.0,P,0,148.9,40.8,Overweight
7.0,L,1,122.0,23.2,Normal
7.0,P,0,116.7,24.3,Normal
12.0,P,0,143.1,36.5,Normal
9.0,P,0,132.0,30.4,Normal
9.0,L,1,128.2,24.6,Normal
9.0,P,0,128.3,26.0,Normal
10.0,P,0,128.0,34.1,Overweight
12.0,P,0,146.0,37.7,Normal
11.0,P,0,137.9,35.9,Overweight
10.0,P,0,136.3,35.8,Overweight
9.0,P,0,125.2,29.5,Overweight
11.0,L,1,142.9,39.2,Overweight
10.0,L,1,133.7,29.2,Normal
10.0,P,0,130.1,38.0,Obesity
7.0,P,0,116.6,24.5,Overweight
10.0,P,0,136.7,30.8,Normal
8.0,L,1,126.5,25.6,Normal
9.0,L,1,125.8,29.7,Overweight
7.0,P,0,117.4,20.8,Normal
9.0,L,1,124.0,22.0,Normal
9.0,P,0,126.8,30.3,Overweight
6.0,P,0,112.4,19.0,Normal
12.0,L,1,141.2,34.4,Normal
6.0,P,0,112.5,19.3,Normal
7.0,P,0,117.2,20.2,Normal
10.0,L,1,135.4,36.6,Overweight
10.0,L,1,135.8,32.9,Normal
11.0,P,0,139.9,32.9,Normal
10.0,P,0,136.3,30.0,Normal
12.0,P,0,141.5,42.7,Overweight
10.0,P,0,137.5,25.0,Underweight
6.0,P,0,111.9,21.3,Normal
7.0,L,1,117.0,18.9,Underweight
6.0,P,0,111.1,17.1,Underweight
12.0,L,1,148.0,40.4,Overweight
9.0,P,0,130.1,26.6,Normal
7.0,P,0,116.8,23.4,Normal
7.0,L,1,115.5,21.1,Normal
7.0,L,1,113.8,18.6,Normal
8.0,P,0,119.9,20.9,Normal
11.0,L,1,140.8,33.2,Normal
11.0,L,1,140.6,37.5,Overweight
12.0,L,1,140.0,37.9,Overweight
9.0,P,0,128.5,25.2,Normal
8.0,P,0,121.6,23.9,Normal
10.0,P,0,136.3,26.3,Normal
10.0,P,0,135.0,34.1,Overweight
12.0,P,0,149.4,37.4,Normal
6.0,P,0,114.1,19.6,Normal
7.0,L,1,117.0,20.7,Normal
12.0,L,1,143.2,34.4,Normal
12.0,P,0,148.0,40.3,Overweight
8.0,L,1,120.5,25.9,Normal
11.0,P,0,145.0,34.6,Normal
11.0,L,1,140.1,37.2,Overweight
11.0,P,0,143.5,35.6,Normal
11.0,P,0,139.7,36.0,Overweight
9.0,P,0,128.0,32.0,Overweight
11.0,P,0,140.6,40.0,Overweight
10.0,L,1,131.0,33.6,Overweight
6.0,L,1,116.4,20.1,Normal
12.0,L,1,147.8,41.7,Overweight
11.0,P,0,138.9,37.8,Overweight
9.0,L,1,129.7,25.3,Normal
7.0,L,1,117.1,20.6,Normal
7.0,L,1,116.6,25.0,Overweight
12.0,P,0,143.5,38.5,Overweight
9.0,P,0,125.9,28.2,Normal
8.0,P,0,124.5,27.7,Normal
12.0,L,1,141.4,40.5,Overweight
6.0,L,1,116.3,21.9,Normal
11.0,P,0,140.3,30.4,Normal
7.0,L,1,119.7,21.2,Normal
12.0,P,0,142.6,38.4,Overweight
7.0,L,1,119.6,18.7,Underweight
12.0,P,0,145.0,38.5,Overweight
6.0,L,1,111.8,20.4,Normal
12.0,P,0,147.0,38.5,Normal
12.0,P,0,149.3,40.6,Overweight
8.0,P,0,119.3,28.1,Overweight
7.0,P,0,118.0,22.4,Normal
6.0,P,0,114.0,21.3,Normal
12.0,P,0,148.5,42.6,Overweight
7.0,P,0,117.0,22.2,Normal
12.0,L,1,141.5,38.1,Overweight
9.0,P,0,130.3,26.3,Normal
6.0,P,0,110.9,20.7,Normal
9.0,L,1,128.3,29.4,Normal
12.0,P,0,144.2,42.4,Overweight
7.0,P,0,118.7,21.7,Normal
12.0,P,0,149.9,37.9,Normal
9.0,L,1,127.3,28.5,Normal
9.0,L,1,123.0,22.7,Normal
9.0,P,0,125.9,27.2,Normal
7.0,L,1,118.7,19.3,Underweight
6.0,L,1,113.2,17.7,Underweight
6.0,P,0,113.8,18.4,Normal
11.0,L,1,144.5,39.9,Overweight
10.0,L,1,131.1,30.6,Normal
12.0,P,0,144.8,38.4,Overweight
8.0,L,1,121.1,22.1,Normal
9.0,L,1,128.3,25.5,Normal
12.0,P,0,143.5,38.8,Overweight
12.0,L,1,146.2,35.1,Normal
12.0,L,1,146.6,34.7,Normal
7.0,L,1,115.3,22.9,Normal
9.0,P,0,127.3,22.5,Underweight
12.0,P,0,141.9,41.0,Overweight
9.0,L,1,128.8,22.8,Underweight
6.0,L,1,116.8,17.4,Underweight
9.0,P,0,128.8,32.7,Overweight
9.0,P,0,127.4,26.4,Normal
12.0,L,1,147.3,40.0,Overweight
10.0,L,1,134.1,33.9,Overweight
11.0,P,0,140.4,35.4,Normal
11.0,L,1,145.3,32.0,Normal
9.0,P,0,128.7,32.8,Overweight
8.0,P,0,124.4,21.9,Normal
9.0,L,1,126.4,25.5,Normal
11.0,L,1,144.9,34.3,Normal
7.0,P,0,117.9,21.7,Normal
12.0,P,0,149.2,40.7,Overweight
9.0,L,1,129.4,23.7,Normal
12.0,P,0,146.3,37.1,Normal
11.0,P,0,144.3,35.9,Normal
11.0,L,1,138.1,35.3,Overweight
10.0,P,0,137.6,27.7,Normal
8.0,L,1,118.4,25.4,Overweight
10.0,L,1,136.6,30.6,Normal
9.0,L,1,126.6,26.5,Normal
7.0,L,1,120.1,19.9,Underweight
7.0,P,0,120.1,20.0,Underweight
7.0,L,1,117.2,22.4,Normal
11.0,P,0,141.5,36.2,Overweight
8.0,P,0,125.4,28.5,Overweight
7.0,P,0,122.5,18.8,Underweight
9.0,P,0,131.5,27.9,Normal
7.0,P,0,120.6,23.3,Normal
8.0,L,1,123.7,20.5,Underweight
6.0,L,1,112.0,17.6,Normal
12.0,P,0,145.7,41.9,Overweight
8.0,L,1,123.2,27.7,Overweight
11.0,P,0,144.0,39.7,Overweight
12.0,P,0,147.1,39.7,Overweight
9.0,L,1,123.6,25.5,Normal
10.0,L,1,134.0,31.8,Normal
10.0,L,1,133.4,31.2,Normal
7.0,P,0,118.8,21.8,Normal
12.0,P,0,144.7,38.9,Overweight
9.0,L,1,126.4,31.1,Overweight
9.0,P,0,128.9,28.6,Normal
8.0,L,1,126.4,24.5,Normal
10.0,L,1,131.7,33.6,Overweight
11.0,P,0,139.2,38.3,Overweight
7.0,P,0,118.1,19.3,Underweight
9.0,P,0,124.2,28.6,Overweight
9.0,L,1,127.3,27.2,Normal
9.0,L,1,133.0,26.9,Normal
8.0,P,0,125.2,22.4,Normal
12.0,P,0,140.0,37.0,Overweight
11.0,P,0,141.5,38.4,Overweight
7.0,P,0,120.7,21.0,Normal
8.0,L,1,123.9,24.6,Normal
7.0,L,1,115.6,20.2,Normal
10.0,P,0,133.8,33.4,Overweight
10.0,L,1,130.6,28.3,Normal
9.0,L,1,125.6,24.2,Normal
7.0,P,0,121.9,21.2,Normal
7.0,L,1,116.6,23.2,Normal
12.0,L,1,145.9,33.3,Normal
11.0,P,0,139.4,35.3,Overweight
12.0,P,0,147.8,45.8,Overweight
12.0,P,0,148.6,41.8,Overweight
12.0,P,0,141.3,37.8,Overweight
12.0,L,1,149.0,43.8,Overweight
12.0,P,0,147.5,34.6,Normal
10.0,P,0,136.6,28.7,Normal
6.0,P,0,110.3,20.1,Normal
8.0,P,0,121.0,26.5,Overweight
8.0,P,0,128.0,23.1,Normal
11.0,P,0,143.3,35.4,Normal
11.0,P,0,143.7,41.3,Overweight
10.0,L,1,133.6,29.2,Normal
10.0,P,0,136.9,29.7,Normal
11.0,P,0,141.6,32.7,Normal
8.0,L,1,119.0,28.6,Overweight
11.0,L,1,139.9,36.7,Overweight
7.0,P,0,117.6,21.4,Normal
9.0,L,1,129.8,30.1,Normal
9.0,P,0,132.6,30.6,Normal
11.0,L,1,137.4,32.6,Normal
6.0,P,0,112.6,19.9,Normal
7.0,P,0,121.0,22.4,Normal
11.0,L,1,142.7,35.6,Normal
6.0,L,1,115.2,20.7,Normal
12.0,L,1,145.7,40.7,Overweight
12.0,L,1,146.2,43.8,Overweight
9.0,P,0,125.2,26.5,Normal
12.0,P,0,141.2,45.8,Obesity
10.0,L,1,130.7,29.2,Normal
8.0,L,1,122.1,25.7,Normal
12.0,P,0,145.7,40.1,Overweight
12.0,L,1,149.4,39.3,Normal
12.0,P,0,146.3,39.9,Overweight
10.0,L,1,130.2,31.0,Overweight
12.0,P,0,150.0,39.0,Normal
9.0,P,0,125.9,28.1,Normal
9.0,P,0,128.8,24.3,Normal
7.0,P,0,115.9,23.3,Normal
11.0,P,0,144.0,36.4,Normal
7.0,P,0,121.4,20.1,Underweight
7.0,L,1,119.0,22.5,Normal
8.0,P,0,121.6,26.3,Normal
11.0,L,1,140.4,37.0,Overweight
12.0,P,0,145.3,39.1,Overweight
10.0,L,1,130.4,28.0,Normal
9.0,P,0,123.0,22.3,Normal
8.0,P,0,119.3,24.0,Normal
7.0,L,1,115.3,19.8,Normal
12.0,P,0,147.1,46.5,Overweight
7.0,L,1,118.2,22.5,Normal
8.0,L,1,125.8,26.3,Normal
12.0,L,1,141.6,38.3,Overweight
12.0,P,0,141.1,39.0,Overweight
9.0,L,1,123.0,23.4,Normal
12.0,L,1,144.1,32.9,Normal
8.0,P,0,125.7,27.6,Normal
12.0,P,0,143.2,39.1,Overweight
9.0,P,0,126.8,25.1,Normal
11.0,P,0,137.1,39.5,Overweight
11.0,L,1,143.1,32.8,Normal
10.0,P,0,135.9,34.7,Overweight
9.0,P,0,126.5,28.2,Normal
10.0,L,1,132.7,29.7,Normal
9.0,P,0,128.3,33.2,Overweight
10.0,P,0,134.4,31.8,Normal
9.0,P,0,129.1,30.1,Overweight
12.0,L,1,146.7,38.7,Overweight
8.0,L,1,118.7,27.1,Overweight
8.0,P,0,122.7,24.0,Normal
12.0,P,0,147.9,44.7,Overweight
9.0,P,0,126.1,30.3,Overweight
11.0,L,1,140.1,37.6,Overweight
12.0,L,1,146.6,38.7,Overweight
11.0,L,1,144.6,33.1,Normal
8.0,L,1,121.4,27.5,Overweight
11.0,L,1,142.8,35.8,Normal
9.0,L,1,126.7,25.6,Normal
6.0,P,0,116.2,21.9,Normal
11.0,P,0,146.2,34.2,Normal
10.0,P,0,139.4,31.4,Normal
12.0,L,1,147.1,44.5,Overweight
9.0,L,1,123.5,25.0,Normal
8.0,P,0,126.1,21.3,Underweight
10.0,P,0,133.9,31.7,Normal
10.0,P,0,130.0,27.7,Normal
8.0,L,1,125.2,21.8,Underweight
11.0,P,0,138.6,32.9,Normal
12.0,P,0,145.1,40.8,Overweight
9.0,L,1,124.5,26.7,Normal
7.0,P,0,114.1,24.0,Overweight
8.0,L,1,121.8,26.3,Normal
7.0,P,0,115.2,20.1,Normal
6.0,L,1,115.0,21.1,Normal
9.0,P,0,123.2,28.4,Overweight
12.0,L,1,148.8,38.7,Normal
9.0,P,0,129.5,26.2,Normal
6.0,P,0,113.7,19.9,Normal
6.0,P,0,114.9,21.5,Normal
10.0,L,1,135.3,29.3,Normal
8.0,L,1,118.1,26.2,Overweight
10.0,L,1,139.7,30.3,Normal
9.0,L,1,131.1,26.4,Normal
11.0,P,0,142.5,35.5,Normal
12.0,L,1,142.0,42.8,Overweight
6.0,P,0,110.6,20.2,Normal
9.0,P,0,125.2,23.9,Normal
10.0,P,0,133.3,35.7,Overweight
12.0,P,0,144.6,39.4,Overweight
10.0,P,0,130.0,31.7,Overweight
12.0,L,1,145.4,37.8,Normal
7.0,P,0,114.5,21.3,Normal
8.0,L,1,123.3,22.7,Normal
11.0,L,1,144.5,36.2,Normal
12.0,P,0,148.0,41.1,Overweight
6.0,L,1,116.3,18.5,Underweight
8.0,L,1,118.4,24.0,Normal
8.0,P,0,124.4,26.6,Normal
9.0,P,0,124.0,33.9,Obesity
10.0,L,1,135.5,35.2,Overweight
10.0,P,0,136.3,28.9,Normal
6.0,L,1,114.0,20.3,Normal
7.0,P,0,116.2,21.1,Normal
11.0,L,1,140.1,32.9,Normal
11.0,P,0,142.5,35.6,Normal
6.0,P,0,114.6,19.8,Normal
7.0,P,0,119.1,19.5,Underweight
8.0,L,1,121.3,25.8,Normal
10.0,P,0,136.3,33.4,Overweight
8.0,P,0,121.2,22.8,Normal
11.0,L,1,140.4,38.7,Overweight
11.0,P,0,140.6,36.9,Overweight
11.0,L,1,138.6,33.8,Normal
8.0,P,0,123.5,23.4,Normal
10.0,P,0,135.2,29.3,Normal
11.0,P,0,143.0,36.3,Normal
12.0,L,1,147.1,40.2,Overweight
12.0,L,1,141.7,39.8,Overweight
9.0,L,1,126.7,30.9,Overweight
11.0,L,1,141.1,38.6,Overweight
7.0,P,0,113.3,24.0,Overweight
11.0,L,1,140.3,30.6,Normal
9.0,P,0,128.3,33.1,Overweight
8.0,L,1,118.1,21.0,Normal
8.0,P,0,124.7,23.9,Normal
10.0,P,0,135.3,34.3,Overweight
10.0,P,0,130.9,28.5,Normal
9.0,L,1,126.0,27.2,Normal
12.0,P,0,146.9,43.2,Overweight
7.0,L,1,121.1,20.9,Normal
11.0,L,1,139.1,32.5,Normal
9.0,P,0,129.6,26.2,Normal
7.0,P,0,120.7,21.8,Normal
6.0,L,1,110.0,21.2,Normal
7.0,L,1,115.2,24.8,Overweight
6.0,P,0,111.7,17.1,Underweight
11.0,P,0,140.9,35.2,Normal
7.0,P,0,122.0,20.9,Normal
10.0,P,0,129.7,32.0,Overweight
11.0,L,1,139.9,40.4,Overweight
12.0,P,0,148.8,39.6,Normal
9.0,P,0,131.5,25.8,Normal
7.0,L,1,118.7,21.0,Normal
11.0,L,1,141.2,29.2,Normal
7.0,L,1,120.7,24.8,Normal
9.0,P,0,133.0,33.5,Overweight
8.0,L,1,119.5,28.1,Overweight
11.0,P,0,142.8,37.7,Overweight
6.0,L,1,111.3,19.1,Normal
9.0,P,0,127.4,28.2,Normal
12.0,L,1,149.4,42.5,Overweight
10.0,P,0,130.6,28.8,Normal
12.0,P,0,144.2,43.7,Overweight
12.0,L,1,146.5,33.5,Normal
10.0,P,0,136.4,37.7,Overweight
12.0,L,1,146.9,44.6,Overweight
9.0,P,0,126.5,25.1,Normal
9.0,P,0,124.7,34.0,Overweight
12.0,L,1,146.5,44.6,Overweight
10.0,P,0,137.3,29.8,Normal
6.0,P,0,110.0,20.4,Normal
8.0,L,1,122.4,25.7,Normal
11.0,L,1,146.1,35.8,Normal
8.0,L,1,125.2,25.0,Normal
12.0,P,0,142.4,41.9,Overweight
10.0,P,0,137.6,34.8,Overweight
11.0,L,1,137.5,33.7,Normal
6.0,L,1,116.5,21.3,Normal
11.0,L,1,143.9,38.0,Overweight
9.0,P,0,129.1,27.3,Normal
8.0,P,0,128.0,22.5,Underweight
6.0,L,1,116.3,20.4,Normal
11.0,P,0,144.0,33.9,Normal
7.0,L,1,115.3,18.5,Underweight
8.0,P,0,123.1,26.6,Normal
7.0,P,0,118.4,23.6,Normal
11.0,P,0,142.4,33.3,Normal
9.0,P,0,130.9,32.0,Overweight
12.0,P,0,145.2,37.5,Normal
8.0,L,1,121.3,24.2,Normal
8.0,P,0,122.6,23.7,Normal
7.0,L,1,118.3,22.7,Normal
12.0,L,1,144.5,35.0,Normal
10.0,L,1,128.2,29.0,Normal
9.0,L,1,126.8,23.1,Normal
11.0,P,0,145.6,32.2,Normal
10.0,P,0,132.5,35.8,Overweight
11.0,L,1,140.4,30.1,Normal
9.0,L,1,130.8,23.2,Underweight
12.0,L,1,147.3,37.5,Normal
12.0,L,1,144.4,39.7,Overweight
12.0,L,1,145.8,40.9,Overweight
8.0,L,1,122.9,25.4,Normal
6.0,L,1,110.2,19.9,Normal
9.0,L,1,128.3,30.1,Overweight
7.0,P,0,114.5,23.4,Normal
10.0,P,0,137.0,32.9,Normal
8.0,P,0,119.9,23.1,Normal
7.0,P,0,117.3,24.0,Normal
8.0,P,0,128.0,24.1,Normal
10.0,P,0,132.5,31.2,Normal
8.0,L,1,128.0,23.0,Normal
10.0,L,1,132.8,30.0,Normal
9.0,P,0,123.7,26.4,Normal
10.0,L,1,135.0,32.1,Normal
9.0,L,1,132.1,27.5,Normal
12.0,P,0,147.8,38.1,Normal
6.0,L,1,115.8,17.1,Underweight
8.0,L,1,118.5,24.5,Normal
6.0,L,1,113.3,18.2,Normal
7.0,P,0,118.2,24.1,Normal
9.0,P,0,129.1,27.6,Normal
7.0,P,0,115.4,19.6,Normal
7.0,L,1,113.4,24.5,Overweight
12.0,P,0,143.9,36.5,Normal
12.0,P,0,147.0,35.9,Normal
8.0,P,0,122.8,24.9,Normal
11.0,L,1,141.5,30.9,Normal
12.0,P,0,145.9,42.1,Overweight
12.0,L,1,143.7,42.1,Overweight
12.0,P,0,147.3,36.1,Normal
7.0,L,1,119.6,19.6,Underweight
6.0,P,0,110.5,20.1,Normal
6.0,L,1,116.8,19.1,Normal
11.0,P,0,141.1,33.0,Normal
9.0,L,1,126.6,29.7,Overweight
9.0,L,1,128.2,26.4,Normal
12.0,L,1,147.8,36.1,Normal
11.0,L,1,140.8,39.5,Overweight
11.0,L,1,142.9,35.9,Normal
12.0,L,1,150.2,42.1,Overweight
12.0,P,0,146.7,43.5,Overweight
8.0,L,1,123.2,28.0,Overweight
9.0,P,0,128.9,30.4,Overweight
11.0,P,0,141.2,38.1,Overweight
7.0,P,0,120.4,23.1,Normal
7.0,P,0,119.3,24.6,Normal
9.0,L,1,131.2,24.7,Normal
6.0,P,0,111.5,19.9,Normal
7.0,P,0,118.8,20.0,Normal
10.0,P,0,131.5,30.6,Normal
6.0,L,1,110.1,19.3,Normal
12.0,P,0,140.6,38.7,Overweight
7.0,L,1,121.7,24.8,Normal
8.0,P,0,118.0,23.3,Normal
10.0,P,0,134.7,26.9,Normal
9.0,P,0,125.4,31.7,Overweight
7.0,L,1,119.1,22.3,Normal
8.0,P,0,122.6,24.8,Normal
9.0,L,1,132.5,34.0,Overweight
9.0,P,0,128.8,28.6,Normal
12.0,P,0,148.9,42.6,Overweight
12.0,L,1,146.9,44.0,Overweight
12.0,P,0,145.6,33.8,Normal
10.0,P,0,136.7,31.9,Normal
11.0,P,0,143.7,36.5,Normal
11.0,L,1,139.7,36.6,Overweight
12.0,L,1,149.6,39.0,Normal
9.0,P,0,132.7,31.9,Overweight
8.0,P,0,122.0,25.4,Normal
10.0,L,1,140.0,29.7,Normal
9.0,P,0,127.0,27.2,Normal
7.0,P,0,118.0,21.0,Normal
12.0,L,1,147.5,41.9,Overweight
7.0,P,0,116.4,22.6,Normal
7.0,L,1,118.4,22.0,Normal
12.0,L,1,147.3,34.8,Normal
11.0,L,1,140.6,41.4,Overweight
11.0,P,0,140.2,34.4,Normal
8.0,P,0,126.4,28.9,Overweight
11.0,P,0,140.8,34.7,Normal
10.0,L,1,135.3,30.8,Normal
12.0,L,1,146.1,38.8,Overweight
8.0,L,1,125.3,21.7,Underweight
7.0,L,1,120.3,23.2,Normal
7.0,P,0,119.4,24.9,Normal
6.0,P,0,116.9,17.6,Underweight
9.0,P,0,129.1,31.5,Overweight
11.0,L,1,141.5,28.6,Normal
6.0,L,1,114.0,20.9,Normal
9.0,P,0,128.5,25.5,Normal
9.0,L,1,131.7,22.0,Underweight
8.0,P,0,122.8,24.5,Normal
6.0,L,1,115.7,17.4,Underweight
12.0,P,0,150.6,36.9,Normal
7.0,L,1,118.3,19.9,Normal
9.0,P,0,126.0,27.1,Normal
10.0,L,1,128.0,35.6,Overweight
8.0,L,1,124.3,25.8,Normal
8.0,P,0,120.8,21.7,Normal
10.0,L,1,134.1,33.5,Overweight
9.0,L,1,125.0,28.5,Overweight
9.0,P,0,128.5,33.0,Overweight
11.0,P,0,142.1,38.8,Overweight
6.0,P,0,113.7,20.9,Normal
12.0,L,1,143.7,44.6,Overweight
12.0,P,0,143.2,38.8,Overweight
9.0,L,1,129.0,25.6,Normal
11.0,P,0,142.4,34.4,Normal
7.0,L,1,121.9,20.9,Normal
12.0,L,1,144.3,36.5,Normal
11.0,P,0,139.5,32.3,Normal
9.0,L,1,130.0,30.6,Overweight
8.0,L,1,122.2,21.9,Normal
10.0,L,1,135.6,27.8,Normal
12.0,P,0,147.8,38.0,Normal
10.0,L,1,130.5,33.9,Overweight
8.0,L,1,127.7,20.0,Underweight
11.0,L,1,139.6,35.5,Overweight
11.0,P,0,139.4,39.7,Overweight
7.0,L,1,123.0,23.3,Normal
11.0,P,0,136.4,36.3,Overweight
8.0,P,0,121.7,25.6,Normal
8.0,P,0,125.7,25.2,Normal
12.0,L,1,149.8,32.2,Normal
11.0,L,1,142.8,34.4,Normal
12.0,P,0,144.0,38.1,Overweight
9.0,P,0,126.4,26.4,Normal
11.0,L,1,142.0,37.1,Overweight
9.0,L,1,130.8,30.0,Normal
8.0,L,1,126.9,24.1,Normal
6.0,P,0,115.0,18.3,Underweight
7.0,P,0,114.2,21.7,Normal
11.0,L,1,143.3,32.5,Normal
12.0,P,0,147.4,40.7,Overweight
8.0,L,1,124.8,22.7,Normal
8.0,P,0,120.1,24.8,Normal
12.0,P,0,148.0,38.4,Normal
10.0,P,0,136.2,28.4,Normal
8.0,L,1,127.4,24.9,Normal
8.0,L,1,122.7,26.3,Normal
10.0,L,1,133.3,29.8,Normal
7.0,L,1,121.1,21.4,Normal
8.0,L,1,123.1,23.3,Normal
9.0,P,0,131.4,31.9,Overweight
9.0,P,0,123.0,29.2,Overweight
11.0,L,1,137.5,32.3,Normal
11.0,L,1,139.5,36.8,Overweight
9.0,P,0,131.1,28.4,Normal
12.0,L,1,145.1,40.2,Overweight
6.0,P,0,111.0,21.5,Normal
11.0,P,0,138.6,33.4,Normal
9.0,P,0,130.4,26.5,Normal
12.0,P,0,148.3,33.4,Normal
11.0,P,0,145.8,35.2,Normal
11.0,L,1,135.0,35.8,Overweight
9.0,P,0,129.9,28.4,Normal
12.0,L,1,140.0,40.3,Overweight
10.0,L,1,135.1,33.3,Overweight
7.0,P,0,118.7,24.1,Normal
9.0,L,1,130.7,31.5,Overweight
9.0,L,1,127.6,29.5,Overweight
10.0,P,0,136.8,35.3,Overweight
11.0,L,1,140.7,40.5,Overweight
10.0,P,0,135.7,32.6,Normal
11.0,L,1,142.4,32.8,Normal
7.0,P,0,119.8,21.8,Normal
11.0,L,1,139.8,31.5,Normal
12.0,P,0,152.0,45.5,Overweight
6.0,L,1,115.9,18.1,Underweight
6.0,L,1,111.5,19.3,Normal
7.0,P,0,122.8,20.0,Underweight
11.0,P,0,141.9,35.9,Normal
9.0,L,1,129.4,26.8,Normal
12.0,L,1,145.5,39.0,Overweight
10.0,L,1,135.4,29.6,Normal
8.0,P,0,122.3,25.8,Normal
11.0,L,1,141.0,33.2,Normal
6.0,P,0,112.1,20.1,Normal
7.0,L,1,116.4,23.8,Normal
7.0,P,0,117.2,20.0,Normal
9.0,P,0,129.4,25.0,Normal
12.0,L,1,146.6,34.4,Normal
8.0,L,1,122.6,25.3,Normal
10.0,P,0,132.1,32.7,Overweight
8.0,P,0,120.5,21.6,Normal
12.0,L,1,144.9,42.6,Overweight
9.0,P,0,125.6,29.8,Overweight
9.0,L,1,131.2,34.0,Overweight
9.0,L,1,124.4,24.9,Normal
6.0,L,1,114.6,20.6,Normal
12.0,P,0,143.8,38.5,Overweight
8.0,P,0,123.4,26.2,Normal
12.0,P,0,143.2,40.5,Overweight
9.0,L,1,125.8,30.8,Overweight
8.0,P,0,118.0,23.5,Normal
12.0,P,0,144.6,39.1,Overweight
8.0,L,1,121.5,26.5,Normal
8.0,P,0,125.4,20.8,Underweight
9.0,L,1,131.1,32.9,Overweight
7.0,P,0,123.0,19.6,Underweight
6.0,P,0,111.6,20.4,Normal
8.0,P,0,123.7,21.3,Underweight
7.0,P,0,119.2,22.1,Normal
7.0,L,1,116.1,22.0,Normal
9.0,P,0,125.5,25.3,Normal
10.0,P,0,131.2,37.0,Overweight
11.0,P,0,136.0,33.2,Normal
10.0,L,1,135.8,28.4,Normal
7.0,P,0,117.3,25.0,Overweight
10.0,L,1,130.2,31.4,Overweight
12.0,L,1,143.0,37.3,Overweight
7.0,L,1,115.2,22.6,Normal
11.0,P,0,142.7,34.8,Normal
10.0,L,1,130.9,31.6,Overweight
7.0,P,0,113.1,24.8,Overweight
9.0,P,0,125.4,27.9,Normal
9.0,P,0,128.3,31.2,Overweight
12.0,L,1,147.7,43.1,Overweight
6.0,L,1,112.1,18.8,Normal
8.0,L,1,126.6,24.9,Normal
10.0,P,0,130.7,33.4,Overweight
6.0,P,0,114.0,17.4,Underweight
8.0,L,1,124.8,23.5,Normal
12.0,P,0,146.4,47.2,Obesity
7.0,L,1,115.9,19.7,Normal
8.0,L,1,118.0,22.6,Normal
8.0,L,1,123.2,27.5,Overweight
11.0,P,0,140.3,36.0,Overweight
8.0,L,1,123.7,22.0,Normal
8.0,L,1,124.2,22.5,Normal
7.0,L,1,121.0,22.4,Normal
10.0,L,1,133.2,34.2,Overweight
6.0,P,0,114.6,21.9,Normal
6.0,L,1,115.3,17.3,Underweight
12.0,P,0,143.7,36.9,Normal
9.0,P,0,131.5,25.7,Normal
10.0,L,1,140.0,32.2,Normal
12.0,L,1,143.7,41.2,Overweight
10.0,P,0,134.5,37.4,Overweight
10.0,P,0,136.4,26.7,Normal
12.0,P,0,149.7,34.3,Normal
12.0,P,0,147.2,35.3,Normal
9.0,P,0,128.4,24.6,Normal
7.0,P,0,120.6,24.6,Normal
12.0,L,1,147.6,35.6,Normal
6.0,L,1,111.3,19.9,Normal
8.0,P,0,120.4,24.3,Normal
7.0,L,1,119.6,19.7,Underweight
12.0,L,1,145.1,38.8,Overweight
9.0,L,1,130.0,27.1,Normal
7.0,P,0,116.2,19.0,Normal
9.0,P,0,133.0,28.6,Normal
8.0,P,0,118.3,23.6,Normal
7.0,L,1,119.6,21.0,Normal
9.0,L,1,129.1,29.6,Normal
9.0,L,1,129.5,32.7,Overweight
6.0,P,0,113.5,21.0,Normal
6.0,L,1,117.3,21.6,Normal
10.0,P,0,132.5,34.1,Overweight
10.0,P,0,134.2,36.2,Overweight
12.0,P,0,144.4,35.4,Normal
10.0,P,0,133.3,31.5,Normal
11.0,P,0,142.7,30.8,Normal
8.0,L,1,125.8,24.6,Normal
6.0,L,1,115.7,20.9,Normal
10.0,L,1,136.8,30.9,Normal
9.0,P,0,125.4,27.0,Normal
10.0,L,1,134.0,32.0,Normal
9.0,L,1,130.2,26.5,Normal
11.0,L,1,141.9,34.9,Normal
6.0,P,0,116.0,20.7,Normal
7.0,P,0,120.9,20.4,Underweight
7.0,L,1,120.6,22.3,Normal
11.0,P,0,144.3,41.6,Overweight
8.0,P,0,123.8,22.1,Normal
7.0,L,1,118.8,23.1,Normal
7.0,P,0,122.8,23.5,Normal
10.0,P,0,135.4,35.0,Overweight
10.0,P,0,136.0,33.1,Normal
11.0,L,1,139.3,32.5,Normal
12.0,P,0,146.0,40.2,Overweight
9.0,L,1,126.6,25.0,Normal
11.0,L,1,142.3,31.1,Normal
6.0,P,0,113.0,19.2,Normal
11.0,P,0,139.8,35.1,Normal
8.0,L,1,124.6,27.2,Normal
8.0,L,1,123.9,26.9,Normal
12.0,P,0,149.0,34.6,Normal
12.0,P,0,147.2,42.1,Overweight
12.0,P,0,149.7,35.9,Normal
12.0,P,0,146.3,35.0,Normal
8.0,L,1,125.7,23.2,Normal
11.0,L,1,135.7,35.2,Overweight
6.0,P,0,113.8,20.9,Normal
8.0,P,0,118.0,27.2,Overweight
7.0,P,0,117.4,24.0,Normal
11.0,L,1,140.9,33.5,Normal
12.0,L,1,142.7,38.8,Overweight
9.0,L,1,130.3,25.0,Normal
12.0,P,0,150.7,41.1,Overweight
7.0,P,0,119.3,22.7,Normal
6.0,L,1,116.9,18.5,Underweight
11.0,P,0,137.2,33.2,Normal
12.0,L,1,144.9,33.3,Normal
10.0,L,1,140.0,28.6,Normal
7.0,P,0,118.5,23.1,Normal
12.0,L,1,143.3,41.7,Overweight
7.0,P,0,116.7,19.1,Normal
11.0,P,0,142.6,36.6,Normal
11.0,P,0,137.3,36.5,Overweight
9.0,L,1,126.1,29.5,Overweight
12.0,L,1,145.2,32.9,Normal
7.0,L,1,116.7,21.5,Normal
12.0,L,1,145.6,38.8,Overweight
11.0,L,1,139.4,36.3,Overweight
10.0,P,0,136.8,33.9,Overweight
10.0,L,1,133.1,30.8,Normal
10.0,L,1,132.0,33.7,Overweight
11.0,P,0,142.0,35.3,Normal
6.0,L,1,114.2,18.8,Normal
10.0,P,0,137.1,31.1,Normal
9.0,L,1,128.4,29.2,Normal
10.0,P,0,135.8,27.4,Normal
12.0,L,1,144.9,32.8,Normal
10.0,P,0,136.6,31.2,Normal
9.0,P,0,125.3,26.1,Normal
8.0,P,0,119.7,24.1,Normal
11.0,P,0,142.5,33.7,Normal
11.0,P,0,142.9,38.5,Overweight
11.0,P,0,141.3,30.4,Normal
12.0,P,0,145.3,45.7,Overweight
10.0,P,0,133.3,30.6,Normal
8.0,P,0,118.4,22.5,Normal
11.0,L,1,138.6,35.5,Overweight
10.0,P,0,137.4,33.3,Normal
7.0,L,1,117.6,19.5,Normal
8.0,L,1,119.2,25.8,Overweight
11.0,L,1,136.9,37.0,Overweight
7.0,P,0,117.1,19.9,Normal
10.0,L,1,135.1,25.7,Normal
8.0,P,0,120.9,28.2,Overweight
12.0,L,1,147.4,37.3,Normal
12.0,L,1,144.6,36.3,Normal
6.0,L,1,112.0,18.8,Normal
9.0,L,1,129.9,25.6,Normal
9.0,L,1,131.1,26.8,Normal
10.0,P,0,136.5,33.1,Normal
12.0,L,1,148.3,38.7,Normal
10.0,P,0,132.1,31.5,Overweight
10.0,L,1,133.0,29.6,Normal
6.0,L,1,112.3,21.1,Normal
12.0,P,0,147.3,33.0,Normal
9.0,L,1,126.1,27.3,Normal
6.0,P,0,112.2,21.7,Normal
10.0,P,0,132.1,25.6,Normal
11.0,P,0,142.2,33.3,Normal
12.0,L,1,145.3,38.1,Overweight
7.0,P,0,121.0,19.2,Underweight
11.0,L,1,140.5,39.4,Overweight
10.0,P,0,133.7,31.2,Normal
11.0,L,1,138.3,37.5,Overweight
8.0,L,1,122.1,28.7,Overweight
11.0,P,0,145.1,37.5,Normal
10.0,L,1,130.9,31.8,Overweight
7.0,L,1,120.9,18.8,Underweight
11.0,L,1,138.7,33.1,Normal
8.0,P,0,126.5,26.3,Normal
11.0,L,1,140.7,33.7,Normal
10.0,P,0,132.2,31.4,Normal
8.0,L,1,120.7,23.3,Normal
11.0,P,0,141.6,30.6,Normal
9.0,L,1,130.6,29.7,Normal
11.0,P,0,136.0,34.7,Overweight
7.0,L,1,119.1,24.7,Normal
9.0,P,0,128.0,26.3,Normal
9.0,P,0,127.1,28.5,Normal
8.0,P,0,122.1,21.6,Normal
12.0,P,0,145.4,43.8,Overweight
8.0,P,0,125.1,20.2,Underweight
12.0,L,1,148.1,39.1,Normal
12.0,P,0,144.4,39.8,Overweight
10.0,P,0,131.6,35.0,Overweight
12.0,L,1,141.3,35.9,Normal
7.0,L,1,121.8,22.4,Normal
7.0,L,1,115.6,19.1,Normal
9.0,P,0,124.6,32.7,Overweight
9.0,P,0,133.0,26.5,Normal
8.0,L,1,122.2,23.2,Normal
9.0,P,0,123.6,23.8,Normal
7.0,P,0,117.0,20.9,Normal
10.0,L,1,138.5,30.7,Normal
12.0,P,0,140.2,43.6,Obesity
7.0,L,1,123.0,20.2,Underweight
8.0,P,0,122.7,23.3,Normal
7.0,L,1,117.2,21.0,Normal
7.0,L,1,114.5,18.6,Normal
12.0,P,0,142.8,38.9,Overweight
10.0,P,0,131.8,31.1,Normal
11.0,P,0,138.7,34.4,Normal
11.0,P,0,142.1,39.1,Overweight
10.0,P,0,133.9,33.4,Overweight
7.0,L,1,123.0,20.5,Underweight
10.0,L,1,131.2,31.3,Overweight
11.0,L,1,139.7,33.7,Normal
11.0,L,1,138.1,37.5,Overweight
11.0,L,1,138.7,37.7,Overweight
6.0,P,0,112.8,19.8,Normal
6.0,L,1,115.8,19.8,Normal
7.0,P,0,119.4,19.3,Underweight
8.0,L,1,124.5,21.1,Underweight
12.0,P,0,146.5,40.8,Overweight
12.0,P,0,144.4,42.2,Overweight
10.0,P,0,134.1,27.6,Normal
7.0,P,0,119.6,20.1,Normal
12.0,L,1,147.7,37.8,Normal
9.0,L,1,132.0,25.1,Normal
8.0,P,0,122.5,26.6,Normal
10.0,L,1,133.2,31.7,Normal
12.0,L,1,144.2,36.0,Normal
7.0,L,1,117.0,21.9,Normal
10.0,L,1,132.2,36.5,Overweight
7.0,P,0,116.4,19.0,Normal
6.0,P,0,117.4,19.6,Normal
7.0,L,1,117.7,18.5,Underweight
9.0,P,0,130.8,27.3,Normal
9.0,P,0,128.8,27.5,Normal
9.0,P,0,131.3,28.9,Normal
8.0,P,0,122.6,26.2,Normal
8.0,L,1,121.4,20.0,Underweight
7.0,P,0,122.5,21.6,Normal
7.0,P,0,118.0,23.9,Normal
10.0,L,1,136.1,35.2,Overweight
9.0,L,1,128.8,28.1,Normal
11.0,L,1,140.9,36.8,Overweight
11.0,P,0,142.7,37.3,Overweight
12.0,L,1,146.0,40.8,Overweight
10.0,P,0,129.6,32.5,Overweight
8.0,P,0,121.3,20.2,Underweight
9.0,P,0,128.1,29.1,Normal
7.0,L,1,118.9,24.1,Normal
12.0,P,0,145.6,41.5,Overweight
10.0,P,0,132.7,32.5,Overweight
7.0,L,1,117.4,20.7,Normal
10.0,P,0,133.0,34.4,Overweight
10.0,L,1,129.9,28.9,Normal
12.0,P,0,147.4,40.8,Overweight
10.0,L,1,129.6,25.6,Normal
10.0,P,0,135.4,32.7,Normal
8.0,P,0,122.8,25.4,Normal
11.0,L,1,142.3,34.5,Normal
8.0,L,1,126.4,24.3,Normal
12.0,P,0,146.0,41.2,Overweight
10.0,L,1,133.0,31.4,Normal
7.0,P,0,118.9,19.8,Normal
10.0,L,1,133.7,27.0,Normal
12.0,P,0,147.3,33.7,Normal
8.0,P,0,119.7,22.7,Normal
10.0,L,1,133.8,29.5,Normal
7.0,L,1,115.2,21.0,Normal
11.0,P,0,141.2,38.8,Overweight
12.0,L,1,145.7,35.2,Normal
8.0,P,0,120.3,25.4,Normal
7.0,P,0,115.7,21.6,Normal
8.0,P,0,124.5,23.9,Normal
6.0,P,0,114.7,19.4,Normal
11.0,P,0,140.2,34.9,Normal
10.0,P,0,134.8,28.4,Normal
11.0,L,1,139.7,35.9,Overweight
9.0,P,0,127.4,27.0,Normal
10.0,L,1,132.6,33.0,Overweight
12.0,P,0,146.7,41.2,Overweight
10.0,L,1,133.1,35.1,Overweight
11.0,P,0,138.5,36.2,Overweight
7.0,L,1,115.4,18.1,Underweight
11.0,L,1,142.2,36.2,Normal
10.0,L,1,131.3,33.2,Overweight
6.0,L,1,113.8,18.1,Underweight
8.0,L,1,120.5,28.3,Overweight
11.0,L,1,143.7,28.9,Normal
6.0,L,1,115.1,20.4,Normal
10.0,P,0,138.2,32.0,Normal
11.0,P,0,143.8,38.5,Overweight
7.0,P,0,118.2,20.6,Normal
11.0,L,1,135.1,38.2,Overweight
9.0,L,1,133.0,26.8,Normal
12.0,L,1,145.1,35.2,Normal
10.0,L,1,131.6,28.4,Normal
8.0,P,0,123.3,23.3,Normal
11.0,L,1,143.5,35.4,Normal
8.0,P,0,123.0,24.7,Normal
9.0,L,1,132.1,33.1,Overweight
7.0,L,1,116.0,21.2,Normal
11.0,L,1,137.6,36.5,Overweight
9.0,P,0,128.8,31.3,Overweight
9.0,L,1,124.5,30.7,Overweight
12.0,P,0,145.8,37.8,Normal
9.0,L,1,128.3,22.0,Underweight
11.0,P,0,142.4,31.0,Normal
11.0,L,1,141.0,39.2,Overweight
7.0,L,1,115.9,23.5,Normal
10.0,P,0,133.0,31.4,Normal
12.0,L,1,150.8,33.8,Normal
12.0,L,1,148.3,33.7,Normal
12.0,P,0,147.9,33.1,Normal
7.0,P,0,121.5,20.0,Underweight
9.0,L,1,128.2,23.3,Normal
11.0,L,1,142.0,35.1,Normal
12.0,L,1,147.8,36.8,Normal
10.0,L,1,135.1,30.9,Normal
6.0,L,1,113.9,18.0,Underweight
12.0,L,1,141.5,44.8,Obesity
6.0,L,1,117.9,17.0,Underweight
10.0,L,1,133.0,33.5,Overweight
12.0,L,1,146.7,37.3,Normal
12.0,P,0,150.4,37.9,Normal
9.0,P,0,127.7,28.0,Normal
10.0,P,0,135.5,25.7,Normal
9.0,L,1,129.2,29.0,Normal
11.0,L,1,138.4,39.2,Overweight
9.0,L,1,125.9,34.0,Overweight
11.0,L,1,142.8,39.0,Overweight
12.0,P,0,148.5,38.7,Normal
11.0,P,0,143.4,32.2,Normal
10.0,L,1,133.3,36.3,Overweight
8.0,L,1,125.3,22.0,Underweight
12.0,L,1,145.3,43.5,Overweight
9.0,L,1,126.9,30.8,Overweight
11.0,L,1,141.4,38.0,Overweight
10.0,P,0,133.4,32.5,Overweight
8.0,P,0,126.2,22.0,Underweight
12.0,P,0,144.8,44.0,Overweight
8.0,L,1,125.0,26.1,Normal
10.0,L,1,135.6,28.4,Normal
8.0,L,1,122.3,27.9,Overweight
10.0,P,0,132.9,25.9,Normal
12.0,P,0,147.1,38.5,Normal
12.0,P,0,143.1,38.7,Overweight
6.0,P,0,117.0,17.9,Underweight
12.0,L,1,148.8,42.6,Overweight
9.0,P,0,132.9,30.8,Normal
10.0,P,0,133.2,30.1,Normal
9.0,L,1,127.7,26.9,Normal
10.0,P,0,136.6,25.2,Underweight
11.0,P,0,142.1,36.4,Overweight
12.0,P,0,146.0,42.4,Overweight
7.0,L,1,119.6,20.8,Normal
11.0,L,1,143.6,34.2,Normal
10.0,P,0,135.7,36.1,Overweight
12.0,L,1,148.5,41.0,Overweight
8.0,L,1,119.3,20.5,Normal
12.0,L,1,146.6,43.0,Overweight
11.0,L,1,138.2,36.5,Overweight
8.0,P,0,118.0,22.7,Normal
12.0,L,1,144.6,37.3,Normal
10.0,L,1,137.3,34.1,Overweight
7.0,P,0,119.6,22.1,Normal
10.0,L,1,129.0,25.0,Normal
12.0,P,0,146.9,41.4,Overweight
7.0,L,1,121.3,22.7,Normal
11.0,L,1,145.4,31.7,Normal
9.0,L,1,127.2,24.0,Normal
12.0,L,1,141.5,41.9,Overweight
11.0,P,0,138.2,39.0,Overweight
10.0,P,0,131.4,32.4,Overweight
10.0,P,0,133.5,31.5,Normal
8.0,P,0,125.1,26.5,Normal
7.0,P,0,120.1,22.6,Normal
7.0,P,0,120.5,23.6,Normal
11.0,L,1,142.6,33.1,Normal
11.0,L,1,140.7,43.0,Overweight
12.0,P,0,145.7,44.0,Overweight
7.0,P,0,118.1,23.6,Normal
10.0,P,0,130.4,34.9,Overweight
12.0,L,1,146.3,33.8,Normal
11.0,P,0,140.4,39.0,Overweight
12.0,L,1,143.7,42.2,Overweight
7.0,P,0,117.4,22.8,Normal
8.0,L,1,125.7,28.6,Overweight
6.0,P,0,114.4,18.7,Normal
7.0,P,0,116.6,21.9,Normal
8.0,P,0,122.4,26.2,Normal
7.0,P,0,121.9,24.6,Normal
6.0,L,1,113.4,19.2,Normal
12.0,L,1,147.9,35.0,Normal
11.0,P,0,139.7,31.8,Normal
12.0,P,0,141.7,41.2,Overweight
7.0,L,1,119.2,22.3,Normal
12.0,L,1,142.3,37.8,Overweight
10.0,P,0,131.2,34.7,Overweight
12.0,L,1,149.3,42.4,Overweight
9.0,P,0,126.3,27.8,Normal
7.0,P,0,117.9,24.5,Normal
7.0,P,0,116.3,23.3,Normal
11.0,P,0,140.8,33.1,Normal
8.0,P,0,120.0,27.2,Overweight
6.0,P,0,114.1,19.8,Normal
8.0,L,1,124.0,25.3,Normal
12.0,L,1,147.9,35.9,Normal
12.0,L,1,147.1,39.3,Overweight
9.0,L,1,123.4,26.6,Normal
11.0,P,0,140.9,30.3,Normal
10.0,P,0,140.0,38.0,Overweight
8.0,L,1,125.3,22.2,Normal
7.0,P,0,122.6,23.1,Normal
8.0,P,0,121.3,23.6,Normal
9.0,L,1,129.1,29.5,Normal
7.0,L,1,120.4,22.9,Normal
8.0,P,0,125.2,21.3,Underweight
11.0,P,0,141.7,33.4,Normal
7.0,P,0,116.1,24.6,Overweight
11.0,P,0,143.9,39.2,Overweight
6.0,L,1,110.7,18.4,Normal
10.0,P,0,134.2,33.4,Overweight
11.0,L,1,141.7,35.1,Normal
7.0,P,0,119.6,22.7,Normal
7.0,P,0,116.8,21.8,Normal
9.0,P,0,130.9,23.2,Underweight
11.0,P,0,144.3,42.1,Overweight
10.0,P,0,129.8,28.8,Normal
11.0,L,1,141.1,36.2,Overweight
11.0,P,0,144.3,34.8,Normal
10.0,P,0,131.9,30.3,Normal
7.0,P,0,119.4,23.6,Normal
7.0,P,0,114.1,22.6,Normal
9.0,P,0,125.1,31.6,Overweight
7.0,P,0,120.0,19.2,Underweight
12.0,P,0,140.0,37.5,Overweight
10.0,P,0,139.0,33.0,Normal
7.0,L,1,118.0,18.8,Underweight
7.0,L,1,120.1,23.7,Normal
8.0,P,0,126.0,25.6,Normal
8.0,P,0,122.9,26.5,Normal
10.0,L,1,136.0,35.4,Overweight
10.0,L,1,134.8,28.0,Normal
6.0,P,0,115.3,18.9,Normal
9.0,L,1,131.5,28.9,Normal
12.0,P,0,148.2,41.8,Overweight
12.0,P,0,151.5,40.6,Normal
12.0,P,0,149.2,42.1,Overweight
6.0,P,0,115.8,21.1,Normal
8.0,L,1,120.0,25.8,Normal
9.0,L,1,123.0,24.6,Normal
12.0,L,1,147.3,35.9,Normal
10.0,P,0,131.5,31.5,Overweight
11.0,P,0,137.0,34.3,Overweight
9.0,P,0,128.2,31.5,Overweight
12.0,P,0,147.4,41.0,Overweight
12.0,L,1,145.4,38.5,Overweight
8.0,P,0,119.1,22.4,Normal
10.0,P,0,139.8,33.2,Normal
8.0,L,1,120.8,25.3,Normal
12.0,P,0,144.3,40.8,Overweight
12.0,L,1,144.0,39.1,Overweight
7.0,L,1,120.1,19.5,Underweight
6.0,L,1,113.9,21.5,Normal
8.0,P,0,121.1,20.2,Underweight
8.0,L,1,120.9,27.9,Overweight
6.0,P,0,114.7,19.3,Normal
9.0,L,1,127.7,30.5,Overweight
6.0,P,0,111.9,19.4,Normal
8.0,P,0,125.4,21.5,Underweight
11.0,P,0,138.7,31.9,Normal
12.0,L,1,148.7,37.9,Normal
11.0,L,1,140.0,40.0,Overweight
12.0,P,0,146.9,40.2,Overweight
11.0,L,1,142.4,34.7,Normal
12.0,P,0,148.6,38.9,Normal
8.0,L,1,125.3,26.8,Normal
7.0,P,0,115.2,24.4,Overweight
7.0,P,0,115.1,18.2,Underweight
12.0,L,1,148.7,36.7,Normal
11.0,P,0,138.8,40.7,Overweight
7.0,L,1,120.6,23.2,Normal
12.0,P,0,142.9,43.8,Overweight
8.0,P,0,123.3,22.6,Normal
12.0,L,1,146.9,33.7,Normal
11.0,L,1,140.0,30.8,Normal
12.0,L,1,149.8,39.3,Normal
8.0,P,0,123.2,25.3,Normal
10.0,L,1,135.9,28.3,Normal
9.0,L,1,129.9,25.4,Normal
9.0,L,1,129.8,24.2,Normal
7.0,P,0,117.6,19.2,Underweight
11.0,P,0,141.3,32.9,Normal
10.0,L,1,133.1,35.4,Overweight
9.0,L,1,127.6,30.4,Overweight
10.0,L,1,136.4,27.9,Normal
8.0,P,0,125.0,25.3,Normal
9.0,L,1,126.6,23.0,Normal
8.0,L,1,124.0,28.7,Overweight
7.0,P,0,117.5,21.9,Normal
7.0,P,0,119.9,21.1,Normal
11.0,L,1,140.9,29.8,Normal
6.0,P,0,115.0,21.4,Normal
11.0,P,0,139.6,32.5,Normal
8.0,L,1,120.6,21.5,Normal
12.0,L,1,148.7,40.2,Overweight
10.0,L,1,135.7,26.8,Normal
10.0,L,1,139.6,32.4,Normal
10.0,P,0,134.3,34.3,Overweight
11.0,P,0,143.8,37.3,Overweight
7.0,L,1,118.3,22.9,Normal
10.0,P,0,133.5,33.2,Overweight
9.0,L,1,130.0,29.4,Normal
10.0,P,0,130.6,29.2,Normal
11.0,P,0,142.5,36.6,Overweight
11.0,L,1,140.1,38.7,Overweight
8.0,L,1,125.1,25.6,Normal
9.0,P,0,126.3,26.0,Normal
10.0,P,0,138.9,32.1,Normal
11.0,P,0,141.2,32.3,Normal
11.0,L,1,144.6,31.6,Normal
9.0,P,0,130.6,34.0,Overweight
9.0,L,1,125.7,30.4,Overweight
12.0,P,0,149.5,37.5,Normal
9.0,P,0,127.2,24.6,Normal
8.0,L,1,123.5,20.1,Underweight
11.0,L,1,139.7,32.3,Normal
7.0,L,1,118.0,21.1,Normal
12.0,L,1,150.0,34.6,Normal
10.0,P,0,133.7,29.0,Normal
8.0,L,1,123.5,22.8,Normal
9.0,P,0,125.0,27.7,Normal
6.0,P,0,113.5,20.1,Normal
9.0,P,0,128.2,25.2,Normal
7.0,L,1,120.4,23.8,Normal
8.0,P,0,125.2,23.7,Normal
12.0,P,0,147.9,38.5,Normal
12.0,P,0,141.5,39.2,Overweight
8.0,P,0,118.6,23.7,Normal
7.0,P,0,117.1,20.0,Normal
9.0,L,1,126.4,26.6,Normal
7.0,L,1,118.2,22.4,Normal
7.0,L,1,120.0,23.4,Normal
7.0,L,1,114.0,20.5,Normal
9.0,L,1,127.5,26.8,Normal
7.0,P,0,121.7,24.7,Normal
6.0,P,0,114.2,21.2,Normal
8.0,P,0,119.7,27.9,Overweight
11.0,P,0,139.3,38.1,Overweight
9.0,P,0,125.0,26.6,Normal
6.0,P,0,116.8,19.4,Normal
8.0,P,0,124.3,27.2,Normal
7.0,L,1,121.8,23.0,Normal
9.0,L,1,130.1,31.3,Overweight
8.0,L,1,118.0,24.2,Normal
6.0,L,1,114.6,19.6,Normal
6.0,P,0,117.2,17.6,Underweight
12.0,P,0,147.8,41.1,Overweight
8.0,L,1,124.2,24.8,Normal
9.0,L,1,129.1,32.1,Overweight
7.0,P,0,119.0,24.3,Normal
11.0,P,0,138.0,36.3,Overweight
8.0,P,0,123.1,21.6,Normal
10.0,P,0,129.5,29.7,Normal
9.0,L,1,124.9,22.0,Normal
9.0,P,0,127.7,29.6,Overweight
11.0,L,1,137.0,31.5,Normal
11.0,P,0,145.5,31.6,Normal
8.0,L,1,123.8,22.5,Normal
9.0,P,0,130.1,24.2,Normal
11.0,L,1,142.8,31.3,Normal
8.0,P,0,125.9,20.0,Underweight
10.0,L,1,129.4,26.1,Normal
6.0,P,0,113.1,19.5,Normal
10.0,P,0,136.7,25.0,Underweight
12.0,L,1,141.7,35.8,Normal
8.0,L,1,123.9,25.9,Normal
7.0,P,0,117.1,22.7,Normal
9.0,L,1,124.6,27.6,Normal
8.0,L,1,121.2,23.7,Normal
7.0,L,1,115.5,21.3,Normal
7.0,L,1,118.1,24.0,Normal
6.0,L,1,112.1,21.3,Normal
11.0,L,1,145.4,32.9,Normal
6.0,P,0,115.1,18.9,Normal
7.0,L,1,120.4,22.5,Normal
6.0,P,0,111.0,20.6,Normal
7.0,L,1,119.7,23.9,Normal
8.0,P,0,119.4,24.4,Normal
7.0,P,0,121.7,25.0,Normal
10.0,P,0,133.5,27.5,Normal
11.0,L,1,141.3,35.3,Normal
10.0,L,1,131.4,32.1,Overweight
9.0,P,0,127.4,31.4,Overweight
7.0,L,1,118.2,23.8,Normal
11.0,L,1,140.8,37.0,Overweight
12.0,L,1,149.6,38.7,Normal
10.0,P,0,133.5,30.0,Normal
11.0,L,1,143.3,38.7,Overweight
11.0,P,0,141.4,33.3,Normal
8.0,P,0,128.0,24.2,Normal
9.0,L,1,129.4,24.5,Normal
7.0,P,0,115.6,18.1,Underweight
10.0,L,1,132.2,35.6,Overweight
11.0,P,0,141.2,31.9,Normal
12.0,P,0,143.3,35.0,Normal
11.0,L,1,142.9,34.5,Normal
10.0,L,1,131.9,26.2,Normal
12.0,P,0,144.1,40.6,Overweight
6.0,L,1,112.9,19.3,Normal
12.0,L,1,142.6,45.1,Obesity
10.0,L,1,133.7,30.5,Normal
6.0,L,1,114.7,19.3,Normal
9.0,L,1,123.0,31.3,Overweight
11.0,L,1,137.0,39.9,Overweight
10.0,P,0,137.8,34.4,Overweight
10.0,L,1,139.2,28.9,Normal
12.0,L,1,148.6,44.1,Overweight
11.0,L,1,141.5,35.9,Normal
11.0,L,1,140.3,37.4,Overweight
12.0,P,0,148.5,35.6,Normal
9.0,P,0,129.4,29.7,Normal
12.0,L,1,144.0,39.0,Overweight
10.0,L,1,134.4,30.5,Normal
11.0,P,0,147.0,36.0,Normal
11.0,P,0,139.3,33.4,Normal
8.0,L,1,124.7,26.7,Normal
8.0,L,1,125.2,28.3,Overweight
9.0,L,1,130.6,30.4,Normal
10.0,P,0,136.4,30.3,Normal
10.0,L,1,135.4,25.0,Underweight
9.0,P,0,124.1,26.8,Normal
10.0,L,1,131.1,33.6,Overweight
12.0,L,1,146.5,38.8,Overweight
8.0,P,0,122.5,26.9,Normal
11.0,P,0,140.4,35.2,Normal
9.0,L,1,130.6,32.6,Overweight
12.0,L,1,143.7,36.5,Normal
7.0,P,0,116.4,24.0,Normal
11.0,P,0,140.1,35.9,Overweight
9.0,L,1,126.3,28.9,Overweight
11.0,P,0,143.3,41.3,Overweight
6.0,L,1,112.6,19.4,Normal
9.0,P,0,124.6,29.5,Overweight
9.0,L,1,124.3,27.9,Overweight
10.0,L,1,135.2,32.5,Normal
11.0,L,1,137.5,37.2,Overweight
11.0,P,0,137.5,35.9,Overweight
7.0,L,1,122.2,25.0,Normal
8.0,P,0,124.5,26.1,Normal
8.0,L,1,123.7,21.7,Normal
10.0,P,0,135.5,38.0,Overweight
11.0,L,1,136.3,34.1,Overweight
12.0,L,1,150.2,41.0,Overweight
10.0,P,0,133.3,32.1,Overweight
8.0,P,0,124.7,26.3,Normal
11.0,P,0,140.4,42.5,Overweight
9.0,P,0,129.1,33.9,Overweight
12.0,P,0,144.3,43.3,Overweight
10.0,P,0,132.6,27.3,Normal
7.0,L,1,116.3,21.5,Normal
8.0,P,0,121.6,24.7,Normal
8.0,P,0,125.0,22.3,Normal
9.0,L,1,130.7,30.0,Normal
12.0,L,1,145.8,42.3,Overweight
10.0,L,1,131.1,29.3,Normal
9.0,P,0,130.8,29.5,Normal
9.0,L,1,130.0,33.5,Overweight
9.0,P,0,130.9,30.6,Normal
7.0,L,1,117.6,24.1,Normal
11.0,L,1,143.9,35.7,Normal
9.0,P,0,127.8,29.4,Normal
7.0,P,0,113.2,20.7,Normal
8.0,L,1,120.9,26.5,Overweight
10.0,L,1,139.0,35.6,Overweight
9.0,P,0,128.3,24.7,Normal
12.0,P,0,144.2,43.2,Overweight
11.0,P,0,145.8,40.0,Overweight
8.0,P,0,121.4,21.1,Normal
7.0,P,0,114.2,20.8,Normal
7.0,L,1,114.7,19.7,Normal
12.0,L,1,146.9,44.4,Overweight
8.0,L,1,120.6,20.0,Underweight
9.0,L,1,125.7,27.5,Normal
9.0,L,1,124.8,25.2,Normal
6.0,L,1,116.2,20.1,Normal
8.0,L,1,123.2,24.0,Normal
11.0,L,1,143.2,40.1,Overweight
9.0,P,0,133.0,27.3,Normal
11.0,L,1,139.4,40.5,Overweight
11.0,P,0,140.5,36.7,Overweight
6.0,L,1,114.9,19.6,Normal
9.0,P,0,125.3,32.0,Overweight
12.0,P,0,143.9,37.6,Overweight
12.0,P,0,152.0,37.1,Normal
6.0,L,1,113.3,18.4,Normal
9.0,P,0,127.8,26.8,Normal
7.0,P,0,115.8,19.9,Normal
10.0,L,1,133.8,29.2,Normal
11.0,P,0,137.1,33.6,Normal
12.0,L,1,142.4,32.9,Normal
6.0,P,0,111.0,19.2,Normal
7.0,L,1,113.3,20.5,Normal
6.0,P,0,112.2,19.5,Normal
10.0,L,1,133.8,34.5,Overweight
7.0,P,0,119.2,22.0,Normal
12.0,L,1,142.4,41.3,Overweight
12.0,P,0,149.4,38.4,Normal
12.0,P,0,143.7,37.7,Overweight
11.0,L,1,144.1,38.4,Overweight
9.0,P,0,130.0,34.0,Overweight
8.0,P,0,126.4,27.4,Normal
7.0,L,1,116.1,20.6,Normal
8.0,P,0,120.5,25.0,Normal
9.0,P,0,127.4,30.6,Overweight
9.0,P,0,128.5,24.1,Normal
8.0,P,0,128.0,27.9,Normal
11.0,L,1,138.4,35.5,Overweight
12.0,P,0,143.1,41.6,Overweight
9.0,L,1,127.1,28.3,Normal
12.0,L,1,146.7,30.6,Normal
7.0,P,0,119.5,23.0,Normal
8.0,P,0,120.3,22.0,Normal
6.0,P,0,116.5,21.8,Normal
11.0,L,1,140.4,33.9,Normal
10.0,L,1,133.0,34.7,Overweight
10.0,L,1,130.8,28.3,Normal
8.0,P,0,121.8,25.4,Normal
8.0,P,0,122.3,22.7,Normal
6.0,L,1,113.7,18.9,Normal
12.0,P,0,145.8,40.9,Overweight
11.0,P,0,142.0,36.7,Overweight
10.0,L,1,131.7,31.3,Overweight
10.0,L,1,136.8,32.7,Normal
8.0,L,1,121.5,26.2,Normal
6.0,P,0,114.1,19.9,Normal
11.0,L,1,139.9,33.1,Normal
7.0,P,0,115.2,19.8,Normal
11.0,P,0,142.3,35.5,Normal
11.0,P,0,145.2,39.5,Overweight
12.0,L,1,143.8,35.8,Normal
7.0,L,1,118.2,19.9,Normal
10.0,L,1,133.2,27.5,Normal
9.0,L,1,129.3,26.9,Normal
6.0,P,0,114.5,19.0,Normal
12.0,L,1,146.6,38.2,Normal
12.0,L,1,145.3,35.9,Normal
12.0,L,1,148.7,38.0,Normal
7.0,P,0,117.6,24.4,Normal
12.0,L,1,142.8,41.7,Overweight
6.0,L,1,113.2,20.7,Normal
11.0,L,1,143.5,35.6,Normal
9.0,P,0,126.8,32.7,Overweight
6.0,L,1,113.9,20.8,Normal
10.0,P,0,131.1,33.7,Overweight
11.0,P,0,142.9,36.4,Normal
11.0,L,1,139.6,32.2,Normal
10.0,L,1,136.9,27.1,Normal
10.0,L,1,131.2,28.0,Normal
6.0,P,0,116.6,17.6,Underweight
12.0,P,0,146.7,36.2,Normal
11.0,P,0,144.5,37.2,Normal
8.0,P,0,125.8,28.9,Overweight
10.0,P,0,134.2,25.0,Underweight
6.0,P,0,112.3,20.3,Normal
9.0,P,0,127.5,27.9,Normal
7.0,P,0,120.2,19.3,Underweight
11.0,P,0,139.9,36.6,Overweight
12.0,P,0,147.1,44.4,Overweight
12.0,P,0,145.3,36.3,Normal
12.0,P,0,145.0,35.9,Normal
7.0,L,1,119.6,20.1,Normal
10.0,L,1,135.9,33.4,Overweight
7.0,P,0,119.1,20.1,Normal
9.0,L,1,126.3,30.9,Overweight
12.0,L,1,143.9,42.0,Overweight
6.0,P,0,112.2,20.2,Normal
10.0,L,1,129.2,33.8,Overweight
11.0,L,1,139.1,33.7,Normal
9.0,L,1,129.4,29.8,Normal
8.0,L,1,122.8,20.2,Underweight
7.0,L,1,119.5,21.8,Normal
8.0,P,0,118.0,27.4,Overweight
10.0,L,1,128.9,37.5,Obesity
9.0,P,0,133.0,24.9,Normal
10.0,P,0,131.2,31.8,Overweight
12.0,L,1,149.4,40.0,Normal
9.0,L,1,130.8,26.6,Normal
7.0,P,0,121.1,21.5,Normal
6.0,P,0,114.4,17.9,Underweight
7.0,P,0,114.4,23.0,Normal
8.0,P,0,126.5,21.6,Underweight
10.0,L,1,132.5,25.0,Normal
9.0,L,1,128.1,28.7,Normal
10.0,L,1,130.8,33.1,Overweight
9.0,L,1,125.5,31.1,Overweight
10.0,P,0,133.3,27.6,Normal
8.0,L,1,118.3,21.9,Normal
6.0,L,1,116.4,17.7,Underweight
9.0,L,1,123.0,26.7,Normal
9.0,L,1,131.5,27.6,Normal
12.0,P,0,147.9,39.7,Overweight
9.0,L,1,130.8,24.8,Normal
7.0,P,0,117.7,22.0,Normal
10.0,P,0,134.1,35.8,Overweight
9.0,L,1,129.0,22.8,Underweight
8.0,P,0,125.6,23.8,Normal
10.0,P,0,134.3,33.1,Overweight
8.0,P,0,122.8,27.1,Normal
12.0,L,1,146.9,40.1,Overweight
7.0,L,1,117.3,21.1,Normal
9.0,L,1,126.5,23.9,Normal
8.0,P,0,124.7,28.2,Overweight
7.0,L,1,119.9,20.7,Normal
12.0,P,0,143.2,40.4,Overweight
12.0,P,0,145.5,39.5,Overweight
11.0,P,0,139.9,39.4,Overweight
10.0,P,0,132.2,27.3,Normal
10.0,L,1,135.7,28.2,Normal
11.0,L,1,140.2,33.9,Normal
11.0,P,0,144.1,34.4,Normal
6.0,P,0,113.7,19.7,Normal
11.0,P,0,137.7,34.2,Overweight
12.0,L,1,143.1,39.5,Overweight
10.0,P,0,132.3,30.3,Normal
12.0,L,1,144.4,45.5,Overweight
8.0,L,1,120.4,21.6,Normal
12.0,L,1,140.0,37.7,Overweight
9.0,P,0,126.2,32.9,Overweight
12.0,L,1,142.9,36.0,Normal
12.0,L,1,143.1,35.3,Normal
10.0,L,1,133.5,30.2,Normal
9.0,P,0,126.1,24.1,Normal
10.0,L,1,134.5,35.6,Overweight
7.0,P,0,118.7,22.6,Normal
10.0,P,0,138.7,30.7,Normal
6.0,L,1,112.1,21.6,Normal
12.0,L,1,144.3,39.0,Overweight
10.0,P,0,133.4,33.4,Overweight
11.0,L,1,137.3,37.1,Overweight
6.0,L,1,112.8,21.3,Normal
9.0,P,0,123.4,27.2,Normal
8.0,P,0,122.9,23.8,Normal
12.0,L,1,150.3,37.8,Normal
11.0,P,0,137.6,42.3,Obesity
8.0,P,0,126.9,25.1,Normal
10.0,P,0,138.5,33.1,Normal
9.0,L,1,129.8,29.0,Normal
11.0,P,0,142.6,36.6,Overweight
10.0,P,0,137.3,30.9,Normal
10.0,P,0,136.8,30.0,Normal
12.0,L,1,148.5,37.9,Normal
9.0,P,0,125.1,32.0,Overweight
9.0,P,0,133.0,30.2,Normal
9.0,L,1,128.4,30.3,Overweight
9.0,L,1,130.7,25.6,Normal
10.0,L,1,134.9,29.5,Normal
8.0,L,1,124.1,22.0,Normal
10.0,L,1,133.9,26.5,Normal
8.0,L,1,124.7,23.6,Normal
8.0,P,0,122.5,26.2,Normal
12.0,P,0,145.3,37.8,Normal
11.0,L,1,138.3,34.6,Overweight
7.0,P,0,120.5,20.5,Normal
7.0,L,1,117.2,19.2,Underweight
12.0,L,1,144.0,38.1,Overweight
6.0,L,1,115.2,17.9,Underweight
11.0,L,1,140.1,37.1,Overweight
10.0,P,0,134.6,32.5,Normal
7.0,L,1,121.2,19.5,Underweight
8.0,P,0,126.2,26.2,Normal
10.0,P,0,131.9,31.2,Normal
11.0,L,1,140.1,43.0,Overweight
8.0,P,0,123.7,24.1,Normal
7.0,P,0,114.5,18.0,Underweight
10.0,P,0,139.1,25.0,Underweight
12.0,P,0,146.8,37.8,Normal
7.0,P,0,118.3,20.3,Normal
10.0,P,0,131.7,37.7,Overweight
8.0,L,1,123.1,22.4,Normal
11.0,P,0,138.5,37.1,Overweight
8.0,L,1,125.0,26.7,Normal
9.0,P,0,130.4,29.2,Normal
12.0,L,1,147.5,38.5,Normal
6.0,P,0,113.0,19.6,Normal
7.0,P,0,120.7,22.7,Normal
9.0,L,1,124.8,32.4,Overweight
9.0,P,0,126.2,29.6,Overweight
9.0,L,1,123.4,27.2,Normal
7.0,L,1,116.3,23.0,Normal
8.0,L,1,124.6,29.0,Overweight
6.0,L,1,111.5,22.0,Normal
7.0,P,0,114.7,23.8,Overweight
10.0,L,1,132.3,31.1,Normal
10.0,P,0,134.1,28.4,Normal
8.0,P,0,119.5,22.5,Normal
10.0,P,0,135.5,25.9,Normal
10.0,L,1,138.0,32.2,Normal
6.0,L,1,113.7,18.7,Normal
12.0,L,1,151.6,32.5,Normal
6.0,P,0,117.4,21.6,Normal
11.0,L,1,141.9,35.6,Normal
10.0,L,1,132.3,34.9,Overweight
6.0,P,0,113.6,20.2,Normal
8.0,P,0,127.4,21.9,Underweight
7.0,P,0,120.6,20.2,Underweight
12.0,L,1,147.0,39.5,Overweight
9.0,P,0,127.7,26.6,Normal
12.0,P,0,148.0,44.6,Overweight
9.0,L,1,130.7,25.5,Normal
9.0,L,1,127.1,28.4,Normal
12.0,L,1,144.7,35.8,Normal
8.0,P,0,121.4,27.8,Overweight
11.0,P,0,142.9,33.5,Normal
6.0,L,1,113.4,20.5,Normal
6.0,P,0,110.1,17.3,Normal
9.0,P,0,127.1,30.9,Overweight
6.0,P,0,115.2,20.7,Normal
12.0,P,0,145.8,36.6,Normal
7.0,P,0,116.1,20.6,Normal
11.0,P,0,144.9,36.2,Normal
12.0,L,1,141.5,34.7,Normal
7.0,L,1,120.3,19.1,Underweight
7.0,P,0,119.2,19.4,Underweight
11.0,L,1,137.5,30.8,Normal
8.0,L,1,126.9,25.9,Normal
7.0,P,0,119.8,20.8,Normal
9.0,L,1,127.7,25.4,Normal
12.0,L,1,142.3,42.2,Overweight
9.0,L,1,125.6,33.1,Overweight
8.0,L,1,123.5,26.8,Normal
8.0,L,1,121.1,24.5,Normal
9.0,L,1,131.4,27.8,Normal
8.0,L,1,124.2,20.6,Underweight
9.0,L,1,128.6,25.7,Normal
7.0,P,0,116.4,22.4,Normal
12.0,P,0,142.6,34.2,Normal
7.0,P,0,115.4,18.7,Normal
9.0,P,0,127.7,32.6,Overweight
12.0,P,0,147.7,38.3,Normal
6.0,L,1,118.0,19.8,Normal
11.0,P,0,141.7,32.9,Normal
8.0,L,1,127.9,27.3,Normal
6.0,L,1,111.8,18.7,Normal
11.0,L,1,138.5,37.7,Overweight
9.0,L,1,126.9,30.4,Overweight
10.0,P,0,137.2,27.1,Normal
9.0,L,1,130.7,26.9,Normal
9.0,P,0,130.8,26.3,Normal
11.0,P,0,143.9,31.5,Normal
10.0,L,1,133.6,32.9,Overweight
12.0,P,0,146.8,39.0,Overweight
12.0,L,1,140.0,38.0,Overweight
10.0,L,1,134.2,26.0,Normal
9.0,P,0,127.7,29.4,Normal
12.0,P,0,151.0,43.6,Overweight
9.0,L,1,127.4,25.2,Normal
11.0,P,0,140.4,30.0,Normal
9.0,P,0,126.5,22.9,Normal
6.0,P,0,111.6,18.5,Normal
6.0,L,1,112.2,20.6,Normal
9.0,L,1,125.1,29.9,Overweight
8.0,L,1,123.7,28.3,Overweight
10.0,P,0,135.9,29.8,Normal
10.0,L,1,136.2,34.5,Overweight
9.0,P,0,127.9,23.8,Normal
8.0,P,0,122.1,28.4,Overweight
11.0,L,1,142.7,37.3,Overweight
10.0,L,1,132.0,35.7,Overweight
8.0,L,1,121.0,26.5,Overweight
7.0,P,0,115.3,20.0,Normal
8.0,P,0,124.9,21.6,Underweight
12.0,P,0,144.8,34.4,Normal
10.0,L,1,137.6,33.3,Normal
12.0,P,0,145.7,35.4,Normal
10.0,P,0,135.3,26.9,Normal
12.0,L,1,142.6,41.3,Overweight
12.0,L,1,148.9,36.3,Normal
10.0,L,1,133.9,31.3,Normal
7.0,L,1,119.0,18.7,Underweight
7.0,L,1,117.4,19.0,Underweight
9.0,P,0,127.5,26.7,Normal
12.0,P,0,142.9,38.2,Overweight
8.0,L,1,122.3,24.6,Normal
7.0,L,1,119.5,21.1,Normal
11.0,L,1,139.0,36.2,Overweight
11.0,L,1,140.3,35.0,Normal
9.0,L,1,125.5,22.9,Normal
11.0,P,0,147.0,33.9,Normal
10.0,P,0,133.4,30.1,Normal
12.0,P,0,147.5,41.0,Overweight
11.0,L,1,140.8,36.2,Overweight
12.0,L,1,143.8,37.2,Normal
11.0,L,1,146.1,36.1,Normal
11.0,P,0,140.6,35.3,Normal
12.0,P,0,149.3,35.1,Normal
9.0,L,1,129.9,25.7,Normal
9.0,P,0,127.3,24.6,Normal
8.0,L,1,125.9,25.8,Normal
11.0,P,0,138.2,29.2,Normal
6.0,L,1,114.1,19.8,Normal
9.0,P,0,133.0,34.0,Overweight
7.0,L,1,121.6,18.0,Underweight
9.0,P,0,127.1,31.8,Overweight
11.0,P,0,144.0,32.8,Normal
9.0,L,1,130.5,30.6,Normal
6.0,P,0,111.5,19.3,Normal
7.0,L,1,114.9,25.0,Overweight
9.0,P,0,128.4,27.9,Normal
8.0,P,0,123.9,21.4,Underweight
9.0,L,1,130.0,29.1,Normal
11.0,P,0,142.2,29.9,Normal
12.0,L,1,145.2,42.4,Overweight
10.0,L,1,132.8,27.4,Normal
9.0,P,0,129.7,33.6,Overweight
8.0,P,0,127.1,24.1,Normal
8.0,P,0,126.0,25.3,Normal
6.0,L,1,112.2,21.0,Normal
8.0,P,0,124.8,25.9,Normal
8.0,L,1,123.8,21.7,Normal
11.0,P,0,140.2,35.2,Normal
7.0,L,1,114.0,24.2,Overweight
9.0,L,1,125.9,25.7,Normal
7.0,P,0,117.7,21.4,Normal
8.0,L,1,123.3,27.4,Overweight
10.0,L,1,133.4,30.9,Normal
10.0,L,1,135.5,29.6,Normal
7.0,P,0,118.0,24.1,Normal
8.0,P,0,123.5,20.8,Underweight
8.0,L,1,123.3,24.3,Normal
7.0,P,0,117.4,18.6,Underweight
6.0,P,0,115.2,18.7,Normal
10.0,L,1,132.4,28.4,Normal
11.0,P,0,143.2,37.1,Overweight
12.0,P,0,144.9,42.7,Overweight
12.0,P,0,143.4,38.9,Overweight
12.0,P,0,147.2,42.3,Overweight
10.0,L,1,132.1,35.4,Overweight
10.0,P,0,135.4,30.3,Normal
8.0,L,1,127.0,26.4,Normal
10.0,L,1,132.4,37.4,Overweight
8.0,L,1,123.6,28.1,Overweight
12.0,P,0,147.5,39.7,Overweight
12.0,L,1,149.1,42.1,Overweight
11.0,P,0,142.5,39.3,Overweight
10.0,P,0,134.6,34.5,Overweight
9.0,L,1,124.5,33.4,Overweight
8.0,P,0,118.8,22.3,Normal
10.0,L,1,131.1,35.9,Overweight
8.0,P,0,125.3,21.3,Underweight
8.0,P,0,126.3,24.5,Normal
11.0,L,1,142.6,42.3,Overweight
10.0,P,0,135.9,30.6,Normal
12.0,P,0,140.5,38.4,Overweight
10.0,P,0,133.9,28.4,Normal
7.0,P,0,119.9,21.0,Normal
9.0,L,1,123.2,30.1,Overweight
10.0,P,0,135.3,33.4,Overweight
11.0,P,0,143.5,34.8,Normal
12.0,L,1,144.0,44.2,Overweight
11.0,L,1,141.2,34.1,Normal
8.0,P,0,121.1,26.3,Normal
11.0,P,0,144.0,33.5,Normal
11.0,L,1,142.6,39.3,Overweight
10.0,L,1,135.1,27.6,Normal
8.0,P,0,128.0,27.6,Normal
10.0,P,0,134.2,29.0,Normal
10.0,P,0,135.9,34.3,Overweight
9.0,L,1,124.3,25.2,Normal
8.0,L,1,118.4,25.5,Overweight
10.0,P,0,136.3,29.1,Normal
10.0,P,0,135.6,31.7,Normal
8.0,P,0,122.0,20.8,Underweight
6.0,L,1,116.4,17.8,Underweight
10.0,L,1,136.2,31.1,Normal
6.0,P,0,115.5,17.9,Underweight
11.0,L,1,145.1,39.2,Overweight
10.0,L,1,134.3,32.7,Overweight
10.0,P,0,133.8,34.0,Overweight
11.0,P,0,141.4,35.1,Normal
12.0,L,1,146.4,36.0,Normal
11.0,L,1,140.5,31.6,Normal
9.0,L,1,126.0,25.4,Normal
8.0,L,1,123.6,23.5,Normal
6.0,P,0,112.0,18.2,Normal
11.0,P,0,140.3,37.8,Overweight
9.0,P,0,128.5,30.6,Overweight
12.0,L,1,141.6,41.5,Overweight
11.0,P,0,141.6,35.1,Normal
8.0,P,0,126.0,24.8,Normal
8.0,L,1,126.7,20.8,Underweight
9.0,P,0,130.0,32.5,Overweight
10.0,P,0,137.8,33.7,Normal
8.0,P,0,126.0,21.8,Underweight
11.0,P,0,140.0,33.9,Normal
7.0,P,0,116.9,21.7,Normal
6.0,L,1,116.4,20.0,Normal
8.0,P,0,118.0,27.7,Overweight
9.0,L,1,128.7,25.5,Normal
12.0,P,0,149.1,34.0,Normal
10.0,L,1,136.4,31.6,Normal
10.0,L,1,131.7,25.6,Normal
8.0,L,1,121.5,25.2,Normal
12.0,L,1,148.3,36.2,Normal
9.0,P,0,127.7,34.0,Overweight
8.0,L,1,125.0,29.0,Overweight
6.0,P,0,114.6,17.9,Underweight
11.0,P,0,138.4,38.9,Overweight
12.0,P,0,148.4,39.8,Overweight
10.0,P,0,137.6,30.0,Normal
7.0,P,0,113.7,21.6,Normal
9.0,P,0,128.4,27.4,Normal
11.0,P,0,139.8,33.5,Normal
6.0,P,0,114.5,18.5,Normal
12.0,P,0,144.7,38.1,Overweight
12.0,L,1,146.1,36.1,Normal
7.0,P,0,115.2,21.3,Normal
7.0,L,1,118.1,24.3,Normal
10.0,L,1,137.3,30.2,Normal
10.0,L,1,133.9,26.0,Normal
9.0,P,0,129.5,26.9,Normal
6.0,L,1,111.9,18.6,Normal
12.0,L,1,144.6,40.7,Overweight
11.0,P,0,145.1,37.3,Normal
12.0,P,0,149.5,39.5,Normal
12.0,L,1,144.8,46.4,Obesity
9.0,L,1,131.7,31.3,Overweight
6.0,P,0,114.7,20.5,Normal
10.0,P,0,133.6,35.0,Overweight
12.0,L,1,147.5,33.2,Normal
11.0,L,1,142.1,37.2,Overweight
12.0,L,1,144.0,30.0,Normal
7.0,P,0,117.5,19.1,Underweight
10.0,P,0,131.7,28.8,Normal
8.0,P,0,119.1,23.0,Normal
11.0,P,0,141.4,38.9,Overweight
8.0,P,0,121.8,23.1,Normal
10.0,L,1,131.7,33.5,Overweight
11.0,L,1,141.3,37.5,Overweight
9.0,L,1,125.8,25.5,Normal
9.0,P,0,125.0,28.2,Overweight
9.0,P,0,125.0,24.8,Normal
12.0,L,1,144.3,33.0,Normal
10.0,P,0,134.5,33.6,Overweight
10.0,P,0,130.4,30.8,Overweight
8.0,L,1,125.8,20.0,Underweight
11.0,L,1,143.2,35.6,Normal
6.0,L,1,113.5,21.1,Normal
9.0,P,0,127.4,27.8,Normal
8.0,P,0,121.4,24.6,Normal
8.0,P,0,119.2,27.4,Overweight
11.0,L,1,143.4,37.2,Overweight
10.0,P,0,134.1,30.9,Normal
12.0,P,0,141.0,34.8,Normal
9.0,L,1,125.2,30.0,Overweight
12.0,L,1,143.1,40.5,Overweight
10.0,P,0,134.3,31.7,Normal
11.0,P,0,142.1,31.6,Normal
6.0,L,1,111.5,17.7,Normal
12.0,L,1,149.1,41.1,Overweight
8.0,P,0,121.3,26.0,Normal
7.0,L,1,119.8,19.7,Underweight
7.0,L,1,118.6,22.0,Normal
9.0,P,0,126.5,24.7,Normal
9.0,L,1,127.7,29.9,Overweight
12.0,P,0,149.1,42.0,Overweight
11.0,L,1,139.2,39.3,Overweight
6.0,P,0,117.7,18.3,Underweight
11.0,L,1,141.5,37.4,Overweight
9.0,L,1,128.1,29.2,Normal
11.0,P,0,138.5,34.5,Normal
6.0,P,0,115.1,20.5,Normal
8.0,L,1,128.0,23.5,Normal
11.0,L,1,143.5,36.7,Normal
8.0,L,1,127.6,25.0,Normal
6.0,P,0,115.2,20.4,Normal
9.0,P,0,124.0,26.1,Normal
12.0,L,1,146.3,35.9,Normal
12.0,P,0,145.8,35.7,Normal
6.0,P,0,112.7,21.4,Normal
10.0,P,0,131.5,36.0,Overweight
10.0,L,1,134.1,27.6,Normal
7.0,P,0,118.1,23.3,Normal
11.0,L,1,141.5,35.7,Normal
12.0,L,1,141.7,37.5,Overweight
7.0,L,1,118.0,21.6,Normal
9.0,L,1,132.9,29.5,Normal
6.0,P,0,114.2,20.6,Normal
12.0,L,1,150.9,33.6,Normal
7.0,P,0,114.7,21.3,Normal
9.0,P,0,129.5,31.2,Overweight
12.0,L,1,145.6,42.7,Overweight
11.0,P,0,147.0,43.0,Overweight
10.0,L,1,132.7,33.2,Overweight
12.0,L,1,148.1,36.3,Normal
10.0,L,1,138.6,28.4,Normal
7.0,L,1,115.9,22.1,Normal
10.0,P,0,139.2,27.3,Normal
9.0,L,1,123.2,29.7,Overweight
10.0,P,0,131.4,28.1,Normal
8.0,L,1,121.7,28.7,Overweight
10.0,L,1,136.7,33.4,Normal
10.0,P,0,136.0,35.6,Overweight
11.0,P,0,140.4,36.5,Overweight
8.0,P,0,121.4,26.2,Normal
12.0,P,0,147.3,43.0,Overweight
7.0,L,1,119.5,21.4,Normal
12.0,L,1,144.6,32.8,Normal
10.0,P,0,135.6,36.2,Overweight
7.0,P,0,119.5,23.1,Normal
12.0,L,1,140.9,38.1,Overweight
8.0,P,0,125.4,23.5,Normal
12.0,P,0,141.8,41.1,Overweight
12.0,P,0,145.9,41.1,Overweight
11.0,P,0,142.6,33.6,Normal
12.0,L,1,140.4,42.9,Overweight
10.0,P,0,132.7,29.6,Normal
6.0,P,0,113.3,17.6,Underweight
12.0,L,1,146.5,38.2,Normal
12.0,L,1,149.9,33.7,Normal
8.0,P,0,125.3,21.9,Underweight
12.0,L,1,148.5,43.4,Overweight
8.0,L,1,121.9,25.1,Normal
11.0,P,0,140.1,30.7,Normal
12.0,L,1,144.5,39.1,Overweight
9.0,P,0,123.6,33.0,Overweight
12.0,L,1,142.0,38.2,Overweight
6.0,P,0,115.6,19.2,Normal
8.0,L,1,126.2,23.8,Normal
9.0,P,0,128.3,28.7,Normal
6.0,P,0,115.1,18.5,Underweight
10.0,L,1,131.2,29.9,Normal
9.0,P,0,129.9,26.3,Normal
9.0,L,1,125.6,29.4,Overweight
12.0,L,1,144.4,35.1,Normal
10.0,P,0,131.3,31.9,Overweight
10.0,L,1,135.9,34.3,Overweight
10.0,P,0,131.9,31.5,Overweight
11.0,L,1,141.9,36.5,Overweight
6.0,P,0,113.0,18.9,Normal
7.0,P,0,121.9,23.6,Normal
9.0,L,1,127.6,28.6,Normal
11.0,L,1,139.3,37.4,Overweight
8.0,L,1,119.3,27.1,Overweight
12.0,P,0,149.9,36.4,Normal
12.0,L,1,142.4,37.0,Overweight
11.0,P,0,140.1,33.8,Normal
11.0,P,0,137.5,36.3,Overweight
8.0,L,1,120.7,20.0,Underweight
12.0,P,0,143.5,40.0,Overweight
9.0,P,0,133.0,32.3,Overweight
6.0,P,0,113.2,18.6,Normal
11.0,L,1,137.3,30.7,Normal
8.0,P,0,122.8,27.4,Overweight
9.0,L,1,130.7,25.8,Normal
9.0,P,0,126.3,29.7,Overweight
10.0,P,0,131.0,34.0,Overweight
7.0,P,0,113.4,25.0,Overweight
6.0,P,0,113.7,21.0,Normal
8.0,L,1,124.9,24.9,Normal
7.0,L,1,117.2,20.5,Normal
12.0,L,1,145.2,41.3,Overweight
10.0,L,1,140.0,35.7,Overweight
10.0,L,1,131.5,33.9,Overweight
11.0,P,0,141.2,40.8,Overweight
9.0,L,1,126.2,31.4,Overweight
10.0,L,1,136.6,35.8,Overweight
8.0,L,1,121.5,25.7,Normal
10.0,L,1,132.1,26.0,Normal
12.0,P,0,144.5,41.2,Overweight
8.0,L,1,119.5,25.5,Normal
10.0,L,1,135.5,33.5,Overweight
9.0,P,0,128.0,31.0,Overweight
9.0,L,1,132.1,28.6,Normal
9.0,L,1,130.0,28.3,Normal
9.0,L,1,128.0,24.7,Normal
12.0,L,1,145.3,39.8,Overweight
11.0,P,0,140.1,36.5,Overweight
11.0,L,1,141.6,38.0,Overweight
8.0,L,1,121.0,23.2,Normal
12.0,L,1,144.3,41.1,Overweight
11.0,P,0,143.3,36.1,Normal
10.0,L,1,133.5,30.9,Normal
9.0,L,1,130.0,24.0,Normal
9.0,P,0,125.9,25.1,Normal
12.0,L,1,145.2,39.9,Overweight
10.0,P,0,134.8,32.9,Overweight
9.0,P,0,128.1,33.7,Overweight
7.0,P,0,116.4,23.3,Normal
9.0,L,1,125.4,25.7,Normal
12.0,L,1,147.6,39.6,Overweight
8.0,P,0,124.1,24.7,Normal
7.0,L,1,120.5,24.0,Normal
12.0,L,1,146.3,44.1,Overweight
6.0,L,1,114.9,21.2,Normal
10.0,P,0,130.8,38.0,Obesity
8.0,P,0,123.4,27.6,Overweight
10.0,L,1,131.0,29.9,Normal
12.0,L,1,146.9,33.4,Normal
6.0,L,1,110.8,17.6,Normal
6.0,L,1,112.3,18.5,Normal
11.0,P,0,142.6,40.7,Overweight
9.0,L,1,129.7,25.0,Normal
12.0,L,1,145.7,41.7,Overweight
8.0,L,1,123.5,27.5,Overweight
12.0,L,1,145.2,37.0,Normal
10.0,P,0,133.1,31.9,Normal
9.0,L,1,128.6,32.5,Overweight
11.0,P,0,141.2,38.4,Overweight
11.0,P,0,140.9,29.0,Normal
9.0,P,0,131.5,29.3,Normal
9.0,P,0,130.4,26.2,Normal
10.0,P,0,136.8,36.1,Overweight
11.0,P,0,142.0,36.1,Normal
12.0,P,0,146.4,35.9,Normal
7.0,L,1,118.5,20.6,Normal
10.0,P,0,130.4,28.5,Normal
9.0,L,1,128.4,26.2,Normal
12.0,L,1,149.7,39.3,Normal
9.0,P,0,132.3,25.1,Normal
11.0,P,0,143.7,36.0,Normal
12.0,L,1,141.6,38.0,Overweight
12.0,L,1,147.7,43.4,Overweight
11.0,P,0,139.7,36.3,Overweight
8.0,P,0,122.9,20.8,Underweight
9.0,P,0,131.0,26.4,Normal
6.0,P,0,113.3,21.0,Normal
9.0,P,0,126.3,24.0,Normal
8.0,L,1,120.9,24.1,Normal
12.0,L,1,143.1,41.0,Overweight
7.0,L,1,113.8,22.2,Normal
8.0,L,1,118.5,27.1,Overweight
8.0,P,0,121.9,24.7,Normal
6.0,L,1,114.5,20.0,Normal
8.0,P,0,120.6,23.6,Normal
11.0,L,1,140.3,31.3,Normal
10.0,L,1,134.6,33.5,Overweight
8.0,L,1,126.4,21.3,Underweight
6.0,P,0,114.9,20.4,Normal
8.0,L,1,123.5,23.9,Normal
7.0,P,0,118.0,22.0,Normal
6.0,P,0,114.3,19.4,Normal
10.0,P,0,134.8,32.2,Normal
9.0,P,0,128.0,25.9,Normal
12.0,L,1,146.6,39.7,Overweight
10.0,L,1,135.0,30.7,Normal
8.0,L,1,127.0,20.5,Underweight
10.0,P,0,132.5,27.8,Normal
11.0,P,0,141.7,34.9,Normal
7.0,L,1,114.3,23.1,Normal
10.0,L,1,134.5,25.2,Underweight
9.0,P,0,126.2,26.9,Normal
8.0,P,0,124.2,26.6,Normal
9.0,P,0,124.9,22.0,Normal
6.0,L,1,110.2,20.2,Normal
6.0,L,1,114.9,18.3,Underweight
11.0,L,1,141.1,39.4,Overweight
8.0,P,0,127.8,20.0,Underweight
12.0,P,0,151.7,38.5,Normal
9.0,L,1,125.1,25.9,Normal
8.0,L,1,121.2,24.9,Normal
8.0,L,1,124.2,24.0,Normal
7.0,P,0,120.2,20.5,Normal
7.0,P,0,118.3,19.2,Underweight
9.0,L,1,128.4,23.9,Normal
11.0,P,0,143.2,39.1,Overweight
11.0,L,1,142.7,32.7,Normal
11.0,P,0,140.9,37.9,Overweight
12.0,L,1,144.1,38.1,Overweight
10.0,P,0,136.2,36.3,Overweight
9.0,P,0,128.9,27.4,Normal
9.0,P,0,127.2,26.5,Normal
11.0,P,0,136.9,37.8,Overweight
11.0,P,0,141.8,37.8,Overweight
11.0,L,1,146.0,37.5,Normal
7.0,L,1,120.4,19.4,Underweight
10.0,P,0,135.2,32.3,Normal
10.0,L,1,132.3,33.1,Overweight
8.0,L,1,125.7,29.0,Overweight
9.0,P,0,130.2,28.8,Normal
9.0,P,0,130.8,24.2,Normal
11.0,P,0,138.9,36.9,Overweight
10.0,P,0,134.4,27.8,Normal
11.0,L,1,141.2,38.7,Overweight
9.0,P,0,127.4,32.9,Overweight
7.0,P,0,114.2,20.2,Normal
8.0,P,0,121.3,28.5,Overweight
8.0,L,1,122.1,23.3,Normal
12.0,P,0,146.7,36.7,Normal
7.0,P,0,116.6,22.9,Normal
11.0,L,1,143.3,41.4,Overweight
12.0,P,0,148.8,37.9,Normal
6.0,L,1,111.7,18.7,Normal
9.0,L,1,129.9,25.5,Normal
12.0,L,1,146.7,40.6,Overweight
9.0,L,1,129.9,29.3,Normal
7.0,L,1,115.9,25.0,Overweight
12.0,P,0,147.7,41.5,Overweight
9.0,P,0,130.3,30.0,Normal
9.0,P,0,130.4,22.0,Underweight
9.0,L,1,125.3,33.8,Overweight
7.0,L,1,118.4,21.7,Normal
12.0,L,1,150.0,34.3,Normal
6.0,P,0,115.0,19.5,Normal
9.0,L,1,126.1,25.9,Normal
9.0,L,1,126.2,30.7,Overweight
9.0,L,1,132.4,27.1,Normal
9.0,L,1,124.8,22.0,Normal
10.0,P,0,132.1,32.3,Overweight
9.0,P,0,125.6,29.1,Overweight
10.0,P,0,134.6,28.6,Normal
7.0,L,1,113.0,20.6,Normal
11.0,L,1,138.0,38.0,Overweight
7.0,P,0,120.7,18.4,Underweight
8.0,L,1,123.4,24.2,Normal
8.0,P,0,122.3,22.3,Normal
7.0,P,0,115.0,21.6,Normal
10.0,L,1,130.9,30.7,Normal
11.0,P,0,143.2,33.2,Normal
9.0,P,0,128.3,25.2,Normal
12.0,P,0,144.1,41.6,Overweight
11.0,P,0,146.0,34.9,Normal
11.0,P,0,140.5,38.2,Overweight
11.0,L,1,137.6,33.6,Normal
11.0,L,1,135.1,40.7,Obesity
9.0,L,1,126.8,23.2,Normal
11.0,P,0,140.1,36.9,Overweight
10.0,L,1,133.8,33.9,Overweight
12.0,P,0,148.0,37.1,Normal
8.0,P,0,128.0,21.0,Underweight
11.0,L,1,140.7,36.5,Overweight
7.0,L,1,116.7,19.9,Normal
12.0,L,1,146.6,41.9,Overweight
11.0,L,1,143.3,39.5,Overweight
6.0,P,0,110.0,20.1,Normal
8.0,L,1,118.8,24.7,Normal
10.0,L,1,132.8,32.0,Overweight
7.0,L,1,117.8,20.0,Normal
6.0,L,1,115.2,18.3,Underweight
9.0,L,1,124.2,25.6,Normal
10.0,P,0,137.6,28.1,Normal
11.0,P,0,139.4,35.0,Overweight
10.0,P,0,137.0,27.4,Normal
6.0,P,0,115.6,20.2,Normal
7.0,L,1,121.9,22.9,Normal
11.0,L,1,138.5,32.4,Normal
12.0,L,1,144.0,37.9,Overweight
12.0,P,0,143.7,36.8,Normal
8.0,P,0,123.9,28.1,Overweight
9.0,P,0,131.1,28.9,Normal
7.0,P,0,116.1,20.8,Normal
11.0,P,0,141.0,33.8,Normal
7.0,L,1,117.7,19.4,Normal
8.0,P,0,125.8,22.3,Normal
12.0,P,0,146.7,40.8,Overweight
12.0,P,0,144.7,40.9,Overweight
11.0,L,1,137.7,34.9,Overweight
9.0,L,1,126.2,32.2,Overweight
11.0,P,0,141.5,34.7,Normal
11.0,L,1,139.6,30.6,Normal
7.0,P,0,119.2,24.1,Normal
11.0,L,1,144.0,40.9,Overweight
9.0,L,1,129.1,26.4,Normal
12.0,P,0,141.6,41.2,Overweight
11.0,L,1,139.6,29.9,Normal
9.0,P,0,131.5,25.3,Normal
9.0,L,1,129.6,32.8,Overweight
8.0,P,0,122.8,20.1,Underweight
9.0,L,1,128.0,26.9,Normal
10.0,L,1,130.1,30.8,Overweight
6.0,P,0,113.6,19.3,Normal
8.0,L,1,124.9,24.5,Normal
8.0,L,1,122.1,26.9,Overweight
12.0,P,0,143.4,39.2,Overweight
7.0,P,0,123.0,21.1,Underweight
10.0,L,1,129.3,32.5,Overweight
12.0,P,0,146.1,39.0,Overweight
11.0,P,0,139.6,40.2,Overweight
8.0,L,1,125.1,26.9,Normal
10.0,L,1,133.8,32.7,Overweight
6.0,L,1,112.8,19.4,Normal
11.0,L,1,145.5,38.2,Overweight
6.0,P,0,111.7,17.3,Underweight
9.0,L,1,127.3,30.4,Overweight
6.0,P,0,112.1,19.7,Normal
10.0,L,1,132.4,33.3,Overweight
8.0,L,1,120.6,24.1,Normal
11.0,P,0,144.7,32.3,Normal
8.0,P,0,123.6,26.8,Normal
10.0,P,0,133.8,31.2,Normal
10.0,P,0,137.0,29.1,Normal
11.0,L,1,140.8,36.1,Overweight
12.0,P,0,143.7,37.2,Overweight
11.0,P,0,138.2,36.4,Overweight
11.0,L,1,143.9,33.8,Normal
10.0,L,1,135.1,34.5,Overweight
8.0,L,1,120.2,20.2,Underweight
12.0,L,1,140.2,43.3,Obesity
11.0,L,1,138.5,43.0,Obesity
10.0,L,1,135.0,36.9,Overweight
12.0,P,0,146.5,38.6,Normal
9.0,P,0,124.8,30.5,Overweight
9.0,P,0,130.7,24.9,Normal
7.0,P,0,114.4,20.7,Normal
11.0,L,1,142.1,35.5,Normal
10.0,P,0,135.5,33.6,Overweight
11.0,L,1,140.3,33.4,Normal
8.0,L,1,123.3,20.1,Underweight
8.0,L,1,120.5,26.7,Overweight
8.0,P,0,125.3,25.0,Normal
11.0,L,1,138.0,33.5,Normal
9.0,P,0,125.3,27.8,Normal
11.0,L,1,140.9,31.0,Normal
12.0,L,1,146.4,42.6,Overweight
8.0,L,1,121.8,27.0,Overweight
11.0,L,1,145.0,29.5,Normal
9.0,P,0,128.5,27.5,Normal
10.0,L,1,133.5,29.2,Normal
10.0,P,0,133.3,29.1,Normal
10.0,L,1,136.7,34.9,Overweight
10.0,P,0,137.4,36.0,Overweight
7.0,L,1,116.4,18.7,Underweight
10.0,P,0,136.1,32.9,Normal
7.0,L,1,120.0,22.1,Normal
11.0,P,0,142.5,34.4,Normal
12.0,L,1,142.8,43.0,Overweight
9.0,P,0,130.3,26.6,Normal
11.0,L,1,142.5,35.4,Normal
10.0,P,0,130.7,27.0,Normal
9.0,P,0,132.6,28.2,Normal
9.0,P,0,127.0,29.1,Overweight
12.0,L,1,152.0,35.8,Normal
9.0,P,0,124.0,31.2,Overweight
10.0,L,1,131.2,30.6,Normal
10.0,L,1,134.0,33.0,Overweight
10.0,P,0,133.3,25.8,Normal
7.0,L,1,117.0,21.6,Normal
6.0,L,1,112.4,19.0,Normal
12.0,P,0,148.4,36.5,Normal
7.0,P,0,120.0,20.6,Normal
10.0,L,1,134.8,33.6,Overweight
8.0,P,0,119.6,23.3,Normal
12.0,L,1,144.6,38.8,Overweight
6.0,P,0,116.7,18.9,Underweight
9.0,L,1,128.2,33.1,Overweight
8.0,L,1,123.1,25.7,Normal
8.0,L,1,126.3,21.8,Underweight
7.0,P,0,120.0,22.9,Normal
9.0,L,1,130.6,30.0,Normal
9.0,L,1,128.6,26.2,Normal
10.0,L,1,131.2,34.2,Overweight
8.0,P,0,123.9,27.1,Normal
9.0,L,1,125.0,33.5,Overweight
7.0,L,1,119.6,22.6,Normal
11.0,P,0,139.2,41.0,Overweight
11.0,P,0,136.7,33.5,Normal
6.0,P,0,112.3,20.7,Normal
9.0,L,1,127.5,32.6,Overweight
7.0,L,1,123.0,21.5,Normal
9.0,P,0,133.0,28.0,Normal
11.0,P,0,138.8,35.8,Overweight
12.0,L,1,148.4,43.4,Overweight
6.0,L,1,112.4,18.1,Normal
10.0,P,0,131.9,27.3,Normal
8.0,L,1,122.8,22.8,Normal
10.0,L,1,135.2,30.5,Normal
6.0,L,1,110.0,21.7,Normal
10.0,L,1,129.6,29.2,Normal
9.0,L,1,129.2,30.7,Overweight
8.0,L,1,120.2,22.9,Normal
12.0,P,0,148.5,39.6,Normal
8.0,L,1,120.3,26.7,Overweight
8.0,P,0,125.5,26.3,Normal
8.0,P,0,122.0,26.9,Overweight
8.0,L,1,127.5,22.6,Underweight
7.0,L,1,119.7,18.5,Underweight
10.0,L,1,136.8,31.0,Normal
10.0,P,0,136.8,28.9,Normal
7.0,L,1,119.4,23.7,Normal
9.0,L,1,129.4,29.1,Normal
10.0,P,0,138.7,28.1,Normal
12.0,P,0,146.0,35.4,Normal
10.0,L,1,135.3,30.2,Normal
6.0,P,0,114.6,19.4,Normal
7.0,L,1,115.3,19.5,Normal
7.0,L,1,113.4,18.0,Underweight
12.0,L,1,143.1,38.2,Overweight
10.0,L,1,133.0,25.0,Normal
7.0,L,1,117.7,23.9,Normal
8.0,L,1,123.1,27.5,Overweight
10.0,P,0,131.8,31.8,Overweight
12.0,P,0,145.6,32.0,Normal
10.0,L,1,136.8,29.2,Normal
6.0,L,1,117.2,17.3,Underweight
11.0,P,0,141.2,33.4,Normal
12.0,L,1,145.3,34.5,Normal
11.0,P,0,138.6,38.5,Overweight
11.0,L,1,140.0,32.4,Normal
8.0,P,0,121.7,22.1,Normal
11.0,P,0,139.0,31.7,Normal
10.0,L,1,136.6,32.6,Normal
9.0,P,0,124.7,27.7,Normal
9.0,L,1,130.2,30.7,Overweight
8.0,L,1,118.0,22.0,Normal
12.0,P,0,147.0,41.3,Overweight
11.0,P,0,142.2,31.2,Normal
10.0,P,0,135.0,36.6,Overweight
11.0,L,1,139.8,36.1,Overweight
9.0,L,1,128.5,31.6,Overweight
6.0,L,1,111.6,19.2,Normal
11.0,P,0,142.1,37.0,Overweight
10.0,L,1,130.7,31.0,Overweight
12.0,L,1,150.7,35.2,Normal
12.0,L,1,149.3,40.0,Normal
8.0,L,1,123.9,21.7,Normal
9.0,P,0,129.6,31.6,Overweight
8.0,L,1,123.7,25.6,Normal
10.0,P,0,134.4,29.4,Normal
12.0,P,0,151.6,35.1,Normal
7.0,P,0,116.4,21.1,Normal
6.0,P,0,115.7,17.3,Underweight
6.0,L,1,114.1,21.4,Normal
9.0,L,1,126.8,28.0,Normal
10.0,P,0,134.7,26.6,Normal
9.0,L,1,129.5,30.3,Overweight
7.0,P,0,114.2,25.0,Overweight
12.0,P,0,145.2,41.8,Overweight
11.0,L,1,135.0,34.2,Overweight
10.0,L,1,136.6,33.6,Overweight
8.0,L,1,121.3,29.0,Overweight
12.0,P,0,152.0,36.3,Normal
8.0,P,0,124.4,24.7,Normal
10.0,P,0,131.1,27.1,Normal
9.0,P,0,129.0,27.7,Normal
9.0,P,0,125.0,26.9,Normal
12.0,L,1,144.5,41.7,Overweight
12.0,L,1,151.1,40.0,Normal
7.0,P,0,116.0,18.8,Underweight
7.0,L,1,120.3,23.7,Normal
10.0,P,0,133.5,26.4,Normal
10.0,L,1,132.7,34.8,Overweight
7.0,P,0,116.2,19.2,Normal
6.0,P,0,111.7,21.0,Normal
12.0,P,0,145.4,36.4,Normal
10.0,L,1,136.3,32.4,Normal
10.0,L,1,135.9,33.2,Overweight
11.0,L,1,142.2,38.3,Overweight
10.0,P,0,132.3,29.8,Normal
8.0,L,1,121.1,28.2,Overweight
7.0,P,0,115.3,23.2,Normal
6.0,L,1,110.0,18.1,Normal
11.0,P,0,140.6,35.7,Overweight
12.0,P,0,143.3,36.2,Normal
6.0,P,0,112.7,18.6,Normal
10.0,P,0,132.6,32.8,Overweight
11.0,P,0,140.8,31.7,Normal
6.0,L,1,117.0,20.3,Normal
9.0,L,1,126.2,30.6,Overweight
8.0,P,0,123.2,23.6,Normal
10.0,L,1,133.1,28.0,Normal
7.0,P,0,118.8,23.4,Normal
12.0,P,0,143.0,40.8,Overweight
12.0,L,1,140.0,34.6,Normal
10.0,L,1,137.9,27.9,Normal
9.0,P,0,128.1,28.2,Normal
9.0,L,1,129.4,30.2,Overweight
7.0,L,1,113.6,25.0,Overweight
7.0,L,1,120.7,20.8,Normal
7.0,L,1,118.0,23.8,Normal
8.0,P,0,126.6,28.1,Normal
8.0,L,1,123.2,26.1,Normal
8.0,L,1,120.4,29.0,Overweight
12.0,P,0,144.5,40.5,Overweight
12.0,P,0,143.7,43.2,Overweight
7.0,P,0,122.8,20.5,Underweight
10.0,L,1,135.1,30.6,Normal
8.0,P,0,127.7,20.0,Underweight
7.0,L,1,119.2,22.2,Normal
10.0,P,0,131.2,31.6,Overweight
9.0,P,0,129.0,27.9,Normal
8.0,L,1,126.1,25.1,Normal
12.0,P,0,147.2,35.8,Normal
9.0,P,0,128.7,28.3,Normal
7.0,L,1,121.0,20.7,Normal
11.0,L,1,140.1,37.0,Overweight
12.0,P,0,143.2,41.3,Overweight
9.0,P,0,129.9,30.9,Overweight
9.0,P,0,129.7,25.2,Normal
11.0,P,0,140.7,40.7,Overweight
7.0,L,1,120.9,22.2,Normal
7.0,L,1,114.1,18.0,Underweight
8.0,L,1,122.6,22.2,Normal
11.0,L,1,136.7,37.5,Overweight
10.0,P,0,135.3,25.1,Underweight
10.0,P,0,132.5,26.8,Normal
10.0,L,1,132.4,34.8,Overweight
12.0,L,1,149.2,38.9,Normal
9.0,P,0,130.5,31.1,Overweight
7.0,L,1,116.3,24.6,Overweight
10.0,L,1,134.1,29.1,Normal
7.0,P,0,118.7,20.2,Normal
12.0,P,0,141.8,42.5,Overweight
11.0,L,1,136.0,33.7,Overweight
11.0,P,0,142.1,37.1,Overweight
8.0,P,0,123.2,25.5,Normal
9.0,L,1,130.3,28.1,Normal
9.0,P,0,129.9,24.9,Normal
12.0,L,1,143.8,34.3,Normal
9.0,P,0,132.6,33.4,Overweight
10.0,P,0,133.8,28.3,Normal
10.0,P,0,130.2,34.3,Overweight
11.0,P,0,138.0,41.3,Overweight
6.0,P,0,114.5,21.6,Normal
9.0,L,1,129.0,25.0,Normal
12.0,L,1,145.8,45.8,Overweight
10.0,L,1,133.6,34.0,Overweight
8.0,L,1,119.5,24.7,Normal
9.0,L,1,126.9,24.8,Normal
6.0,P,0,114.6,17.2,Underweight
7.0,L,1,118.3,21.8,Normal
8.0,L,1,124.1,21.4,Underweight
9.0,L,1,125.9,29.2,Overweight
8.0,L,1,124.4,23.0,Normal
11.0,L,1,140.6,37.6,Overweight
7.0,P,0,115.5,22.7,Normal
7.0,P,0,113.7,19.7,Normal
11.0,P,0,137.3,33.7,Normal
10.0,L,1,130.9,37.6,Overweight
11.0,L,1,140.5,33.8,Normal
11.0,P,0,135.0,35.0,Overweight
11.0,L,1,142.5,38.2,Overweight
7.0,L,1,115.5,19.3,Normal
8.0,L,1,121.7,21.4,Normal
12.0,P,0,140.0,43.8,Obesity
6.0,L,1,114.3,21.2,Normal
11.0,L,1,143.7,36.7,Normal
9.0,P,0,131.6,27.8,Normal
12.0,P,0,145.5,39.2,Overweight
7.0,L,1,121.4,21.5,Normal
9.0,L,1,126.3,25.1,Normal
8.0,P,0,119.9,27.6,Overweight
12.0,P,0,142.6,40.8,Overweight
12.0,L,1,147.5,39.9,Overweight
12.0,P,0,146.8,38.8,Normal
11.0,P,0,144.3,34.4,Normal
7.0,L,1,113.0,24.2,Overweight
11.0,L,1,143.5,37.0,Normal
11.0,P,0,147.0,41.2,Overweight
9.0,P,0,131.0,25.2,Normal
7.0,L,1,117.9,24.3,Normal
11.0,P,0,142.8,36.5,Normal
8.0,P,0,121.9,26.4,Normal
10.0,P,0,134.5,28.4,Normal
10.0,L,1,136.8,29.1,Normal
10.0,L,1,134.2,29.7,Normal
11.0,P,0,141.5,34.3,Normal
8.0,P,0,128.0,26.9,Normal
8.0,L,1,125.1,26.7,Normal
9.0,L,1,128.0,30.9,Overweight
9.0,L,1,123.0,26.5,Normal
6.0,P,0,110.0,20.5,Normal
8.0,P,0,119.0,25.3,Normal
7.0,P,0,114.3,23.2,Normal
7.0,L,1,116.1,23.0,Normal
12.0,P,0,142.9,43.6,Overweight
8.0,L,1,123.3,21.3,Underweight
6.0,P,0,111.6,17.5,Normal
9.0,L,1,125.9,24.4,Normal
12.0,L,1,145.6,41.6,Overweight
7.0,L,1,118.0,18.0,Underweight
12.0,L,1,141.8,36.2,Normal
8.0,P,0,124.3,25.3,Normal
11.0,L,1,138.8,37.5,Overweight
6.0,L,1,111.4,20.7,Normal
11.0,L,1,138.9,37.5,Overweight
6.0,P,0,112.3,17.3,Underweight
10.0,P,0,135.9,33.7,Overweight
11.0,P,0,142.6,40.1,Overweight
11.0,P,0,146.3,30.0,Normal
10.0,L,1,139.4,29.6,Normal
11.0,L,1,146.6,36.0,Normal
9.0,L,1,130.5,28.4,Normal
6.0,P,0,113.4,18.2,Normal
9.0,L,1,129.4,28.4,Normal
10.0,P,0,128.0,32.3,Overweight
10.0,L,1,133.7,32.3,Overweight
7.0,P,0,121.0,23.1,Normal
10.0,P,0,132.5,32.0,Overweight
8.0,P,0,124.8,24.7,Normal
12.0,P,0,143.3,38.1,Overweight
9.0,P,0,129.7,28.8,Normal
8.0,P,0,122.5,24.3,Normal
11.0,L,1,140.6,33.6,Normal
9.0,P,0,130.7,31.0,Overweight
7.0,L,1,114.6,22.0,Normal
10.0,L,1,134.6,36.2,Overweight
8.0,P,0,122.3,23.4,Normal
9.0,L,1,128.2,29.6,Normal
11.0,L,1,144.8,38.8,Overweight
8.0,L,1,127.1,27.8,Normal
11.0,L,1,137.8,36.3,Overweight
12.0,L,1,147.1,43.4,Overweight
8.0,P,0,124.6,28.6,Overweight
7.0,P,0,121.6,18.9,Underweight
12.0,P,0,145.2,45.1,Overweight
8.0,L,1,121.6,28.0,Overweight
12.0,P,0,145.5,40.1,Overweight
11.0,L,1,142.4,35.4,Normal
9.0,P,0,131.8,31.0,Normal
10.0,L,1,133.7,28.7,Normal
7.0,L,1,116.4,21.9,Normal
7.0,L,1,117.9,20.9,Normal
6.0,L,1,114.9,17.9,Underweight
6.0,P,0,114.9,21.7,Normal
11.0,P,0,138.7,34.8,Overweight
9.0,L,1,129.3,22.0,Underweight
12.0,P,0,141.5,46.0,Obesity
9.0,P,0,128.9,25.7,Normal
6.0,L,1,113.6,20.3,Normal
6.0,P,0,116.2,21.4,Normal
11.0,L,1,141.9,37.8,Overweight
6.0,P,0,110.0,21.0,Normal
8.0,L,1,126.3,27.0,Normal
6.0,L,1,112.2,18.2,Normal
12.0,P,0,145.4,35.4,Normal
12.0,P,0,149.8,37.3,Normal
10.0,P,0,136.8,37.1,Overweight
6.0,L,1,110.2,17.6,Normal
10.0,P,0,134.5,26.8,Normal
10.0,L,1,131.7,29.7,Normal
8.0,L,1,119.6,22.8,Normal
9.0,P,0,125.6,28.1,Normal
12.0,L,1,146.5,35.5,Normal
12.0,P,0,142.5,34.0,Normal
11.0,P,0,139.2,37.4,Overweight
10.0,L,1,135.5,30.5,Normal
9.0,L,1,128.9,22.0,Underweight
9.0,P,0,126.4,31.8,Overweight
9.0,P,0,126.9,23.8,Normal
10.0,L,1,137.1,34.0,Overweight
8.0,P,0,121.2,28.2,Overweight
10.0,L,1,135.1,36.4,Overweight
8.0,L,1,120.2,24.0,Normal
10.0,P,0,134.0,29.0,Normal
8.0,P,0,121.7,20.4,Underweight
10.0,P,0,128.5,33.2,Overweight
6.0,P,0,113.7,17.4,Underweight
12.0,P,0,145.5,39.4,Overweight
8.0,P,0,120.5,27.8,Overweight
10.0,L,1,137.8,32.5,Normal
7.0,L,1,116.6,19.4,Normal
11.0,L,1,137.1,34.6,Overweight
10.0,L,1,132.1,26.9,Normal
8.0,L,1,124.8,26.5,Normal
8.0,P,0,124.2,20.2,Underweight
11.0,L,1,137.3,37.2,Overweight
9.0,P,0,131.2,24.6,Normal
11.0,L,1,139.8,34.0,Normal
12.0,L,1,150.3,40.5,Normal
12.0,L,1,146.4,32.4,Normal
6.0,L,1,115.6,18.6,Underweight
12.0,L,1,148.9,43.4,Overweight
7.0,L,1,119.2,24.1,Normal
11.0,P,0,143.0,37.2,Overweight
12.0,P,0,142.6,38.1,Overweight
8.0,P,0,127.0,20.0,Underweight
8.0,P,0,123.1,26.1,Normal
12.0,L,1,145.7,38.0,Normal
12.0,L,1,148.0,40.1,Overweight
6.0,L,1,111.7,18.4,Normal
6.0,L,1,113.1,19.8,Normal
6.0,P,0,111.4,17.8,Normal
9.0,L,1,127.8,30.4,Overweight
7.0,L,1,120.0,21.1,Normal
10.0,P,0,130.7,32.9,Overweight
11.0,L,1,142.2,33.1,Normal
8.0,L,1,118.7,25.1,Normal
8.0,P,0,123.6,23.6,Normal
12.0,P,0,146.8,39.1,Overweight
8.0,L,1,121.4,29.0,Overweight
6.0,L,1,117.4,21.9,Normal
7.0,L,1,118.5,23.1,Normal
11.0,L,1,140.3,34.9,Normal
9.0,P,0,130.8,24.7,Normal
6.0,P,0,116.7,18.7,Underweight
7.0,L,1,115.7,20.7,Normal
6.0,P,0,111.9,19.6,Normal
10.0,L,1,131.0,32.3,Overweight
9.0,P,0,130.3,30.4,Normal
8.0,P,0,121.4,28.8,Overweight
10.0,P,0,132.9,35.0,Overweight
9.0,L,1,127.0,31.3,Overweight
9.0,P,0,130.5,22.8,Underweight
11.0,L,1,145.8,40.5,Overweight
8.0,P,0,119.8,24.4,Normal
10.0,P,0,134.0,34.6,Overweight
11.0,P,0,142.3,33.2,Normal
11.0,P,0,138.9,35.9,Overweight
12.0,P,0,145.6,33.4,Normal
7.0,P,0,113.3,23.4,Overweight
11.0,L,1,138.5,38.1,Overweight
10.0,P,0,135.9,31.1,Normal
8.0,L,1,121.0,24.3,Normal
8.0,P,0,123.1,27.8,Overweight
9.0,P,0,125.6,27.5,Normal
6.0,P,0,114.3,19.2,Normal
11.0,L,1,141.4,33.7,Normal
8.0,L,1,124.5,22.2,Normal
6.0,P,0,113.7,18.3,Normal
9.0,L,1,133.0,25.5,Normal
7.0,P,0,117.1,22.3,Normal
8.0,L,1,124.4,23.6,Normal
7.0,P,0,117.9,22.4,Normal
11.0,P,0,140.8,32.2,Normal
10.0,P,0,137.3,34.5,Overweight
7.0,P,0,120.6,18.1,Underweight
10.0,P,0,140.0,28.4,Normal
8.0,L,1,123.6,26.8,Normal
11.0,L,1,138.6,36.6,Overweight
12.0,P,0,146.8,40.0,Overweight
7.0,P,0,116.8,19.5,Normal
7.0,P,0,121.8,20.4,Underweight
10.0,L,1,134.3,31.7,Normal
7.0,P,0,117.6,19.7,Normal
9.0,L,1,125.0,27.7,Normal
8.0,P,0,123.4,28.4,Overweight
11.0,L,1,141.8,37.3,Overweight
7.0,P,0,117.6,22.9,Normal
10.0,P,0,132.4,34.1,Overweight
6.0,P,0,112.0,18.4,Normal
7.0,L,1,116.5,22.1,Normal
8.0,L,1,125.6,23.2,Normal
9.0,L,1,133.0,31.7,Normal
8.0,L,1,120.2,25.0,Normal
10.0,P,0,131.0,29.8,Normal
10.0,P,0,132.1,30.7,Normal
6.0,P,0,112.9,20.6,Normal
12.0,P,0,146.6,38.2,Normal
10.0,L,1,139.2,28.7,Normal
10.0,L,1,137.2,30.1,Normal
9.0,L,1,129.2,27.1,Normal
9.0,P,0,125.6,29.9,Overweight
8.0,L,1,119.4,24.7,Normal
9.0,L,1,128.6,28.2,Normal
11.0,L,1,141.6,32.0,Normal
9.0,L,1,130.8,31.9,Overweight
9.0,L,1,130.2,28.4,Normal
8.0,L,1,124.2,22.1,Normal
12.0,P,0,142.8,34.6,Normal
7.0,P,0,118.4,19.7,Normal
8.0,P,0,125.8,26.4,Normal
11.0,P,0,139.0,33.7,Normal
6.0,P,0,114.2,21.8,Normal
8.0,P,0,121.3,25.9,Normal
10.0,L,1,135.1,31.5,Normal
11.0,L,1,143.6,38.1,Overweight
12.0,L,1,148.5,36.1,Normal
11.0,L,1,141.5,33.3,Normal
11.0,L,1,141.2,33.0,Normal
11.0,L,1,137.4,34.3,Overweight
9.0,P,0,126.6,31.8,Overweight
10.0,L,1,132.6,30.5,Normal
11.0,L,1,140.0,33.9,Normal
6.0,P,0,117.0,20.3,Normal
9.0,L,1,133.0,31.3,Normal
12.0,P,0,149.3,39.5,Normal
7.0,L,1,113.9,18.2,Normal
10.0,L,1,130.6,29.9,Normal
9.0,P,0,127.1,34.0,Overweight
12.0,L,1,146.3,35.7,Normal
12.0,L,1,149.4,43.0,Overweight
7.0,L,1,114.6,19.7,Normal
11.0,P,0,143.0,35.9,Normal
9.0,L,1,126.6,25.7,Normal
8.0,L,1,122.1,26.5,Normal
12.0,L,1,148.8,40.7,Overweight
8.0,P,0,126.0,29.0,Overweight
11.0,P,0,141.4,37.4,Overweight
12.0,P,0,144.1,39.3,Overweight
12.0,L,1,147.7,38.2,Normal
9.0,P,0,127.4,23.0,Normal
10.0,L,1,130.7,35.7,Overweight
11.0,P,0,142.1,32.0,Normal
7.0,P,0,114.1,23.4,Overweight
10.0,P,0,132.5,29.2,Normal
10.0,P,0,135.1,34.7,Overweight
10.0,L,1,132.9,31.3,Normal
11.0,P,0,146.8,34.5,Normal
9.0,P,0,128.8,28.3,Normal
8.0,P,0,127.4,23.9,Normal
7.0,L,1,116.4,19.2,Normal
7.0,L,1,119.9,20.9,Normal
7.0,P,0,115.1,19.0,Normal
12.0,L,1,146.7,39.6,Overweight
10.0,P,0,134.9,25.8,Normal
12.0,P,0,141.7,43.2,Overweight
10.0,L,1,136.1,25.4,Underweight
6.0,L,1,113.2,20.8,Normal
7.0,P,0,117.5,20.6,Normal
11.0,L,1,144.1,35.2,Normal
12.0,P,0,149.8,43.8,Overweight
6.0,L,1,117.4,17.3,Underweight
7.0,L,1,118.9,21.8,Normal
7.0,P,0,121.6,19.3,Underweight
8.0,P,0,121.0,24.0,Normal
10.0,L,1,136.9,36.2,Overweight
6.0,P,0,117.8,21.3,Normal
10.0,P,0,132.0,27.3,Normal
6.0,P,0,117.2,18.6,Underweight
8.0,L,1,128.0,27.1,Normal
10.0,P,0,132.4,26.3,Normal
8.0,P,0,127.6,27.4,Normal
10.0,P,0,135.2,28.3,Normal
11.0,L,1,143.0,40.8,Overweight
11.0,P,0,139.9,36.2,Overweight
9.0,P,0,127.3,27.5,Normal
10.0,L,1,139.3,30.4,Normal
11.0,P,0,139.9,39.9,Overweight
11.0,L,1,137.5,39.7,Overweight
8.0,L,1,121.4,21.1,Normal
11.0,L,1,141.2,30.6,Normal
11.0,L,1,138.3,34.5,Overweight
8.0,L,1,123.2,26.7,Normal
12.0,L,1,147.3,36.5,Normal
8.0,P,0,125.4,25.3,Normal
12.0,P,0,146.9,36.9,Normal
8.0,L,1,125.1,22.0,Normal
12.0,P,0,144.1,41.2,Overweight
12.0,P,0,151.0,41.7,Overweight
8.0,P,0,124.8,27.3,Normal
7.0,L,1,118.1,21.3,Normal
6.0,L,1,116.6,20.5,Normal
11.0,L,1,143.8,38.1,Overweight
10.0,L,1,133.5,28.9,Normal
10.0,P,0,136.6,32.0,Normal
8.0,L,1,120.5,23.2,Normal
10.0,P,0,130.8,29.7,Normal
8.0,L,1,119.7,26.9,Overweight
11.0,L,1,143.3,36.2,Normal
10.0,L,1,129.3,34.4,Overweight
6.0,P,0,117.3,19.3,Normal
6.0,L,1,117.0,20.0,Normal
11.0,P,0,140.7,32.8,Normal
11.0,P,0,142.9,34.0,Normal
12.0,P,0,146.3,36.5,Normal
9.0,P,0,125.0,22.0,Normal
7.0,L,1,116.9,18.3,Underweight
10.0,L,1,130.1,31.5,Overweight
9.0,L,1,129.5,24.3,Normal
12.0,L,1,148.6,41.3,Overweight
8.0,P,0,126.4,27.1,Normal
9.0,L,1,128.5,23.8,Normal
11.0,L,1,143.9,37.4,Overweight
12.0,L,1,143.2,45.2,Obesity
8.0,L,1,122.6,25.5,Normal
8.0,L,1,123.0,22.2,Normal
9.0,L,1,124.6,30.1,Overweight
9.0,P,0,131.0,29.1,Normal
10.0,P,0,132.8,36.4,Overweight
8.0,P,0,121.5,23.6,Normal
6.0,P,0,118.0,19.7,Normal
7.0,L,1,118.8,22.6,Normal
10.0,L,1,129.6,29.9,Normal
8.0,P,0,122.5,22.3,Normal
7.0,L,1,119.2,20.2,Normal
9.0,L,1,130.0,33.3,Overweight
8.0,L,1,122.9,21.6,Normal
10.0,L,1,137.2,34.5,Overweight
8.0,P,0,119.0,27.3,Overweight
11.0,P,0,146.5,38.4,Normal
12.0,P,0,144.9,40.3,Overweight
10.0,P,0,134.0,33.2,Overweight
7.0,P,0,114.4,20.1,Normal
9.0,P,0,129.4,25.9,Normal
11.0,L,1,142.1,34.2,Normal
11.0,L,1,138.1,37.0,Overweight
7.0,L,1,117.5,21.4,Normal
11.0,P,0,140.9,31.2,Normal
11.0,P,0,140.5,36.8,Overweight
12.0,L,1,148.7,36.4,Normal
6.0,P,0,118.0,19.5,Underweight
7.0,L,1,118.2,24.3,Normal
12.0,P,0,147.9,34.5,Normal
8.0,L,1,125.1,21.3,Underweight
11.0,P,0,142.3,34.8,Normal
8.0,L,1,123.1,25.5,Normal
11.0,L,1,142.2,35.7,Normal
6.0,P,0,115.8,21.6,Normal
10.0,L,1,136.8,26.7,Normal
6.0,P,0,110.8,19.4,Normal
10.0,L,1,131.8,30.0,Normal
6.0,P,0,112.1,19.5,Normal
11.0,P,0,139.8,35.2,Overweight
6.0,L,1,116.6,21.4,Normal
11.0,P,0,138.4,36.3,Overweight
9.0,P,0,131.9,28.9,Normal
6.0,L,1,116.1,20.8,Normal
12.0,L,1,145.9,42.0,Overweight
10.0,P,0,137.6,28.9,Normal
8.0,P,0,121.9,25.4,Normal
9.0,P,0,128.9,27.0,Normal
9.0,P,0,123.0,29.9,Overweight
10.0,P,0,132.1,32.9,Overweight
6.0,L,1,110.0,17.3,Normal
6.0,L,1,113.6,19.2,Normal
6.0,L,1,118.0,20.7,Normal
6.0,P,0,113.6,19.6,Normal
11.0,P,0,140.5,29.6,Normal
11.0,P,0,136.2,39.4,Overweight
9.0,L,1,129.3,29.3,Normal
7.0,P,0,118.2,21.1,Normal
12.0,P,0,141.0,34.6,Normal
12.0,P,0,146.1,38.1,Normal
11.0,P,0,141.3,28.8,Normal
9.0,L,1,128.5,29.7,Normal
9.0,P,0,127.2,27.4,Normal
9.0,P,0,130.5,26.5,Normal
11.0,P,0,138.6,42.2,Overweight
9.0,P,0,128.5,23.0,Underweight
10.0,P,0,132.9,34.6,Overweight
10.0,L,1,131.7,32.9,Overweight
9.0,L,1,129.8,28.6,Normal
7.0,P,0,119.2,18.1,Underweight
10.0,P,0,133.8,31.9,Normal
10.0,L,1,133.0,30.1,Normal
9.0,P,0,126.0,26.3,Normal
6.0,L,1,114.9,20.2,Normal
9.0,P,0,129.8,30.4,Overweight
10.0,P,0,137.1,30.4,Normal
10.0,L,1,130.9,32.0,Overweight
10.0,P,0,133.7,31.6,Normal
7.0,P,0,119.2,18.3,Underweight
8.0,P,0,121.4,22.8,Normal
10.0,L,1,132.8,29.5,Normal
7.0,L,1,115.9,18.1,Underweight
9.0,L,1,127.1,30.6,Overweight
12.0,L,1,146.1,37.5,Normal
8.0,L,1,127.0,25.0,Normal
12.0,L,1,149.8,41.0,Overweight
9.0,L,1,128.1,28.5,Normal
12.0,L,1,144.3,36.4,Normal
12.0,L,1,145.4,39.0,Overweight
9.0,P,0,126.0,28.1,Normal
10.0,P,0,130.0,30.3,Normal
10.0,P,0,131.9,26.3,Normal
8.0,P,0,118.0,21.1,Normal
9.0,L,1,127.2,30.7,Overweight
12.0,L,1,146.7,35.6,Normal
7.0,P,0,115.7,19.0,Normal
9.0,L,1,129.9,23.5,Underweight
9.0,P,0,129.7,27.1,Normal
9.0,P,0,129.9,22.0,Underweight
10.0,P,0,130.0,28.9,Normal
9.0,P,0,127.9,33.7,Overweight
11.0,L,1,142.2,35.6,Normal
10.0,P,0,135.1,32.0,Normal
8.0,L,1,121.2,26.8,Overweight
10.0,L,1,139.1,34.1,Normal
10.0,L,1,136.4,28.5,Normal
12.0,P,0,142.3,39.8,Overweight
7.0,P,0,122.0,20.5,Underweight
11.0,L,1,140.9,35.3,Normal
7.0,P,0,119.8,22.8,Normal
10.0,P,0,136.9,37.3,Overweight
8.0,L,1,125.8,21.3,Underweight
10.0,P,0,130.8,29.8,Normal
7.0,P,0,115.6,18.9,Normal
10.0,P,0,133.8,26.5,Normal
6.0,P,0,110.6,19.7,Normal
10.0,P,0,133.5,29.5,Normal
9.0,P,0,130.6,27.7,Normal
11.0,P,0,138.2,32.6,Normal
10.0,P,0,132.3,31.0,Normal
8.0,L,1,127.7,22.4,Underweight
12.0,P,0,143.6,39.3,Overweight
8.0,L,1,121.8,21.3,Normal
7.0,P,0,116.9,21.1,Normal
12.0,P,0,147.5,37.6,Normal
12.0,L,1,148.7,35.3,Normal
9.0,L,1,127.9,30.4,Overweight
8.0,P,0,125.0,24.9,Normal
10.0,P,0,133.0,31.2,Normal
8.0,L,1,122.4,26.9,Normal
8.0,P,0,119.5,25.8,Overweight
10.0,P,0,137.4,25.7,Underweight
10.0,L,1,137.9,28.9,Normal
11.0,P,0,137.3,35.7,Overweight
12.0,L,1,149.2,34.6,Normal
11.0,L,1,141.2,40.3,Overweight
10.0,P,0,133.6,36.2,Overweight
11.0,P,0,139.8,32.5,Normal
10.0,P,0,134.1,33.9,Overweight
8.0,P,0,120.2,25.4,Normal
10.0,L,1,130.2,30.1,Normal
9.0,P,0,124.7,27.8,Normal
8.0,L,1,124.7,24.2,Normal
7.0,P,0,121.8,19.9,Underweight
10.0,L,1,129.2,34.0,Overweight
11.0,P,0,139.0,32.9,Normal
7.0,L,1,121.8,24.0,Normal
6.0,L,1,114.6,18.7,Normal
10.0,L,1,128.0,29.2,Normal
12.0,L,1,149.5,33.8,Normal
9.0,L,1,128.5,32.9,Overweight
11.0,P,0,138.8,34.1,Normal
11.0,L,1,140.2,38.4,Overweight
11.0,L,1,138.0,31.8,Normal
9.0,L,1,127.4,26.1,Normal
12.0,P,0,148.9,39.9,Normal
6.0,P,0,111.0,20.5,Normal
9.0,L,1,129.6,23.8,Normal
9.0,L,1,129.2,27.5,Normal
7.0,L,1,117.1,22.5,Normal
8.0,P,0,123.7,27.8,Overweight
10.0,L,1,138.0,30.5,Normal
12.0,P,0,146.7,38.6,Normal
12.0,L,1,145.3,36.2,Normal
12.0,L,1,143.0,41.8,Overweight
8.0,L,1,118.4,22.2,Normal
7.0,P,0,119.8,24.6,Normal
11.0,P,0,140.1,32.2,Normal
12.0,L,1,145.7,38.9,Overweight
7.0,P,0,122.1,24.3,Normal
9.0,P,0,125.5,31.6,Overweight
9.0,L,1,130.8,26.4,Normal
9.0,P,0,129.1,25.0,Normal
8.0,P,0,124.7,25.8,Normal
12.0,P,0,149.2,40.6,Overweight
8.0,L,1,119.2,25.2,Normal
10.0,P,0,135.5,29.1,Normal
8.0,P,0,123.9,28.6,Overweight
12.0,P,0,146.1,39.8,Overweight
11.0,L,1,136.6,40.6,Overweight
12.0,P,0,145.4,40.9,Overweight
8.0,P,0,124.2,23.9,Normal
6.0,P,0,114.4,21.4,Normal
11.0,L,1,138.6,33.3,Normal
11.0,L,1,145.2,39.1,Overweight
6.0,L,1,114.1,17.2,Underweight
6.0,P,0,112.0,19.8,Normal
12.0,P,0,145.9,39.6,Overweight
12.0,P,0,149.0,38.4,Normal
8.0,P,0,125.6,25.4,Normal
8.0,L,1,126.6,28.2,Normal
8.0,P,0,120.7,20.6,Normal
8.0,L,1,127.4,25.1,Normal
11.0,L,1,141.0,38.0,Overweight
9.0,L,1,132.2,32.9,Overweight
7.0,P,0,119.1,19.7,Underweight
6.0,L,1,112.9,18.0,Normal
11.0,L,1,135.0,36.0,Overweight
8.0,P,0,124.1,22.2,Normal
12.0,L,1,147.5,41.1,Overweight
12.0,L,1,149.1,34.5,Normal
12.0,P,0,146.2,36.4,Normal
6.0,P,0,110.6,21.7,Normal
6.0,P,0,117.3,19.8,Normal
12.0,L,1,148.6,37.8,Normal
12.0,L,1,144.5,37.5,Normal
9.0,P,0,127.8,28.6,Normal
11.0,P,0,140.8,36.8,Overweight
12.0,P,0,144.1,34.9,Normal
10.0,L,1,128.0,31.5,Overweight
11.0,L,1,142.5,35.6,Normal
10.0,L,1,136.6,32.1,Normal
12.0,P,0,147.9,34.7,Normal
11.0,P,0,139.2,29.7,Normal
10.0,L,1,134.2,34.6,Overweight
9.0,P,0,129.7,28.5,Normal
6.0,L,1,114.0,19.3,Normal
10.0,P,0,131.1,32.0,Overweight
6.0,L,1,114.0,20.2,Normal
9.0,L,1,126.0,28.2,Normal
11.0,L,1,141.2,33.5,Normal
12.0,L,1,147.5,34.9,Normal
7.0,L,1,115.0,23.0,Normal
9.0,L,1,128.6,26.8,Normal
11.0,P,0,146.5,31.7,Normal
7.0,P,0,122.2,21.3,Normal
10.0,P,0,138.4,34.6,Overweight
12.0,L,1,145.8,36.6,Normal
11.0,P,0,140.6,35.8,Overweight
9.0,P,0,129.7,22.0,Underweight
11.0,L,1,135.0,33.1,Overweight
10.0,P,0,134.9,25.1,Underweight
11.0,L,1,137.3,36.6,Overweight
11.0,P,0,143.4,29.3,Normal
9.0,P,0,124.6,30.4,Overweight
12.0,P,0,146.8,39.6,Overweight
7.0,P,0,117.3,23.8,Normal
8.0,P,0,123.5,21.9,Normal
11.0,L,1,139.7,35.7,Overweight
8.0,L,1,121.5,21.0,Normal
11.0,L,1,144.3,37.0,Normal
11.0,P,0,137.3,41.2,Overweight
11.0,P,0,135.6,35.2,Overweight
10.0,P,0,138.7,34.3,Normal
11.0,P,0,142.8,34.5,Normal
6.0,P,0,111.4,19.6,Normal
7.0,L,1,117.2,24.5,Normal
11.0,P,0,143.0,39.0,Overweight
8.0,P,0,121.2,20.2,Underweight
12.0,P,0,143.2,31.0,Normal
9.0,P,0,126.0,27.5,Normal
12.0,P,0,145.1,38.3,Overweight
12.0,P,0,148.7,38.4,Normal
9.0,P,0,129.0,22.5,Underweight
11.0,P,0,135.9,37.2,Overweight
8.0,L,1,122.7,27.4,Overweight
9.0,L,1,131.5,29.9,Normal
8.0,L,1,123.2,22.8,Normal
12.0,L,1,149.6,36.8,Normal
12.0,P,0,145.8,38.3,Overweight
12.0,L,1,148.6,44.6,Overweight
10.0,L,1,131.3,25.4,Normal
11.0,L,1,140.7,31.6,Normal
8.0,L,1,125.5,24.1,Normal
12.0,P,0,140.0,44.1,Obesity
11.0,P,0,143.2,35.4,Normal
9.0,L,1,128.6,27.6,Normal
7.0,P,0,120.8,22.9,Normal
7.0,P,0,116.8,21.2,Normal
11.0,P,0,136.6,35.3,Overweight
11.0,P,0,144.3,32.3,Normal
8.0,L,1,121.3,20.5,Underweight
9.0,P,0,127.7,29.1,Normal
6.0,L,1,112.6,18.5,Normal
11.0,L,1,141.4,34.1,Normal
9.0,P,0,124.0,30.8,Overweight
10.0,L,1,130.0,32.4,Overweight
11.0,P,0,142.5,38.9,Overweight
8.0,L,1,119.9,29.0,Overweight
12.0,L,1,146.0,45.1,Overweight
9.0,L,1,125.7,34.0,Overweight
7.0,P,0,120.9,18.2,Underweight
12.0,P,0,145.6,39.4,Overweight
8.0,P,0,121.7,20.8,Normal
9.0,P,0,126.5,26.6,Normal
6.0,P,0,111.0,17.6,Normal
7.0,L,1,121.1,19.1,Underweight
10.0,L,1,134.9,30.6,Normal
8.0,P,0,125.5,28.8,Overweight
11.0,L,1,137.8,36.1,Overweight
11.0,L,1,142.9,38.7,Overweight
12.0,P,0,142.4,39.0,Overweight
8.0,L,1,118.0,23.1,Normal
9.0,P,0,125.3,25.1,Normal
8.0,L,1,127.5,21.5,Underweight
7.0,P,0,115.5,21.0,Normal
8.0,L,1,120.6,22.4,Normal
11.0,P,0,143.5,34.4,Normal
10.0,L,1,137.2,30.0,Normal
6.0,L,1,111.0,19.8,Normal
6.0,L,1,115.0,19.6,Normal
9.0,P,0,128.9,25.1,Normal
9.0,P,0,128.0,29.8,Overweight
11.0,L,1,137.4,36.3,Overweight
11.0,L,1,144.5,38.9,Overweight
12.0,L,1,144.4,34.3,Normal
11.0,P,0,141.6,37.4,Overweight
12.0,P,0,142.4,35.5,Normal
11.0,L,1,139.7,39.4,Overweight
7.0,L,1,116.3,21.6,Normal
10.0,L,1,133.9,33.0,Overweight
9.0,L,1,131.3,28.8,Normal
12.0,L,1,142.6,42.6,Overweight
9.0,L,1,129.3,24.1,Normal
10.0,P,0,136.2,29.8,Normal
11.0,L,1,142.6,41.1,Overweight
12.0,P,0,145.3,34.1,Normal
9.0,P,0,130.8,29.8,Normal
8.0,P,0,122.3,27.1,Overweight
12.0,P,0,144.9,39.9,Overweight
7.0,P,0,120.8,22.3,Normal
11.0,L,1,136.6,41.3,Obesity
7.0,P,0,118.9,22.5,Normal
8.0,P,0,124.6,26.5,Normal
12.0,P,0,146.0,33.8,Normal
9.0,L,1,123.2,27.3,Normal
9.0,L,1,125.0,30.1,Overweight
9.0,L,1,127.1,26.3,Normal
7.0,P,0,117.4,24.6,Normal
11.0,L,1,140.7,40.3,Overweight
11.0,L,1,140.2,30.9,Normal
9.0,L,1,130.8,24.0,Normal
12.0,L,1,141.4,41.2,Overweight
8.0,L,1,120.3,25.7,Normal
11.0,P,0,145.9,35.5,Normal
12.0,L,1,143.8,39.8,Overweight
6.0,L,1,114.7,19.6,Normal
6.0,L,1,113.8,19.5,Normal
7.0,P,0,119.6,19.8,Underweight
7.0,L,1,117.5,23.0,Normal
8.0,P,0,122.7,26.0,Normal
12.0,L,1,147.7,37.4,Normal
11.0,L,1,141.1,32.1,Normal
7.0,L,1,118.3,21.2,Normal
8.0,L,1,124.2,21.7,Normal
11.0,P,0,137.3,34.3,Overweight
11.0,P,0,137.0,32.2,Normal
8.0,L,1,119.8,23.2,Normal
8.0,P,0,126.4,26.0,Normal
12.0,P,0,146.7,37.3,Normal
6.0,L,1,110.3,18.0,Normal
11.0,L,1,144.0,35.2,Normal
9.0,L,1,130.5,25.7,Normal
10.0,L,1,138.1,35.8,Overweight
9.0,P,0,131.2,25.7,Normal
8.0,P,0,122.3,25.2,Normal
6.0,P,0,114.1,19.4,Normal
7.0,P,0,120.6,23.8,Normal
8.0,L,1,123.8,25.7,Normal
11.0,L,1,144.5,33.8,Normal
7.0,L,1,115.8,23.7,Normal
9.0,L,1,129.2,22.3,Underweight
10.0,L,1,129.9,33.1,Overweight
12.0,L,1,146.0,41.1,Overweight
8.0,P,0,123.4,22.9,Normal
8.0,P,0,121.5,21.2,Normal
8.0,L,1,122.5,28.3,Overweight
10.0,L,1,134.1,32.7,Overweight
11.0,P,0,141.9,31.3,Normal
8.0,P,0,121.5,21.3,Normal
9.0,P,0,125.9,26.4,Normal
8.0,L,1,122.6,22.9,Normal
12.0,L,1,143.8,43.3,Overweight
8.0,L,1,125.9,22.0,Underweight
10.0,L,1,136.5,32.7,Normal
9.0,L,1,132.2,31.2,Normal
8.0,P,0,120.8,25.0,Normal
12.0,P,0,149.0,40.8,Overweight
9.0,L,1,129.3,28.3,Normal
9.0,P,0,128.2,30.0,Overweight
10.0,L,1,138.1,29.0,Normal
10.0,L,1,133.8,35.9,Overweight
9.0,L,1,125.1,26.2,Normal
6.0,P,0,113.9,17.9,Underweight
11.0,P,0,140.1,41.8,Overweight
10.0,L,1,130.8,34.0,Overweight
9.0,P,0,130.3,29.0,Normal
10.0,P,0,133.9,30.3,Normal
10.0,L,1,138.3,32.1,Normal
10.0,L,1,132.7,27.6,Normal
12.0,L,1,146.4,45.7,Overweight
11.0,L,1,137.5,34.8,Overweight
12.0,L,1,141.6,40.8,Overweight
10.0,P,0,129.4,30.9,Overweight
9.0,P,0,124.3,33.0,Overweight
8.0,L,1,123.8,20.9,Underweight
11.0,P,0,144.6,40.9,Overweight
10.0,P,0,128.6,31.8,Overweight
12.0,L,1,152.0,38.0,Normal
10.0,P,0,136.3,25.7,Underweight
12.0,L,1,145.1,32.5,Normal
10.0,L,1,133.1,32.4,Overweight
12.0,L,1,148.0,40.8,Overweight
9.0,P,0,127.2,29.1,Normal
10.0,P,0,134.3,27.8,Normal
8.0,L,1,120.2,22.1,Normal
11.0,L,1,142.2,36.8,Overweight
9.0,P,0,125.1,31.4,Overweight
10.0,P,0,136.4,33.6,Overweight
12.0,P,0,148.1,39.2,Normal
8.0,L,1,121.7,24.8,Normal
11.0,P,0,142.7,34.3,Normal
7.0,L,1,117.8,21.0,Normal
11.0,P,0,145.5,36.2,Normal
11.0,L,1,140.5,34.5,Normal
10.0,L,1,136.6,32.5,Normal
7.0,P,0,114.8,21.3,Normal
9.0,P,0,129.8,32.7,Overweight
12.0,P,0,149.8,41.5,Overweight
12.0,P,0,147.1,37.8,Normal
10.0,L,1,132.3,32.8,Normal
7.0,L,1,120.0,24.1,Normal
6.0,P,0,112.6,20.1,Normal
8.0,L,1,121.3,26.6,Overweight
10.0,P,0,130.6,34.3,Overweight
9.0,L,1,127.9,25.6,Normal
8.0,P,0,120.4,24.0,Normal
12.0,L,1,148.1,38.7,Normal
10.0,P,0,134.9,30.2,Normal
9.0,P,0,127.7,31.6,Overweight
12.0,P,0,143.9,36.9,Normal
9.0,L,1,128.7,30.5,Overweight
9.0,P,0,126.2,25.8,Normal
8.0,P,0,123.5,26.2,Normal
8.0,L,1,122.8,23.8,Normal
12.0,L,1,148.6,42.4,Overweight
11.0,P,0,138.7,39.5,Overweight
8.0,L,1,126.7,29.0,Overweight
9.0,P,0,124.4,24.0,Normal
12.0,P,0,147.1,40.7,Overweight
6.0,L,1,116.6,18.5,Underweight
9.0,P,0,128.1,23.9,Normal
11.0,L,1,138.8,38.3,Overweight
12.0,L,1,146.4,38.5,Normal
10.0,L,1,132.3,28.4,Normal
8.0,L,1,123.4,27.9,Overweight
9.0,L,1,126.8,27.8,Normal
7.0,P,0,121.0,22.7,Normal
12.0,P,0,143.2,36.9,Normal
9.0,P,0,126.5,22.7,Normal
12.0,L,1,150.9,36.3,Normal
9.0,P,0,130.3,31.3,Overweight
6.0,L,1,112.7,21.3,Normal
11.0,L,1,142.6,31.3,Normal
11.0,P,0,143.3,33.2,Normal
7.0,P,0,117.4,22.7,Normal
12.0,L,1,150.9,37.7,Normal
12.0,L,1,141.4,34.2,Normal
11.0,L,1,136.2,36.4,Overweight
12.0,P,0,144.9,36.0,Normal
9.0,P,0,126.2,25.5,Normal
6.0,P,0,112.7,17.8,Normal
9.0,L,1,127.9,29.2,Normal
9.0,P,0,130.2,30.9,Overweight
12.0,P,0,149.8,45.4,Overweight
12.0,P,0,144.1,41.3,Overweight
8.0,L,1,124.4,29.0,Overweight
7.0,P,0,116.5,18.1,Underweight
6.0,L,1,112.9,18.5,Normal
7.0,L,1,121.9,19.1,Underweight
7.0,L,1,115.6,24.7,Overweight
8.0,L,1,122.5,25.3,Normal
12.0,L,1,144.6,44.9,Overweight
11.0,P,0,141.1,37.8,Overweight
9.0,L,1,127.3,23.4,Normal
12.0,L,1,144.7,36.4,Normal
8.0,L,1,123.9,22.6,Normal
10.0,L,1,135.1,33.6,Overweight
8.0,L,1,121.2,26.7,Overweight
7.0,L,1,121.2,24.7,Normal
7.0,P,0,120.6,19.1,Underweight
12.0,L,1,145.6,41.5,Overweight
8.0,L,1,120.1,26.6,Overweight
7.0,L,1,118.9,20.8,Normal
12.0,L,1,147.0,44.1,Overweight
9.0,P,0,126.0,23.5,Normal
9.0,P,0,127.0,25.1,Normal
9.0,L,1,132.8,25.1,Normal
8.0,P,0,126.6,23.2,Normal
7.0,L,1,117.4,22.2,Normal
6.0,L,1,111.7,19.6,Normal
7.0,P,0,119.9,19.6,Underweight
12.0,P,0,144.6,33.9,Normal
7.0,L,1,120.2,24.3,Normal
7.0,P,0,116.4,23.1,Normal
10.0,P,0,130.1,33.8,Overweight
12.0,L,1,149.6,41.8,Overweight
11.0,P,0,137.7,37.7,Overweight
11.0,P,0,146.3,35.6,Normal
12.0,P,0,145.5,41.2,Overweight
8.0,L,1,126.4,27.8,Normal
8.0,L,1,118.0,25.4,Overweight
9.0,P,0,127.4,29.4,Overweight
9.0,P,0,129.0,31.9,Overweight
8.0,L,1,122.6,21.4,Normal
11.0,P,0,141.4,28.3,Normal
9.0,L,1,129.2,29.6,Normal
12.0,L,1,144.8,38.1,Overweight
10.0,P,0,133.8,31.8,Normal
8.0,L,1,122.2,22.2,Normal
9.0,P,0,125.3,31.0,Overweight
6.0,L,1,114.1,17.4,Underweight
11.0,P,0,141.3,37.8,Overweight
6.0,P,0,116.7,19.6,Normal
12.0,L,1,147.6,39.0,Normal
7.0,P,0,119.1,21.5,Normal
9.0,L,1,127.9,26.7,Normal
8.0,L,1,121.0,28.0,Overweight
12.0,P,0,140.0,37.8,Overweight
10.0,L,1,131.1,33.2,Overweight
6.0,L,1,115.1,17.4,Underweight
8.0,L,1,119.3,22.9,Normal
10.0,P,0,135.6,27.4,Normal
6.0,L,1,114.3,18.5,Normal
9.0,P,0,131.9,30.9,Normal
9.0,L,1,126.7,24.2,Normal
7.0,P,0,118.7,23.9,Normal
10.0,P,0,133.7,30.5,Normal
8.0,P,0,124.5,23.6,Normal
9.0,P,0,128.6,28.4,Normal
12.0,P,0,142.2,40.3,Overweight
8.0,P,0,122.4,27.9,Overweight
11.0,L,1,142.4,34.4,Normal
7.0,P,0,117.1,19.7,Normal
6.0,L,1,117.7,20.8,Normal
9.0,P,0,126.7,27.9,Normal
7.0,P,0,118.5,21.3,Normal
10.0,L,1,136.3,32.5,Normal
9.0,L,1,123.1,25.8,Normal
7.0,L,1,117.8,19.1,Underweight
6.0,P,0,113.9,20.1,Normal
12.0,P,0,143.2,44.2,Overweight
6.0,P,0,118.0,18.5,Underweight
8.0,L,1,126.3,21.2,Underweight
12.0,L,1,144.2,41.7,Overweight
8.0,L,1,124.9,24.1,Normal
9.0,L,1,126.5,25.0,Normal
8.0,L,1,120.5,20.6,Normal
8.0,P,0,123.0,21.4,Normal
11.0,L,1,144.0,32.0,Normal
8.0,L,1,125.5,28.5,Overweight
8.0,P,0,121.9,24.8,Normal
8.0,L,1,122.9,27.5,Overweight
10.0,L,1,133.4,29.8,Normal
8.0,L,1,119.7,23.7,Normal
10.0,P,0,134.9,28.9,Normal
6.0,P,0,113.7,18.2,Normal
10.0,L,1,132.6,31.0,Normal
10.0,L,1,138.0,27.8,Normal
8.0,L,1,120.4,22.5,Normal
11.0,L,1,135.5,35.5,Overweight
11.0,P,0,139.9,36.7,Overweight
8.0,L,1,121.8,22.2,Normal
12.0,P,0,145.8,44.0,Overweight
8.0,P,0,125.0,24.1,Normal
8.0,L,1,123.0,21.7,Normal
11.0,P,0,142.0,30.3,Normal
12.0,P,0,146.5,41.7,Overweight
10.0,L,1,131.9,33.8,Overweight
9.0,P,0,129.8,28.4,Normal
6.0,P,0,110.4,17.2,Normal
7.0,P,0,122.1,19.5,Underweight
10.0,P,0,133.8,35.4,Overweight
12.0,L,1,146.0,40.1,Overweight
12.0,P,0,144.7,38.5,Overweight
8.0,P,0,123.3,26.3,Normal
7.0,L,1,120.6,21.0,Normal
8.0,P,0,122.6,25.2,Normal
11.0,L,1,143.5,36.0,Normal
10.0,P,0,133.9,35.8,Overweight
9.0,L,1,125.3,24.8,Normal
9.0,P,0,129.1,25.3,Normal
7.0,L,1,117.1,23.3,Normal
10.0,L,1,131.2,32.9,Overweight
7.0,P,0,120.1,21.1,Normal
10.0,L,1,131.8,30.6,Normal
12.0,P,0,150.1,42.9,Overweight
12.0,L,1,144.9,38.6,Overweight
8.0,L,1,124.4,25.1,Normal
8.0,L,1,121.3,21.2,Normal
11.0,P,0,140.1,38.4,Overweight
11.0,L,1,141.5,32.0,Normal
6.0,L,1,116.4,19.8,Normal
9.0,P,0,126.6,30.8,Overweight
11.0,L,1,140.0,31.2,Normal
7.0,P,0,114.2,22.3,Normal
6.0,P,0,117.3,17.3,Underweight
10.0,P,0,134.5,25.1,Underweight
12.0,L,1,144.6,43.2,Overweight
9.0,P,0,130.4,25.6,Normal
7.0,P,0,120.6,18.0,Underweight
12.0,L,1,144.9,38.4,Overweight
11.0,L,1,140.9,34.7,Normal
10.0,P,0,135.4,35.3,Overweight
11.0,L,1,139.8,34.4,Normal
7.0,P,0,122.6,22.0,Normal
11.0,L,1,140.6,38.8,Overweight
10.0,L,1,137.0,27.0,Normal
12.0,P,0,142.9,38.9,Overweight
10.0,L,1,136.4,32.3,Normal
10.0,P,0,132.3,27.8,Normal
9.0,L,1,129.7,29.9,Normal
9.0,P,0,128.5,22.3,Underweight
11.0,L,1,140.6,29.7,Normal
9.0,L,1,125.0,34.0,Overweight
6.0,P,0,113.0,18.7,Normal
6.0,L,1,115.2,20.3,Normal
12.0,P,0,147.5,42.0,Overweight
12.0,L,1,149.0,41.1,Overweight
7.0,L,1,120.8,21.4,Normal
12.0,L,1,144.1,37.0,Normal
12.0,P,0,144.3,37.7,Overweight
9.0,L,1,125.1,26.4,Normal
12.0,L,1,147.2,35.8,Normal
11.0,P,0,142.9,37.2,Overweight
10.0,L,1,134.3,30.3,Normal
12.0,L,1,148.2,37.4,Normal
9.0,L,1,128.7,22.8,Underweight
9.0,L,1,130.5,28.8,Normal
11.0,L,1,143.4,35.4,Normal
8.0,L,1,124.7,23.2,Normal
10.0,L,1,139.3,30.6,Normal
10.0,P,0,134.2,28.3,Normal
11.0,L,1,142.1,37.5,Overweight
7.0,P,0,120.6,21.4,Normal
12.0,P,0,142.9,37.7,Overweight
9.0,L,1,124.9,27.3,Normal
8.0,P,0,122.5,24.7,Normal
8.0,P,0,126.0,20.2,Underweight
12.0,P,0,142.0,38.1,Overweight
9.0,L,1,133.0,27.1,Normal
10.0,L,1,135.4,26.9,Normal
6.0,L,1,114.6,20.1,Normal
8.0,L,1,122.5,20.6,Underweight
10.0,L,1,131.2,32.0,Overweight
9.0,P,0,123.8,26.0,Normal
6.0,P,0,117.4,18.6,Underweight
12.0,L,1,147.4,37.8,Normal
11.0,L,1,141.1,38.2,Overweight
12.0,L,1,148.9,42.8,Overweight
12.0,L,1,145.0,41.7,Overweight
8.0,P,0,124.5,25.4,Normal
7.0,L,1,113.0,19.3,Normal
12.0,L,1,145.0,37.0,Normal
6.0,P,0,115.0,17.2,Underweight
8.0,L,1,124.2,24.6,Normal
7.0,P,0,113.0,24.7,Overweight
8.0,P,0,121.3,20.7,Normal
12.0,P,0,143.7,36.5,Normal
7.0,L,1,115.9,18.4,Underweight
9.0,L,1,124.9,28.3,Overweight
9.0,L,1,130.7,32.1,Overweight
9.0,L,1,131.3,26.6,Normal
6.0,P,0,114.6,19.3,Normal
9.0,L,1,127.8,34.0,Overweight
7.0,P,0,117.1,23.7,Normal
12.0,L,1,148.4,37.9,Normal
9.0,P,0,128.7,23.0,Underweight
9.0,P,0,125.3,30.2,Overweight
6.0,L,1,112.2,21.2,Normal
6.0,P,0,115.0,21.6,Normal
12.0,P,0,144.6,40.6,Overweight
9.0,L,1,127.8,26.5,Normal
8.0,P,0,122.1,24.4,Normal
8.0,L,1,120.7,26.1,Normal
10.0,L,1,136.2,32.2,Normal
10.0,P,0,134.5,30.0,Normal
7.0,L,1,117.0,19.9,Normal
9.0,P,0,125.9,27.6,Normal
11.0,P,0,140.8,31.8,Normal
8.0,P,0,120.5,24.6,Normal
9.0,P,0,128.1,22.1,Underweight
7.0,L,1,113.3,21.8,Normal
10.0,L,1,136.7,32.6,Normal
12.0,L,1,147.4,38.0,Normal
8.0,L,1,127.4,24.0,Normal
8.0,L,1,124.3,28.7,Overweight
10.0,L,1,132.8,29.9,Normal
8.0,L,1,119.5,26.7,Overweight
6.0,L,1,113.9,21.8,Normal
10.0,P,0,134.2,27.2,Normal
10.0,L,1,132.6,27.8,Normal
12.0,L,1,148.4,43.5,Overweight
11.0,P,0,141.6,34.9,Normal
7.0,L,1,121.4,18.0,Underweight
10.0,P,0,130.3,31.2,Overweight
7.0,L,1,118.7,24.2,Normal
10.0,P,0,135.0,31.9,Normal
10.0,P,0,131.8,33.7,Overweight
11.0,L,1,138.7,31.9,Normal
8.0,P,0,121.6,22.8,Normal
12.0,L,1,144.7,36.7,Normal
11.0,L,1,138.7,36.2,Overweight
12.0,L,1,143.3,42.9,Overweight
8.0,P,0,125.7,23.8,Normal
10.0,L,1,131.8,32.9,Overweight
6.0,P,0,118.0,18.8,Underweight
10.0,P,0,134.1,31.3,Normal
10.0,P,0,132.2,32.6,Overweight
11.0,P,0,139.8,38.4,Overweight
8.0,P,0,121.6,23.6,Normal
11.0,L,1,142.4,37.4,Overweight
7.0,P,0,120.6,24.1,Normal
8.0,P,0,123.9,25.8,Normal
11.0,P,0,139.7,39.4,Overweight
9.0,P,0,128.4,26.9,Normal
12.0,P,0,145.0,42.2,Overweight
6.0,P,0,112.8,17.1,Underweight
9.0,P,0,129.0,26.3,Normal
6.0,P,0,112.1,18.6,Normal
9.0,P,0,130.5,22.0,Underweight
10.0,P,0,133.7,31.3,Normal
7.0,P,0,119.5,24.4,Normal
8.0,L,1,124.0,24.1,Normal
11.0,L,1,139.2,35.5,Overweight
12.0,P,0,147.1,39.1,Overweight
10.0,L,1,134.7,29.9,Normal
9.0,P,0,126.0,29.0,Overweight
12.0,P,0,144.7,36.5,Normal
10.0,L,1,133.7,31.8,Normal
9.0,P,0,128.5,30.0,Overweight
11.0,L,1,137.6,37.5,Overweight
10.0,P,0,133.9,30.6,Normal
10.0,L,1,140.0,34.9,Normal
11.0,L,1,139.2,33.2,Normal
12.0,L,1,145.4,39.4,Overweight
9.0,L,1,129.6,24.6,Normal
7.0,P,0,119.9,20.2,Normal
11.0,L,1,139.7,33.1,Normal
11.0,P,0,141.3,42.5,Overweight
9.0,L,1,124.6,28.4,Overweight
6.0,P,0,117.9,19.8,Normal
9.0,L,1,127.7,25.0,Normal
10.0,P,0,131.5,33.2,Overweight
10.0,L,1,132.9,30.9,Normal
11.0,L,1,142.1,33.6,Normal
10.0,P,0,132.2,31.3,Normal
10.0,P,0,131.8,35.7,Overweight
10.0,L,1,133.6,26.9,Normal
8.0,L,1,122.4,26.7,Normal
9.0,L,1,125.8,25.9,Normal
9.0,P,0,128.0,30.6,Overweight
8.0,L,1,122.7,28.0,Overweight
12.0,L,1,145.4,41.1,Overweight
10.0,P,0,134.5,27.7,Normal
12.0,P,0,148.2,36.0,Normal
11.0,L,1,142.4,35.3,Normal
12.0,L,1,146.3,36.1,Normal
12.0,L,1,146.8,37.5,Normal
12.0,L,1,147.5,43.5,Overweight
9.0,P,0,127.5,25.9,Normal
11.0,L,1,140.4,31.9,Normal
9.0,P,0,127.7,27.9,Normal
10.0,P,0,132.7,34.4,Overweight
12.0,P,0,147.3,35.9,Normal
12.0,L,1,144.8,40.5,Overweight
11.0,L,1,138.5,36.4,Overweight
9.0,L,1,126.7,26.4,Normal
8.0,P,0,124.5,24.5,Normal
12.0,L,1,148.2,35.8,Normal
7.0,L,1,117.7,24.7,Normal
10.0,P,0,134.3,32.9,Overweight
8.0,L,1,118.6,23.8,Normal
7.0,P,0,118.1,23.9,Normal
8.0,P,0,122.3,25.1,Normal
11.0,L,1,145.8,36.5,Normal
11.0,L,1,143.8,37.7,Overweight
10.0,P,0,136.4,27.5,Normal
10.0,L,1,128.0,28.1,Normal
9.0,L,1,124.8,25.9,Normal
8.0,L,1,124.0,28.2,Overweight
8.0,P,0,125.1,23.0,Normal
12.0,P,0,142.8,40.5,Overweight
9.0,L,1,127.5,28.0,Normal
9.0,L,1,132.5,27.5,Normal
6.0,L,1,113.6,18.7,Normal
9.0,L,1,123.2,24.3,Normal
11.0,P,0,140.9,34.1,Normal
7.0,P,0,119.3,20.5,Normal
12.0,L,1,145.1,39.0,Overweight
12.0,L,1,148.1,34.7,Normal
8.0,L,1,127.0,23.5,Normal
9.0,L,1,128.7,31.4,Overweight
10.0,P,0,136.4,33.4,Normal
6.0,P,0,114.3,20.7,Normal
12.0,P,0,148.9,42.2,Overweight
11.0,L,1,137.8,31.9,Normal
10.0,L,1,134.8,26.5,Normal
12.0,L,1,145.7,36.0,Normal
9.0,L,1,129.9,28.1,Normal
9.0,P,0,128.6,29.1,Normal
12.0,P,0,150.4,43.3,Overweight
12.0,L,1,148.6,39.8,Overweight
12.0,P,0,145.3,43.6,Overweight
12.0,P,0,147.6,39.8,Overweight
11.0,L,1,143.9,33.4,Normal
6.0,P,0,113.2,19.0,Normal
9.0,P,0,130.3,25.2,Normal
6.0,P,0,118.0,17.6,Underweight
8.0,L,1,126.1,22.9,Normal
12.0,P,0,141.6,37.5,Overweight
11.0,P,0,135.9,36.6,Overweight
7.0,L,1,118.3,20.9,Normal
10.0,P,0,134.1,31.2,Normal
6.0,L,1,114.4,17.8,Underweight
7.0,L,1,123.0,19.7,Underweight
8.0,P,0,125.3,24.9,Normal
6.0,P,0,110.0,21.4,Normal
7.0,L,1,116.8,20.9,Normal
9.0,P,0,124.7,30.5,Overweight
8.0,P,0,119.7,29.0,Overweight
7.0,P,0,116.8,20.9,Normal
12.0,P,0,149.7,40.2,Normal
10.0,P,0,135.6,31.9,Normal
12.0,L,1,141.4,41.4,Overweight
12.0,L,1,144.5,35.9,Normal
11.0,L,1,140.1,42.6,Overweight
9.0,L,1,126.5,33.0,Overweight
7.0,L,1,120.5,18.5,Underweight
6.0,P,0,113.8,21.6,Normal
11.0,P,0,142.0,34.3,Normal
10.0,P,0,133.3,25.0,Normal
10.0,L,1,129.7,33.9,Overweight
8.0,P,0,123.5,25.8,Normal
11.0,L,1,142.0,31.3,Normal
12.0,L,1,145.8,36.3,Normal
11.0,P,0,142.0,33.0,Normal
10.0,P,0,136.5,35.9,Overweight
7.0,P,0,117.7,20.1,Normal
11.0,L,1,143.2,34.8,Normal
8.0,L,1,119.2,23.2,Normal
10.0,P,0,134.8,30.4,Normal
10.0,P,0,136.4,34.7,Overweight
8.0,L,1,123.9,24.8,Normal
10.0,P,0,134.6,29.6,Normal
6.0,L,1,110.0,18.5,Normal
9.0,L,1,123.0,28.2,Overweight
8.0,L,1,124.0,29.0,Normal
9.0,P,0,128.6,26.1,Normal
11.0,P,0,136.4,38.0,Overweight
8.0,L,1,127.3,24.6,Normal
9.0,L,1,126.4,30.8,Overweight
11.0,P,0,141.1,32.6,Normal
10.0,L,1,136.2,33.7,Overweight
12.0,P,0,147.7,38.8,Normal
8.0,P,0,121.3,23.1,Normal
7.0,P,0,117.2,21.5,Normal
10.0,P,0,133.3,34.7,Overweight
10.0,L,1,134.0,29.3,Normal
12.0,L,1,149.0,43.9,Overweight
11.0,P,0,139.9,35.6,Overweight
12.0,P,0,141.0,39.9,Overweight
9.0,P,0,125.8,29.8,Overweight
9.0,P,0,126.6,28.7,Normal
7.0,P,0,118.0,24.3,Normal
10.0,L,1,130.6,35.9,Overweight
8.0,L,1,123.8,24.4,Normal
12.0,L,1,141.5,43.9,Overweight
10.0,L,1,129.3,30.4,Overweight
11.0,P,0,141.1,41.6,Overweight
9.0,L,1,127.8,25.9,Normal
9.0,L,1,129.1,26.0,Normal
12.0,L,1,143.3,39.3,Overweight
12.0,P,0,145.4,39.7,Overweight
7.0,P,0,113.3,19.8,Normal
11.0,P,0,143.3,32.9,Normal
6.0,L,1,117.6,17.7,Underweight
7.0,P,0,115.6,20.9,Normal
12.0,P,0,149.5,38.6,Normal
12.0,P,0,148.4,45.9,Overweight
10.0,P,0,133.4,34.5,Overweight
9.0,P,0,126.8,30.9,Overweight
10.0,P,0,133.4,35.1,Overweight
8.0,P,0,123.5,24.6,Normal
8.0,L,1,122.0,25.4,Normal
9.0,L,1,130.9,32.5,Overweight
10.0,L,1,134.2,31.6,Normal
10.0,L,1,132.2,29.4,Normal
11.0,P,0,140.6,32.6,Normal
10.0,P,0,131.7,32.0,Overweight
9.0,L,1,128.3,25.8,Normal
9.0,L,1,125.8,26.1,Normal
7.0,L,1,117.1,22.4,Normal
12.0,P,0,144.5,39.8,Overweight
11.0,P,0,141.3,37.1,Overweight
11.0,P,0,137.2,35.8,Overweight
10.0,P,0,135.5,30.3,Normal
11.0,L,1,141.0,34.0,Normal
6.0,L,1,113.0,21.6,Normal
6.0,P,0,110.1,19.7,Normal
12.0,P,0,150.9,36.7,Normal
8.0,P,0,120.7,25.3,Normal
9.0,P,0,126.5,31.3,Overweight
12.0,P,0,145.5,34.6,Normal
8.0,P,0,120.1,24.6,Normal
11.0,L,1,144.1,35.3,Normal
8.0,P,0,122.1,26.3,Normal
11.0,P,0,141.9,37.5,Overweight
9.0,P,0,123.4,29.3,Overweight
8.0,L,1,123.4,29.0,Overweight
8.0,L,1,118.2,26.6,Overweight
9.0,P,0,124.7,30.2,Overweight
11.0,L,1,141.0,37.8,Overweight
10.0,L,1,135.9,33.5,Overweight
9.0,P,0,127.8,24.8,Normal
7.0,L,1,113.8,23.1,Normal
10.0,L,1,140.0,32.3,Normal
8.0,L,1,123.3,24.0,Normal
12.0,P,0,148.8,36.4,Normal
8.0,L,1,128.0,21.8,Underweight
11.0,L,1,143.5,29.6,Normal
12.0,L,1,144.3,42.9,Overweight
12.0,L,1,140.8,41.8,Overweight
10.0,L,1,130.5,31.5,Overweight
9.0,P,0,128.6,24.2,Normal
7.0,L,1,117.8,20.8,Normal
6.0,L,1,114.5,18.0,Underweight
11.0,P,0,137.6,35.7,Overweight
11.0,P,0,136.1,34.5,Overweight
8.0,P,0,124.2,20.5,Underweight
12.0,L,1,143.0,39.7,Overweight
11.0,L,1,137.7,33.0,Normal
10.0,P,0,136.6,33.3,Normal
11.0,P,0,145.2,35.8,Normal
12.0,L,1,144.9,39.4,Overweight
8.0,P,0,121.1,25.2,Normal
8.0,P,0,121.3,21.2,Normal
12.0,P,0,143.9,37.0,Normal
12.0,L,1,150.0,38.3,Normal
10.0,L,1,137.1,28.5,Normal
9.0,L,1,131.2,25.8,Normal
11.0,P,0,138.3,34.3,Normal
12.0,P,0,142.9,39.3,Overweight
12.0,L,1,145.9,38.3,Overweight
8.0,L,1,126.5,27.4,Normal
6.0,L,1,115.3,19.2,Normal
7.0,L,1,121.6,18.7,Underweight
12.0,P,0,149.1,36.6,Normal
11.0,P,0,141.4,35.6,Normal
10.0,L,1,130.1,31.6,Overweight
12.0,L,1,144.5,33.8,Normal
10.0,P,0,136.5,28.5,Normal
12.0,L,1,150.4,37.9,Normal
10.0,L,1,133.7,34.3,Overweight
9.0,P,0,124.7,26.5,Normal
9.0,L,1,132.8,27.9,Normal
9.0,L,1,126.0,29.0,Overweight
10.0,P,0,138.7,37.2,Overweight
7.0,L,1,117.2,19.6,Normal
10.0,P,0,136.5,25.4,Underweight
11.0,P,0,141.7,31.5,Normal
7.0,L,1,115.2,22.8,Normal
6.0,P,0,113.0,20.0,Normal
12.0,P,0,145.3,46.2,Overweight
11.0,P,0,138.0,41.2,Overweight
10.0,P,0,137.3,32.0,Normal
6.0,P,0,113.5,17.1,Underweight
11.0,L,1,144.6,37.9,Overweight
8.0,P,0,125.7,21.4,Underweight
6.0,P,0,111.9,17.9,Normal
9.0,L,1,130.1,28.2,Normal
8.0,P,0,123.5,27.1,Normal
9.0,P,0,127.4,30.4,Overweight
12.0,P,0,143.6,33.8,Normal
9.0,P,0,127.8,26.5,Normal
7.0,L,1,119.5,18.7,Underweight
8.0,P,0,127.9,20.8,Underweight
11.0,P,0,141.3,34.7,Normal
9.0,P,0,130.5,31.5,Overweight
10.0,P,0,134.5,25.9,Normal
10.0,L,1,135.4,33.3,Overweight
9.0,P,0,126.5,29.1,Overweight
12.0,P,0,142.1,40.8,Overweight
10.0,P,0,134.4,32.8,Overweight
11.0,L,1,140.3,37.1,Overweight
12.0,L,1,146.2,35.7,Normal
10.0,P,0,137.4,29.1,Normal
11.0,P,0,139.9,35.8,Overweight
11.0,L,1,138.0,37.9,Overweight
8.0,L,1,124.7,24.8,Normal
7.0,L,1,118.5,22.6,Normal
10.0,L,1,134.3,35.6,Overweight
9.0,L,1,128.5,29.1,Normal
12.0,L,1,148.4,44.3,Overweight
10.0,L,1,135.7,27.2,Normal
11.0,L,1,138.2,36.8,Overweight
11.0,L,1,135.9,37.9,Overweight
7.0,L,1,123.0,18.8,Underweight
12.0,P,0,148.1,43.0,Overweight
11.0,P,0,140.3,38.2,Overweight
8.0,L,1,125.3,29.0,Overweight
11.0,L,1,138.8,32.8,Normal
7.0,L,1,115.7,24.3,Overweight
7.0,L,1,118.8,22.8,Normal
7.0,P,0,118.0,20.9,Normal
9.0,P,0,123.0,31.4,Overweight
7.0,P,0,120.9,23.0,Normal
9.0,L,1,126.8,33.4,Overweight
12.0,L,1,145.2,30.0,Normal
12.0,L,1,143.2,31.2,Normal
12.0,P,0,141.8,36.5,Overweight
9.0,P,0,123.3,27.7,Overweight
8.0,P,0,124.1,23.4,Normal
9.0,L,1,125.5,29.8,Overweight
7.0,L,1,122.0,20.6,Underweight
11.0,P,0,140.2,34.3,Normal
10.0,P,0,136.5,28.4,Normal
8.0,P,0,123.6,23.4,Normal
10.0,L,1,133.6,31.6,Normal
12.0,P,0,143.7,41.0,Overweight
12.0,P,0,145.5,37.5,Normal
8.0,L,1,119.9,21.4,Normal
11.0,L,1,138.4,37.2,Overweight
8.0,P,0,125.6,23.9,Normal
11.0,L,1,141.9,36.3,Overweight
12.0,L,1,149.0,35.4,Normal
11.0,P,0,140.4,32.6,Normal
7.0,P,0,115.9,23.6,Normal
12.0,L,1,148.3,39.3,Normal
9.0,P,0,127.0,24.1,Normal
8.0,P,0,120.2,21.9,Normal
9.0,P,0,127.3,27.7,Normal
8.0,L,1,122.0,22.7,Normal
12.0,P,0,146.2,39.7,Overweight
10.0,L,1,135.8,28.9,Normal
12.0,P,0,141.6,38.0,Overweight
8.0,L,1,122.0,24.5,Normal
12.0,L,1,145.6,39.6,Overweight
8.0,L,1,126.7,24.3,Normal
7.0,L,1,120.5,20.2,Underweight
8.0,L,1,122.3,28.7,Overweight
12.0,L,1,148.5,41.6,Overweight
6.0,P,0,116.4,20.4,Normal
9.0,P,0,125.9,24.5,Normal
11.0,P,0,135.7,38.0,Overweight
10.0,P,0,128.8,31.9,Overweight
8.0,P,0,123.9,20.0,Underweight
12.0,P,0,148.7,37.9,Normal
12.0,L,1,145.1,37.4,Normal
10.0,P,0,133.5,32.6,Overweight
6.0,P,0,112.2,19.2,Normal
8.0,L,1,122.8,21.5,Normal
7.0,P,0,120.7,24.5,Normal
12.0,L,1,148.6,41.4,Overweight
9.0,P,0,125.1,31.8,Overweight
7.0,P,0,117.5,21.1,Normal
12.0,L,1,145.7,44.7,Overweight
10.0,P,0,134.2,33.8,Overweight
12.0,L,1,151.5,38.7,Normal
11.0,L,1,141.8,32.7,Normal
8.0,P,0,123.0,25.3,Normal
12.0,P,0,148.1,46.1,Overweight
6.0,P,0,113.5,18.9,Normal
9.0,L,1,127.9,32.3,Overweight
8.0,L,1,119.4,26.0,Overweight
10.0,L,1,132.4,28.9,Normal
9.0,L,1,128.0,24.3,Normal
11.0,P,0,142.6,34.8,Normal
7.0,P,0,118.5,23.6,Normal
7.0,P,0,118.5,18.6,Underweight
6.0,P,0,114.3,18.0,Underweight
10.0,L,1,132.2,30.5,Normal
11.0,P,0,141.7,35.4,Normal
11.0,L,1,143.8,32.5,Normal
6.0,P,0,112.7,20.0,Normal
11.0,L,1,141.1,36.9,Overweight
11.0,P,0,142.3,37.6,Overweight
6.0,P,0,115.8,19.3,Normal
9.0,L,1,130.0,30.4,Overweight
6.0,L,1,115.3,21.2,Normal
8.0,P,0,122.0,28.9,Overweight
9.0,L,1,129.9,27.6,Normal
12.0,L,1,146.1,37.4,Normal
12.0,P,0,147.7,41.1,Overweight
9.0,L,1,130.9,23.6,Underweight
12.0,P,0,144.5,41.3,Overweight
7.0,P,0,118.9,24.1,Normal
10.0,P,0,135.8,35.2,Overweight
12.0,P,0,147.4,37.5,Normal
6.0,L,1,111.2,21.2,Normal
12.0,L,1,146.7,37.2,Normal
10.0,L,1,134.5,32.3,Normal
10.0,P,0,129.5,29.8,Normal
9.0,L,1,126.5,30.7,Overweight
9.0,P,0,131.2,26.5,Normal
10.0,P,0,135.9,32.0,Normal
7.0,P,0,120.0,21.1,Normal
6.0,P,0,115.8,18.7,Underweight
11.0,P,0,139.2,34.7,Normal
11.0,L,1,144.8,36.2,Normal
10.0,P,0,135.0,32.6,Normal
8.0,L,1,119.6,25.0,Normal
7.0,P,0,114.8,19.1,Normal
10.0,P,0,133.1,30.5,Normal
11.0,L,1,141.2,34.8,Normal
7.0,P,0,121.8,19.5,Underweight
9.0,L,1,127.4,26.9,Normal
6.0,L,1,110.9,19.7,Normal
11.0,L,1,141.8,40.9,Overweight
12.0,P,0,145.3,35.0,Normal
11.0,L,1,144.2,36.5,Normal
8.0,P,0,123.7,29.0,Overweight
7.0,P,0,118.2,24.5,Normal
9.0,P,0,126.8,26.2,Normal
12.0,L,1,152.0,36.7,Normal
7.0,L,1,118.0,23.1,Normal
11.0,L,1,143.9,40.7,Overweight
6.0,L,1,111.4,18.9,Normal
9.0,L,1,129.6,28.8,Normal
11.0,L,1,139.0,40.9,Overweight
8.0,L,1,125.9,27.1,Normal
6.0,L,1,116.5,20.3,Normal
7.0,P,0,119.2,23.3,Normal
7.0,L,1,119.4,24.1,Normal
12.0,P,0,148.0,39.3,Normal
9.0,P,0,132.2,26.6,Normal
10.0,L,1,137.3,31.5,Normal
6.0,L,1,111.7,18.8,Normal
9.0,L,1,129.5,27.4,Normal
10.0,P,0,138.1,30.1,Normal
12.0,L,1,146.0,36.5,Normal
10.0,L,1,133.2,31.8,Normal
12.0,L,1,143.5,38.5,Overweight
6.0,L,1,116.8,19.6,Normal
10.0,L,1,132.2,38.0,Overweight
12.0,L,1,143.6,37.6,Overweight
11.0,P,0,137.8,35.0,Overweight
11.0,L,1,140.9,39.7,Overweight
11.0,L,1,140.6,32.5,Normal
11.0,L,1,144.6,37.0,Normal
9.0,L,1,128.4,27.4,Normal
8.0,L,1,125.8,26.0,Normal
7.0,L,1,114.2,21.5,Normal
12.0,L,1,142.9,36.2,Normal
9.0,P,0,124.3,29.1,Overweight
12.0,L,1,144.2,41.9,Overweight
9.0,P,0,125.9,32.8,Overweight
8.0,L,1,123.7,20.8,Underweight
10.0,L,1,133.6,31.2,Normal
10.0,L,1,134.3,29.3,Normal
9.0,P,0,127.4,31.9,Overweight
10.0,L,1,138.4,25.0,Underweight
9.0,P,0,124.7,22.1,Normal
12.0,L,1,144.5,34.8,Normal
9.0,P,0,126.2,27.8,Normal
12.0,P,0,146.1,39.7,Overweight
6.0,P,0,115.5,17.5,Underweight
7.0,L,1,123.0,24.2,Normal
9.0,L,1,127.6,28.0,Normal
12.0,P,0,143.5,35.9,Normal
12.0,P,0,143.9,36.1,Normal
11.0,L,1,138.9,35.9,Overweight
7.0,P,0,116.9,24.0,Normal
10.0,P,0,138.8,34.8,Overweight
11.0,P,0,146.4,36.8,Normal
6.0,P,0,116.4,17.1,Underweight
6.0,L,1,110.9,21.2,Normal
10.0,L,1,132.7,34.6,Overweight
11.0,L,1,141.3,37.7,Overweight
6.0,P,0,117.5,19.0,Underweight
9.0,L,1,128.8,22.0,Underweight
11.0,L,1,139.6,38.6,Overweight
11.0,L,1,142.8,29.9,Normal
11.0,P,0,137.9,38.5,Overweight
9.0,L,1,132.2,28.6,Normal
11.0,L,1,142.2,31.3,Normal
10.0,L,1,129.0,33.6,Overweight
9.0,L,1,128.1,24.5,Normal
11.0,P,0,137.8,32.1,Normal
8.0,P,0,127.2,23.6,Normal
10.0,L,1,134.1,28.9,Normal
9.0,P,0,127.4,28.5,Normal
10.0,P,0,136.3,32.0,Normal
8.0,P,0,120.2,26.3,Overweight
8.0,L,1,126.3,26.8,Normal
11.0,L,1,138.9,33.6,Normal
7.0,L,1,121.9,21.7,Normal
10.0,P,0,128.0,32.7,Overweight
11.0,P,0,139.7,33.8,Normal
6.0,L,1,111.9,17.8,Normal
9.0,P,0,133.0,26.0,Normal
12.0,L,1,145.4,34.4,Normal
12.0,P,0,144.6,39.0,Overweight
8.0,L,1,126.0,24.3,Normal
10.0,P,0,133.5,29.7,Normal
11.0,L,1,136.9,41.3,Obesity
10.0,P,0,132.1,28.0,Normal
9.0,L,1,128.5,28.8,Normal
10.0,P,0,131.6,32.6,Overweight
6.0,L,1,112.9,18.7,Normal
12.0,L,1,144.9,37.2,Normal
9.0,L,1,128.9,30.0,Overweight
8.0,P,0,124.5,21.0,Underweight
7.0,L,1,120.1,25.0,Normal
8.0,L,1,122.1,21.9,Normal
10.0,L,1,133.3,31.7,Normal
8.0,L,1,119.7,28.3,Overweight
11.0,L,1,140.1,32.3,Normal
8.0,L,1,123.0,23.8,Normal
12.0,L,1,144.3,40.8,Overweight
12.0,P,0,148.1,37.8,Normal
11.0,P,0,140.9,38.1,Overweight
7.0,L,1,119.2,18.2,Underweight
8.0,L,1,120.1,23.0,Normal
7.0,L,1,115.9,19.6,Normal
9.0,L,1,132.6,29.3,Normal
8.0,L,1,122.1,23.9,Normal
9.0,P,0,129.5,25.7,Normal
12.0,P,0,151.6,44.6,Overweight
9.0,L,1,128.2,26.8,Normal
12.0,L,1,149.8,40.3,Normal
12.0,P,0,149.0,37.4,Normal
9.0,P,0,125.5,23.7,Normal
7.0,P,0,119.4,22.2,Normal
9.0,P,0,131.5,24.6,Normal
8.0,L,1,121.6,24.1,Normal
10.0,L,1,135.6,31.7,Normal
7.0,P,0,117.6,20.4,Normal
7.0,P,0,118.9,20.7,Normal
11.0,L,1,147.0,37.4,Normal
12.0,P,0,147.8,39.0,Normal
10.0,P,0,135.4,31.6,Normal
10.0,L,1,131.9,27.8,Normal
6.0,P,0,112.2,20.6,Normal
12.0,P,0,147.2,38.7,Normal
12.0,L,1,142.4,42.9,Overweight
9.0,P,0,127.3,24.1,Normal
11.0,L,1,139.6,37.0,Overweight
9.0,L,1,129.3,24.0,Normal
9.0,L,1,126.6,24.5,Normal
9.0,L,1,128.7,25.0,Normal
10.0,L,1,132.2,30.9,Normal
12.0,P,0,149.0,47.1,Overweight
10.0,P,0,133.8,29.6,Normal
8.0,P,0,122.6,26.0,Normal
11.0,L,1,142.3,31.6,Normal
8.0,P,0,121.9,28.8,Overweight
11.0,P,0,139.7,34.8,Normal
10.0,P,0,137.8,31.8,Normal
11.0,P,0,143.4,33.7,Normal
9.0,L,1,128.4,24.2,Normal
11.0,P,0,136.9,34.2,Overweight
9.0,L,1,127.4,24.2,Normal
7.0,P,0,113.2,22.4,Normal
9.0,L,1,132.3,28.3,Normal
9.0,P,0,125.2,27.0,Normal
11.0,L,1,138.9,31.6,Normal
11.0,L,1,142.9,36.3,Normal
8.0,L,1,120.2,27.2,Overweight
7.0,L,1,118.5,23.9,Normal
12.0,L,1,148.5,38.4,Normal
10.0,P,0,133.0,29.3,Normal
10.0,P,0,137.5,31.9,Normal
12.0,L,1,146.8,37.7,Normal
11.0,L,1,143.2,36.4,Normal
6.0,P,0,115.1,19.5,Normal
12.0,P,0,142.7,38.4,Overweight
10.0,L,1,135.4,34.2,Overweight
8.0,L,1,124.1,24.6,Normal
9.0,P,0,127.8,31.7,Overweight
8.0,L,1,124.5,24.7,Normal
8.0,P,0,125.1,22.1,Normal
8.0,L,1,125.3,23.6,Normal
11.0,P,0,142.1,35.9,Normal
9.0,P,0,124.8,26.1,Normal
10.0,L,1,128.6,36.4,Obesity
11.0,L,1,138.0,29.9,Normal
12.0,L,1,144.8,40.8,Overweight
12.0,P,0,141.4,38.3,Overweight
9.0,L,1,128.6,27.9,Normal
9.0,L,1,127.2,26.2,Normal
9.0,L,1,132.8,30.3,Normal
8.0,P,0,123.9,24.7,Normal
6.0,L,1,114.3,21.5,Normal
12.0,P,0,142.7,33.9,Normal
7.0,L,1,119.6,18.9,Underweight
10.0,P,0,133.9,29.8,Normal
6.0,L,1,113.6,19.3,Normal
6.0,P,0,111.6,19.0,Normal
9.0,P,0,128.6,23.8,Normal
6.0,L,1,116.2,18.6,Underweight
12.0,P,0,143.7,42.6,Overweight
6.0,P,0,113.4,19.2,Normal
9.0,P,0,123.7,27.9,Overweight
7.0,L,1,114.9,21.7,Normal
11.0,P,0,144.6,37.2,Normal
7.0,P,0,118.6,19.5,Underweight
7.0,P,0,118.4,20.5,Normal
8.0,L,1,125.6,25.4,Normal
12.0,P,0,144.8,41.1,Overweight
8.0,P,0,123.3,21.1,Underweight
9.0,P,0,125.7,26.6,Normal
9.0,L,1,124.9,23.8,Normal
11.0,P,0,141.7,38.8,Overweight
8.0,P,0,124.0,26.0,Normal
11.0,P,0,140.7,37.0,Overweight
10.0,P,0,132.2,32.9,Overweight
8.0,P,0,121.1,27.2,Overweight
11.0,L,1,140.3,35.3,Normal
8.0,L,1,125.1,21.0,Underweight
10.0,L,1,128.0,28.6,Normal
9.0,P,0,129.2,28.0,Normal
11.0,L,1,139.2,33.5,Normal
6.0,L,1,115.2,21.5,Normal
7.0,P,0,118.9,23.7,Normal
11.0,P,0,142.8,41.2,Overweight
12.0,L,1,144.3,44.3,Overweight
8.0,L,1,125.0,22.1,Normal
11.0,L,1,141.7,35.0,Normal
11.0,P,0,137.6,33.3,Normal
9.0,L,1,131.3,25.9,Normal
10.0,L,1,134.3,36.4,Overweight
10.0,L,1,135.5,31.7,Normal
6.0,L,1,111.6,19.4,Normal
8.0,P,0,120.9,22.8,Normal
12.0,P,0,146.8,38.5,Normal
6.0,P,0,112.3,20.5,Normal
12.0,P,0,144.1,40.0,Overweight
12.0,P,0,144.6,38.7,Overweight
11.0,L,1,139.0,32.6,Normal
9.0,P,0,125.8,30.8,Overweight
8.0,P,0,121.1,24.3,Normal
12.0,P,0,149.5,37.9,Normal
11.0,L,1,142.1,36.3,Normal
11.0,P,0,144.8,37.5,Normal
8.0,P,0,119.1,23.3,Normal
8.0,P,0,125.0,24.8,Normal
10.0,P,0,135.1,29.6,Normal
11.0,L,1,138.2,39.8,Overweight
12.0,P,0,140.7,37.6,Overweight
9.0,P,0,125.5,22.7,Normal
12.0,P,0,148.2,39.8,Overweight
7.0,P,0,116.1,21.5,Normal
11.0,P,0,140.6,39.7,Overweight
10.0,L,1,131.1,25.9,Normal
11.0,L,1,138.5,37.6,Overweight
6.0,P,0,117.2,17.3,Underweight
11.0,P,0,139.3,33.1,Normal
8.0,P,0,124.6,26.1,Normal
11.0,L,1,138.9,36.3,Overweight
11.0,P,0,140.0,34.0,Normal
12.0,P,0,144.6,39.3,Overweight
11.0,P,0,144.7,38.8,Overweight
8.0,L,1,126.1,27.4,Normal
9.0,L,1,127.4,29.9,Overweight
12.0,L,1,147.8,42.3,Overweight
7.0,P,0,121.3,25.0,Normal
7.0,L,1,123.0,22.8,Normal
6.0,L,1,113.4,17.4,Underweight
12.0,L,1,150.9,40.3,Normal
9.0,P,0,132.2,23.9,Underweight
11.0,L,1,138.2,35.3,Overweight
9.0,P,0,128.3,22.0,Underweight
10.0,P,0,134.4,34.8,Overweight
11.0,P,0,144.8,36.8,Normal
8.0,L,1,123.3,25.6,Normal
12.0,P,0,145.0,39.5,Overweight
12.0,P,0,147.8,35.9,Normal
7.0,L,1,115.1,20.8,Normal
8.0,P,0,126.8,26.5,Normal
10.0,P,0,132.6,31.9,Overweight
7.0,P,0,116.8,22.1,Normal
12.0,P,0,145.5,40.0,Overweight
8.0,P,0,122.0,29.0,Overweight
8.0,L,1,123.7,20.7,Underweight
11.0,L,1,138.9,30.2,Normal
7.0,P,0,117.6,22.3,Normal
7.0,P,0,118.7,22.7,Normal
6.0,P,0,117.5,20.9,Normal
10.0,L,1,137.1,34.3,Overweight
11.0,P,0,139.0,37.3,Overweight
10.0,P,0,140.0,32.8,Normal
9.0,P,0,128.3,25.4,Normal
11.0,L,1,141.6,39.2,Overweight
9.0,P,0,127.5,30.9,Overweight
12.0,L,1,148.3,40.0,Overweight
9.0,P,0,126.8,31.5,Overweight
10.0,L,1,136.3,33.7,Overweight
7.0,L,1,120.7,18.3,Underweight
6.0,P,0,112.5,18.3,Normal
10.0,P,0,130.8,33.4,Overweight
11.0,L,1,145.8,34.1,Normal
11.0,P,0,140.9,34.3,Normal
6.0,L,1,113.1,21.6,Normal
11.0,L,1,139.4,37.6,Overweight
9.0,L,1,123.0,34.0,Obesity
10.0,L,1,135.8,34.3,Overweight
11.0,L,1,140.9,35.5,Normal
11.0,P,0,138.6,36.9,Overweight
6.0,P,0,114.4,17.8,Underweight
11.0,L,1,143.4,38.6,Overweight
11.0,L,1,138.9,33.2,Normal
9.0,P,0,127.5,27.6,Normal
12.0,P,0,143.9,36.0,Normal
11.0,P,0,144.6,36.6,Normal
10.0,P,0,135.3,35.0,Overweight
12.0,P,0,142.9,38.1,Overweight
8.0,L,1,120.8,20.0,Underweight
9.0,P,0,126.9,32.2,Overweight
12.0,P,0,148.5,40.2,Overweight
9.0,L,1,128.0,34.0,Overweight
10.0,P,0,137.0,35.5,Overweight
9.0,L,1,127.6,26.9,Normal
10.0,P,0,131.3,31.6,Overweight
9.0,L,1,128.6,27.0,Normal
10.0,P,0,136.0,28.8,Normal
6.0,P,0,116.0,19.7,Normal
11.0,P,0,137.1,35.8,Overweight
7.0,L,1,120.9,19.5,Underweight
12.0,L,1,142.3,40.3,Overweight
7.0,L,1,117.4,23.2,Normal
10.0,P,0,132.3,32.0,Overweight
8.0,L,1,119.0,20.0,Normal
6.0,P,0,115.7,20.1,Normal
11.0,P,0,138.5,37.2,Overweight
11.0,P,0,140.3,36.7,Overweight
10.0,L,1,134.5,29.5,Normal
8.0,P,0,120.0,28.2,Overweight
7.0,L,1,119.0,22.3,Normal
12.0,P,0,147.7,41.8,Overweight
11.0,L,1,141.6,33.4,Normal
11.0,L,1,140.6,37.9,Overweight
7.0,L,1,117.9,21.9,Normal
10.0,P,0,135.6,32.0,Normal
11.0,P,0,143.9,34.3,Normal
7.0,L,1,116.2,19.7,Normal
11.0,L,1,143.9,34.5,Normal
10.0,P,0,134.2,31.8,Normal
7.0,L,1,116.9,21.6,Normal
8.0,L,1,119.1,25.2,Normal
12.0,P,0,140.6,35.0,Normal
6.0,P,0,110.0,21.9,Overweight
10.0,P,0,132.0,33.7,Overweight
9.0,L,1,123.5,31.2,Overweight
12.0,P,0,146.2,33.3,Normal
7.0,P,0,118.2,19.5,Underweight
10.0,L,1,135.4,33.5,Overweight
10.0,P,0,132.4,32.3,Overweight
6.0,L,1,115.2,21.0,Normal
11.0,P,0,143.2,31.8,Normal
6.0,L,1,113.5,18.2,Normal
7.0,L,1,120.2,18.1,Underweight
11.0,P,0,142.0,33.5,Normal
11.0,L,1,145.3,35.3,Normal
10.0,P,0,135.0,25.6,Normal
9.0,P,0,128.1,25.1,Normal
9.0,P,0,132.3,30.7,Normal
7.0,P,0,117.1,18.8,Underweight
9.0,L,1,127.5,25.6,Normal
9.0,L,1,126.1,31.1,Overweight
8.0,L,1,124.6,23.3,Normal
12.0,P,0,140.4,34.0,Normal
10.0,P,0,136.0,28.4,Normal
6.0,L,1,115.8,20.7,Normal
11.0,L,1,138.7,37.3,Overweight
11.0,P,0,141.6,35.2,Normal
12.0,L,1,148.1,34.1,Normal
7.0,L,1,116.9,23.6,Normal
11.0,P,0,143.4,32.3,Normal
12.0,P,0,145.6,35.1,Normal
12.0,P,0,148.9,35.8,Normal
11.0,P,0,139.0,36.2,Overweight
12.0,L,1,142.3,35.9,Normal
7.0,L,1,116.8,23.3,Normal
9.0,L,1,132.6,22.5,Underweight
10.0,P,0,134.4,30.8,Normal
7.0,P,0,116.3,21.9,Normal
7.0,P,0,119.9,19.8,Underweight
9.0,P,0,128.1,29.9,Overweight
10.0,L,1,131.6,37.1,Overweight
11.0,L,1,141.3,38.2,Overweight
10.0,L,1,136.6,29.8,Normal
8.0,L,1,123.5,25.6,Normal
9.0,L,1,127.9,27.3,Normal
11.0,P,0,139.9,33.7,Normal
11.0,L,1,141.3,35.5,Normal
10.0,P,0,135.5,31.5,Normal
9.0,P,0,123.0,31.8,Overweight
10.0,P,0,134.8,36.0,Overweight
12.0,L,1,146.8,43.5,Overweight
9.0,P,0,131.8,33.8,Overweight
12.0,L,1,144.2,36.7,Normal
11.0,L,1,141.2,36.6,Overweight
10.0,L,1,129.1,32.1,Overweight
10.0,L,1,132.5,34.0,Overweight
10.0,P,0,136.9,31.7,Normal
8.0,P,0,118.4,25.9,Overweight
12.0,L,1,152.0,38.7,Normal
7.0,P,0,123.0,20.8,Underweight
10.0,P,0,135.8,27.6,Normal
9.0,P,0,125.8,29.5,Overweight
11.0,L,1,140.3,31.9,Normal
9.0,P,0,123.1,25.4,Normal
9.0,P,0,129.4,29.4,Normal
6.0,L,1,117.0,21.5,Normal
6.0,L,1,110.6,18.9,Normal
10.0,P,0,134.6,29.9,Normal
12.0,L,1,148.9,38.2,Normal
12.0,P,0,148.0,46.7,Overweight
11.0,P,0,144.5,39.5,Overweight
6.0,P,0,114.2,20.1,Normal
11.0,P,0,144.4,35.4,Normal
10.0,L,1,137.6,32.6,Normal
7.0,L,1,113.0,19.5,Normal
10.0,P,0,140.0,28.8,Normal
11.0,L,1,136.3,34.0,Overweight
6.0,P,0,110.3,18.8,Normal
11.0,L,1,139.1,33.9,Normal
12.0,L,1,143.0,40.3,Overweight
7.0,L,1,121.5,20.2,Underweight
9.0,L,1,132.4,30.2,Normal
11.0,L,1,136.3,34.2,Overweight
6.0,L,1,117.1,17.0,Underweight
6.0,P,0,114.9,20.0,Normal
7.0,P,0,117.1,23.2,Normal
10.0,L,1,134.5,35.0,Overweight
6.0,L,1,111.4,17.3,Underweight
12.0,P,0,146.2,47.7,Obesity
9.0,P,0,124.3,24.0,Normal
9.0,L,1,129.8,34.0,Overweight
9.0,P,0,127.8,30.6,Overweight
8.0,P,0,127.1,26.5,Normal
12.0,P,0,147.0,38.9,Normal
8.0,L,1,122.0,28.3,Overweight
8.0,L,1,127.0,28.3,Normal
9.0,L,1,130.1,23.3,Underweight
11.0,L,1,141.7,32.3,Normal
12.0,P,0,140.9,34.0,Normal
12.0,L,1,146.8,40.2,Overweight
8.0,P,0,122.3,24.2,Normal
9.0,L,1,127.8,23.5,Normal
9.0,L,1,126.6,25.4,Normal
11.0,P,0,140.6,37.6,Overweight
12.0,P,0,141.3,41.6,Overweight
8.0,P,0,123.9,25.0,Normal
12.0,P,0,147.4,41.2,Overweight
8.0,L,1,121.3,20.1,Underweight
11.0,L,1,141.6,38.5,Overweight
8.0,P,0,122.1,25.8,Normal
12.0,L,1,146.9,36.2,Normal
9.0,L,1,127.0,25.3,Normal
10.0,P,0,135.6,32.1,Normal
6.0,L,1,117.2,18.8,Underweight
8.0,P,0,125.7,24.2,Normal
10.0,P,0,131.9,30.6,Normal
11.0,L,1,139.2,36.0,Overweight
11.0,L,1,146.2,41.0,Overweight
12.0,L,1,147.1,38.7,Normal
12.0,L,1,141.2,37.4,Overweight
11.0,P,0,136.6,32.0,Normal
9.0,L,1,127.1,30.7,Overweight
7.0,P,0,120.4,22.8,Normal
8.0,L,1,119.4,23.2,Normal
11.0,L,1,144.2,35.7,Normal
9.0,P,0,127.4,30.0,Overweight
11.0,L,1,138.0,35.3,Overweight
7.0,L,1,119.4,21.3,Normal
12.0,P,0,144.7,43.5,Overweight
6.0,P,0,112.6,20.0,Normal
10.0,L,1,134.7,30.0,Normal
6.0,L,1,114.7,17.7,Underweight
9.0,P,0,129.1,30.5,Overweight
10.0,L,1,129.0,29.7,Normal
9.0,L,1,125.7,26.3,Normal
6.0,L,1,118.0,17.5,Underweight
10.0,P,0,130.0,30.2,Normal
7.0,L,1,118.0,22.0,Normal
6.0,P,0,115.0,18.4,Underweight
10.0,L,1,135.0,30.9,Normal
12.0,L,1,149.0,40.9,Overweight
12.0,P,0,150.0,43.3,Overweight
7.0,P,0,121.5,23.9,Normal
10.0,L,1,133.0,30.2,Normal
12.0,P,0,149.0,37.8,Normal
9.0,L,1,126.8,27.9,Normal
9.0,L,1,123.0,27.5,Overweight
6.0,P,0,111.7,21.7,Normal
12.0,L,1,145.0,39.0,Overweight
12.0,P,0,145.9,42.8,Overweight
9.0,P,0,127.0,29.2,Overweight
11.0,P,0,138.7,41.5,Overweight
6.0,L,1,111.7,20.2,Normal
10.0,P,0,132.5,34.3,Overweight
11.0,L,1,137.9,39.3,Overweight
7.0,P,0,114.3,20.2,Normal
9.0,L,1,127.5,29.1,Normal
6.0,P,0,112.9,20.4,Normal
11.0,P,0,140.5,34.0,Normal
8.0,L,1,125.5,27.5,Normal
8.0,L,1,124.9,22.4,Normal
12.0,P,0,144.0,42.7,Overweight
12.0,P,0,144.1,42.1,Overweight
9.0,P,0,126.8,29.4,Overweight
8.0,L,1,122.0,26.8,Overweight
9.0,L,1,126.2,33.6,Overweight
12.0,L,1,148.0,33.5,Normal
8.0,L,1,120.7,27.8,Overweight
10.0,L,1,135.9,36.2,Overweight
11.0,L,1,138.5,38.0,Overweight
6.0,L,1,111.5,18.9,Normal
10.0,P,0,134.2,37.3,Overweight
12.0,P,0,140.9,39.9,Overweight
7.0,P,0,116.1,20.9,Normal
11.0,L,1,139.7,32.0,Normal
6.0,L,1,116.0,17.8,Underweight
8.0,L,1,125.1,27.3,Normal
8.0,P,0,121.2,20.1,Underweight
8.0,L,1,121.6,27.6,Overweight
10.0,L,1,134.0,38.0,Overweight
6.0,P,0,115.7,20.5,Normal
12.0,P,0,149.9,34.8,Normal
12.0,L,1,143.6,38.2,Overweight
9.0,L,1,131.1,23.6,Underweight
12.0,L,1,144.5,41.2,Overweight
12.0,P,0,150.1,38.3,Normal
11.0,L,1,137.8,39.1,Normal
12.0,P,0,145.9,36.9,Normal
12.0,L,1,146.5,42.8,Overweight
7.0,P,0,118.2,19.4,Underweight
12.0,L,1,149.5,37.7,Normal
12.0,L,1,147.4,42.5,Overweight
9.0,L,1,129.2,26.7,Normal
10.0,L,1,128.0,30.4,Overweight
6.0,P,0,113.3,20.9,Normal
12.0,L,1,146.7,39.5,Overweight
10.0,P,0,129.8,32.8,Overweight
7.0,L,1,121.1,21.2,Normal
7.0,P,0,116.3,21.4,Normal
12.0,P,0,146.9,37.6,Normal
11.0,L,1,139.5,35.5,Overweight
8.0,L,1,125.6,25.5,Normal
12.0,L,1,144.0,40.9,Overweight
7.0,L,1,122.1,19.8,Underweight
9.0,P,0,131.0,27.6,Normal
6.0,P,0,111.5,19.5,Normal
10.0,P,0,136.4,28.1,Normal
10.0,L,1,134.0,31.5,Normal
12.0,L,1,145.2,35.4,Normal
12.0,P,0,147.2,41.4,Overweight
9.0,P,0,127.5,33.9,Overweight
12.0,L,1,152.0,35.1,Normal
9.0,L,1,129.4,33.6,Overweight
12.0,L,1,147.5,33.3,Normal
10.0,P,0,135.0,31.4,Normal
9.0,P,0,128.0,30.9,Overweight
12.0,P,0,143.4,38.2,Overweight
12.0,L,1,142.5,38.6,Overweight
9.0,L,1,127.2,28.0,Normal
6.0,L,1,115.1,21.8,Normal
10.0,L,1,131.5,32.9,Overweight
6.0,P,0,114.9,19.8,Normal
9.0,L,1,131.2,22.8,Underweight
11.0,P,0,141.6,35.4,Normal
10.0,L,1,132.7,38.0,Overweight
11.0,P,0,140.8,33.7,Normal
8.0,P,0,125.9,22.2,Normal
9.0,L,1,130.0,29.6,Normal
11.0,P,0,138.0,36.9,Overweight
8.0,P,0,122.7,26.6,Normal
6.0,P,0,117.1,20.5,Normal
6.0,P,0,112.1,18.2,Normal
6.0,P,0,114.7,20.8,Normal
7.0,P,0,116.9,21.9,Normal
11.0,P,0,135.2,32.3,Normal
9.0,P,0,128.4,22.6,Underweight
10.0,P,0,131.9,25.6,Normal
8.0,P,0,125.9,26.3,Normal
8.0,P,0,118.0,21.7,Normal
8.0,L,1,122.7,24.1,Normal
7.0,L,1,115.3,22.0,Normal
8.0,L,1,121.9,27.2,Overweight
8.0,P,0,119.0,25.6,Overweight
12.0,L,1,145.9,40.8,Overweight
12.0,P,0,148.5,41.5,Overweight
10.0,P,0,135.3,34.2,Overweight
12.0,P,0,150.1,36.6,Normal
8.0,P,0,123.8,25.7,Normal
6.0,L,1,117.9,17.8,Underweight
12.0,P,0,146.0,46.8,Overweight
7.0,L,1,113.6,20.3,Normal
6.0,P,0,115.6,21.8,Normal
11.0,P,0,140.2,32.4,Normal
10.0,L,1,133.3,25.6,Normal
12.0,P,0,143.3,42.6,Overweight
8.0,L,1,120.3,21.5,Normal
7.0,L,1,119.7,19.8,Underweight
7.0,P,0,119.7,23.8,Normal
8.0,P,0,125.6,26.8,Normal
6.0,P,0,111.9,18.8,Normal
8.0,L,1,128.0,27.7,Normal
11.0,P,0,142.4,35.1,Normal
12.0,L,1,147.0,42.7,Overweight
9.0,L,1,128.6,23.9,Normal
9.0,L,1,132.0,29.0,Normal
12.0,P,0,150.2,40.9,Overweight
12.0,L,1,143.7,36.1,Normal
9.0,P,0,131.0,31.8,Overweight
12.0,P,0,145.3,35.4,Normal
8.0,P,0,121.4,24.0,Normal
9.0,L,1,131.0,30.9,Normal
8.0,P,0,128.0,23.7,Normal
9.0,P,0,131.3,23.2,Underweight
10.0,P,0,135.2,26.3,Normal
7.0,L,1,119.2,24.6,Normal
12.0,L,1,146.0,40.9,Overweight
10.0,L,1,133.4,28.8,Normal
8.0,L,1,122.9,24.1,Normal
9.0,P,0,126.6,25.8,Normal
8.0,P,0,122.9,24.3,Normal
10.0,P,0,135.0,37.0,Overweight
9.0,L,1,129.2,27.9,Normal
12.0,P,0,144.1,43.8,Overweight
9.0,P,0,124.2,29.9,Overweight
6.0,P,0,116.0,20.9,Normal
12.0,P,0,143.6,42.8,Overweight
6.0,L,1,117.0,21.2,Normal
8.0,L,1,124.0,24.3,Normal
6.0,P,0,115.5,18.5,Underweight
12.0,L,1,148.3,34.0,Normal
8.0,L,1,122.4,23.4,Normal
9.0,L,1,125.8,28.5,Normal
9.0,L,1,125.2,28.3,Overweight
7.0,L,1,116.9,22.2,Normal
12.0,L,1,144.2,39.0,Overweight
11.0,P,0,145.6,38.2,Overweight
11.0,L,1,140.0,33.7,Normal
12.0,L,1,147.4,41.8,Overweight
7.0,L,1,118.3,19.3,Underweight
12.0,P,0,147.1,34.5,Normal
11.0,P,0,139.1,31.8,Normal
7.0,P,0,118.3,23.3,Normal
11.0,P,0,137.4,35.9,Overweight
7.0,L,1,119.3,23.1,Normal
11.0,L,1,137.8,35.3,Overweight
11.0,L,1,143.2,39.0,Overweight
8.0,L,1,126.5,28.0,Normal
12.0,L,1,144.3,36.6,Normal
6.0,P,0,114.1,18.7,Normal
12.0,L,1,142.2,38.1,Overweight
9.0,L,1,127.2,29.2,Overweight
11.0,L,1,137.1,34.2,Overweight
8.0,L,1,120.2,22.6,Normal
9.0,P,0,128.4,32.1,Overweight
12.0,P,0,141.6,35.5,Normal
6.0,P,0,112.3,18.5,Normal
7.0,L,1,117.3,24.3,Normal
8.0,L,1,123.8,23.9,Normal
9.0,P,0,127.7,25.3,Normal
10.0,P,0,129.1,29.4,Normal
8.0,L,1,123.5,24.3,Normal
11.0,P,0,147.0,34.9,Normal
7.0,P,0,121.5,21.2,Normal
9.0,L,1,129.2,23.2,Underweight
12.0,L,1,149.1,39.3,Normal
7.0,P,0,118.8,19.8,Normal
9.0,P,0,132.8,26.2,Normal
12.0,P,0,147.3,32.5,Normal
9.0,L,1,129.9,32.1,Overweight
9.0,P,0,125.0,29.2,Overweight
7.0,L,1,119.3,19.7,Underweight
12.0,P,0,146.2,41.7,Overweight
7.0,L,1,120.2,23.0,Normal
7.0,P,0,115.3,20.3,Normal
12.0,L,1,144.4,35.7,Normal
10.0,L,1,134.1,32.2,Normal
11.0,P,0,138.8,37.0,Overweight
11.0,P,0,144.0,34.5,Normal
9.0,P,0,129.2,27.3,Normal
10.0,L,1,133.0,32.4,Overweight
12.0,L,1,145.7,36.4,Normal
12.0,L,1,140.0,41.0,Overweight
12.0,P,0,146.0,43.8,Overweight
11.0,P,0,136.4,36.2,Overweight
11.0,P,0,141.2,35.0,Normal
12.0,L,1,149.3,39.8,Normal
11.0,P,0,143.4,38.8,Overweight
9.0,P,0,127.5,23.0,Normal
9.0,P,0,129.4,27.2,Normal
8.0,L,1,121.8,20.4,Underweight
9.0,P,0,131.6,31.1,Normal
11.0,P,0,141.6,35.7,Normal
8.0,L,1,120.2,24.4,Normal
11.0,L,1,142.4,30.5,Normal
11.0,L,1,139.0,33.9,Normal
12.0,L,1,145.7,43.1,Overweight
7.0,L,1,120.3,24.4,Normal
12.0,L,1,142.5,42.5,Overweight
9.0,L,1,128.6,23.2,Normal
11.0,P,0,139.3,39.5,Overweight
6.0,L,1,115.3,21.4,Normal
7.0,P,0,114.5,24.4,Overweight
9.0,P,0,131.0,26.3,Normal
12.0,L,1,144.5,41.8,Overweight
10.0,P,0,136.2,30.0,Normal
12.0,L,1,148.5,39.8,Overweight
11.0,P,0,142.9,31.0,Normal
8.0,P,0,120.5,23.7,Normal
8.0,P,0,126.8,25.1,Normal
11.0,L,1,139.1,37.5,Overweight
11.0,P,0,136.6,33.8,Overweight
8.0,L,1,122.4,25.5,Normal
7.0,P,0,117.9,19.5,Underweight
10.0,P,0,138.3,30.5,Normal
10.0,L,1,134.8,28.8,Normal
6.0,L,1,112.7,17.5,Underweight
11.0,P,0,136.9,32.2,Normal
10.0,P,0,137.3,37.7,Overweight
8.0,L,1,123.9,25.8,Normal
7.0,P,0,118.3,22.9,Normal
7.0,L,1,119.1,20.4,Normal
12.0,P,0,147.8,37.4,Normal
7.0,P,0,113.1,21.7,Normal
10.0,L,1,136.9,29.1,Normal
10.0,P,0,134.7,30.5,Normal
10.0,P,0,136.5,30.5,Normal
12.0,L,1,147.4,39.0,Normal
10.0,L,1,134.0,35.7,Overweight
7.0,P,0,123.0,24.7,Normal
6.0,P,0,115.6,20.4,Normal
10.0,L,1,137.2,32.2,Normal
9.0,P,0,129.5,26.3,Normal
10.0,P,0,134.7,25.7,Normal
10.0,P,0,132.5,28.6,Normal
7.0,P,0,119.0,22.4,Normal
12.0,P,0,147.7,37.0,Normal
12.0,P,0,143.0,40.0,Overweight
8.0,L,1,126.7,25.0,Normal
11.0,L,1,144.9,37.5,Normal
10.0,P,0,134.0,35.5,Overweight
9.0,L,1,128.0,27.2,Normal
11.0,L,1,140.2,34.6,Normal
10.0,P,0,134.6,28.1,Normal
6.0,P,0,111.2,21.6,Normal
11.0,L,1,138.4,39.1,Overweight
9.0,L,1,124.4,26.7,Normal
9.0,L,1,130.0,33.0,Overweight
7.0,L,1,120.9,24.4,Normal
8.0,P,0,120.5,23.5,Normal
10.0,L,1,132.5,29.4,Normal
10.0,L,1,134.0,37.3,Overweight
10.0,P,0,132.7,32.3,Overweight
10.0,L,1,135.9,30.9,Normal
7.0,P,0,115.3,22.2,Normal
10.0,L,1,129.7,34.9,Overweight
9.0,P,0,132.3,26.5,Normal
10.0,L,1,133.3,25.0,Normal
9.0,P,0,127.3,28.6,Normal
12.0,P,0,147.4,39.1,Overweight
8.0,P,0,120.9,27.1,Overweight
12.0,L,1,145.8,40.8,Overweight
12.0,L,1,150.4,38.9,Normal
12.0,P,0,149.0,41.2,Overweight
8.0,L,1,122.2,21.8,Normal
9.0,P,0,132.0,24.3,Underweight
10.0,L,1,131.5,36.5,Overweight
9.0,L,1,133.0,26.6,Normal
7.0,P,0,116.5,24.9,Overweight
11.0,L,1,140.8,37.2,Overweight
11.0,L,1,141.0,38.1,Overweight
12.0,P,0,147.4,38.3,Normal
7.0,P,0,113.8,18.0,Underweight
12.0,L,1,143.5,32.4,Normal
11.0,P,0,143.3,40.7,Overweight
9.0,L,1,130.2,29.6,Normal
7.0,P,0,115.8,22.3,Normal
9.0,P,0,125.6,30.4,Overweight
8.0,P,0,127.3,26.4,Normal
6.0,P,0,110.7,21.8,Normal
8.0,L,1,125.0,24.6,Normal
6.0,P,0,113.9,20.0,Normal
12.0,P,0,144.1,35.0,Normal
10.0,L,1,132.4,32.9,Overweight
7.0,L,1,116.9,20.6,Normal
12.0,P,0,148.2,35.5,Normal
7.0,L,1,120.7,19.6,Underweight
6.0,P,0,113.9,20.9,Normal
12.0,P,0,144.0,40.3,Overweight
9.0,P,0,128.3,28.8,Normal
11.0,P,0,141.8,36.4,Overweight
7.0,P,0,116.5,19.8,Normal
10.0,P,0,138.5,34.3,Normal
9.0,P,0,127.9,31.5,Overweight
10.0,P,0,133.8,29.2,Normal
10.0,L,1,135.2,31.0,Normal
10.0,L,1,135.5,36.6,Overweight
10.0,L,1,133.1,31.1,Normal
9.0,P,0,128.6,31.2,Overweight
11.0,P,0,139.7,35.7,Overweight
7.0,P,0,122.7,19.6,Underweight
9.0,P,0,130.2,29.0,Normal
8.0,L,1,122.8,27.2,Overweight
10.0,P,0,131.3,35.5,Overweight
12.0,L,1,150.6,35.6,Normal
7.0,L,1,117.8,24.0,Normal
12.0,L,1,150.4,40.1,Normal
12.0,L,1,146.4,41.7,Overweight
12.0,P,0,143.4,41.2,Overweight
10.0,P,0,138.8,36.2,Overweight
10.0,L,1,134.8,33.1,Overweight
9.0,L,1,126.9,25.5,Normal
9.0,L,1,130.8,27.3,Normal
11.0,L,1,139.7,36.9,Overweight
10.0,L,1,134.6,31.2,Normal
9.0,P,0,124.8,31.7,Overweight
9.0,L,1,127.3,28.3,Normal
8.0,P,0,121.2,21.7,Normal
8.0,L,1,126.5,24.0,Normal
9.0,P,0,131.3,34.0,Overweight
9.0,P,0,125.2,23.2,Normal
12.0,P,0,143.6,43.5,Overweight
11.0,L,1,142.3,30.3,Normal
9.0,L,1,127.5,22.3,Underweight
8.0,P,0,122.5,21.9,Normal
12.0,L,1,147.6,39.3,Overweight
8.0,P,0,124.1,21.0,Underweight
8.0,P,0,121.3,22.9,Normal
9.0,L,1,127.8,26.6,Normal
9.0,L,1,125.5,25.5,Normal
12.0,L,1,143.1,42.3,Overweight
12.0,P,0,140.4,35.0,Normal
12.0,L,1,145.0,42.2,Overweight
7.0,P,0,114.3,20.1,Normal
6.0,L,1,116.0,17.5,Underweight
12.0,L,1,145.3,39.9,Overweight
6.0,P,0,111.3,20.9,Normal
11.0,P,0,138.9,30.0,Normal
8.0,L,1,127.5,23.9,Normal
9.0,L,1,128.3,31.8,Overweight
6.0,L,1,114.3,19.4,Normal
7.0,L,1,122.5,25.0,Normal
